"","accident_index","date","year","month","day","time","time_hour","time_minute","day_of_week","accident_severity","number_of_casualties","casualty_severity","casualty_type","casualty_class","sex_of_casualty","age_of_casualty","first_road_class","road_type","speed_limit","second_road_class","pedestrian_location","pedestrian_movement","location_easting_osgr","location_northing_osgr","lsoa_of_accident_location","number_of_vehicles","junction_detail","light_conditions","weather_conditions","road_surface_conditions","cas_type"
"166","2014130057823",2014-02-10,2014,"Feb",10,"19:00",19,0,"Monday","Slight",1,"Slight","Motorcycle 125cc and under rider or passenger","Driver or rider","Male",20,"A","Single carriageway",40,"Unclassified","Not a Pedestrian","Not a Pedestrian",429819,430657,"E01011322",2,"Private drive or entrance","Daylight","Fine no high winds","Dry","Motorcyclist and pillion"
"167","2014130058392",2014-02-11,2014,"Feb",11,"06:10",6,10,"Tuesday","Slight",1,"Slight","Motorcycle 125cc and under rider or passenger","Driver or rider","Male",61,"A","Single carriageway",40,"Unclassified","Not a Pedestrian","Not a Pedestrian",428859,425987,"E01011538",2,"Crossroads","Darkness - lights lit","Raining no high winds","Wet or damp","Motorcyclist and pillion"
"168","2014130059289",2014-02-11,2014,"Feb",11,"19:00",19,0,"Tuesday","Slight",1,"Slight","Car occupant","Passenger","Male",18,"A","Single carriageway",40,NA,"Not a Pedestrian","Not a Pedestrian",428369,426113,"E01011550",3,"Not at junction or within 20 metres","Darkness - lights lit","Raining no high winds","Frost or ice","Car occupant"
"169","2014130059666",2014-02-11,2014,"Feb",11,"22:00",22,0,"Tuesday","Slight",1,"Slight","Car occupant","Driver or rider","Male",31,"A","Single carriageway",40,"A","Not a Pedestrian","Not a Pedestrian",430708,434997,"E01011671",2,"More than 4 arms (not roundabout)","Daylight","Fine no high winds","Dry","Car occupant"
"170","2014130060114",2014-02-12,2014,"Feb",12,"08:00",8,0,"Wednesday","Slight",1,"Slight","Pedestrian","Pedestrian","Male",12,"B","Single carriageway",30,"Unclassified","In carriageway, crossing elsewhere","Unknown or other",435551,433594,"E01011417",1,"T or staggered junction","Daylight","Fine no high winds","Wet or damp","Pedestrian"
"171","2014130059746",2014-02-12,2014,"Feb",12,"09:20",9,20,"Wednesday","Slight",1,"Slight","Car occupant","Driver or rider","Male",30,"Unclassified","Single carriageway",30,"Unclassified","Not a Pedestrian","Not a Pedestrian",430174,432871,"E01033016",2,"T or staggered junction","Daylight","Fine no high winds","Dry","Car occupant"
"172","2014130060718",2014-02-12,2014,"Feb",12,"17:57",17,57,"Wednesday","Serious",1,"Serious","Pedestrian","Pedestrian","Male",49,"Unclassified","Single carriageway",30,"Unclassified","In carriageway, crossing elsewhere","Unknown or other",432310,439240,"E01011651",1,"T or staggered junction","Daylight","Raining + high winds","Wet or damp","Pedestrian"
"173","2014130061009",2014-02-13,2014,"Feb",13,"03:18",3,18,"Thursday","Slight",1,"Slight","Car occupant","Driver or rider","Female",43,"A","Dual carriageway",40,NA,"Not a Pedestrian","Not a Pedestrian",426628,437979,"E01011687",1,"Not at junction or within 20 metres","Darkness - lights lit","Fine + high winds","Wet or damp","Car occupant"
"174","2014130061112",2014-02-13,2014,"Feb",13,"07:10",7,10,"Thursday","Slight",1,"Slight","Motorcycle 125cc and under rider or passenger","Driver or rider","Female",24,"A","Single carriageway",40,"Unclassified","Not a Pedestrian","Not a Pedestrian",424279,428347,"E01011523",2,"T or staggered junction","Daylight","Fine no high winds","Dry","Motorcyclist and pillion"
"175","2014130061243",2014-02-13,2014,"Feb",13,"08:22",8,22,"Thursday","Slight",1,"Slight","Pedestrian","Pedestrian","Male",17,"Unclassified","Single carriageway",30,NA,"In carriageway, crossing elsewhere","Crossing from driver's nearside",432042,435940,"E01011647",1,"Not at junction or within 20 metres","Daylight","Fine no high winds","Dry","Pedestrian"
"176","2014130061747",2014-02-13,2014,"Feb",13,"12:38",12,38,"Thursday","Serious",1,"Serious","Pedestrian","Pedestrian","Female",97,"Unclassified","Single carriageway",30,"Unclassified","In carriageway, crossing elsewhere","Crossing from driver's offside",424063,438418,"E01011459",1,"T or staggered junction","Daylight","Fine no high winds","Dry","Pedestrian"
"177","2014130062257",2014-02-13,2014,"Feb",13,"17:15",17,15,"Thursday","Slight",1,"Slight","Cyclist","Driver or rider","Female",32,"A","Single carriageway",30,NA,"Not a Pedestrian","Not a Pedestrian",429807,430658,"E01011316",2,"Not at junction or within 20 metres","Darkness - lights lit","Fine no high winds","Dry","Cyclist"
"178","2014130062314",2014-02-13,2014,"Feb",13,"19:00",19,0,"Thursday","Slight",1,"Slight","Pedestrian","Pedestrian","Female",14,"B","Single carriageway",30,NA,"In carriageway, crossing elsewhere","Crossing from driver's nearside",440453,448261,"E01011704",1,"Not at junction or within 20 metres","Darkness - lights lit","Fine no high winds","Dry","Pedestrian"
"179","2014130062310",2014-02-13,2014,"Feb",13,"20:00",20,0,"Thursday","Slight",1,"Slight","Bus or coach occupant (17 or more pass seats)","Passenger","Male",64,"B","Single carriageway",30,NA,"Not a Pedestrian","Not a Pedestrian",434921,433416,"E01011415",1,"Not at junction or within 20 metres","Darkness - lights lit","Raining + high winds","Wet or damp","Bus and goods vehicle occupant"
"180","2014130064421",2014-02-14,2014,"Feb",14,"09:50",9,50,"Friday","Slight",1,"Slight","Motorcycle over 125cc and up to 500cc rider or  passenger","Driver or rider","Female",23,"Unclassified","Single carriageway",30,"Unclassified","Not a Pedestrian","Not a Pedestrian",444991,446244,"E01011697",2,"T or staggered junction","Daylight","Fine no high winds","Dry","Motorcyclist and pillion"
"181","2014130062987",2014-02-14,2014,"Feb",14,"10:18",10,18,"Friday","Serious",1,"Serious","Pedestrian","Pedestrian","Male",19,"Unclassified","Single carriageway",30,"Unclassified","In carriageway, crossing elsewhere","Crossing from driver's nearside",428496,434318,"E01011681",1,"T or staggered junction","Daylight","Fine no high winds","Wet or damp","Pedestrian"
"182","2014130063594",2014-02-14,2014,"Feb",14,"13:50",13,50,"Friday","Slight",1,"Slight","Car occupant","Driver or rider","Male",34,"A","Dual carriageway",70,"Unclassified","Not a Pedestrian","Not a Pedestrian",427559,438584,"E01032876",2,"More than 4 arms (not roundabout)","Daylight","Raining + high winds","Wet or damp","Car occupant"
"183","2014130063557",2014-02-14,2014,"Feb",14,"15:58",15,58,"Friday","Slight",1,"Slight","Cyclist","Driver or rider","Female",22,"Unclassified","Single carriageway",30,"Unclassified","Not a Pedestrian","Not a Pedestrian",427978,435991,"E01011440",2,"T or staggered junction","Daylight","Fine no high winds","Dry","Cyclist"
"184","2014130064622",2014-02-14,2014,"Feb",14,"17:50",17,50,"Friday","Slight",1,"Slight","Pedestrian","Pedestrian","Male",32,"Unclassified","Single carriageway",30,"Unclassified","In carriageway, crossing elsewhere","Crossing from driver's nearside",428479,437167,"E01011689",1,"T or staggered junction","Darkness - lights lit","Raining + high winds","Wet or damp","Pedestrian"
"185","2014130064491",2014-02-15,2014,"Feb",15,"10:04",10,4,"Saturday","Slight",2,"Slight","Car occupant","Driver or rider","Male",93,"A","Dual carriageway",40,NA,"Not a Pedestrian","Not a Pedestrian",420640,434359,"E01011595",3,"Not at junction or within 20 metres","Daylight","Raining + high winds","Wet or damp","Car occupant"
"186","20141312H1186",2014-02-17,2014,"Feb",17,"17:28",17,28,"Monday","Slight",1,"Slight","Pedestrian","Pedestrian","Male",17,"Unclassified","Single carriageway",30,"Unclassified","Crossing elsewhere within 50m. of pedestrian crossing","Crossing from offside - masked by  parked or stationary vehicle",426045,427745,"E01011533",1,"Mini-roundabout","Darkness - lights lit","Raining no high winds","Wet or damp","Pedestrian"
"187","20141312H1210",2014-02-17,2014,"Feb",17,"17:35",17,35,"Monday","Slight",1,"Slight","Bus or coach occupant (17 or more pass seats)","Passenger","Male",3,"Unclassified","Single carriageway",30,"Motorway","Not a Pedestrian","Not a Pedestrian",429147,431787,"E01011366",2,"Slip road","Daylight","Fine no high winds","Dry","Bus and goods vehicle occupant"
"188","20141312H1381",2014-02-17,2014,"Feb",17,"19:05",19,5,"Monday","Slight",1,"Slight","Car occupant","Passenger","Female",56,"B","Roundabout",30,"Unclassified","Not a Pedestrian","Not a Pedestrian",425059,433376,"E01011727",2,"Roundabout","Darkness - lights lit","Raining no high winds","Wet or damp","Car occupant"
"189","20141312I0039",2014-02-18,2014,"Feb",18,"00:46",0,46,"Tuesday","Slight",1,"Slight","Car occupant","Driver or rider","Male",26,"A","Roundabout",40,"A","Not a Pedestrian","Not a Pedestrian",430708,439230,"E01011558",1,"Roundabout","Darkness - lights lit","Fine no high winds","Dry","Car occupant"
"190","20141312I0740",2014-02-18,2014,"Feb",18,"13:20",13,20,"Tuesday","Slight",1,"Slight","Cyclist","Driver or rider","Male",33,"Unclassified","Single carriageway",30,"B","Not a Pedestrian","Not a Pedestrian",432436,434843,"E01011433",2,"Crossroads","Daylight","Fine no high winds","Dry","Cyclist"
"191","20141312I0834",2014-02-18,2014,"Feb",18,"14:22",14,22,"Tuesday","Slight",1,"Slight","Car occupant","Driver or rider","Male",38,"Unclassified","Single carriageway",30,NA,"Not a Pedestrian","Not a Pedestrian",430306,434778,"E01033002",1,"Not at junction or within 20 metres","Daylight","Fine no high winds","Wet or damp","Car occupant"
"192","20141312I1006",2014-02-18,2014,"Feb",18,"15:45",15,45,"Tuesday","Slight",3,"Slight","Car occupant","Passenger","Male",19,"Unclassified","Single carriageway",30,"Unclassified","Not a Pedestrian","Not a Pedestrian",431896,434915,"E01011677",2,"T or staggered junction","Daylight","Fine no high winds","Dry","Car occupant"
"193","20141312I1203",2014-02-18,2014,"Feb",18,"17:20",17,20,"Tuesday","Slight",1,"Slight","Cyclist","Driver or rider","Male",42,"Unclassified","Single carriageway",30,"Unclassified","Not a Pedestrian","Not a Pedestrian",428282,433512,"E01011363",2,"T or staggered junction","Daylight","Fine no high winds","Dry","Cyclist"
"194","20141312I1281",2014-02-18,2014,"Feb",18,"18:02",18,2,"Tuesday","Slight",1,"Slight","Pedestrian","Pedestrian","Female",23,"Unclassified","Single carriageway",30,NA,"In carriageway, crossing elsewhere","Crossing from nearside - masked by parked or stationary vehicle",425763,435423,"E01011324",1,"Not at junction or within 20 metres","Darkness - lights lit","Fine no high winds","Dry","Pedestrian"
"195","20141312I1450",2014-02-18,2014,"Feb",18,"19:44",19,44,"Tuesday","Slight",1,"Slight","Cyclist","Driver or rider","Male",25,"A","Single carriageway",30,"Unclassified","Not a Pedestrian","Not a Pedestrian",429387,434948,"E01033005",2,"T or staggered junction","Darkness - lights lit","Fine no high winds","Dry","Cyclist"
"196","20141312I1578",2014-02-18,2014,"Feb",18,"20:52",20,52,"Tuesday","Slight",1,"Slight","Motorcycle 125cc and under rider or passenger","Driver or rider","Male",21,"A","Single carriageway",40,"Unclassified","Not a Pedestrian","Not a Pedestrian",424145,430427,"E01011728",2,"T or staggered junction","Darkness - lights lit","Fine no high winds","Dry","Motorcyclist and pillion"
"197","20141312I1769",2014-02-18,2014,"Feb",18,"23:18",23,18,"Tuesday","Slight",1,"Slight","Motorcycle over 125cc and up to 500cc rider or  passenger","Driver or rider","Male",16,"Unclassified","Single carriageway",30,NA,"Not a Pedestrian","Not a Pedestrian",428836,440130,"E01011554",2,"Not at junction or within 20 metres","Darkness - lights lit","Fine no high winds","Dry","Motorcyclist and pillion"
"198","20141312J0189",2014-02-19,2014,"Feb",19,"06:55",6,55,"Wednesday","Slight",1,"Slight","Cyclist","Driver or rider","Male",23,"A","Roundabout",40,"A","Not a Pedestrian","Not a Pedestrian",426677,431760,"E01011736",2,"Roundabout","Darkness - lights lit","Fine no high winds","Dry","Cyclist"
"199","20141312J0433",2014-02-19,2014,"Feb",19,"10:28",10,28,"Wednesday","Slight",1,"Slight","Motorcycle 125cc and under rider or passenger","Driver or rider","Male",38,"A","Dual carriageway",40,"Unclassified","Not a Pedestrian","Not a Pedestrian",429092,429970,"E01011320",2,"T or staggered junction","Daylight","Fine no high winds","Dry","Motorcyclist and pillion"
"200","20141312J1435",2014-02-19,2014,"Feb",19,"14:30",14,30,"Wednesday","Slight",1,"Slight","Car occupant","Driver or rider","Male",46,"Unclassified","Single carriageway",30,"Unclassified","Not a Pedestrian","Not a Pedestrian",430951,435935,"E01011356",2,"T or staggered junction","Daylight","Fine no high winds","Dry","Car occupant"
"201","20141312J0994",2014-02-19,2014,"Feb",19,"15:50",15,50,"Wednesday","Slight",1,"Slight","Pedestrian","Pedestrian","Female",11,"Unclassified","Single carriageway",30,NA,"Crossing in zig-zag exit lines","Crossing from driver's offside",429475,439388,"E01011559",2,"Not at junction or within 20 metres","Daylight","Fine no high winds","Dry","Pedestrian"
"202","20141312J1142",2014-02-19,2014,"Feb",19,"16:39",16,39,"Wednesday","Slight",1,"Slight","Pedestrian","Pedestrian","Female",68,"Unclassified","Single carriageway",30,"Unclassified","In carriageway, crossing elsewhere","Crossing from driver's offside",426308,437694,"E01011687",1,"Crossroads","Daylight","Fine no high winds","Dry","Pedestrian"
"203","20141312K0297",2014-02-19,2014,"Feb",19,"17:25",17,25,"Wednesday","Slight",1,"Slight","Car occupant","Passenger","Female",28,"A","Single carriageway",60,"Unclassified","Not a Pedestrian","Not a Pedestrian",422145,428046,"E01011527",2,"T or staggered junction","Darkness - lights lit","Fine no high winds","Wet or damp","Car occupant"
"204","20141312J1654",2014-02-19,2014,"Feb",19,"20:40",20,40,"Wednesday","Slight",4,"Slight","Car occupant","Driver or rider","Male",25,"Unclassified","Single carriageway",30,"Unclassified","Not a Pedestrian","Not a Pedestrian",431884,435515,"E01011428",2,"T or staggered junction","Darkness - lights lit","Fine no high winds","Dry","Car occupant"
"205","20141312K0444",2014-02-20,2014,"Feb",20,"10:53",10,53,"Thursday","Slight",1,"Slight","Car occupant","Driver or rider","Female",84,"A","Single carriageway",60,NA,"Not a Pedestrian","Not a Pedestrian",421474,445803,"E01011569",2,"Not at junction or within 20 metres","Daylight","Fine no high winds","Dry","Car occupant"
"206","20141312K0450",2014-02-20,2014,"Feb",20,"10:55",10,55,"Thursday","Slight",1,"Slight","Car occupant","Driver or rider","Male",55,"Unclassified","Single carriageway",40,"Unclassified","Not a Pedestrian","Not a Pedestrian",437041,438282,"E01011715",2,"T or staggered junction","Daylight","Fine no high winds","Dry","Car occupant"
"207","20141312K0781",2014-02-20,2014,"Feb",20,"13:55",13,55,"Thursday","Slight",2,"Slight","Taxi/Private hire car occupant","Driver or rider","Male",36,"A","Dual carriageway",40,"Unclassified","Not a Pedestrian","Not a Pedestrian",428776,433265,"E01033013",2,"Roundabout","Daylight","Fine no high winds","Dry","Car occupant"
"208","20141312K0913",2014-02-20,2014,"Feb",20,"15:00",15,0,"Thursday","Slight",1,"Slight","Car occupant","Passenger","Female",52,"Unclassified","Single carriageway",30,"Unclassified","Not a Pedestrian","Not a Pedestrian",430683,432507,"E01033016",2,"T or staggered junction","Daylight","Fine no high winds","Wet or damp","Car occupant"
"209","20141312K1147",2014-02-20,2014,"Feb",20,"16:45",16,45,"Thursday","Slight",1,"Slight","Car occupant","Driver or rider","Male",21,"Unclassified","Single carriageway",30,"Unclassified","Not a Pedestrian","Not a Pedestrian",431889,434978,"E01011677",2,"T or staggered junction","Daylight","Fine no high winds","Wet or damp","Car occupant"
"210","20141312K1171",2014-02-20,2014,"Feb",20,"16:55",16,55,"Thursday","Slight",4,"Slight","Car occupant","Driver or rider","Male",48,"Motorway","Dual carriageway",70,NA,"Not a Pedestrian","Not a Pedestrian",431384,430549,"E01011472",5,"Not at junction or within 20 metres","Daylight","Fine no high winds","Wet or damp","Car occupant"
"211","20141312K1446",2014-02-20,2014,"Feb",20,"18:27",18,27,"Thursday","Slight",2,"Slight","Car occupant","Driver or rider","Female",55,"A","Roundabout",30,"A","Not a Pedestrian","Not a Pedestrian",424933,434423,"E01032606",2,"Roundabout","Darkness - lights lit","Fine no high winds","Wet or damp","Car occupant"
"212","20141312K1752",2014-02-20,2014,"Feb",20,"22:20",22,20,"Thursday","Slight",2,"Slight","Car occupant","Driver or rider","Female",51,"Unclassified","Single carriageway",30,"Unclassified","Not a Pedestrian","Not a Pedestrian",428893,432890,"E01033013",2,"T or staggered junction","Darkness - lights lit","Fine no high winds","Dry","Car occupant"
"213","20141312L0239",2014-02-21,2014,"Feb",21,"08:07",8,7,"Friday","Serious",1,"Serious","Motorcycle over 125cc and up to 500cc rider or  passenger","Driver or rider","Male",45,"A","One way street",30,"A","Not a Pedestrian","Not a Pedestrian",430945,433122,"E01033033",2,"Slip road","Daylight","Fine no high winds","Dry","Motorcyclist and pillion"
"214","20141312M0800",2014-02-21,2014,"Feb",21,"09:20",9,20,"Friday","Slight",1,"Slight","Cyclist","Driver or rider","Male",40,"A","Single carriageway",40,NA,"Not a Pedestrian","Not a Pedestrian",427362,431156,"E01011318",2,"Not at junction or within 20 metres","Darkness - lights lit","Other","Wet or damp","Cyclist"
"215","20141312L0561",2014-02-21,2014,"Feb",21,"12:05",12,5,"Friday","Slight",2,"Slight","Car occupant","Driver or rider","Male",32,"Unclassified","Single carriageway",30,NA,"Not a Pedestrian","Not a Pedestrian",432382,435070,"E01011432",2,"Not at junction or within 20 metres","Daylight","Fine no high winds","Dry","Car occupant"
"216","20141312L0539",2014-02-21,2014,"Feb",21,"15:30",15,30,"Friday","Slight",1,"Slight","Cyclist","Driver or rider","Male",21,"A","Single carriageway",30,"Unclassified","Not a Pedestrian","Not a Pedestrian",439477,432443,"E01011402",2,"Other junction","Daylight","Fine no high winds","Dry","Cyclist"
"217","20141312L0945",2014-02-21,2014,"Feb",21,"15:35",15,35,"Friday","Slight",2,"Slight","Car occupant","Driver or rider","Male",25,"Unclassified","Single carriageway",30,"Unclassified","Not a Pedestrian","Not a Pedestrian",432858,435382,"E01011424",2,"Crossroads","Daylight","Fine no high winds","Dry","Car occupant"
"218","20141312L0965",2014-02-21,2014,"Feb",21,"15:45",15,45,"Friday","Slight",1,"Slight","Pedestrian","Pedestrian","Male",15,"A","Single carriageway",30,NA,"Crossing elsewhere within 50m. of pedestrian crossing","Crossing from driver's offside",430959,433432,"E01033011",1,"Not at junction or within 20 metres","Daylight","Fine no high winds","Dry","Pedestrian"
"219","20141312L1445",2014-02-21,2014,"Feb",21,"19:50",19,50,"Friday","Slight",1,"Slight","Car occupant","Driver or rider","Female",55,"A","Single carriageway",40,NA,"Not a Pedestrian","Not a Pedestrian",421620,445945,"E01011569",1,"Not at junction or within 20 metres","Darkness - lights lit","Raining + high winds","Wet or damp","Car occupant"
"220","20141312M0056",2014-02-22,2014,"Feb",22,"00:29",0,29,"Saturday","Slight",1,"Slight","Pedestrian","Pedestrian","Male",44,"Unclassified","Dual carriageway",30,"Unclassified","Crossing on pedestrian crossing facility","Crossing from driver's nearside",428974,435464,"E01033005",1,"Crossroads","Darkness - lights lit","Raining no high winds","Wet or damp","Pedestrian"
"221","20141312M0822",2014-02-22,2014,"Feb",22,"12:45",12,45,"Saturday","Serious",1,"Serious","Pedestrian","Pedestrian","Female",86,"Unclassified","Single carriageway",30,"Unclassified","In carriageway, crossing elsewhere","Crossing from nearside - masked by parked or stationary vehicle",430373,433481,"E01033011",1,"Other junction","Daylight","Fine no high winds","Dry","Pedestrian"
"222","20141312M1517",2014-02-22,2014,"Feb",22,"18:53",18,53,"Saturday","Slight",2,"Slight","Car occupant","Driver or rider","Male",59,"Unclassified","Single carriageway",30,NA,"Not a Pedestrian","Not a Pedestrian",426773,435723,"E01011489",2,"Not at junction or within 20 metres","Darkness - lights lit","Fine no high winds","Dry","Car occupant"
"223","20141312M1932",2014-02-22,2014,"Feb",22,"22:30",22,30,"Saturday","Slight",1,"Slight","Van / Goods vehicle (3.5 tonnes mgw or under) occupant","Driver or rider","Male",33,"Unclassified","Single carriageway",30,"Unclassified","Not a Pedestrian","Not a Pedestrian",427423,433046,"E01011292",2,"T or staggered junction","Darkness - lights lit","Fine no high winds","Dry","Bus and goods vehicle occupant"
"224","20141312N0893",2014-02-23,2014,"Feb",23,"13:00",13,0,"Sunday","Slight",1,"Slight","Car occupant","Driver or rider","Male",80,"Unclassified","Single carriageway",30,NA,"Not a Pedestrian","Not a Pedestrian",435901,428601,"E01032488",1,"Not at junction or within 20 metres","Daylight","Fine no high winds","Dry","Car occupant"
"225","20141312N0997",2014-02-23,2014,"Feb",23,"14:35",14,35,"Sunday","Slight",1,"Slight","Car occupant","Passenger","Female",4,"Motorway","Dual carriageway",70,NA,"Not a Pedestrian","Not a Pedestrian",431928,428128,"E01011502",1,"Not at junction or within 20 metres","Daylight","Fine no high winds","Dry","Car occupant"
"226","20141312N1293",2014-02-23,2014,"Feb",23,"15:45",15,45,"Sunday","Slight",2,"Slight","Bus or coach occupant (17 or more pass seats)","Passenger","Female",44,"Unclassified","Roundabout",30,"Unclassified","Not a Pedestrian","Not a Pedestrian",430091,435427,"E01011670",1,"Mini-roundabout","Daylight","Unknown","Wet or damp","Bus and goods vehicle occupant"
"227","20141312N1424",2014-02-23,2014,"Feb",23,"18:40",18,40,"Sunday","Serious",2,"Serious","Car occupant","Driver or rider","Male",19,"Unclassified","Single carriageway",60,NA,"Not a Pedestrian","Not a Pedestrian",435232,427614,"E01011636",1,"Not at junction or within 20 metres","Darkness - no lighting","Fine no high winds","Dry","Car occupant"
"228","20141312N1843",2014-02-23,2014,"Feb",23,"23:03",23,3,"Sunday","Slight",1,"Slight","Pedestrian","Pedestrian","Male",25,"Unclassified","Single carriageway",30,NA,"Crossing on pedestrian crossing facility","Crossing from driver's offside",429804,433477,"E01033016",1,"Not at junction or within 20 metres","Darkness - lights lit","Fine no high winds","Dry","Pedestrian"
"229","20141312O0014",2014-02-24,2014,"Feb",24,"00:14",0,14,"Monday","Slight",1,"Slight","Car occupant","Passenger","Female",35,"Unclassified","Single carriageway",30,"Unclassified","Not a Pedestrian","Not a Pedestrian",426807,432112,"E01011736",4,"T or staggered junction","Darkness - lights lit","Fine no high winds","Dry","Car occupant"
"230","20141312O0439",2014-02-24,2014,"Feb",24,"10:36",10,36,"Monday","Slight",1,"Slight","Pedestrian","Pedestrian","Male",59,"Unclassified","Single carriageway",30,"Unclassified","Crossing on pedestrian crossing facility","Crossing from driver's nearside",430066,433771,"E01033010",1,"Crossroads","Daylight","Fine no high winds","Dry","Pedestrian"
"231","20141312O0947",2014-02-24,2014,"Feb",24,"15:10",15,10,"Monday","Slight",1,"Slight","Pedestrian","Pedestrian","Female",11,"Unclassified","Single carriageway",30,NA,"In carriageway, crossing elsewhere","Crossing from driver's nearside",422418,433289,"E01011612",1,"Not at junction or within 20 metres","Daylight","Fine no high winds","Dry","Pedestrian"
"232","20141312O1071",2014-02-24,2014,"Feb",24,"16:05",16,5,"Monday","Serious",1,"Serious","Cyclist","Driver or rider","Male",13,"Unclassified","Single carriageway",30,"Unclassified","Not a Pedestrian","Not a Pedestrian",441096,432393,"E01011401",2,"T or staggered junction","Daylight","Fine no high winds","Dry","Cyclist"
"233","20141312O1082",2014-02-24,2014,"Feb",24,"16:05",16,5,"Monday","Slight",5,"Slight","Goods vehicle (over 3.5t. and under 7.5t.) occupant","Driver or rider","Male",37,"A","Single carriageway",60,"Unclassified","Not a Pedestrian","Not a Pedestrian",435125,445093,"E01011708",3,"T or staggered junction","Daylight","Fine no high winds","Dry","Bus and goods vehicle occupant"
"234","20141312O1093",2014-02-24,2014,"Feb",24,"16:10",16,10,"Monday","Slight",1,"Slight","Cyclist","Driver or rider","Male",29,"Unclassified","Single carriageway",30,"Unclassified","Not a Pedestrian","Not a Pedestrian",429383,434947,"E01033005",2,"T or staggered junction","Daylight","Fine no high winds","Dry","Cyclist"
"235","20141312O1421",2014-02-24,2014,"Feb",24,"18:35",18,35,"Monday","Slight",1,"Slight","Taxi/Private hire car occupant","Passenger","Female",20,"Unclassified","Single carriageway",30,NA,"Not a Pedestrian","Not a Pedestrian",430634,433453,"E01033011",2,"Not at junction or within 20 metres","Darkness - lights lit","Fine no high winds","Dry","Car occupant"
"236","20141312O1573",2014-02-24,2014,"Feb",24,"19:50",19,50,"Monday","Slight",1,"Slight","Car occupant","Driver or rider","Male",27,"A","Single carriageway",60,"A","Not a Pedestrian","Not a Pedestrian",431251,445731,"E01011561",2,"T or staggered junction","Darkness - lights lit","Fine no high winds","Dry","Car occupant"
"237","20141312P0232",2014-02-25,2014,"Feb",25,"08:09",8,9,"Tuesday","Slight",2,"Slight","Car occupant","Driver or rider","Male",75,"Unclassified","Single carriageway",30,"Unclassified","Not a Pedestrian","Not a Pedestrian",429922,427806,"E01011494",2,"Roundabout","Daylight","Fine no high winds","Dry","Car occupant"
"238","20141312P0236",2014-02-25,2014,"Feb",25,"08:10",8,10,"Tuesday","Serious",6,"Serious","Pedestrian","Pedestrian","Male",17,"A","Single carriageway",30,"Unclassified","On footway or verge","Unknown or other",418975,442004,"E01011265",1,"Crossroads","Daylight","Fine no high winds","Dry","Pedestrian"
"239","20141312P0254",2014-02-25,2014,"Feb",25,"08:35",8,35,"Tuesday","Slight",1,"Slight","Car occupant","Driver or rider","Male",65,"A","Single carriageway",50,"Unclassified","Not a Pedestrian","Not a Pedestrian",423328,443471,"E01032503",2,"T or staggered junction","Daylight","Fine no high winds","Dry","Car occupant"
"240","20141312P0269",2014-02-25,2014,"Feb",25,"08:46",8,46,"Tuesday","Slight",2,"Slight","Car occupant","Driver or rider","Female",43,"Motorway","Dual carriageway",70,NA,"Not a Pedestrian","Not a Pedestrian",435573,425902,"E01011636",2,"Not at junction or within 20 metres","Daylight","Fine no high winds","Dry","Car occupant"
"241","20141312P0951",2014-02-25,2014,"Feb",25,"15:30",15,30,"Tuesday","Slight",2,"Slight","Car occupant","Driver or rider","Male",45,"Unclassified","Single carriageway",30,NA,"Not a Pedestrian","Not a Pedestrian",430454,437507,"E01011351",2,"Not at junction or within 20 metres","Daylight","Fine no high winds","Dry","Car occupant"
"242","20141312F1262",2014-02-25,2014,"Feb",25,"18:00",18,0,"Tuesday","Slight",1,"Slight","Cyclist","Driver or rider","Male",34,"Unclassified","Single carriageway",30,"Unclassified","Not a Pedestrian","Not a Pedestrian",433137,433635,"E01011617",2,"Private drive or entrance","Darkness - lights lit","Raining no high winds","Wet or damp","Cyclist"
"243","20141312P1279",2014-02-25,2014,"Feb",25,"18:24",18,24,"Tuesday","Slight",1,"Slight","Car occupant","Driver or rider","Female",57,"Unclassified","Single carriageway",30,"Unclassified","Not a Pedestrian","Not a Pedestrian",429051,435525,"E01011668",2,"Crossroads","Darkness - lights lit","Raining no high winds","Wet or damp","Car occupant"
"244","20141312Q0398",2014-02-26,2014,"Feb",26,"09:53",9,53,"Wednesday","Slight",1,"Slight","Car occupant","Driver or rider","Female",43,"A(M)","Single carriageway",30,NA,"Not a Pedestrian","Not a Pedestrian",431107,433740,"E01033031",2,"Not at junction or within 20 metres","Daylight","Fine no high winds","Dry","Car occupant"
"245","20141312Q0928",2014-02-26,2014,"Feb",26,"15:05",15,5,"Wednesday","Slight",1,"Slight","Cyclist","Driver or rider","Male",23,"Unclassified","Single carriageway",30,NA,"Not a Pedestrian","Not a Pedestrian",431517,434295,"E01033035",2,"Not at junction or within 20 metres","Daylight","Fine no high winds","Dry","Cyclist"
"246","20141312Q1027",2014-02-26,2014,"Feb",26,"15:45",15,45,"Wednesday","Slight",4,"Slight","Bus or coach occupant (17 or more pass seats)","Passenger","Male",28,"Unclassified","Single carriageway",30,NA,"Not a Pedestrian","Not a Pedestrian",430437,434391,"E01033002",2,"Not at junction or within 20 metres","Daylight","Fine no high winds","Dry","Bus and goods vehicle occupant"
"247","20141312Q1511",2014-02-26,2014,"Feb",26,"17:25",17,25,"Wednesday","Slight",1,"Slight","Bus or coach occupant (17 or more pass seats)","Passenger","Female",76,"A","Single carriageway",40,"A","Not a Pedestrian","Not a Pedestrian",431959,430490,"E01011469",1,"Roundabout","Daylight","Fine no high winds","Wet or damp","Bus and goods vehicle occupant"