"","accident_index","date","year","month","day","time","time_hour","time_minute","day_of_week","accident_severity","number_of_casualties","casualty_severity","casualty_type","casualty_class","sex_of_casualty","age_of_casualty","first_road_class","road_type","speed_limit","second_road_class","pedestrian_location","pedestrian_movement","location_easting_osgr","location_northing_osgr","lsoa_of_accident_location","number_of_vehicles","junction_detail","light_conditions","weather_conditions","road_surface_conditions","cas_type"
"330","20141313C1243",2014-03-12,2014,"Mar",12,"17:45",17,45,"Wednesday","Slight",1,"Slight","Car occupant","Passenger","Female",12,"Unclassified","Single carriageway",30,"Unclassified","Not a Pedestrian","Not a Pedestrian",423341,433944,"E01011609",2,"T or staggered junction","Daylight","Fine no high winds","Dry","Car occupant"
"331","20141313D1047",2014-03-13,2014,"Mar",13,"16:00",16,0,"Thursday","Slight",1,"Slight","Car occupant","Driver or rider","Male",28,"Unclassified","Single carriageway",30,"Unclassified","Not a Pedestrian","Not a Pedestrian",428628,434846,"E01011448",2,"T or staggered junction","Daylight","Fine no high winds","Dry","Car occupant"
"332","20141313D1367",2014-03-13,2014,"Mar",13,"18:25",18,25,"Thursday","Slight",1,"Slight","Car occupant","Driver or rider","Male",33,"A","Single carriageway",30,NA,"Not a Pedestrian","Not a Pedestrian",426905,437500,"E01011685",2,"Not at junction or within 20 metres","Darkness - lights lit","Fine no high winds","Dry","Car occupant"
"333","20141313D1532",2014-03-13,2014,"Mar",13,"19:31",19,31,"Thursday","Serious",1,"Serious","Pedestrian","Pedestrian","Female",19,"Unclassified","One way street",30,NA,"Crossing on pedestrian crossing facility","Crossing from driver's offside",430122,433931,"E01033010",1,"Not at junction or within 20 metres","Darkness - lights lit","Fine no high winds","Dry","Pedestrian"
"334","20141313E0793",2014-03-14,2014,"Mar",14,"13:30",13,30,"Friday","Slight",1,"Slight","Pedestrian","Pedestrian","Female",32,"Unclassified","Single carriageway",30,"Unclassified","Unknown or other","Unknown or other",431001,430771,"E01011471",1,"T or staggered junction","Daylight","Fine no high winds","Dry","Pedestrian"
"335","20141313E0964",2014-03-14,2014,"Mar",14,"15:04",15,4,"Friday","Slight",2,"Slight","Car occupant","Driver or rider","Male",46,"A","Roundabout",40,"Motorway","Not a Pedestrian","Not a Pedestrian",431977,430314,"E01011469",2,"Roundabout","Daylight","Fine no high winds","Dry","Car occupant"
"336","20141313E1560",2014-03-14,2014,"Mar",14,"15:15",15,15,"Friday","Slight",1,"Slight","Car occupant","Driver or rider","Female",23,"B","Single carriageway",40,"Unclassified","Not a Pedestrian","Not a Pedestrian",423189,434669,"E01011335",2,"Other junction","Daylight","Fine no high winds","Dry","Car occupant"
"337","20141313E1326",2014-03-14,2014,"Mar",14,"17:45",17,45,"Friday","Slight",1,"Slight","Motorcycle over 500cc rider or passenger","Driver or rider","Male",26,"A","Single carriageway",60,NA,"Not a Pedestrian","Not a Pedestrian",422824,437426,"E01011452",2,"Not at junction or within 20 metres","Daylight","Fine no high winds","Dry","Motorcyclist and pillion"
"338","20141313E1456",2014-03-14,2014,"Mar",14,"18:50",18,50,"Friday","Serious",1,"Serious","Pedestrian","Pedestrian","Female",38,"Unclassified","One way street",30,NA,"Crossing on pedestrian crossing facility","Crossing from driver's offside",429763,433924,"E01033008",1,"Not at junction or within 20 metres","Darkness - lights lit","Fine no high winds","Dry","Pedestrian"
"339","20141313E1621",2014-03-14,2014,"Mar",14,"19:05",19,5,"Friday","Slight",1,"Slight","Bus or coach occupant (17 or more pass seats)","Passenger","Male",59,"Unclassified","Single carriageway",30,NA,"Not a Pedestrian","Not a Pedestrian",431705,434161,"E01011677",1,"Not at junction or within 20 metres","Daylight","Fine no high winds","Dry","Bus and goods vehicle occupant"
"340","20141313F0092",2014-03-15,2014,"Mar",15,"00:58",0,58,"Saturday","Slight",2,"Slight","Cyclist","Driver or rider","Male",26,"Unclassified","Single carriageway",30,"Unclassified","Not a Pedestrian","Not a Pedestrian",427996,435194,"E01011446",3,"T or staggered junction","Darkness - lights lit","Fine no high winds","Dry","Cyclist"
"341","20141313B0318",2014-03-15,2014,"Mar",15,"08:30",8,30,"Saturday","Slight",1,"Slight","Pedestrian","Pedestrian","Male",53,"Unclassified","Single carriageway",30,NA,"On footway or verge","Unknown or other",435806,433195,"E01011420",1,"Not at junction or within 20 metres","Daylight","Fine no high winds","Dry","Pedestrian"
"342","20141313F0439",2014-03-15,2014,"Mar",15,"08:55",8,55,"Saturday","Slight",1,"Slight","Car occupant","Driver or rider","Male",19,"A","Single carriageway",50,"Unclassified","Not a Pedestrian","Not a Pedestrian",423264,429759,"E01011520",2,"Private drive or entrance","Daylight","Fine no high winds","Dry","Car occupant"
"343","20141313F1387",2014-03-15,2014,"Mar",15,"18:18",18,18,"Saturday","Slight",2,"Slight","Car occupant","Passenger","Male",21,"A","Slip road",40,"Unclassified","Not a Pedestrian","Not a Pedestrian",430220,434373,"E01033002",2,"Slip road","Daylight","Fine no high winds","Dry","Car occupant"
"344","20141313G0153",2014-03-16,2014,"Mar",16,"01:40",1,40,"Sunday","Slight",1,"Slight","Car occupant","Driver or rider","Male",22,"Unclassified","Single carriageway",30,NA,"Not a Pedestrian","Not a Pedestrian",426280,436703,"E01011485",2,"Not at junction or within 20 metres","Darkness - lights lit","Fine no high winds","Dry","Car occupant"
"345","20141313G0847",2014-03-16,2014,"Mar",16,"14:00",14,0,"Sunday","Slight",1,"Slight","Car occupant","Driver or rider","Female",53,"B","Single carriageway",40,"Unclassified","Not a Pedestrian","Not a Pedestrian",423571,435451,"E01011330",2,"T or staggered junction","Daylight","Fine no high winds","Dry","Car occupant"
"346","20141313G1190",2014-03-16,2014,"Mar",16,"17:00",17,0,"Sunday","Serious",1,"Serious","Car occupant","Passenger","Male",56,"Unclassified","Roundabout",30,"Unclassified","Not a Pedestrian","Not a Pedestrian",425184,437759,"E01011464",2,"Roundabout","Daylight","Fine no high winds","Dry","Car occupant"
"347","20141313G1491",2014-03-16,2014,"Mar",16,"19:52",19,52,"Sunday","Slight",1,"Slight","Cyclist","Driver or rider","Female",23,"Unclassified","Single carriageway",30,"Unclassified","Not a Pedestrian","Not a Pedestrian",431412,438792,"E01011508",2,"T or staggered junction","Darkness - lights lit","Fine no high winds","Dry","Cyclist"
"348","20141313G1506",2014-03-16,2014,"Mar",16,"19:59",19,59,"Sunday","Serious",3,"Serious","Car occupant","Driver or rider","Female",39,"A","One way street",60,NA,"Not a Pedestrian","Not a Pedestrian",435855,426141,"E01011636",2,"Not at junction or within 20 metres","Darkness - lights lit","Fine no high winds","Dry","Car occupant"
"349","20141313H0001",2014-03-17,2014,"Mar",17,"00:01",0,1,"Monday","Serious",1,"Serious","Car occupant","Driver or rider","Male",32,"Unclassified","Single carriageway",30,"Unclassified","Not a Pedestrian","Not a Pedestrian",428093,436746,"E01011692",2,"T or staggered junction","Darkness - lights lit","Fine no high winds","Dry","Car occupant"
"350","20141313H1135",2014-03-17,2014,"Mar",17,"16:40",16,40,"Monday","Slight",1,"Slight","Cyclist","Driver or rider","Male",43,"A","Single carriageway",30,"Unclassified","Not a Pedestrian","Not a Pedestrian",417932,443178,"E01011266",2,"T or staggered junction","Daylight","Fine no high winds","Dry","Cyclist"
"351","20141313H1290",2014-03-17,2014,"Mar",17,"17:50",17,50,"Monday","Slight",2,"Slight","Cyclist","Driver or rider","Male",29,"A","Single carriageway",30,NA,"Not a Pedestrian","Not a Pedestrian",427944,436111,"E01011440",2,"Not at junction or within 20 metres","Daylight","Fine no high winds","Dry","Cyclist"
"352","20141313I0589",2014-03-18,2014,"Mar",18,"07:55",7,55,"Tuesday","Slight",1,"Slight","Van / Goods vehicle (3.5 tonnes mgw or under) occupant","Driver or rider","Male",32,"Unclassified","Single carriageway",30,NA,"Not a Pedestrian","Not a Pedestrian",439961,429819,"E01011392",2,"Not at junction or within 20 metres","Daylight","Fine no high winds","Wet or damp","Bus and goods vehicle occupant"
"353","20141313I0372",2014-03-18,2014,"Mar",18,"09:45",9,45,"Tuesday","Slight",2,"Slight","Car occupant","Driver or rider","Female",40,"A","Dual carriageway",70,NA,"Not a Pedestrian","Not a Pedestrian",422219,433959,"E01011610",2,"Not at junction or within 20 metres","Daylight","Raining no high winds","Wet or damp","Car occupant"
"354","20141313I0530",2014-03-18,2014,"Mar",18,"11:30",11,30,"Tuesday","Slight",1,"Slight","Cyclist","Driver or rider","Male",17,"A","Single carriageway",30,"Unclassified","Not a Pedestrian","Not a Pedestrian",427995,436011,"E01011440",2,"T or staggered junction","Daylight","Fine no high winds","Wet or damp","Cyclist"
"355","20141313I0848",2014-03-18,2014,"Mar",18,"14:26",14,26,"Tuesday","Serious",1,"Serious","Car occupant","Passenger","Male",27,"Unclassified","Single carriageway",60,NA,"Not a Pedestrian","Not a Pedestrian",422422,440320,"E01032503",1,"Not at junction or within 20 metres","Daylight","Raining + high winds","Wet or damp","Car occupant"
"356","20141313R0938",2014-03-18,2014,"Mar",18,"15:00",15,0,"Tuesday","Slight",1,"Slight","Pedestrian","Pedestrian","Female",53,"A","Dual carriageway",40,NA,"Crossing on pedestrian crossing facility","Crossing from driver's nearside",428342,429522,"E01011531",1,"Not at junction or within 20 metres","Daylight","Fine no high winds","Dry","Pedestrian"
"357","20141313I1315",2014-03-18,2014,"Mar",18,"16:50",16,50,"Tuesday","Slight",1,"Slight","Car occupant","Driver or rider","Female",37,"Unclassified","Single carriageway",30,NA,"Not a Pedestrian","Not a Pedestrian",429076,432222,"E01033013",2,"Not at junction or within 20 metres","Daylight","Fine no high winds","Dry","Car occupant"
"358","20141313I1211",2014-03-18,2014,"Mar",18,"17:30",17,30,"Tuesday","Slight",2,"Slight","Car occupant","Driver or rider","Female",46,"A","Slip road",40,"A","Not a Pedestrian","Not a Pedestrian",428433,429155,"E01011531",3,"Slip road","Daylight","Fine no high winds","Dry","Car occupant"
"359","20141313I1435",2014-03-18,2014,"Mar",18,"19:05",19,5,"Tuesday","Slight",2,"Slight","Car occupant","Driver or rider","Male",48,"Unclassified","Roundabout",30,"Unclassified","Not a Pedestrian","Not a Pedestrian",436072,435562,"E01011665",2,"Roundabout","Daylight","Fine no high winds","Dry","Car occupant"
"360","20141313J0595",2014-03-19,2014,"Mar",19,"12:00",12,0,"Wednesday","Slight",2,"Slight","Taxi/Private hire car occupant","Passenger","Female",25,"Unclassified","Single carriageway",30,NA,"Not a Pedestrian","Not a Pedestrian",428969,432374,"E01033013",3,"Not at junction or within 20 metres","Daylight","Fine no high winds","Dry","Car occupant"
"361","20141313J0641",2014-03-19,2014,"Mar",19,"12:20",12,20,"Wednesday","Serious",1,"Serious","Pedestrian","Pedestrian","Male",29,"Unclassified","Single carriageway",30,NA,"In carriageway, not crossing","Unknown or other",429725,433797,"E01033008",1,"Not at junction or within 20 metres","Daylight","Fine no high winds","Dry","Pedestrian"
"362","20141313J1191",2014-03-19,2014,"Mar",19,"16:50",16,50,"Wednesday","Serious",1,"Serious","Pedestrian","Pedestrian","Female",12,"B","Single carriageway",30,"Unclassified","In carriageway, crossing elsewhere","Crossing from driver's offside",433341,426310,"E01011500",1,"T or staggered junction","Daylight","Fine no high winds","Dry","Pedestrian"
"363","20141313J1522",2014-03-19,2014,"Mar",19,"19:20",19,20,"Wednesday","Slight",1,"Slight","Cyclist","Driver or rider","Male",70,"Unclassified","Single carriageway",30,"Unclassified","Not a Pedestrian","Not a Pedestrian",436025,428954,"E01032488",2,"T or staggered junction","Darkness - lights lit","Fine no high winds","Dry","Cyclist"
"364","20141313J1600",2014-03-19,2014,"Mar",19,"20:10",20,10,"Wednesday","Serious",1,"Serious","Pedestrian","Pedestrian","Male",58,"Unclassified","Dual carriageway",30,NA,"In carriageway, not crossing","Unknown or other",430894,433487,"E01033011",1,"Not at junction or within 20 metres","Darkness - lights lit","Fine no high winds","Dry","Pedestrian"
"365","20141313J1621",2014-03-19,2014,"Mar",19,"20:16",20,16,"Wednesday","Serious",1,"Serious","Cyclist","Driver or rider","Male",46,"A","Single carriageway",30,"Unclassified","Not a Pedestrian","Not a Pedestrian",420429,440371,"E01011277",2,"T or staggered junction","Darkness - lights lit","Fine no high winds","Dry","Cyclist"
"366","20141313J1631",2014-03-19,2014,"Mar",19,"20:23",20,23,"Wednesday","Slight",2,"Slight","Motorcycle over 500cc rider or passenger","Driver or rider","Male",19,"Unclassified","Single carriageway",30,NA,"Not a Pedestrian","Not a Pedestrian",426340,427880,"E01011541",1,"Not at junction or within 20 metres","Darkness - lights lit","Fine no high winds","Dry","Motorcyclist and pillion"
"367","20141313J1709",2014-03-19,2014,"Mar",19,"20:30",20,30,"Wednesday","Slight",1,"Slight","Car occupant","Driver or rider","Male",20,"Unclassified","Single carriageway",30,NA,"Not a Pedestrian","Not a Pedestrian",425264,432374,"E01011726",2,"Not at junction or within 20 metres","Darkness - lights lit","Fine no high winds","Dry","Car occupant"
"368","20141313K0302",2014-03-20,2014,"Mar",20,"08:30",8,30,"Thursday","Slight",1,"Slight","Motorcycle 125cc and under rider or passenger","Driver or rider","Male",23,"Unclassified","Single carriageway",30,"Unclassified","Not a Pedestrian","Not a Pedestrian",435746,436957,"E01011720",2,"T or staggered junction","Daylight","Fine + high winds","Dry","Motorcyclist and pillion"
"369","20141313K0579",2014-03-20,2014,"Mar",20,"11:28",11,28,"Thursday","Slight",2,"Slight","Car occupant","Passenger","Male",43,"Unclassified","Single carriageway",30,"Unclassified","Not a Pedestrian","Not a Pedestrian",430349,432103,"E01033016",2,"T or staggered junction","Daylight","Fine no high winds","Dry","Car occupant"
"370","20141313K1040",2014-03-20,2014,"Mar",20,"16:00",16,0,"Thursday","Slight",1,"Slight","Car occupant","Passenger","Male",37,"A","Dual carriageway",40,NA,"Not a Pedestrian","Not a Pedestrian",428533,431789,"E01011366",2,"Not at junction or within 20 metres","Daylight","Raining no high winds","Wet or damp","Car occupant"
"371","20141313K1360",2014-03-20,2014,"Mar",20,"18:30",18,30,"Thursday","Slight",2,"Slight","Bus or coach occupant (17 or more pass seats)","Passenger","Female",34,"Unclassified","Single carriageway",30,NA,"Not a Pedestrian","Not a Pedestrian",441964,430747,"E01011303",2,"Not at junction or within 20 metres","Darkness - lights lit","Raining + high winds","Wet or damp","Bus and goods vehicle occupant"
"372","20141313L0228",2014-03-21,2014,"Mar",21,"08:00",8,0,"Friday","Slight",2,"Slight","Car occupant","Driver or rider","Male",37,"A","Roundabout",60,"A","Not a Pedestrian","Not a Pedestrian",442150,434453,"E01011297",2,"Roundabout","Daylight","Fine no high winds","Dry","Car occupant"
"373","20141313L0235",2014-03-21,2014,"Mar",21,"08:00",8,0,"Friday","Slight",1,"Slight","Pedestrian","Pedestrian","Male",14,"B","Single carriageway",30,NA,"In carriageway, crossing elsewhere","Crossing from driver's nearside",440411,449270,"E01011700",1,"Not at junction or within 20 metres","Daylight","Fine no high winds","Dry","Pedestrian"
"374","20141313L0588",2014-03-21,2014,"Mar",21,"08:20",8,20,"Friday","Slight",2,"Slight","Car occupant","Driver or rider","Female",28,"A","Dual carriageway",40,NA,"Not a Pedestrian","Not a Pedestrian",432752,433899,"E01011348",2,"Not at junction or within 20 metres","Daylight","Fine no high winds","Dry","Car occupant"
"375","20141313L0279",2014-03-21,2014,"Mar",21,"09:30",9,30,"Friday","Slight",1,"Slight","Car occupant","Driver or rider","Male",23,"A","Single carriageway",40,NA,"Not a Pedestrian","Not a Pedestrian",419287,444956,"E01011571",2,"Not at junction or within 20 metres","Daylight","Fine no high winds","Dry","Car occupant"
"376","20141313L0388",2014-03-21,2014,"Mar",21,"10:00",10,0,"Friday","Slight",2,"Slight","Car occupant","Driver or rider","Male",80,"A","Single carriageway",30,"Unclassified","Not a Pedestrian","Not a Pedestrian",441055,432040,"E01011302",2,"T or staggered junction","Daylight","Fine no high winds","Dry","Car occupant"
"377","20141313M0649",2014-03-21,2014,"Mar",21,"14:30",14,30,"Friday","Serious",1,"Serious","Pedestrian","Pedestrian","Male",43,"Unclassified","Single carriageway",20,NA,"On footway or verge","Unknown or other",431776,435617,"E01011422",1,"Not at junction or within 20 metres","Daylight","Raining no high winds","Wet or damp","Pedestrian"
"378","20141313L0870",2014-03-21,2014,"Mar",21,"14:43",14,43,"Friday","Slight",1,"Slight","Car occupant","Driver or rider","Female",55,"Unclassified","Single carriageway",30,NA,"Not a Pedestrian","Not a Pedestrian",432412,433608,"E01011618",3,"Not at junction or within 20 metres","Daylight","Raining no high winds","Wet or damp","Car occupant"
"379","20141313L0918",2014-03-21,2014,"Mar",21,"15:07",15,7,"Friday","Slight",1,"Slight","Motorcycle 50cc and under rider or passenger","Driver or rider","Male",24,"A","Dual carriageway",30,NA,"Not a Pedestrian","Not a Pedestrian",430411,432774,"E01033016",2,"Not at junction or within 20 metres","Daylight","Fine no high winds","Dry","Motorcyclist and pillion"
"380","20141313L0966",2014-03-21,2014,"Mar",21,"15:24",15,24,"Friday","Serious",1,"Serious","Pedestrian","Pedestrian","Male",14,"Unclassified","One way street",30,NA,"In carriageway, not crossing","Unknown or other",426934,433318,"E01011292",1,"Not at junction or within 20 metres","Daylight","Fine no high winds","Dry","Pedestrian"
"381","20141313L1105",2014-03-21,2014,"Mar",21,"16:10",16,10,"Friday","Slight",1,"Slight","Motorcycle over 500cc rider or passenger","Driver or rider","Male",31,"Unclassified","Single carriageway",30,NA,"Not a Pedestrian","Not a Pedestrian",428359,425453,"E01011553",2,"Not at junction or within 20 metres","Daylight","Fine no high winds","Dry","Motorcyclist and pillion"
"382","20141313L1513",2014-03-21,2014,"Mar",21,"16:30",16,30,"Friday","Slight",1,"Slight","Car occupant","Driver or rider","Female",48,"Unclassified","Single carriageway",30,"Unclassified","Not a Pedestrian","Not a Pedestrian",431983,433425,"E01011623",2,"Other junction","Daylight","Fine no high winds","Dry","Car occupant"
"383","20141313L1684",2014-03-21,2014,"Mar",21,"21:05",21,5,"Friday","Slight",2,"Slight","Car occupant","Driver or rider","Male",19,"Unclassified","Single carriageway",30,NA,"Not a Pedestrian","Not a Pedestrian",429695,440820,"E01011563",2,"Not at junction or within 20 metres","Darkness - lights lit","Fine no high winds","Wet or damp","Car occupant"
"384","20141313M0191",2014-03-22,2014,"Mar",22,"02:10",2,10,"Saturday","Slight",1,"Slight","Pedestrian","Pedestrian","Female",24,"Unclassified","Single carriageway",30,NA,"In centre of carriageway - not on refuge, island or central reservation","Crossing from driver's offside",430017,434106,"E01033010",1,"Not at junction or within 20 metres","Darkness - lights lit","Fine no high winds","Dry","Pedestrian"
"385","20141313M0454",2014-03-22,2014,"Mar",22,"09:31",9,31,"Saturday","Slight",2,"Slight","Car occupant","Driver or rider","Female",45,"Unclassified","Roundabout",30,"Unclassified","Not a Pedestrian","Not a Pedestrian",430091,435427,"E01011670",2,"Mini-roundabout","Daylight","Fine no high winds","Dry","Car occupant"
"386","20141313M0677",2014-03-22,2014,"Mar",22,"11:00",11,0,"Saturday","Slight",1,"Slight","Pedestrian","Pedestrian","Female",26,"Unclassified","Single carriageway",30,"Unclassified","In carriageway, crossing elsewhere","Crossing from driver's nearside",432633,434930,"E01011433",1,"T or staggered junction","Daylight","Fine no high winds","Wet or damp","Pedestrian"
"387","20141313M1660",2014-03-22,2014,"Mar",22,"21:25",21,25,"Saturday","Slight",1,"Slight","Car occupant","Driver or rider","Male",23,"Unclassified","Single carriageway",30,NA,"Not a Pedestrian","Not a Pedestrian",430608,428392,"E01032497",2,"Not at junction or within 20 metres","Darkness - lights lit","Fine no high winds","Dry","Car occupant"
"388","20141313N0595",2014-03-23,2014,"Mar",23,"11:20",11,20,"Sunday","Serious",1,"Serious","Cyclist","Driver or rider","Male",50,"Unclassified","Single carriageway",30,"Unclassified","Not a Pedestrian","Not a Pedestrian",436363,442994,"E01011713",2,"Private drive or entrance","Daylight","Fine no high winds","Dry","Cyclist"
"389","20141313N0837",2014-03-23,2014,"Mar",23,"13:40",13,40,"Sunday","Slight",1,"Slight","Cyclist","Driver or rider","Female",32,"Unclassified","Dual carriageway",30,"Unclassified","Not a Pedestrian","Not a Pedestrian",429283,433483,"E01033015",2,"T or staggered junction","Daylight","Fine no high winds","Dry","Cyclist"
"390","20141313N1021",2014-03-23,2014,"Mar",23,"15:37",15,37,"Sunday","Slight",1,"Slight","Cyclist","Driver or rider","Male",50,"C","Single carriageway",60,NA,"Not a Pedestrian","Not a Pedestrian",415878,441903,"E01011270",2,"Not at junction or within 20 metres","Daylight","Fine no high winds","Wet or damp","Cyclist"
"391","20141313Q0798",2014-03-23,2014,"Mar",23,"15:45",15,45,"Sunday","Slight",1,"Slight","Car occupant","Driver or rider","Female",27,"Unclassified","Single carriageway",30,"Unclassified","Not a Pedestrian","Not a Pedestrian",432441,433802,"E01011348",2,"Roundabout","Daylight","Fine no high winds","Dry","Car occupant"
"392","20141313N1371",2014-03-23,2014,"Mar",23,"18:40",18,40,"Sunday","Slight",3,"Slight","Car occupant","Driver or rider","Male",18,"A","One way street",30,"Unclassified","Not a Pedestrian","Not a Pedestrian",432524,427558,"E01011496",2,"Crossroads","Darkness - lights lit","Fine no high winds","Wet or damp","Car occupant"
"393","20141313O0187",2014-03-24,2014,"Mar",24,"07:00",7,0,"Monday","Serious",1,"Serious","Motorcycle 50cc and under rider or passenger","Driver or rider","Male",24,"Unclassified","Single carriageway",30,"Unclassified","Not a Pedestrian","Not a Pedestrian",431233,431502,"E01011467",1,"Crossroads","Daylight","Fine no high winds","Frost or ice","Motorcyclist and pillion"
"394","20141313P0833",2014-03-24,2014,"Mar",24,"07:58",7,58,"Monday","Slight",1,"Slight","Car occupant","Driver or rider","Male",37,"Unclassified","Single carriageway",30,"Unclassified","Not a Pedestrian","Not a Pedestrian",429643,432935,"E01033015",2,"Other junction","Daylight","Fine no high winds","Dry","Car occupant"
"395","20141313P1304",2014-03-24,2014,"Mar",24,"08:40",8,40,"Monday","Slight",1,"Slight","Cyclist","Driver or rider","Male",60,"A","Single carriageway",30,"Unclassified","Not a Pedestrian","Not a Pedestrian",426885,437514,"E01011685",2,"T or staggered junction","Daylight","Fine no high winds","Dry","Cyclist"
"396","20141313O0431",2014-03-24,2014,"Mar",24,"10:10",10,10,"Monday","Slight",2,"Slight","Car occupant","Passenger","Female",45,"Unclassified","Single carriageway",30,"Unclassified","Not a Pedestrian","Not a Pedestrian",429206,430689,"E01011314",2,"Crossroads","Daylight","Fine no high winds","Dry","Car occupant"
"397","20141313O0844",2014-03-24,2014,"Mar",24,"14:14",14,14,"Monday","Slight",1,"Slight","Van / Goods vehicle (3.5 tonnes mgw or under) occupant","Passenger","Male",17,"A","Single carriageway",40,NA,"Not a Pedestrian","Not a Pedestrian",425113,431080,"E01011738",2,"Not at junction or within 20 metres","Daylight","Fine no high winds","Dry","Bus and goods vehicle occupant"
"398","20141313O0950",2014-03-24,2014,"Mar",24,"15:03",15,3,"Monday","Slight",1,"Slight","Car occupant","Driver or rider","Female",50,"Unclassified","Single carriageway",30,"Unclassified","Not a Pedestrian","Not a Pedestrian",432069,438283,"E01011654",2,"Crossroads","Daylight","Fine no high winds","Dry","Car occupant"
"399","20141313O1210",2014-03-24,2014,"Mar",24,"15:15",15,15,"Monday","Slight",1,"Slight","Pedestrian","Pedestrian","Male",5,"Unclassified","Single carriageway",30,"Unclassified","In carriageway, crossing elsewhere","Crossing from driver's offside",429660,431505,"E01011373",1,"T or staggered junction","Daylight","Fine no high winds","Dry","Pedestrian"
"400","20141313O1326",2014-03-24,2014,"Mar",24,"16:53",16,53,"Monday","Slight",1,"Slight","Cyclist","Driver or rider","Male",24,"Unclassified","One way street",30,"A","Not a Pedestrian","Not a Pedestrian",430295,432105,"E01033016",2,"Slip road","Daylight","Fine no high winds","Dry","Cyclist"
"401","20141313P1129",2014-03-24,2014,"Mar",24,"17:00",17,0,"Monday","Slight",1,"Slight","Car occupant","Driver or rider","Female",46,"Unclassified","Slip road",30,"Unclassified","Not a Pedestrian","Not a Pedestrian",421434,434073,"E01011587",1,"Slip road","Daylight","Fine no high winds","Wet or damp","Car occupant"
"402","20141313O1289",2014-03-24,2014,"Mar",24,"17:15",17,15,"Monday","Slight",1,"Slight","Cyclist","Driver or rider","Male",48,"A","Dual carriageway",30,"Unclassified","Not a Pedestrian","Not a Pedestrian",429915,432727,"E01033032",2,"T or staggered junction","Daylight","Fine no high winds","Dry","Cyclist"
"403","20141313O1465",2014-03-24,2014,"Mar",24,"18:20",18,20,"Monday","Slight",1,"Slight","Pedestrian","Pedestrian","Male",10,"Unclassified","Single carriageway",30,NA,"In carriageway, crossing elsewhere","Crossing from nearside - masked by parked or stationary vehicle",418836,444983,"E01011573",1,"Not at junction or within 20 metres","Daylight","Fine no high winds","Dry","Pedestrian"
"404","20141313P1086",2014-03-24,2014,"Mar",24,"18:40",18,40,"Monday","Serious",1,"Serious","Pedestrian","Pedestrian","Male",77,"Unclassified","Single carriageway",30,"A","In carriageway, crossing elsewhere","Crossing from driver's nearside",443621,445279,"E01011711",1,"T or staggered junction","Daylight","Fine no high winds","Dry","Pedestrian"
"405","20141313O1815",2014-03-24,2014,"Mar",24,"21:30",21,30,"Monday","Slight",2,"Slight","Taxi/Private hire car occupant","Passenger","Female",42,"Unclassified","Single carriageway",30,"Unclassified","Not a Pedestrian","Not a Pedestrian",429601,432563,"E01033032",2,"Crossroads","Darkness - lights lit","Fine no high winds","Wet or damp","Car occupant"
"406","20141313Q0520",2014-03-25,2014,"Mar",25,"10:10",10,10,"Tuesday","Slight",1,"Slight","Bus or coach occupant (17 or more pass seats)","Passenger","Female",81,"Unclassified","Single carriageway",30,NA,"Not a Pedestrian","Not a Pedestrian",432305,436439,"E01011647",1,"Not at junction or within 20 metres","Daylight","Fine no high winds","Dry","Bus and goods vehicle occupant"
"407","20141313P1022",2014-03-25,2014,"Mar",25,"16:00",16,0,"Tuesday","Slight",1,"Slight","Cyclist","Driver or rider","Male",46,"A","Single carriageway",40,"B","Not a Pedestrian","Not a Pedestrian",433148,426330,"E01011500",2,"Crossroads","Daylight","Fine no high winds","Wet or damp","Cyclist"
"408","20141313P1326",2014-03-25,2014,"Mar",25,"16:41",16,41,"Tuesday","Slight",1,"Slight","Cyclist","Driver or rider","Male",43,"Unclassified","Roundabout",30,"Unclassified","Not a Pedestrian","Not a Pedestrian",430633,433696,"E01033010",2,"Roundabout","Daylight","Fine no high winds","Wet or damp","Cyclist"
"409","20141313Q0406",2014-03-26,2014,"Mar",26,"10:43",10,43,"Wednesday","Slight",1,"Slight","Pedestrian","Pedestrian","Male",86,"B","One way street",40,"Unclassified","On footway or verge","Unknown or other",429949,438539,"E01011510",1,"Roundabout","Daylight","Fine no high winds","Dry","Pedestrian"
"410","20141313Q1311",2014-03-26,2014,"Mar",26,"19:01",19,1,"Wednesday","Slight",1,"Slight","Car occupant","Driver or rider","Male",37,"Unclassified","Single carriageway",30,"Unclassified","Not a Pedestrian","Not a Pedestrian",425552,435157,"E01011281",2,"Crossroads","Darkness - lights lit","Raining no high winds","Wet or damp","Car occupant"
"411","20141313Q1501",2014-03-26,2014,"Mar",26,"20:41",20,41,"Wednesday","Slight",1,"Slight","Car occupant","Passenger","Female",22,"Unclassified","Single carriageway",30,"Unclassified","Not a Pedestrian","Not a Pedestrian",426207,437136,"E01011485",2,"T or staggered junction","Darkness - lights lit","Raining no high winds","Wet or damp","Car occupant"
"412","20141313Q1522",2014-03-26,2014,"Mar",26,"20:50",20,50,"Wednesday","Slight",1,"Slight","Pedestrian","Pedestrian","Male",25,"Unclassified","Single carriageway",30,"A","Crossing on pedestrian crossing facility","Crossing from driver's nearside",429309,435030,"E01033005",1,"T or staggered junction","Darkness - lights lit","Raining no high winds","Wet or damp","Pedestrian"
"413","20141313R0074",2014-03-27,2014,"Mar",27,"02:10",2,10,"Thursday","Slight",1,"Slight","Car occupant","Driver or rider","Male",20,"A","Dual carriageway",40,"Unclassified","Not a Pedestrian","Not a Pedestrian",436075,436613,"E01011720",5,"T or staggered junction","Darkness - lights lit","Fine no high winds","Wet or damp","Car occupant"