"","accident_index","date","year","month","day","time","time_hour","time_minute","day_of_week","accident_severity","number_of_casualties","casualty_severity","casualty_type","casualty_class","sex_of_casualty","age_of_casualty","first_road_class","road_type","speed_limit","second_road_class","pedestrian_location","pedestrian_movement","location_easting_osgr","location_northing_osgr","lsoa_of_accident_location","number_of_vehicles","junction_detail","light_conditions","weather_conditions","road_surface_conditions","cas_type"
"414","20141313R0189",2014-03-27,2014,"Mar",27,"07:50",7,50,"Thursday","Slight",1,"Slight","Pedestrian","Pedestrian","Male",46,"Unclassified","Single carriageway",30,NA,"In carriageway, not crossing","In carriageway, stationary - not crossing  (standing or playing)",435059,427770,"E01011636",1,"Not at junction or within 20 metres","Daylight","Fine no high winds","Dry","Pedestrian"
"415","20141313R0193",2014-03-27,2014,"Mar",27,"07:54",7,54,"Thursday","Slight",2,"Slight","Car occupant","Passenger","Female",28,"Motorway","Dual carriageway",70,NA,"Not a Pedestrian","Not a Pedestrian",432973,425922,"E01011500",3,"Not at junction or within 20 metres","Daylight","Fine no high winds","Wet or damp","Car occupant"
"416","20141313R0628",2014-03-27,2014,"Mar",27,"13:21",13,21,"Thursday","Slight",1,"Slight","Pedestrian","Pedestrian","Female",65,"Unclassified","Single carriageway",30,NA,"On footway or verge","Unknown or other",429931,433518,"E01033010",1,"Not at junction or within 20 metres","Daylight","Fine no high winds","Dry","Pedestrian"
"417","20141313R0657",2014-03-27,2014,"Mar",27,"13:30",13,30,"Thursday","Slight",1,"Slight","Car occupant","Driver or rider","Male",18,"Unclassified","Single carriageway",20,NA,"Not a Pedestrian","Not a Pedestrian",431258,438531,"E01011511",2,"Not at junction or within 20 metres","Daylight","Fine no high winds","Dry","Car occupant"
"418","20141313R1369",2014-03-27,2014,"Mar",27,"14:40",14,40,"Thursday","Slight",2,"Slight","Car occupant","Driver or rider","Male",61,"A","Single carriageway",30,NA,"Not a Pedestrian","Not a Pedestrian",431959,435824,"E01011422",2,"Not at junction or within 20 metres","Daylight","Fine no high winds","Dry","Car occupant"
"419","20141313R0778",2014-03-27,2014,"Mar",27,"14:56",14,56,"Thursday","Slight",1,"Slight","Pedestrian","Pedestrian","Female",3,"Unclassified","Single carriageway",30,NA,"In carriageway, crossing elsewhere","Crossing from driver's nearside",426120,439224,"E01011383",1,"Not at junction or within 20 metres","Daylight","Fine no high winds","Dry","Pedestrian"
"420","20141313R1317",2014-03-27,2014,"Mar",27,"18:50",18,50,"Thursday","Slight",3,"Slight","Car occupant","Passenger","Male",32,"A","Single carriageway",30,"A","Not a Pedestrian","Not a Pedestrian",432513,427318,"E01032496",2,"Crossroads","Darkness - lights lit","Raining no high winds","Wet or damp","Car occupant"
"421","20141313S0339",2014-03-28,2014,"Mar",28,"09:40",9,40,"Friday","Slight",1,"Slight","Other vehicle occupant","Driver or rider","Male",26,"Unclassified","Single carriageway",30,NA,"Not a Pedestrian","Not a Pedestrian",432820,432033,"E01011621",2,"Not at junction or within 20 metres","Daylight","Fine no high winds","Wet or damp","Others"
"422","20141313S0394",2014-03-28,2014,"Mar",28,"10:25",10,25,"Friday","Slight",4,"Slight","Car occupant","Driver or rider","Male",32,"A","Single carriageway",40,"Unclassified","Not a Pedestrian","Not a Pedestrian",429941,425135,"E01011537",2,"T or staggered junction","Daylight","Fine no high winds","Wet or damp","Car occupant"
"423","20141313S0767",2014-03-28,2014,"Mar",28,"12:35",12,35,"Friday","Slight",4,"Slight","Bus or coach occupant (17 or more pass seats)","Passenger","Female",40,"A","Slip road",40,"Unclassified","Not a Pedestrian","Not a Pedestrian",431228,433668,"E01033021",2,"Slip road","Daylight","Fine no high winds","Dry","Bus and goods vehicle occupant"
"424","20141313S0610",2014-03-28,2014,"Mar",28,"12:38",12,38,"Friday","Slight",1,"Slight","Bus or coach occupant (17 or more pass seats)","Passenger","Female",55,"Unclassified","Single carriageway",30,"Unclassified","Not a Pedestrian","Not a Pedestrian",430335,433394,"E01033010",1,"T or staggered junction","Daylight","Fine no high winds","Dry","Bus and goods vehicle occupant"
"425","20141313S0860",2014-03-28,2014,"Mar",28,"14:55",14,55,"Friday","Slight",1,"Slight","Car occupant","Driver or rider","Male",50,"B","Single carriageway",30,NA,"Not a Pedestrian","Not a Pedestrian",427865,432921,"E01011294",2,"Not at junction or within 20 metres","Daylight","Unknown","Dry","Car occupant"
"426","20141313S1092",2014-03-28,2014,"Mar",28,"16:28",16,28,"Friday","Serious",1,"Serious","Cyclist","Driver or rider","Male",39,"A","Single carriageway",30,"Unclassified","Not a Pedestrian","Not a Pedestrian",428718,435615,"E01032946",2,"T or staggered junction","Daylight","Fine no high winds","Dry","Cyclist"
"427","20141313S1215",2014-03-28,2014,"Mar",28,"17:16",17,16,"Friday","Slight",1,"Slight","Car occupant","Driver or rider","Female",57,"Unclassified","Single carriageway",30,"Unclassified","Not a Pedestrian","Not a Pedestrian",430662,433929,"E01033002",2,"T or staggered junction","Daylight","Fine no high winds","Dry","Car occupant"
"428","20141313S1444",2014-03-28,2014,"Mar",28,"19:24",19,24,"Friday","Slight",2,"Slight","Car occupant","Passenger","Female",61,"Unclassified","Roundabout",30,"A","Not a Pedestrian","Not a Pedestrian",430561,431184,"E01011468",2,"Roundabout","Darkness - lights lit","Fine no high winds","Dry","Car occupant"
"429","20141313T0920",2014-03-29,2014,"Mar",29,"13:15",13,15,"Saturday","Fatal",1,"Fatal","Motorcycle over 500cc rider or passenger","Driver or rider","Male",67,"A","Single carriageway",40,"Unclassified","Not a Pedestrian","Not a Pedestrian",439386,432651,"E01011402",2,"T or staggered junction","Daylight","Fine no high winds","Dry","Motorcyclist and pillion"
"430","20141313P0825",2014-03-29,2014,"Mar",29,"14:00",14,0,"Saturday","Slight",1,"Slight","Car occupant","Driver or rider","Female",25,"A","Single carriageway",30,NA,"Not a Pedestrian","Not a Pedestrian",431934,430637,"E01011468",3,"Not at junction or within 20 metres","Daylight","Fine no high winds","Dry","Car occupant"
"431","20141313T1076",2014-03-29,2014,"Mar",29,"15:15",15,15,"Saturday","Slight",1,"Slight","Car occupant","Driver or rider","Female",29,"Unclassified","Single carriageway",30,"A","Not a Pedestrian","Not a Pedestrian",430599,431160,"E01011468",2,"Roundabout","Daylight","Fine no high winds","Dry","Car occupant"
"432","20141313T1182",2014-03-29,2014,"Mar",29,"16:10",16,10,"Saturday","Slight",1,"Slight","Bus or coach occupant (17 or more pass seats)","Passenger","Female",37,"Unclassified","Single carriageway",30,"Unclassified","Not a Pedestrian","Not a Pedestrian",430302,439597,"E01011558",1,"T or staggered junction","Daylight","Fine no high winds","Dry","Bus and goods vehicle occupant"
"433","20141313T1224",2014-03-29,2014,"Mar",29,"16:30",16,30,"Saturday","Slight",2,"Slight","Car occupant","Passenger","Male",22,"A","Dual carriageway",30,"Unclassified","Not a Pedestrian","Not a Pedestrian",430546,435153,"E01011361",2,"T or staggered junction","Daylight","Fine no high winds","Dry","Car occupant"
"434","20141313T1499",2014-03-29,2014,"Mar",29,"18:50",18,50,"Saturday","Slight",2,"Slight","Car occupant","Driver or rider","Female",20,"Unclassified","Single carriageway",30,"Unclassified","Not a Pedestrian","Not a Pedestrian",437502,432911,"E01011411",2,"T or staggered junction","Darkness - lights lit","Fine no high winds","Dry","Car occupant"
"435","2014131411033",2014-03-29,2014,"Mar",29,"23:40",23,40,"Saturday","Serious",1,"Serious","Pedestrian","Pedestrian","Male",36,"Unclassified","Single carriageway",30,NA,"In carriageway, crossing elsewhere","Unknown or other",431322,431388,"E01011467",1,"Not at junction or within 20 metres","Darkness - lighting unknown","Unknown","Wet or damp","Pedestrian"
"436","20141313U1112",2014-03-30,2014,"Mar",30,"16:10",16,10,"Sunday","Serious",1,"Serious","Car occupant","Driver or rider","Male",77,"Unclassified","Unknown",30,NA,"Not a Pedestrian","Not a Pedestrian",426182,435462,"E01011477",2,"Not at junction or within 20 metres","Daylight","Fine no high winds","Dry","Car occupant"
"437","20141313V0944",2014-03-31,2014,"Mar",31,"14:55",14,55,"Monday","Serious",1,"Serious","Motorcycle 125cc and under rider or passenger","Driver or rider","Male",20,"A","Single carriageway",30,NA,"Not a Pedestrian","Not a Pedestrian",431194,431860,"E01011467",2,"Not at junction or within 20 metres","Daylight","Fine no high winds","Dry","Motorcyclist and pillion"
"438","20141313V1547",2014-03-31,2014,"Mar",31,"19:00",19,0,"Monday","Slight",1,"Slight","Car occupant","Driver or rider","Female",21,"A","Single carriageway",60,"Unclassified","Not a Pedestrian","Not a Pedestrian",438952,431558,"E01011402",2,"T or staggered junction","Daylight","Fine no high winds","Dry","Car occupant"
"439","20141313V1980",2014-03-31,2014,"Mar",31,"23:00",23,0,"Monday","Slight",1,"Slight","Pedestrian","Pedestrian","Male",19,"Motorway","Slip road",70,"A","In centre of carriageway - not on refuge, island or central reservation","Crossing from driver's nearside",430851,424428,"E01011537",1,"Slip road","Darkness - lights lit","Fine no high winds","Dry","Pedestrian"
"440","2014131420804",2014-04-01,2014,"Apr",1,"00:30",0,30,"Tuesday","Slight",1,"Slight","Cyclist","Driver or rider","Male",24,"A","Single carriageway",40,NA,"Not a Pedestrian","Not a Pedestrian",432379,435788,"E01011647",2,"Not at junction or within 20 metres","Darkness - lights lit","Raining no high winds","Dry","Cyclist"
"441","2014131410222",2014-04-01,2014,"Apr",1,"07:50",7,50,"Tuesday","Slight",1,"Slight","Car occupant","Driver or rider","Male",68,"Unclassified","Single carriageway",60,"Unclassified","Not a Pedestrian","Not a Pedestrian",421996,443915,"E01011569",2,"T or staggered junction","Daylight","Fine no high winds","Wet or damp","Car occupant"
"442","2014131410246",2014-04-01,2014,"Apr",1,"08:27",8,27,"Tuesday","Slight",1,"Slight","Pedestrian","Pedestrian","Male",15,"Unclassified","Single carriageway",30,NA,"In carriageway, crossing elsewhere","Crossing from driver's nearside",430512,437057,"E01011352",1,"Not at junction or within 20 metres","Daylight","Fine no high winds","Dry","Pedestrian"
"443","2014131410949",2014-04-01,2014,"Apr",1,"15:40",15,40,"Tuesday","Slight",1,"Slight","Pedestrian","Pedestrian","Male",10,"A","Single carriageway",40,"Unclassified","Crossing on pedestrian crossing facility","Crossing from driver's nearside",432957,427611,"E01011634",1,"T or staggered junction","Daylight","Fine no high winds","Dry","Pedestrian"
"444","2014131411139",2014-04-01,2014,"Apr",1,"17:00",17,0,"Tuesday","Serious",1,"Serious","Pedestrian","Pedestrian","Female",12,"Unclassified","Single carriageway",30,NA,"In carriageway, crossing elsewhere","Crossing from driver's nearside",435468,433844,"E01011415",1,"Not at junction or within 20 metres","Daylight","Fine no high winds","Dry","Pedestrian"
"445","2014131420276",2014-04-02,2014,"Apr",2,"08:18",8,18,"Wednesday","Serious",1,"Serious","Pedestrian","Pedestrian","Female",12,"Unclassified","Single carriageway",30,NA,"In centre of carriageway - not on refuge, island or central reservation","Crossing from driver's nearside",425823,433131,"E01011725",1,"Not at junction or within 20 metres","Daylight","Fog or mist","Wet or damp","Pedestrian"
"446","2014131420372",2014-04-02,2014,"Apr",2,"09:26",9,26,"Wednesday","Slight",1,"Slight","Cyclist","Driver or rider","Male",34,"A","Dual carriageway",40,"Unclassified","Not a Pedestrian","Not a Pedestrian",425293,434316,"E01011286",2,"T or staggered junction","Daylight","Fine no high winds","Dry","Cyclist"
"447","2014131430315",2014-04-02,2014,"Apr",2,"11:30",11,30,"Wednesday","Slight",1,"Slight","Bus or coach occupant (17 or more pass seats)","Passenger","Female",52,"Unclassified","Single carriageway",30,NA,"Not a Pedestrian","Not a Pedestrian",431253,433819,"E01033031",2,"Not at junction or within 20 metres","Daylight","Fine no high winds","Dry","Bus and goods vehicle occupant"
"448","2014131421333",2014-04-02,2014,"Apr",2,"16:00",16,0,"Wednesday","Slight",1,"Slight","Bus or coach occupant (17 or more pass seats)","Passenger","Male",2,"Unclassified","Single carriageway",30,NA,"Not a Pedestrian","Not a Pedestrian",430576,433446,"E01033011",1,"Not at junction or within 20 metres","Daylight","Fine no high winds","Dry","Bus and goods vehicle occupant"
"449","2014131430163",2014-04-03,2014,"Apr",3,"06:23",6,23,"Thursday","Slight",1,"Slight","Car occupant","Driver or rider","Male",41,"A","Dual carriageway",60,NA,"Not a Pedestrian","Not a Pedestrian",422919,434104,"E01011610",2,"Not at junction or within 20 metres","Darkness - lights lit","Fog or mist","Wet or damp","Car occupant"
"450","2014131430549",2014-04-03,2014,"Apr",3,"07:40",7,40,"Thursday","Slight",1,"Slight","Cyclist","Driver or rider","Male",28,"A","Single carriageway",30,"Unclassified","Not a Pedestrian","Not a Pedestrian",432507,427345,"E01032496",2,"Private drive or entrance","Daylight","Fine no high winds","Wet or damp","Cyclist"
"451","2014131430210",2014-04-03,2014,"Apr",3,"07:50",7,50,"Thursday","Slight",1,"Slight","Pedestrian","Pedestrian","Male",11,"A","Dual carriageway",40,NA,"Crossing on pedestrian crossing facility","Crossing from driver's offside",420031,434154,"E01011597",1,"Not at junction or within 20 metres","Daylight","Unknown","Wet or damp","Pedestrian"
"452","2014131490632",2014-04-03,2014,"Apr",3,"12:35",12,35,"Thursday","Slight",1,"Slight","Taxi/Private hire car occupant","Passenger","Female",72,"Unclassified","Single carriageway",30,NA,"Not a Pedestrian","Not a Pedestrian",436431,435581,"E01011406",2,"Not at junction or within 20 metres","Daylight","Fine no high winds","Dry","Car occupant"
"453","2014131430662",2014-04-03,2014,"Apr",3,"12:50",12,50,"Thursday","Slight",1,"Slight","Pedestrian","Pedestrian","Female",48,"Unclassified","Single carriageway",30,NA,"On footway or verge","Unknown or other",429726,435808,"E01011669",1,"Not at junction or within 20 metres","Daylight","Fine no high winds","Dry","Pedestrian"
"454","2014131431717",2014-04-03,2014,"Apr",3,"21:10",21,10,"Thursday","Slight",1,"Slight","Pedestrian","Pedestrian","Male",29,"Unclassified","Dual carriageway",40,NA,"In centre of carriageway - not on refuge, island or central reservation","Crossing from driver's offside",436022,434826,"E01011666",1,"Not at junction or within 20 metres","Darkness - lights lit","Fine no high winds","Wet or damp","Pedestrian"
"455","2014131440266",2014-04-04,2014,"Apr",4,"08:40",8,40,"Friday","Slight",2,"Slight","Car occupant","Driver or rider","Female",22,"Unclassified","Single carriageway",30,"Unclassified","Not a Pedestrian","Not a Pedestrian",430716,435480,"E01011360",3,"Crossroads","Daylight","Fine no high winds","Dry","Car occupant"
"456","2014131440516",2014-04-04,2014,"Apr",4,"11:05",11,5,"Friday","Serious",1,"Serious","Pedestrian","Pedestrian","Female",15,"A","Dual carriageway",40,NA,"Crossing elsewhere within 50m. of pedestrian crossing","Crossing from driver's nearside",432106,433592,"E01011349",1,"Not at junction or within 20 metres","Daylight","Fine no high winds","Dry","Pedestrian"
"457","2014131440934",2014-04-04,2014,"Apr",4,"15:13",15,13,"Friday","Slight",1,"Slight","Pedestrian","Pedestrian","Female",83,"A","Single carriageway",40,"Unclassified","Crossing on pedestrian crossing facility","Crossing from driver's offside",430419,438625,"E01011514",1,"T or staggered junction","Daylight","Fine no high winds","Dry","Pedestrian"
"458","2014131441064",2014-04-04,2014,"Apr",4,"23:00",23,0,"Friday","Slight",1,"Slight","Car occupant","Driver or rider","Female",28,"A","Roundabout",40,"Unclassified","Not a Pedestrian","Not a Pedestrian",428587,431555,"E01011366",2,"Roundabout","Darkness - lighting unknown","Unknown","Wet or damp","Car occupant"
"459","2014131450279",2014-04-05,2014,"Apr",5,"03:15",3,15,"Saturday","Slight",1,"Slight","Pedestrian","Pedestrian","Male",19,"Unclassified","Single carriageway",30,"A","Crossing elsewhere within 50m. of pedestrian crossing","Crossing from driver's offside",429887,434264,"E01033008",1,"Crossroads","Darkness - lights lit","Fine no high winds","Dry","Pedestrian"
"460","2014131470521",2014-04-05,2014,"Apr",5,"09:45",9,45,"Saturday","Slight",1,"Slight","Motorcycle 125cc and under rider or passenger","Driver or rider","Male",22,"A","Dual carriageway",30,NA,"Not a Pedestrian","Not a Pedestrian",430775,433453,"E01033011",2,"Not at junction or within 20 metres","Daylight","Fine no high winds","Dry","Motorcyclist and pillion"
"461","2014131450966",2014-04-05,2014,"Apr",5,"13:30",13,30,"Saturday","Slight",2,"Slight","Van / Goods vehicle (3.5 tonnes mgw or under) occupant","Driver or rider","Male",47,"A","Single carriageway",30,"Unclassified","Not a Pedestrian","Not a Pedestrian",423266,437522,"E01011465",2,"T or staggered junction","Daylight","Fine no high winds","Wet or damp","Bus and goods vehicle occupant"
"462","20141314T0368",2014-04-05,2014,"Apr",5,"16:00",16,0,"Saturday","Serious",1,"Serious","Pedestrian","Pedestrian","Male",56,"B","Single carriageway",30,"Unclassified","Crossing elsewhere within 50m. of pedestrian crossing","Unknown or other",433060,434084,"E01011348",1,"T or staggered junction","Daylight","Fine no high winds","Dry","Pedestrian"
"463","2014131451528",2014-04-05,2014,"Apr",5,"19:00",19,0,"Saturday","Slight",1,"Slight","Car occupant","Driver or rider","Female",29,"A","Single carriageway",60,NA,"Not a Pedestrian","Not a Pedestrian",442355,439994,"E01011309",1,"Not at junction or within 20 metres","Daylight","Fine no high winds","Dry","Car occupant"
"464","20141314K0632",2014-04-06,2014,"Apr",6,"00:15",0,15,"Sunday","Slight",1,"Slight","Pedestrian","Pedestrian","Female",28,"Unclassified","Single carriageway",30,"Unclassified","Crossing on pedestrian crossing facility","Crossing from driver's nearside",430232,433425,"E01033010",1,"Other junction","Darkness - lights lit","Fine no high winds","Wet or damp","Pedestrian"
"465","2014131461278",2014-04-06,2014,"Apr",6,"16:40",16,40,"Sunday","Slight",3,"Slight","Car occupant","Driver or rider","Male",32,"Unclassified","Dual carriageway",30,"Unclassified","Not a Pedestrian","Not a Pedestrian",430413,433714,"E01033010",3,"Crossroads","Daylight","Fine no high winds","Dry","Car occupant"
"466","2014131480500",2014-04-08,2014,"Apr",8,"10:59",10,59,"Tuesday","Slight",4,"Slight","Car occupant","Driver or rider","Female",23,"A","Single carriageway",30,"Unclassified","Not a Pedestrian","Not a Pedestrian",431511,435137,"E01011673",3,"T or staggered junction","Daylight","Fine no high winds","Dry","Car occupant"
"467","2014131480678",2014-04-08,2014,"Apr",8,"12:50",12,50,"Tuesday","Slight",2,"Slight","Car occupant","Driver or rider","Female",63,"Unclassified","One way street",30,"Unclassified","Not a Pedestrian","Not a Pedestrian",430473,433750,"E01033010",2,"T or staggered junction","Daylight","Fine no high winds","Dry","Car occupant"
"468","2014131480751",2014-04-08,2014,"Apr",8,"13:36",13,36,"Tuesday","Serious",1,"Serious","Motorcycle 125cc and under rider or passenger","Driver or rider","Male",20,"A","Dual carriageway",40,"A(M)","Not a Pedestrian","Not a Pedestrian",440829,445739,"E01011696",1,"Roundabout","Daylight","Fine + high winds","Dry","Motorcyclist and pillion"
"469","2014131481171",2014-04-08,2014,"Apr",8,"17:20",17,20,"Tuesday","Slight",1,"Slight","Car occupant","Driver or rider","Male",41,"Unclassified","Single carriageway",30,NA,"Not a Pedestrian","Not a Pedestrian",431621,436143,"E01011359",3,"Not at junction or within 20 metres","Daylight","Fine no high winds","Dry","Car occupant"
"470","2014131481333",2014-04-08,2014,"Apr",8,"18:30",18,30,"Tuesday","Slight",3,"Slight","Car occupant","Driver or rider","Male",24,"Unclassified","Single carriageway",40,NA,"Not a Pedestrian","Not a Pedestrian",424718,434440,"E01032606",2,"Not at junction or within 20 metres","Daylight","Fine no high winds","Dry","Car occupant"
"471","2014131490215",2014-04-09,2014,"Apr",9,"07:46",7,46,"Wednesday","Slight",1,"Slight","Motorcycle 125cc and under rider or passenger","Driver or rider","Male",23,"B","Single carriageway",30,NA,"Not a Pedestrian","Not a Pedestrian",426486,428243,"E01011533",1,"Not at junction or within 20 metres","Daylight","Fine no high winds","Dry","Motorcyclist and pillion"
"472","20141314H1474",2014-04-09,2014,"Apr",9,"07:50",7,50,"Wednesday","Slight",1,"Slight","Cyclist","Driver or rider","Male",41,"Unclassified","Roundabout",30,"Unclassified","Not a Pedestrian","Not a Pedestrian",438509,427246,"E01011393",2,"Roundabout","Daylight","Fine no high winds","Wet or damp","Cyclist"
"473","2014131490562",2014-04-09,2014,"Apr",9,"12:12",12,12,"Wednesday","Slight",1,"Slight","Bus or coach occupant (17 or more pass seats)","Passenger","Female",88,"Unclassified","Single carriageway",30,"Unclassified","Not a Pedestrian","Not a Pedestrian",430900,428654,"E01032497",1,"T or staggered junction","Daylight","Fine no high winds","Dry","Bus and goods vehicle occupant"
"474","2014131490713",2014-04-09,2014,"Apr",9,"13:40",13,40,"Wednesday","Serious",4,"Serious","Car occupant","Passenger","Female",21,"Unclassified","Single carriageway",30,NA,"Not a Pedestrian","Not a Pedestrian",426305,436913,"E01011485",2,"Not at junction or within 20 metres","Daylight","Fine no high winds","Dry","Car occupant"
"475","2014131491282",2014-04-09,2014,"Apr",9,"18:08",18,8,"Wednesday","Serious",1,"Serious","Pedestrian","Pedestrian","Female",32,"A","Single carriageway",30,"Unclassified","Crossing on pedestrian crossing facility","Crossing from driver's nearside",432946,427605,"E01011634",1,"T or staggered junction","Daylight","Fine no high winds","Dry","Pedestrian"
"476","20141314A0278",2014-04-10,2014,"Apr",10,"08:36",8,36,"Thursday","Serious",1,"Serious","Cyclist","Driver or rider","Male",53,"Unclassified","Single carriageway",30,"Unclassified","Not a Pedestrian","Not a Pedestrian",432055,435968,"E01011647",2,"Other junction","Daylight","Fine no high winds","Dry","Cyclist"
"477","20141314A0409",2014-04-10,2014,"Apr",10,"09:58",9,58,"Thursday","Slight",1,"Slight","Cyclist","Driver or rider","Female",49,"A","Single carriageway",30,"Unclassified","Not a Pedestrian","Not a Pedestrian",427337,434674,"E01011478",3,"T or staggered junction","Daylight","Fine no high winds","Dry","Cyclist"
"478","20141314A1015",2014-04-10,2014,"Apr",10,"15:41",15,41,"Thursday","Slight",1,"Slight","Car occupant","Passenger","Female",51,"A","Dual carriageway",40,"Unclassified","Not a Pedestrian","Not a Pedestrian",427704,430903,"E01011318",2,"Other junction","Daylight","Fine no high winds","Dry","Car occupant"
"479","20141314A1433",2014-04-10,2014,"Apr",10,"18:40",18,40,"Thursday","Slight",1,"Slight","Pedestrian","Pedestrian","Male",7,"A","Dual carriageway",40,"Unclassified","In carriageway, crossing elsewhere","Crossing from driver's nearside",432930,436036,"E01011648",1,"T or staggered junction","Darkness - no lighting","Fine no high winds","Dry","Pedestrian"
"480","20141314A1747",2014-04-10,2014,"Apr",10,"21:00",21,0,"Thursday","Slight",1,"Slight","Pedestrian","Pedestrian","Male",12,"Unclassified","Single carriageway",30,"Unclassified","In carriageway, crossing elsewhere","Crossing from driver's nearside",423888,437403,"E01011465",1,"T or staggered junction","Darkness - lights lit","Fine no high winds","Dry","Pedestrian"
"481","20141314B0276",2014-04-11,2014,"Apr",11,"07:40",7,40,"Friday","Slight",1,"Slight","Cyclist","Driver or rider","Male",47,"A","Single carriageway",40,"Unclassified","Not a Pedestrian","Not a Pedestrian",425577,443075,"E01011576",2,"T or staggered junction","Daylight","Fine no high winds","Dry","Cyclist"
"482","20141314B0477",2014-04-11,2014,"Apr",11,"09:50",9,50,"Friday","Slight",1,"Slight","Car occupant","Driver or rider","Female",41,"A","Single carriageway",40,"A","Not a Pedestrian","Not a Pedestrian",428446,429056,"E01011493",2,"Other junction","Daylight","Fine no high winds","Dry","Car occupant"
"483","20141314B0548",2014-04-11,2014,"Apr",11,"11:00",11,0,"Friday","Slight",1,"Slight","Taxi/Private hire car occupant","Driver or rider","Male",50,"A","Roundabout",40,"A","Not a Pedestrian","Not a Pedestrian",428706,433085,"E01033013",3,"Roundabout","Daylight","Fine no high winds","Dry","Car occupant"
"484","20141314B0680",2014-04-11,2014,"Apr",11,"12:10",12,10,"Friday","Slight",2,"Slight","Car occupant","Passenger","Female",23,"Motorway","Dual carriageway",70,NA,"Not a Pedestrian","Not a Pedestrian",427709,426389,"E01011540",2,"Not at junction or within 20 metres","Daylight","Fine no high winds","Dry","Car occupant"
"485","20141314B1129",2014-04-11,2014,"Apr",11,"15:57",15,57,"Friday","Serious",1,"Serious","Motorcycle over 500cc rider or passenger","Driver or rider","Male",30,"Unclassified","Single carriageway",30,"Unclassified","Not a Pedestrian","Not a Pedestrian",432209,435912,"E01011647",2,"T or staggered junction","Daylight","Fine no high winds","Dry","Motorcyclist and pillion"
"486","20141314B1498",2014-04-11,2014,"Apr",11,"18:40",18,40,"Friday","Slight",2,"Slight","Car occupant","Driver or rider","Female",45,"Unclassified","Single carriageway",30,NA,"Not a Pedestrian","Not a Pedestrian",430600,436868,"E01011352",3,"Not at junction or within 20 metres","Daylight","Fine no high winds","Dry","Car occupant"
"487","20141314C0342",2014-04-12,2014,"Apr",12,"08:49",8,49,"Saturday","Slight",1,"Slight","Cyclist","Driver or rider","Male",52,"A","Roundabout",40,"A","Not a Pedestrian","Not a Pedestrian",436891,433665,"E01011411",2,"Roundabout","Daylight","Fine no high winds","Dry","Cyclist"
"488","20141314C0578",2014-04-12,2014,"Apr",12,"10:25",10,25,"Saturday","Slight",1,"Slight","Cyclist","Driver or rider","Male",38,"A","Single carriageway",60,NA,"Not a Pedestrian","Not a Pedestrian",427023,444701,"E01011576",2,"Not at junction or within 20 metres","Daylight","Fine no high winds","Dry","Cyclist"
"489","20141314C1823",2014-04-12,2014,"Apr",12,"16:00",16,0,"Saturday","Slight",2,"Slight","Car occupant","Passenger","Male",12,"Unclassified","Single carriageway",30,NA,"Not a Pedestrian","Not a Pedestrian",422452,434232,"E01011587",2,"Not at junction or within 20 metres","Daylight","Fine no high winds","Dry","Car occupant"
"490","20141314D0806",2014-04-13,2014,"Apr",13,"13:40",13,40,"Sunday","Slight",3,"Slight","Car occupant","Driver or rider","Female",37,"A","Dual carriageway",30,"Unclassified","Not a Pedestrian","Not a Pedestrian",430212,432064,"E01011364",1,"T or staggered junction","Daylight","Fine + high winds","Dry","Car occupant"
"491","20141314D1032",2014-04-13,2014,"Apr",13,"15:45",15,45,"Sunday","Slight",4,"Slight","Taxi/Private hire car occupant","Driver or rider","Male",56,"A","Single carriageway",40,"Unclassified","Not a Pedestrian","Not a Pedestrian",433896,436549,"E01011646",2,"Crossroads","Daylight","Fine no high winds","Dry","Car occupant"
"492","20141314D1290",2014-04-13,2014,"Apr",13,"18:00",18,0,"Sunday","Slight",1,"Slight","Pedestrian","Pedestrian","Male",24,"Unclassified","Single carriageway",60,NA,"In carriageway, not crossing","Walking along in carriageway, back to traffic",438052,448191,"E01011706",1,"Not at junction or within 20 metres","Daylight","Fine no high winds","Dry","Pedestrian"
"493","20141314D1487",2014-04-13,2014,"Apr",13,"19:44",19,44,"Sunday","Slight",1,"Slight","Motorcycle 50cc and under rider or passenger","Driver or rider","Male",19,"Unclassified","Single carriageway",30,"Unclassified","Not a Pedestrian","Not a Pedestrian",431253,438286,"E01011511",3,"T or staggered junction","Daylight","Fine no high winds","Dry","Motorcyclist and pillion"
"494","20141314E0983",2014-04-14,2014,"Apr",14,"15:00",15,0,"Monday","Slight",1,"Slight","Pedestrian","Pedestrian","Male",5,"Unclassified","Single carriageway",30,NA,"Unknown or other","Crossing from driver's nearside",435770,436505,"E01011661",1,"Not at junction or within 20 metres","Daylight","Fine no high winds","Dry","Pedestrian"
"495","20141314F0421",2014-04-15,2014,"Apr",15,"09:15",9,15,"Tuesday","Slight",1,"Slight","Car occupant","Driver or rider","Female",43,"Unclassified","Single carriageway",30,NA,"Not a Pedestrian","Not a Pedestrian",422426,434598,"E01011596",2,"Not at junction or within 20 metres","Daylight","Fine no high winds","Dry","Car occupant"
"496","20141314F0490",2014-04-15,2014,"Apr",15,"11:10",11,10,"Tuesday","Slight",1,"Slight","Pedestrian","Pedestrian","Male",9,"Unclassified","Roundabout",30,NA,"In carriageway, crossing elsewhere","Crossing from driver's offside",435094,435657,"E01011664",1,"Not at junction or within 20 metres","Daylight","Fine no high winds","Dry","Pedestrian"