"","accident_index","date","year","month","day","time","time_hour","time_minute","day_of_week","accident_severity","number_of_casualties","casualty_severity","casualty_type","casualty_class","sex_of_casualty","age_of_casualty","first_road_class","road_type","speed_limit","second_road_class","pedestrian_location","pedestrian_movement","location_easting_osgr","location_northing_osgr","lsoa_of_accident_location","number_of_vehicles","junction_detail","light_conditions","weather_conditions","road_surface_conditions","cas_type"
"580","20141314U1145",2014-04-30,2014,"Apr",30,"15:00",15,0,"Wednesday","Serious",1,"Serious","Bus or coach occupant (17 or more pass seats)","Passenger","Female",78,"Unclassified","Single carriageway",30,NA,"Not a Pedestrian","Not a Pedestrian",430629,434216,"E01033002",1,"Not at junction or within 20 metres","Daylight","Fine no high winds","Dry","Bus and goods vehicle occupant"
"581","20141314U0578",2014-04-30,2014,"Apr",30,"16:05",16,5,"Wednesday","Serious",1,"Serious","Car occupant","Driver or rider","Female",46,"Unclassified","Single carriageway",30,"Unclassified","Not a Pedestrian","Not a Pedestrian",428825,435232,"E01011444",2,"T or staggered junction","Daylight","Fine no high winds","Dry","Car occupant"
"582","20141314U1235",2014-04-30,2014,"Apr",30,"17:00",17,0,"Wednesday","Slight",1,"Slight","Cyclist","Driver or rider","Male",45,"A","Single carriageway",30,"Unclassified","Not a Pedestrian","Not a Pedestrian",428789,435578,"E01032946",2,"T or staggered junction","Daylight","Fine no high winds","Dry","Cyclist"
"583","20141314U1515",2014-04-30,2014,"Apr",30,"17:20",17,20,"Wednesday","Slight",1,"Slight","Car occupant","Driver or rider","Male",27,"A","Dual carriageway",40,NA,"Not a Pedestrian","Not a Pedestrian",428530,432087,"E01011366",2,"Not at junction or within 20 metres","Daylight","Fine no high winds","Dry","Car occupant"
"584","20141314U1644",2014-04-30,2014,"Apr",30,"20:25",20,25,"Wednesday","Serious",1,"Serious","Cyclist","Driver or rider","Male",35,"Unclassified","Single carriageway",30,"Unclassified","Not a Pedestrian","Not a Pedestrian",434962,436855,"E01011658",2,"T or staggered junction","Darkness - lights lit","Raining no high winds","Wet or damp","Cyclist"
"585","2014131510633",2014-05-01,2014,"May",1,"12:54",12,54,"Thursday","Slight",3,"Slight","Car occupant","Driver or rider","Female",29,"A(M)","Dual carriageway",40,NA,"Not a Pedestrian","Not a Pedestrian",429414,433950,"E01011678",2,"Not at junction or within 20 metres","Daylight","Raining no high winds","Wet or damp","Car occupant"
"586","2014131511108",2014-05-01,2014,"May",1,"14:30",14,30,"Thursday","Slight",1,"Slight","Cyclist","Driver or rider","Male",52,"Unclassified","Single carriageway",30,"Unclassified","Not a Pedestrian","Not a Pedestrian",430767,438449,"E01011514",2,"T or staggered junction","Daylight","Raining no high winds","Wet or damp","Cyclist"
"587","2014131511251",2014-05-01,2014,"May",1,"18:28",18,28,"Thursday","Serious",1,"Serious","Motorcycle over 500cc rider or passenger","Driver or rider","Male",44,"Unclassified","Roundabout",30,"Unclassified","Not a Pedestrian","Not a Pedestrian",429841,432529,"E01033032",2,"Mini-roundabout","Daylight","Fine no high winds","Wet or damp","Motorcyclist and pillion"
"588","2014131511740",2014-05-01,2014,"May",1,"23:50",23,50,"Thursday","Serious",1,"Serious","Motorcycle 125cc and under rider or passenger","Driver or rider","Male",18,"Unclassified","Single carriageway",30,NA,"Not a Pedestrian","Not a Pedestrian",432528,436701,"E01011645",1,"Not at junction or within 20 metres","Darkness - lights lit","Fine no high winds","Wet or damp","Motorcyclist and pillion"
"589","2014131520720",2014-05-02,2014,"May",2,"12:50",12,50,"Friday","Slight",1,"Slight","Cyclist","Driver or rider","Male",20,"Unclassified","Single carriageway",30,"Unclassified","Not a Pedestrian","Not a Pedestrian",427996,435194,"E01011446",2,"T or staggered junction","Daylight","Fine no high winds","Dry","Cyclist"
"590","2014131521017",2014-05-02,2014,"May",2,"15:30",15,30,"Friday","Slight",1,"Slight","Motorcycle over 500cc rider or passenger","Driver or rider","Male",53,"A","Single carriageway",50,"Unclassified","Not a Pedestrian","Not a Pedestrian",435331,439412,"E01011311",2,"Crossroads","Daylight","Fine no high winds","Dry","Motorcyclist and pillion"
"591","2014131521016",2014-05-02,2014,"May",2,"15:35",15,35,"Friday","Slight",1,"Slight","Motorcycle 125cc and under rider or passenger","Driver or rider","Male",18,"A","Single carriageway",60,NA,"Not a Pedestrian","Not a Pedestrian",433199,439190,"E01011649",2,"Not at junction or within 20 metres","Daylight","Fine no high winds","Dry","Motorcyclist and pillion"
"592","2014131521096",2014-05-02,2014,"May",2,"16:15",16,15,"Friday","Slight",1,"Slight","Motorcycle over 500cc rider or passenger","Driver or rider","Male",47,"A","Dual carriageway",40,"Unclassified","Not a Pedestrian","Not a Pedestrian",435972,435458,"E01011665",2,"T or staggered junction","Daylight","Fine no high winds","Dry","Motorcyclist and pillion"
"593","2014131521288",2014-05-02,2014,"May",2,"17:45",17,45,"Friday","Slight",1,"Slight","Car occupant","Driver or rider","Male",60,"A","Dual carriageway",50,NA,"Not a Pedestrian","Not a Pedestrian",422565,437137,"E01011452",5,"Not at junction or within 20 metres","Daylight","Fine no high winds","Dry","Car occupant"
"594","2014131521303",2014-05-02,2014,"May",2,"17:53",17,53,"Friday","Serious",2,"Serious","Car occupant","Driver or rider","Female",26,"A","Dual carriageway",30,"Unclassified","Not a Pedestrian","Not a Pedestrian",428546,431414,"E01011369",2,"T or staggered junction","Daylight","Fine no high winds","Dry","Car occupant"
"595","2014131521487",2014-05-02,2014,"May",2,"19:13",19,13,"Friday","Serious",1,"Serious","Pedestrian","Pedestrian","Male",10,"Unclassified","Single carriageway",30,"Unclassified","In carriageway, crossing elsewhere","Crossing from offside - masked by  parked or stationary vehicle",430372,428131,"E01032498",1,"T or staggered junction","Daylight","Fine no high winds","Dry","Pedestrian"
"596","2014131530576",2014-05-03,2014,"May",3,"10:50",10,50,"Saturday","Slight",2,"Slight","Car occupant","Driver or rider","Female",55,"Unclassified","Single carriageway",30,"Unclassified","Not a Pedestrian","Not a Pedestrian",426141,435596,"E01011488",2,"T or staggered junction","Daylight","Fine no high winds","Dry","Car occupant"
"597","2014131530651",2014-05-03,2014,"May",3,"11:30",11,30,"Saturday","Slight",1,"Slight","Car occupant","Passenger","Female",43,"A(M)","Dual carriageway",70,NA,"Not a Pedestrian","Not a Pedestrian",443617,436395,"E01011297",3,"Not at junction or within 20 metres","Daylight","Fine no high winds","Dry","Car occupant"
"598","2014131530789",2014-05-03,2014,"May",3,"12:50",12,50,"Saturday","Slight",1,"Slight","Car occupant","Driver or rider","Female",25,"Unclassified","Single carriageway",30,NA,"Not a Pedestrian","Not a Pedestrian",430913,436114,"E01011356",2,"Not at junction or within 20 metres","Daylight","Fine no high winds","Dry","Car occupant"
"599","2014131531338",2014-05-03,2014,"May",3,"17:30",17,30,"Saturday","Slight",1,"Slight","Car occupant","Driver or rider","Female",43,"A","Single carriageway",30,"Unclassified","Not a Pedestrian","Not a Pedestrian",429998,437209,"E01011350",2,"T or staggered junction","Daylight","Fine no high winds","Dry","Car occupant"
"600","2014131531412",2014-05-03,2014,"May",3,"17:55",17,55,"Saturday","Serious",1,"Serious","Cyclist","Driver or rider","Male",50,"A","Single carriageway",40,"Unclassified","Not a Pedestrian","Not a Pedestrian",440561,433546,"E01011400",2,"T or staggered junction","Daylight","Fine no high winds","Dry","Cyclist"
"601","2014131540301",2014-05-04,2014,"May",4,"04:05",4,5,"Sunday","Serious",1,"Serious","Car occupant","Passenger","Female",24,"A","Single carriageway",30,NA,"Not a Pedestrian","Not a Pedestrian",424087,435521,"E01011329",2,"Not at junction or within 20 metres","Darkness - lights lit","Fine no high winds","Dry","Car occupant"
"602","2014131541155",2014-05-04,2014,"May",4,"17:38",17,38,"Sunday","Slight",1,"Slight","Cyclist","Driver or rider","Male",7,"Unclassified","One way street",30,NA,"Not a Pedestrian","Not a Pedestrian",420035,441874,"E01011267",2,"Not at junction or within 20 metres","Daylight","Fine no high winds","Dry","Cyclist"
"603","2014131541273",2014-05-04,2014,"May",4,"17:40",17,40,"Sunday","Slight",1,"Slight","Car occupant","Driver or rider","Female",48,"A","Dual carriageway",30,"Unclassified","Not a Pedestrian","Not a Pedestrian",428957,435474,"E01011443",2,"Crossroads","Daylight","Unknown","Dry","Car occupant"
"604","2014131551175",2014-05-05,2014,"May",5,"17:05",17,5,"Monday","Slight",1,"Slight","Cyclist","Driver or rider","Male",16,"Unclassified","Single carriageway",30,"Unclassified","Not a Pedestrian","Not a Pedestrian",425413,440393,"E01011378",2,"T or staggered junction","Daylight","Fine no high winds","Dry","Cyclist"
"605","2014131551220",2014-05-05,2014,"May",5,"17:30",17,30,"Monday","Slight",2,"Slight","Car occupant","Driver or rider","Male",54,"Unclassified","Single carriageway",30,"Unclassified","Not a Pedestrian","Not a Pedestrian",422222,435650,"E01011593",2,"T or staggered junction","Daylight","Fine no high winds","Dry","Car occupant"
"606","2014131560488",2014-05-06,2014,"May",6,"11:12",11,12,"Tuesday","Slight",1,"Slight","Pedestrian","Pedestrian","Female",47,"A","One way street",20,NA,"In carriageway, crossing elsewhere","Crossing from offside - masked by  parked or stationary vehicle",424647,435138,"E01011336",1,"Not at junction or within 20 metres","Daylight","Fine no high winds","Dry","Pedestrian"
"607","20141315H0718",2014-05-06,2014,"May",6,"19:30",19,30,"Tuesday","Slight",1,"Slight","Car occupant","Driver or rider","Male",20,"Unclassified","Single carriageway",30,"Unclassified","Not a Pedestrian","Not a Pedestrian",426259,433461,"E01032608",2,"T or staggered junction","Daylight","Unknown","Dry","Car occupant"
"608","2014131570257",2014-05-07,2014,"May",7,"08:20",8,20,"Wednesday","Slight",1,"Slight","Cyclist","Driver or rider","Male",42,"Unclassified","One way street",30,NA,"Not a Pedestrian","Not a Pedestrian",428023,434264,"E01011483",2,"Not at junction or within 20 metres","Daylight","Fine no high winds","Dry","Cyclist"
"609","2014131570369",2014-05-07,2014,"May",7,"08:40",8,40,"Wednesday","Slight",1,"Slight","Pedestrian","Pedestrian","Male",18,"Unclassified","Single carriageway",30,NA,"In carriageway, crossing elsewhere","Crossing from driver's offside",429740,433416,"E01033016",1,"Not at junction or within 20 metres","Daylight","Fine no high winds","Dry","Pedestrian"
"610","2014131570994",2014-05-07,2014,"May",7,"11:20",11,20,"Wednesday","Slight",1,"Slight","Cyclist","Driver or rider","Male",30,"Unclassified","Single carriageway",30,"Unclassified","Not a Pedestrian","Not a Pedestrian",431752,434601,"E01011677",2,"T or staggered junction","Daylight","Fine no high winds","Dry","Cyclist"
"611","20141315D0701",2014-05-07,2014,"May",7,"14:30",14,30,"Wednesday","Slight",1,"Slight","Cyclist","Driver or rider","Male",24,"Unclassified","Single carriageway",30,"Unclassified","Not a Pedestrian","Not a Pedestrian",428750,432844,"E01033013",2,"T or staggered junction","Daylight","Fine no high winds","Dry","Cyclist"
"612","2014131570903",2014-05-07,2014,"May",7,"14:40",14,40,"Wednesday","Slight",1,"Slight","Motorcycle 50cc and under rider or passenger","Driver or rider","Male",16,"Unclassified","Single carriageway",20,"Unclassified","Not a Pedestrian","Not a Pedestrian",433285,433951,"E01011617",2,"T or staggered junction","Daylight","Fine no high winds","Dry","Motorcyclist and pillion"
"613","2014131570966",2014-05-07,2014,"May",7,"15:15",15,15,"Wednesday","Slight",1,"Slight","Car occupant","Passenger","Female",28,"Unclassified","Single carriageway",30,"Unclassified","Not a Pedestrian","Not a Pedestrian",431483,435012,"E01011673",2,"Crossroads","Daylight","Fine no high winds","Dry","Car occupant"
"614","2014131571216",2014-05-07,2014,"May",7,"16:00",16,0,"Wednesday","Slight",1,"Slight","Pedestrian","Pedestrian","Female",26,"B","Single carriageway",30,"Unclassified","In carriageway, crossing elsewhere","Crossing from driver's nearside",425023,433395,"E01011727",1,"T or staggered junction","Daylight","Fine no high winds","Dry","Pedestrian"
"615","2014131571248",2014-05-07,2014,"May",7,"17:20",17,20,"Wednesday","Serious",1,"Serious","Cyclist","Driver or rider","Male",24,"A","Single carriageway",30,NA,"Not a Pedestrian","Not a Pedestrian",424561,445123,"E01011570",2,"Not at junction or within 20 metres","Daylight","Fine no high winds","Wet or damp","Cyclist"
"616","2014131591309",2014-05-07,2014,"May",7,"17:30",17,30,"Wednesday","Slight",2,"Slight","Pedestrian","Pedestrian","Female",17,"A","Single carriageway",30,NA,"In carriageway, crossing elsewhere","Crossing from driver's nearside",429943,427020,"E01032495",1,"Not at junction or within 20 metres","Daylight","Unknown","Wet or damp","Pedestrian"
"617","2014131571772",2014-05-07,2014,"May",7,"22:20",22,20,"Wednesday","Slight",3,"Slight","Taxi/Private hire car occupant","Driver or rider","Male",33,"Unclassified","Single carriageway",30,"Unclassified","Not a Pedestrian","Not a Pedestrian",431087,433293,"E01033033",2,"T or staggered junction","Darkness - lights lit","Fine no high winds","Dry","Car occupant"
"618","2014131580735",2014-05-08,2014,"May",8,"08:45",8,45,"Thursday","Serious",1,"Serious","Cyclist","Driver or rider","Male",37,"A","Single carriageway",30,"Unclassified","Not a Pedestrian","Not a Pedestrian",425546,436386,"E01011485",2,"T or staggered junction","Daylight","Raining no high winds","Wet or damp","Cyclist"
"619","2014131581249",2014-05-08,2014,"May",8,"18:10",18,10,"Thursday","Slight",1,"Slight","Motorcycle 50cc and under rider or passenger","Driver or rider","Male",48,"A","Dual carriageway",40,NA,"Not a Pedestrian","Not a Pedestrian",427898,430457,"E01011317",3,"Not at junction or within 20 metres","Daylight","Raining no high winds","Wet or damp","Motorcyclist and pillion"
"620","2014131581682",2014-05-08,2014,"May",8,"20:20",20,20,"Thursday","Serious",1,"Serious","Car occupant","Driver or rider","Male",74,"Unclassified","Single carriageway",30,"A","Not a Pedestrian","Not a Pedestrian",430174,432863,"E01033016",2,"T or staggered junction","Daylight","Fine no high winds","Dry","Car occupant"
"621","2014131590799",2014-05-09,2014,"May",9,"13:50",13,50,"Friday","Slight",2,"Slight","Car occupant","Driver or rider","Male",45,"A","Single carriageway",60,NA,"Not a Pedestrian","Not a Pedestrian",422586,437160,"E01011452",5,"Not at junction or within 20 metres","Daylight","Fine no high winds","Dry","Car occupant"
"622","2014131570476",2014-05-09,2014,"May",9,"14:45",14,45,"Friday","Slight",1,"Slight","Pedestrian","Pedestrian","Male",61,"Unclassified","One way street",30,NA,"In carriageway, crossing elsewhere","Unknown or other",436273,434797,"E01011408",1,"Not at junction or within 20 metres","Daylight","Fine no high winds","Dry","Pedestrian"
"623","2014131591120",2014-05-09,2014,"May",9,"16:29",16,29,"Friday","Serious",1,"Serious","Cyclist","Driver or rider","Male",5,"Unclassified","Single carriageway",30,NA,"Not a Pedestrian","Not a Pedestrian",431780,429414,"E01011469",2,"Not at junction or within 20 metres","Daylight","Fine no high winds","Dry","Cyclist"
"624","2014131591165",2014-05-09,2014,"May",9,"17:20",17,20,"Friday","Slight",1,"Slight","Cyclist","Driver or rider","Male",26,"A","Single carriageway",30,"Unclassified","Not a Pedestrian","Not a Pedestrian",428794,435574,"E01032946",2,"T or staggered junction","Daylight","Fine no high winds","Dry","Cyclist"
"625","2014131591246",2014-05-09,2014,"May",9,"18:00",18,0,"Friday","Slight",1,"Slight","Cyclist","Driver or rider","Female",7,"Unclassified","Single carriageway",30,"Unclassified","Not a Pedestrian","Not a Pedestrian",431239,429749,"E01011474",2,"T or staggered junction","Daylight","Fine no high winds","Dry","Cyclist"
"626","2014131591555",2014-05-09,2014,"May",9,"20:03",20,3,"Friday","Slight",1,"Slight","Car occupant","Driver or rider","Female",70,"Unclassified","Single carriageway",30,NA,"Not a Pedestrian","Not a Pedestrian",429622,440488,"E01011564",1,"Not at junction or within 20 metres","Daylight","Fine no high winds","Dry","Car occupant"
"627","2014131591720",2014-05-09,2014,"May",9,"21:25",21,25,"Friday","Slight",2,"Slight","Car occupant","Passenger","Female",23,"Unclassified","Single carriageway",30,"Unclassified","Not a Pedestrian","Not a Pedestrian",431137,434295,"E01033031",2,"T or staggered junction","Daylight","Fine no high winds","Dry","Car occupant"
"628","20141315A0766",2014-05-10,2014,"May",10,"12:30",12,30,"Saturday","Slight",2,"Slight","Car occupant","Driver or rider","Female",79,"A","Single carriageway",40,NA,"Not a Pedestrian","Not a Pedestrian",428561,426055,"E01011553",2,"Not at junction or within 20 metres","Daylight","Fine no high winds","Dry","Car occupant"
"629","20141315A0862",2014-05-10,2014,"May",10,"13:35",13,35,"Saturday","Slight",1,"Slight","Cyclist","Driver or rider","Male",24,"B","Single carriageway",30,"Unclassified","Not a Pedestrian","Not a Pedestrian",439390,426152,"E01011395",2,"T or staggered junction","Daylight","Raining no high winds","Wet or damp","Cyclist"
"630","20141315A1796",2014-05-10,2014,"May",10,"23:17",23,17,"Saturday","Slight",1,"Slight","Car occupant","Driver or rider","Female",28,"Unclassified","Single carriageway",30,NA,"Not a Pedestrian","Not a Pedestrian",435153,439622,"E01011649",1,"Not at junction or within 20 metres","Darkness - lights lit","Raining no high winds","Wet or damp","Car occupant"
"631","20141315B0557",2014-05-11,2014,"May",11,"11:00",11,0,"Sunday","Slight",1,"Slight","Pedestrian","Pedestrian","Female",49,"Unclassified","Single carriageway",30,"Unclassified","Crossing on pedestrian crossing facility","Crossing from driver's nearside",430383,433575,"E01033010",1,"T or staggered junction","Daylight","Fine no high winds","Dry","Pedestrian"
"632","20141315B1000",2014-05-11,2014,"May",11,"15:50",15,50,"Sunday","Slight",1,"Slight","Cyclist","Driver or rider","Female",43,"A","Single carriageway",30,NA,"Not a Pedestrian","Not a Pedestrian",434809,428192,"E01011627",2,"Not at junction or within 20 metres","Daylight","Fine no high winds","Dry","Cyclist"
"633","20141315B1314",2014-05-11,2014,"May",11,"21:52",21,52,"Sunday","Slight",1,"Slight","Car occupant","Passenger","Female",28,"Unclassified","One way street",30,"Unclassified","Not a Pedestrian","Not a Pedestrian",431628,435607,"E01011429",2,"T or staggered junction","Daylight","Fine no high winds","Dry","Car occupant"
"634","20141315B1641",2014-05-11,2014,"May",11,"22:06",22,6,"Sunday","Slight",1,"Slight","Car occupant","Driver or rider","Female",19,"A","Single carriageway",50,NA,"Not a Pedestrian","Not a Pedestrian",435376,439571,"E01011311",1,"Not at junction or within 20 metres","Darkness - no lighting","Fine no high winds","Wet or damp","Car occupant"
"635","20141315C0137",2014-05-12,2014,"May",12,"12:00",12,0,"Monday","Slight",1,"Slight","Pedestrian","Pedestrian","Female",30,"Unclassified","Unknown",30,NA,"Unknown or other","Unknown or other",427595,434398,"E01011482",1,"Not at junction or within 20 metres","Daylight","Fine no high winds","Wet or damp","Pedestrian"
"636","20141315C1074",2014-05-12,2014,"May",12,"16:15",16,15,"Monday","Slight",1,"Slight","Cyclist","Driver or rider","Male",33,"Unclassified","Single carriageway",30,"Unclassified","Not a Pedestrian","Not a Pedestrian",430260,434079,"E01033010",2,"T or staggered junction","Daylight","Fine no high winds","Dry","Cyclist"
"637","20141315C1241",2014-05-12,2014,"May",12,"17:15",17,15,"Monday","Slight",1,"Slight","Pedestrian","Pedestrian","Male",20,"Unclassified","Single carriageway",30,"A","In carriageway, crossing elsewhere","Crossing from driver's offside",423832,434274,"E01011608",1,"Crossroads","Daylight","Fine no high winds","Dry","Pedestrian"
"638","20141315C1279",2014-05-12,2014,"May",12,"17:20",17,20,"Monday","Slight",1,"Slight","Car occupant","Passenger","Female",54,"B","Single carriageway",30,NA,"Not a Pedestrian","Not a Pedestrian",422320,428928,"E01011521",2,"Not at junction or within 20 metres","Daylight","Fine no high winds","Dry","Car occupant"
"639","20141315D0210",2014-05-13,2014,"May",13,"07:34",7,34,"Tuesday","Slight",2,"Slight","Car occupant","Driver or rider","Female",57,"A","Single carriageway",50,"Unclassified","Not a Pedestrian","Not a Pedestrian",438952,431558,"E01011402",2,"T or staggered junction","Daylight","Fine no high winds","Dry","Car occupant"
"640","20141315D0384",2014-05-13,2014,"May",13,"09:50",9,50,"Tuesday","Slight",2,"Slight","Car occupant","Passenger","Male",70,"Unclassified","Single carriageway",30,"Unclassified","Not a Pedestrian","Not a Pedestrian",428114,434514,"E01011481",1,"Crossroads","Daylight","Fine no high winds","Dry","Car occupant"
"641","20141315D0396",2014-05-13,2014,"May",13,"09:53",9,53,"Tuesday","Slight",1,"Slight","Taxi/Private hire car occupant","Driver or rider","Male",45,"Unclassified","Single carriageway",30,NA,"Not a Pedestrian","Not a Pedestrian",429887,434259,"E01033008",2,"Not at junction or within 20 metres","Daylight","Fine no high winds","Dry","Car occupant"
"642","20141325D0630",2014-05-13,2014,"May",13,"12:20",12,20,"Tuesday","Serious",1,"Serious","Mobility scooter rider","Driver or rider","Male",77,"Unclassified","Dual carriageway",30,NA,"Not a Pedestrian","Not a Pedestrian",430906,433484,"E01033011",2,"Not at junction or within 20 metres","Daylight","Fine no high winds","Dry","Others"
"643","20141315E1210",2014-05-13,2014,"May",13,"17:45",17,45,"Tuesday","Serious",1,"Serious","Pedestrian","Pedestrian","Male",12,"Unclassified","Single carriageway",30,NA,"In carriageway, crossing elsewhere","Crossing from driver's nearside",432333,434509,"E01011347",1,"Not at junction or within 20 metres","Daylight","Fine no high winds","Wet or damp","Pedestrian"
"644","20141315D1484",2014-05-13,2014,"May",13,"20:15",20,15,"Tuesday","Slight",3,"Slight","Car occupant","Driver or rider","Male",39,"Unclassified","Single carriageway",30,"Unclassified","Not a Pedestrian","Not a Pedestrian",426644,433496,"E01032607",4,"T or staggered junction","Daylight","Fine no high winds","Dry","Car occupant"
"645","20141315E0164",2014-05-14,2014,"May",14,"06:50",6,50,"Wednesday","Serious",1,"Serious","Motorcycle 125cc and under rider or passenger","Driver or rider","Male",49,"Unclassified","Single carriageway",30,NA,"Not a Pedestrian","Not a Pedestrian",429859,428347,"E01032498",1,"Not at junction or within 20 metres","Daylight","Fine no high winds","Dry","Motorcyclist and pillion"
"646","20141315E0251",2014-05-14,2014,"May",14,"08:23",8,23,"Wednesday","Slight",1,"Slight","Car occupant","Driver or rider","Male",29,"Unclassified","Single carriageway",30,"Unclassified","Not a Pedestrian","Not a Pedestrian",424018,438467,"E01011459",3,"Other junction","Daylight","Fine no high winds","Dry","Car occupant"
"647","20141315E0270",2014-05-14,2014,"May",14,"08:40",8,40,"Wednesday","Slight",1,"Slight","Cyclist","Driver or rider","Male",35,"Unclassified","Single carriageway",30,"Unclassified","Not a Pedestrian","Not a Pedestrian",432631,434927,"E01011433",2,"T or staggered junction","Daylight","Fine no high winds","Dry","Cyclist"
"648","20141315E0367",2014-05-14,2014,"May",14,"09:50",9,50,"Wednesday","Slight",1,"Slight","Car occupant","Driver or rider","Male",48,"A(M)","Slip road",40,"A(M)","Not a Pedestrian","Not a Pedestrian",429408,433933,"E01011678",2,"Slip road","Daylight","Fine no high winds","Dry","Car occupant"
"649","20141315E1064",2014-05-14,2014,"May",14,"13:50",13,50,"Wednesday","Slight",1,"Slight","Bus or coach occupant (17 or more pass seats)","Passenger","Female",59,"Unclassified","Unknown",20,NA,"Not a Pedestrian","Not a Pedestrian",430678,433542,"E01033011",1,"Not at junction or within 20 metres","Daylight","Fine no high winds","Dry","Bus and goods vehicle occupant"
"650","20141315E0987",2014-05-14,2014,"May",14,"14:20",14,20,"Wednesday","Slight",1,"Slight","Cyclist","Driver or rider","Male",27,"Unclassified","Single carriageway",30,NA,"Not a Pedestrian","Not a Pedestrian",428627,433392,"E01011363",2,"Not at junction or within 20 metres","Daylight","Fine no high winds","Dry","Cyclist"
"651","20141315E1011",2014-05-14,2014,"May",14,"15:35",15,35,"Wednesday","Slight",2,"Slight","Car occupant","Passenger","Female",33,"Unclassified","Roundabout",30,"Unclassified","Not a Pedestrian","Not a Pedestrian",428505,433061,"E01011363",2,"Roundabout","Daylight","Fine no high winds","Dry","Car occupant"
"652","20141315E1547",2014-05-14,2014,"May",14,"19:20",19,20,"Wednesday","Fatal",1,"Fatal","Motorcycle over 125cc and up to 500cc rider or  passenger","Driver or rider","Male",36,"Unclassified","One way street",30,NA,"Not a Pedestrian","Not a Pedestrian",431456,439242,"E01011509",3,"Not at junction or within 20 metres","Daylight","Fine no high winds","Dry","Motorcyclist and pillion"
"653","20141315E1667",2014-05-14,2014,"May",14,"20:10",20,10,"Wednesday","Serious",5,"Serious","Car occupant","Driver or rider","Male",18,"Unclassified","Single carriageway",30,"Unclassified","Not a Pedestrian","Not a Pedestrian",420619,441139,"E01011269",2,"T or staggered junction","Daylight","Unknown","Dry","Car occupant"
"654","20141315F0227",2014-05-15,2014,"May",15,"07:43",7,43,"Thursday","Slight",2,"Slight","Car occupant","Driver or rider","Male",55,"A","Single carriageway",40,"Unclassified","Not a Pedestrian","Not a Pedestrian",424893,427728,"E01011530",3,"Private drive or entrance","Daylight","Fine no high winds","Dry","Car occupant"
"655","20141315F0611",2014-05-15,2014,"May",15,"08:30",8,30,"Thursday","Slight",1,"Slight","Cyclist","Driver or rider","Male",30,"A","Single carriageway",40,"Unclassified","Not a Pedestrian","Not a Pedestrian",433144,426327,"E01011500",2,"Crossroads","Daylight","Fine no high winds","Dry","Cyclist"
"656","20141315F0489",2014-05-15,2014,"May",15,"11:30",11,30,"Thursday","Slight",1,"Slight","Car occupant","Driver or rider","Female",30,"Motorway","Dual carriageway",50,NA,"Not a Pedestrian","Not a Pedestrian",435845,425933,"E01011636",2,"Not at junction or within 20 metres","Daylight","Fine no high winds","Dry","Car occupant"
"657","20141315F1030",2014-05-15,2014,"May",15,"14:15",14,15,"Thursday","Slight",1,"Slight","Bus or coach occupant (17 or more pass seats)","Passenger","Female",70,"A","Single carriageway",30,NA,"Not a Pedestrian","Not a Pedestrian",424559,435188,"E01011331",1,"Not at junction or within 20 metres","Daylight","Fine no high winds","Dry","Bus and goods vehicle occupant"
"658","20141315F0951",2014-05-15,2014,"May",15,"15:10",15,10,"Thursday","Slight",1,"Slight","Cyclist","Driver or rider","Male",28,"A","Single carriageway",30,"Unclassified","Not a Pedestrian","Not a Pedestrian",436182,434463,"E01011408",2,"T or staggered junction","Daylight","Fine no high winds","Dry","Cyclist"
"659","20141315F1407",2014-05-15,2014,"May",15,"18:40",18,40,"Thursday","Serious",1,"Serious","Cyclist","Driver or rider","Male",51,"A","Roundabout",40,"A","Not a Pedestrian","Not a Pedestrian",442156,434450,"E01011297",2,"Roundabout","Daylight","Fine no high winds","Dry","Cyclist"
"660","20141315F1644",2014-05-15,2014,"May",15,"20:30",20,30,"Thursday","Slight",1,"Slight","Cyclist","Driver or rider","Male",44,"A","Single carriageway",50,NA,"Not a Pedestrian","Not a Pedestrian",423110,445522,"E01011570",2,"Not at junction or within 20 metres","Daylight","Fine no high winds","Dry","Cyclist"
"661","20141315G0488",2014-05-16,2014,"May",16,"10:30",10,30,"Friday","Slight",1,"Slight","Cyclist","Driver or rider","Male",41,"B","Single carriageway",30,NA,"Not a Pedestrian","Not a Pedestrian",420084,445919,"E01011584",2,"Not at junction or within 20 metres","Daylight","Fine no high winds","Dry","Cyclist"
"662","20141315G0911",2014-05-16,2014,"May",16,"13:10",13,10,"Friday","Slight",1,"Slight","Cyclist","Driver or rider","Male",16,"A","Dual carriageway",40,"Unclassified","Not a Pedestrian","Not a Pedestrian",433935,434125,"E01011346",2,"T or staggered junction","Daylight","Fine no high winds","Dry","Cyclist"
"663","20141315G1472",2014-05-16,2014,"May",16,"18:40",18,40,"Friday","Slight",2,"Slight","Car occupant","Driver or rider","Male",24,"A","Dual carriageway",40,"Unclassified","Not a Pedestrian","Not a Pedestrian",433127,436120,"E01011421",3,"Crossroads","Daylight","Fine no high winds","Dry","Car occupant"
"664","20141315G2096",2014-05-16,2014,"May",16,"23:17",23,17,"Friday","Slight",3,"Slight","Taxi/Private hire car occupant","Driver or rider","Male",36,"Unclassified","Single carriageway",30,"Unclassified","Not a Pedestrian","Not a Pedestrian",420520,441642,"E01011268",2,"T or staggered junction","Darkness - lights lit","Fine no high winds","Dry","Car occupant"