"","accident_index","date","year","month","day","time","time_hour","time_minute","day_of_week","accident_severity","number_of_casualties","casualty_severity","casualty_type","casualty_class","sex_of_casualty","age_of_casualty","first_road_class","road_type","speed_limit","second_road_class","pedestrian_location","pedestrian_movement","location_easting_osgr","location_northing_osgr","lsoa_of_accident_location","number_of_vehicles","junction_detail","light_conditions","weather_conditions","road_surface_conditions","cas_type"
"665","20141315H0289",2014-05-17,2014,"May",17,"03:45",3,45,"Saturday","Slight",1,"Slight","Car occupant","Driver or rider","Male",25,"Unclassified","Dual carriageway",40,NA,"Not a Pedestrian","Not a Pedestrian",429763,430512,"E01011316",1,"Not at junction or within 20 metres","Darkness - lights lit","Fine no high winds","Dry","Car occupant"
"666","20141315H1907",2014-05-17,2014,"May",17,"08:20",8,20,"Saturday","Slight",1,"Slight","Cyclist","Driver or rider","Female",30,"A","Single carriageway",30,NA,"Not a Pedestrian","Not a Pedestrian",428368,435742,"E01032946",2,"Not at junction or within 20 metres","Daylight","Fine no high winds","Dry","Cyclist"
"667","20141315H0817",2014-05-17,2014,"May",17,"12:40",12,40,"Saturday","Slight",1,"Slight","Car occupant","Driver or rider","Female",29,"A","Dual carriageway",30,"Unclassified","Not a Pedestrian","Not a Pedestrian",427577,433716,"E01011284",1,"T or staggered junction","Daylight","Fine no high winds","Dry","Car occupant"
"668","20141315H1198",2014-05-17,2014,"May",17,"15:10",15,10,"Saturday","Slight",2,"Slight","Car occupant","Driver or rider","Female",44,"A","Dual carriageway",30,"A","Not a Pedestrian","Not a Pedestrian",431368,432375,"E01011467",2,"Slip road","Daylight","Fine no high winds","Dry","Car occupant"
"669","20141315H1212",2014-05-17,2014,"May",17,"16:20",16,20,"Saturday","Slight",2,"Slight","Car occupant","Driver or rider","Female",35,"A","One way street",40,NA,"Not a Pedestrian","Not a Pedestrian",434952,434672,"E01011343",2,"Not at junction or within 20 metres","Daylight","Fine no high winds","Dry","Car occupant"
"670","20141315H1752",2014-05-17,2014,"May",17,"20:25",20,25,"Saturday","Slight",1,"Slight","Motorcycle 125cc and under rider or passenger","Driver or rider","Male",19,"Unclassified","Single carriageway",30,NA,"Not a Pedestrian","Not a Pedestrian",444074,429194,"E01011299",1,"Not at junction or within 20 metres","Daylight","Fine no high winds","Dry","Motorcyclist and pillion"
"671","20141315H2019",2014-05-17,2014,"May",17,"22:30",22,30,"Saturday","Slight",1,"Slight","Car occupant","Driver or rider","Female",18,"A","Dual carriageway",70,NA,"Not a Pedestrian","Not a Pedestrian",422950,434117,"E01011610",1,"Not at junction or within 20 metres","Darkness - lights lit","Fine no high winds","Dry","Car occupant"
"672","20141315I0732",2014-05-18,2014,"May",18,"12:25",12,25,"Sunday","Slight",3,"Slight","Car occupant","Driver or rider","Male",85,"A","Single carriageway",60,"Unclassified","Not a Pedestrian","Not a Pedestrian",438952,431558,"E01011402",2,"T or staggered junction","Daylight","Fine no high winds","Dry","Car occupant"
"673","20141315I1828",2014-05-18,2014,"May",18,"21:15",21,15,"Sunday","Slight",1,"Slight","Car occupant","Driver or rider","Female",19,"Unclassified","Single carriageway",30,"Unclassified","Not a Pedestrian","Not a Pedestrian",431056,435505,"E01011361",2,"Crossroads","Daylight","Fine no high winds","Dry","Car occupant"
"674","20141315J0679",2014-05-19,2014,"May",19,"11:05",11,5,"Monday","Slight",1,"Slight","Bus or coach occupant (17 or more pass seats)","Passenger","Female",80,"B","Single carriageway",30,NA,"Not a Pedestrian","Not a Pedestrian",427043,433100,"E01011292",1,"Not at junction or within 20 metres","Daylight","Fine no high winds","Dry","Bus and goods vehicle occupant"
"675","20141315J0675",2014-05-19,2014,"May",19,"12:17",12,17,"Monday","Slight",3,"Slight","Car occupant","Driver or rider","Female",40,"Unclassified","Single carriageway",30,"Unclassified","Not a Pedestrian","Not a Pedestrian",431401,435024,"E01011673",2,"Crossroads","Daylight","Fine no high winds","Dry","Car occupant"
"676","20141315J0871",2014-05-19,2014,"May",19,"13:50",13,50,"Monday","Slight",2,"Slight","Pedestrian","Pedestrian","Female",55,"A","Single carriageway",30,NA,"In carriageway, crossing elsewhere","Crossing from offside - masked by  parked or stationary vehicle",430092,431329,"E01011371",2,"Not at junction or within 20 metres","Daylight","Fine no high winds","Dry","Pedestrian"
"677","20141315J1517",2014-05-19,2014,"May",19,"18:37",18,37,"Monday","Serious",2,"Serious","Pedestrian","Pedestrian","Female",35,"A","Dual carriageway",40,"Unclassified","On footway or verge","Unknown or other",429788,430628,"E01011322",2,"T or staggered junction","Daylight","Fine no high winds","Dry","Pedestrian"
"678","20141315J1610",2014-05-19,2014,"May",19,"19:15",19,15,"Monday","Serious",1,"Serious","Motorcycle over 125cc and up to 500cc rider or  passenger","Driver or rider","Male",22,"Unclassified","Single carriageway",30,"Unclassified","Not a Pedestrian","Not a Pedestrian",430785,433345,"E01033011",2,"Other junction","Daylight","Fine no high winds","Dry","Motorcyclist and pillion"
"679","20141315J1920",2014-05-19,2014,"May",19,"20:30",20,30,"Monday","Slight",1,"Slight","Pedestrian","Pedestrian","Male",8,"A","Single carriageway",30,NA,"On footway or verge","Unknown or other",431766,435530,"E01011429",1,"Not at junction or within 20 metres","Daylight","Fine no high winds","Dry","Pedestrian"
"680","20141315K0794",2014-05-20,2014,"May",20,"14:10",14,10,"Tuesday","Slight",1,"Slight","Pedestrian","Pedestrian","Female",2,"Unclassified","Single carriageway",30,"Unclassified","In carriageway, crossing elsewhere","Unknown or other",432443,438769,"E01011653",1,"T or staggered junction","Daylight","Fine no high winds","Dry","Pedestrian"
"681","20141315K1144",2014-05-20,2014,"May",20,"17:06",17,6,"Tuesday","Slight",1,"Slight","Car occupant","Driver or rider","Male",52,"Motorway","Dual carriageway",70,NA,"Not a Pedestrian","Not a Pedestrian",435040,425907,"E01011636",2,"Not at junction or within 20 metres","Daylight","Fine no high winds","Dry","Car occupant"
"682","20141315K1240",2014-05-20,2014,"May",20,"17:55",17,55,"Tuesday","Slight",1,"Slight","Cyclist","Driver or rider","Female",7,"Unclassified","Single carriageway",30,"Unclassified","Not a Pedestrian","Not a Pedestrian",431502,435096,"E01011673",2,"T or staggered junction","Daylight","Fine no high winds","Dry","Cyclist"
"683","20141315K1355",2014-05-20,2014,"May",20,"18:55",18,55,"Tuesday","Slight",5,"Slight","Car occupant","Driver or rider","Male",33,"A","Single carriageway",30,"Unclassified","Not a Pedestrian","Not a Pedestrian",431646,435322,"E01011429",2,"T or staggered junction","Daylight","Fine no high winds","Dry","Car occupant"
"684","20141315K1400",2014-05-20,2014,"May",20,"19:15",19,15,"Tuesday","Slight",1,"Slight","Motorcycle 50cc and under rider or passenger","Driver or rider","Female",16,"A","Dual carriageway",40,"Unclassified","Not a Pedestrian","Not a Pedestrian",435957,435472,"E01011665",2,"T or staggered junction","Daylight","Fine no high winds","Dry","Motorcyclist and pillion"
"685","20141315L0244",2014-05-21,2014,"May",21,"08:05",8,5,"Wednesday","Slight",1,"Slight","Cyclist","Driver or rider","Male",54,"Unclassified","Single carriageway",30,"Unclassified","Not a Pedestrian","Not a Pedestrian",425951,434970,"E01011281",2,"T or staggered junction","Daylight","Fine no high winds","Dry","Cyclist"
"686","20141315L0264",2014-05-21,2014,"May",21,"08:25",8,25,"Wednesday","Slight",1,"Slight","Car occupant","Driver or rider","Female",22,"Motorway","Dual carriageway",50,NA,"Not a Pedestrian","Not a Pedestrian",430121,424016,"E01011536",2,"Not at junction or within 20 metres","Daylight","Fine no high winds","Dry","Car occupant"
"687","20141315L0280",2014-05-21,2014,"May",21,"08:42",8,42,"Wednesday","Slight",1,"Slight","Cyclist","Driver or rider","Female",50,"A","Dual carriageway",40,"Unclassified","Not a Pedestrian","Not a Pedestrian",425901,436262,"E01011485",2,"T or staggered junction","Daylight","Fine no high winds","Dry","Cyclist"
"688","20141315L0934",2014-05-21,2014,"May",21,"14:21",14,21,"Wednesday","Slight",1,"Slight","Cyclist","Driver or rider","Male",69,"Unclassified","Single carriageway",30,NA,"Not a Pedestrian","Not a Pedestrian",441078,448575,"E01011705",2,"Not at junction or within 20 metres","Daylight","Fine no high winds","Dry","Cyclist"
"689","20141315L1293",2014-05-21,2014,"May",21,"17:00",17,0,"Wednesday","Slight",2,"Slight","Car occupant","Driver or rider","Male",29,"Unclassified","Single carriageway",30,"Unclassified","Not a Pedestrian","Not a Pedestrian",431481,435007,"E01011673",2,"Crossroads","Daylight","Fine no high winds","Dry","Car occupant"
"690","20141315L1327",2014-05-21,2014,"May",21,"17:15",17,15,"Wednesday","Slight",1,"Slight","Pedestrian","Pedestrian","Male",31,"A","Dual carriageway",30,"Unclassified","Crossing on pedestrian crossing facility","Crossing from driver's nearside",431888,435678,"E01011428",1,"T or staggered junction","Daylight","Fine no high winds","Dry","Pedestrian"
"691","20141315L1393",2014-05-21,2014,"May",21,"17:45",17,45,"Wednesday","Serious",1,"Serious","Motorcycle 125cc and under rider or passenger","Driver or rider","Male",35,"B","Single carriageway",40,NA,"Not a Pedestrian","Not a Pedestrian",433401,429912,"E01011639",2,"Not at junction or within 20 metres","Daylight","Fine no high winds","Dry","Motorcyclist and pillion"
"692","20141315M0314",2014-05-22,2014,"May",22,"08:05",8,5,"Thursday","Serious",1,"Serious","Pedestrian","Pedestrian","Female",14,"Unclassified","Single carriageway",30,NA,"Crossing elsewhere within 50m. of pedestrian crossing","Crossing from driver's nearside",426423,433311,"E01032607",1,"Not at junction or within 20 metres","Daylight","Raining no high winds","Wet or damp","Pedestrian"
"693","20141315M0402",2014-05-22,2014,"May",22,"09:15",9,15,"Thursday","Slight",2,"Slight","Car occupant","Driver or rider","Female",35,"Unclassified","Single carriageway",30,"Unclassified","Not a Pedestrian","Not a Pedestrian",431508,435115,"E01011673",2,"T or staggered junction","Daylight","Raining no high winds","Wet or damp","Car occupant"
"694","20141315M0477",2014-05-22,2014,"May",22,"10:00",10,0,"Thursday","Slight",1,"Slight","Cyclist","Driver or rider","Male",38,"Unclassified","Single carriageway",30,"Unclassified","Not a Pedestrian","Not a Pedestrian",432192,434992,"E01011430",2,"T or staggered junction","Daylight","Raining no high winds","Wet or damp","Cyclist"
"695","20141315M1670",2014-05-22,2014,"May",22,"15:00",15,0,"Thursday","Slight",1,"Slight","Pedestrian","Pedestrian","Female",11,"Unclassified","Single carriageway",30,NA,"On footway or verge","Unknown or other",425060,432279,"E01011726",1,"Not at junction or within 20 metres","Daylight","Fine no high winds","Dry","Pedestrian"
"696","20141315M1010",2014-05-22,2014,"May",22,"15:05",15,5,"Thursday","Slight",1,"Slight","Car occupant","Driver or rider","Male",35,"Unclassified","Single carriageway",30,"Unclassified","Not a Pedestrian","Not a Pedestrian",432055,435968,"E01011647",2,"T or staggered junction","Daylight","Raining no high winds","Wet or damp","Car occupant"
"697","20141315M1139",2014-05-22,2014,"May",22,"16:00",16,0,"Thursday","Slight",1,"Slight","Motorcycle 125cc and under rider or passenger","Driver or rider","Male",22,"Unclassified","Single carriageway",30,"A","Not a Pedestrian","Not a Pedestrian",424934,434426,"E01011336",2,"Roundabout","Daylight","Unknown","Dry","Motorcyclist and pillion"
"698","20141315M1199",2014-05-22,2014,"May",22,"16:40",16,40,"Thursday","Serious",1,"Serious","Cyclist","Driver or rider","Male",43,"Unclassified","Single carriageway",30,"Unclassified","Not a Pedestrian","Not a Pedestrian",431401,435027,"E01011673",2,"Crossroads","Daylight","Fine no high winds","Dry","Cyclist"
"699","20141315M1314",2014-05-22,2014,"May",22,"17:43",17,43,"Thursday","Serious",1,"Serious","Pedestrian","Pedestrian","Female",60,"B","Roundabout",30,"Unclassified","Crossing elsewhere within 50m. of pedestrian crossing","Crossing from driver's nearside",419250,441751,"E01011265",1,"Roundabout","Daylight","Raining no high winds","Wet or damp","Pedestrian"
"700","20141315N0246",2014-05-23,2014,"May",23,"08:50",8,50,"Friday","Slight",1,"Slight","Pedestrian","Pedestrian","Female",50,"Unclassified","Single carriageway",30,"Unclassified","In carriageway, crossing elsewhere","Crossing from driver's offside",426339,438618,"E01011684",1,"T or staggered junction","Daylight","Raining no high winds","Wet or damp","Pedestrian"
"701","20141315N0260",2014-05-23,2014,"May",23,"08:54",8,54,"Friday","Slight",1,"Slight","Pedestrian","Pedestrian","Male",9,"Unclassified","Single carriageway",30,"Unclassified","In carriageway, crossing elsewhere","Crossing from driver's offside",431452,435831,"E01011359",1,"Crossroads","Daylight","Fine no high winds","Wet or damp","Pedestrian"
"702","20141315N0734",2014-05-23,2014,"May",23,"14:00",14,0,"Friday","Slight",1,"Slight","Pedestrian","Pedestrian","Male",14,"Unclassified","Single carriageway",20,"Unclassified","In carriageway, crossing elsewhere","Unknown or other",427355,425845,"E01011550",1,"T or staggered junction","Daylight","Raining no high winds","Wet or damp","Pedestrian"
"703","20141315N1660",2014-05-23,2014,"May",23,"22:10",22,10,"Friday","Slight",4,"Slight","Car occupant","Driver or rider","Male",26,"Unclassified","Single carriageway",30,"Unclassified","Not a Pedestrian","Not a Pedestrian",426826,433098,"E01011292",2,"T or staggered junction","Darkness - lights lit","Fine no high winds","Wet or damp","Car occupant"
"704","20141316E0241",2014-05-23,2014,"May",23,"22:30",22,30,"Friday","Slight",1,"Slight","Pedestrian","Pedestrian","Male",25,"A","Single carriageway",30,NA,"In carriageway, crossing elsewhere","Unknown or other",427979,436047,"E01011440",1,"Not at junction or within 20 metres","Darkness - lights lit","Fine no high winds","Dry","Pedestrian"
"705","20141315O0331",2014-05-24,2014,"May",24,"05:03",5,3,"Saturday","Serious",1,"Serious","Motorcycle over 500cc rider or passenger","Driver or rider","Male",30,"A","Single carriageway",30,NA,"Not a Pedestrian","Not a Pedestrian",429330,434989,"E01033006",1,"Not at junction or within 20 metres","Daylight","Fine no high winds","Wet or damp","Motorcyclist and pillion"
"706","20141315O0847",2014-05-24,2014,"May",24,"13:45",13,45,"Saturday","Slight",1,"Slight","Car occupant","Driver or rider","Female",25,"Unclassified","Single carriageway",30,NA,"Not a Pedestrian","Not a Pedestrian",429815,427690,"E01011497",2,"Not at junction or within 20 metres","Daylight","Raining no high winds","Wet or damp","Car occupant"
"707","20141315O1024",2014-05-24,2014,"May",24,"13:45",13,45,"Saturday","Slight",1,"Slight","Car occupant","Driver or rider","Female",43,"A","Single carriageway",30,"B","Not a Pedestrian","Not a Pedestrian",431957,435854,"E01011422",3,"T or staggered junction","Daylight","Fine no high winds","Wet or damp","Car occupant"
"708","20141315P0358",2014-05-25,2014,"May",25,"06:10",6,10,"Sunday","Slight",1,"Slight","Car occupant","Passenger","Male",23,"Unclassified","Single carriageway",30,"Unclassified","Not a Pedestrian","Not a Pedestrian",429985,434872,"E01011671",1,"T or staggered junction","Daylight","Raining no high winds","Wet or damp","Car occupant"
"709","20141315P0887",2014-05-25,2014,"May",25,"14:55",14,55,"Sunday","Serious",3,"Serious","Car occupant","Driver or rider","Male",23,"Unclassified","Single carriageway",30,"Unclassified","Not a Pedestrian","Not a Pedestrian",429187,431920,"E01011368",2,"T or staggered junction","Daylight","Fine no high winds","Wet or damp","Car occupant"
"710","20141315Q0412",2014-05-26,2014,"May",26,"08:00",8,0,"Monday","Serious",2,"Slight","Cyclist","Driver or rider","Male",52,"Unclassified","Single carriageway",30,NA,"Not a Pedestrian","Not a Pedestrian",429050,439827,"E01011567",1,"Not at junction or within 20 metres","Daylight","Fine no high winds","Dry","Cyclist"
"711","20141315Q0515",2014-05-26,2014,"May",26,"10:08",10,8,"Monday","Slight",1,"Slight","Motorcycle 50cc and under rider or passenger","Driver or rider","Male",23,"Unclassified","Single carriageway",30,"A","Not a Pedestrian","Not a Pedestrian",430634,433681,"E01033010",2,"Roundabout","Daylight","Fine no high winds","Dry","Motorcyclist and pillion"
"712","20141315Q0535",2014-05-26,2014,"May",26,"10:22",10,22,"Monday","Serious",1,"Serious","Motorcycle over 500cc rider or passenger","Driver or rider","Male",45,"A","Single carriageway",30,NA,"Not a Pedestrian","Not a Pedestrian",433400,445017,"E01011561",3,"Not at junction or within 20 metres","Daylight","Fine no high winds","Dry","Motorcyclist and pillion"
"713","20141315Q0549",2014-05-26,2014,"May",26,"10:35",10,35,"Monday","Slight",1,"Slight","Cyclist","Driver or rider","Male",32,"A","Single carriageway",30,"B","Not a Pedestrian","Not a Pedestrian",427896,436200,"E01011451",2,"Crossroads","Daylight","Fine no high winds","Dry","Cyclist"
"714","20141315Q0770",2014-05-26,2014,"May",26,"12:55",12,55,"Monday","Serious",1,"Serious","Motorcycle 125cc and under rider or passenger","Driver or rider","Male",26,"Unclassified","Single carriageway",30,"Unclassified","Not a Pedestrian","Not a Pedestrian",432157,436139,"E01011642",2,"T or staggered junction","Daylight","Fine no high winds","Dry","Motorcyclist and pillion"
"715","20141315Q0822",2014-05-26,2014,"May",26,"13:28",13,28,"Monday","Slight",1,"Slight","Car occupant","Passenger","Male",26,"Unclassified","Single carriageway",30,"Unclassified","Not a Pedestrian","Not a Pedestrian",434989,436890,"E01011657",2,"Other junction","Daylight","Fine no high winds","Dry","Car occupant"
"716","20141315Q0901",2014-05-26,2014,"May",26,"14:15",14,15,"Monday","Slight",1,"Slight","Cyclist","Driver or rider","Male",49,"A","Single carriageway",30,"Unclassified","Not a Pedestrian","Not a Pedestrian",427526,436948,"E01011690",2,"T or staggered junction","Daylight","Unknown","Dry","Cyclist"
"717","20141315Q1004",2014-05-26,2014,"May",26,"15:17",15,17,"Monday","Serious",1,"Serious","Motorcycle over 500cc rider or passenger","Driver or rider","Male",32,"Unclassified","Single carriageway",20,NA,"Not a Pedestrian","Not a Pedestrian",428926,436533,"E01011450",1,"Not at junction or within 20 metres","Daylight","Fine no high winds","Dry","Motorcyclist and pillion"
"718","20141315Q1064",2014-05-26,2014,"May",26,"15:40",15,40,"Monday","Serious",1,"Serious","Cyclist","Driver or rider","Male",9,"Unclassified","Single carriageway",30,"Unclassified","Not a Pedestrian","Not a Pedestrian",419097,446608,"E01011582",2,"T or staggered junction","Daylight","Fine no high winds","Dry","Cyclist"
"719","20141315Q1345",2014-05-26,2014,"May",26,"18:05",18,5,"Monday","Slight",1,"Slight","Car occupant","Passenger","Male",24,"Unclassified","Roundabout",30,"Unclassified","Not a Pedestrian","Not a Pedestrian",435545,438371,"E01011714",2,"Mini-roundabout","Daylight","Raining no high winds","Wet or damp","Car occupant"
"720","20141315R1430",2014-05-27,2014,"May",27,"14:45",14,45,"Tuesday","Slight",1,"Slight","Bus or coach occupant (17 or more pass seats)","Passenger","Male",56,"Unclassified","Single carriageway",30,NA,"Not a Pedestrian","Not a Pedestrian",430087,433772,"E01033010",1,"Not at junction or within 20 metres","Daylight","Fine no high winds","Dry","Bus and goods vehicle occupant"
"721","20141315R1724",2014-05-27,2014,"May",27,"19:30",19,30,"Tuesday","Slight",3,"Slight","Car occupant","Driver or rider","Male",24,"Unclassified","Single carriageway",30,"Unclassified","Not a Pedestrian","Not a Pedestrian",430418,437828,"E01011515",3,"T or staggered junction","Daylight","Fine no high winds","Dry","Car occupant"
"722","20141315S0336",2014-05-28,2014,"May",28,"09:25",9,25,"Wednesday","Slight",1,"Slight","Cyclist","Driver or rider","Male",43,"A","Single carriageway",30,"Unclassified","Not a Pedestrian","Not a Pedestrian",428378,434062,"E01011681",2,"Other junction","Daylight","Raining no high winds","Wet or damp","Cyclist"
"723","20141315S1312",2014-05-28,2014,"May",28,"16:30",16,30,"Wednesday","Slight",1,"Slight","Car occupant","Driver or rider","Female",30,"A","Single carriageway",30,"B","Not a Pedestrian","Not a Pedestrian",426294,435578,"E01011488",4,"Crossroads","Daylight","Unknown","Wet or damp","Car occupant"
"724","20141315S1540",2014-05-28,2014,"May",28,"21:43",21,43,"Wednesday","Slight",1,"Slight","Car occupant","Passenger","Male",45,"B","Single carriageway",30,"Unclassified","Not a Pedestrian","Not a Pedestrian",425004,429003,"E01011522",3,"T or staggered junction","Darkness - lights lit","Fine no high winds","Dry","Car occupant"
"725","20141315S1541",2014-05-28,2014,"May",28,"21:45",21,45,"Wednesday","Slight",1,"Slight","Cyclist","Driver or rider","Male",20,"A","Single carriageway",30,"Unclassified","Not a Pedestrian","Not a Pedestrian",431646,435322,"E01011429",2,"T or staggered junction","Darkness - lights lit","Fine no high winds","Wet or damp","Cyclist"
"726","20141315T0007",2014-05-29,2014,"May",29,"00:05",0,5,"Thursday","Slight",1,"Slight","Motorcycle 125cc and under rider or passenger","Driver or rider","Male",17,"A","Roundabout",40,"Unclassified","Not a Pedestrian","Not a Pedestrian",425138,437868,"E01011463",2,"Roundabout","Darkness - lights lit","Raining no high winds","Wet or damp","Motorcyclist and pillion"
"727","20141315T0075",2014-05-29,2014,"May",29,"01:30",1,30,"Thursday","Slight",2,"Slight","Car occupant","Driver or rider","Male",23,"A","Single carriageway",30,"Unclassified","Not a Pedestrian","Not a Pedestrian",431477,435114,"E01011673",2,"T or staggered junction","Darkness - lights lit","Raining no high winds","Wet or damp","Car occupant"
"728","20141315T0247",2014-05-29,2014,"May",29,"08:08",8,8,"Thursday","Serious",1,"Serious","Motorcycle 125cc and under rider or passenger","Driver or rider","Male",33,"A","Single carriageway",30,"A","Not a Pedestrian","Not a Pedestrian",432060,431124,"E01011468",2,"Crossroads","Daylight","Raining no high winds","Wet or damp","Motorcyclist and pillion"
"729","20141315T0607",2014-05-29,2014,"May",29,"11:35",11,35,"Thursday","Slight",1,"Slight","Van / Goods vehicle (3.5 tonnes mgw or under) occupant","Driver or rider","Female",50,"A","Dual carriageway",40,"A","Not a Pedestrian","Not a Pedestrian",433914,434130,"E01011346",2,"Other junction","Daylight","Fine no high winds","Dry","Bus and goods vehicle occupant"
"730","20141315U0252",2014-05-30,2014,"May",30,"07:37",7,37,"Friday","Slight",2,"Slight","Cyclist","Driver or rider","Male",30,"A","Dual carriageway",30,"Unclassified","Not a Pedestrian","Not a Pedestrian",428382,434060,"E01011681",3,"T or staggered junction","Daylight","Fine no high winds","Dry","Cyclist"
"731","20141315U0298",2014-05-30,2014,"May",30,"08:40",8,40,"Friday","Slight",2,"Slight","Car occupant","Driver or rider","Male",57,"A","Single carriageway",40,"A","Not a Pedestrian","Not a Pedestrian",431254,445733,"E01011561",2,"T or staggered junction","Daylight","Fine no high winds","Dry","Car occupant"
"732","20141315U0376",2014-05-30,2014,"May",30,"09:15",9,15,"Friday","Slight",1,"Slight","Pedestrian","Pedestrian","Male",34,"A","Single carriageway",60,NA,"On footway or verge","Unknown or other",442614,427325,"E01011299",1,"Not at junction or within 20 metres","Daylight","Fine no high winds","Dry","Pedestrian"
"733","20141315U0476",2014-05-30,2014,"May",30,"11:14",11,14,"Friday","Slight",1,"Slight","Car occupant","Driver or rider","Male",52,"Unclassified","One way street",20,NA,"Not a Pedestrian","Not a Pedestrian",430774,438746,"E01011512",2,"Not at junction or within 20 metres","Daylight","Fine no high winds","Dry","Car occupant"
"734","20141315U0732",2014-05-30,2014,"May",30,"13:45",13,45,"Friday","Slight",1,"Slight","Van / Goods vehicle (3.5 tonnes mgw or under) occupant","Passenger","Female",53,"A","Single carriageway",30,"Unclassified","Not a Pedestrian","Not a Pedestrian",428470,431340,"E01011369",2,"T or staggered junction","Daylight","Fine no high winds","Dry","Bus and goods vehicle occupant"
"735","20141315U1234",2014-05-30,2014,"May",30,"18:05",18,5,"Friday","Slight",1,"Slight","Car occupant","Driver or rider","Female",30,"A","Dual carriageway",30,"Unclassified","Not a Pedestrian","Not a Pedestrian",431361,432757,"E01011626",3,"Crossroads","Daylight","Fine no high winds","Dry","Car occupant"
"736","20141315U1331",2014-05-30,2014,"May",30,"18:42",18,42,"Friday","Slight",1,"Slight","Car occupant","Driver or rider","Female",38,"A","Dual carriageway",30,"Unclassified","Not a Pedestrian","Not a Pedestrian",431397,432736,"E01011626",2,"Crossroads","Daylight","Fine no high winds","Dry","Car occupant"
"737","20141315V0376",2014-05-31,2014,"May",31,"04:55",4,55,"Saturday","Serious",1,"Serious","Motorcycle 125cc and under rider or passenger","Driver or rider","Male",20,"A","Single carriageway",60,NA,"Not a Pedestrian","Not a Pedestrian",440948,439819,"E01011309",2,"Not at junction or within 20 metres","Daylight","Fine no high winds","Dry","Motorcyclist and pillion"
"738","20141315V0829",2014-05-31,2014,"May",31,"12:35",12,35,"Saturday","Slight",1,"Slight","Cyclist","Driver or rider","Male",25,"A","Single carriageway",30,"Unclassified","Not a Pedestrian","Not a Pedestrian",419912,441056,"E01011275",2,"Private drive or entrance","Daylight","Fine no high winds","Dry","Cyclist"
"739","20141315V1000",2014-05-31,2014,"May",31,"14:20",14,20,"Saturday","Serious",1,"Serious","Motorcycle 125cc and under rider or passenger","Driver or rider","Male",23,"A","Single carriageway",30,NA,"Not a Pedestrian","Not a Pedestrian",429338,434993,"E01033005",2,"Not at junction or within 20 metres","Daylight","Fine no high winds","Dry","Motorcyclist and pillion"
"740","20141315V1484",2014-05-31,2014,"May",31,"18:45",18,45,"Saturday","Slight",1,"Slight","Car occupant","Driver or rider","Male",20,"B","Single carriageway",30,NA,"Not a Pedestrian","Not a Pedestrian",426207,428179,"E01011525",2,"Not at junction or within 20 metres","Daylight","Fine no high winds","Dry","Car occupant"
"741","20141315V1629",2014-05-31,2014,"May",31,"20:16",20,16,"Saturday","Slight",1,"Slight","Car occupant","Driver or rider","Male",29,"B","Single carriageway",30,"Unclassified","Not a Pedestrian","Not a Pedestrian",428045,432829,"E01011362",2,"T or staggered junction","Daylight","Fine no high winds","Dry","Car occupant"
"742","2014131610523",2014-05-31,2014,"May",31,"21:30",21,30,"Saturday","Slight",1,"Slight","Car occupant","Driver or rider","Male",34,"Unclassified","Dual carriageway",40,"Unclassified","Not a Pedestrian","Not a Pedestrian",430783,438594,"E01011512",2,"Crossroads","Darkness - lighting unknown","Unknown","Dry","Car occupant"
"743","2014131610210",2014-06-01,2014,"Jun",1,"01:48",1,48,"Sunday","Slight",2,"Slight","Car occupant","Driver or rider","Male",48,"Unclassified","Single carriageway",30,"A","Not a Pedestrian","Not a Pedestrian",430644,434658,"E01011671",2,"Crossroads","Darkness - lights lit","Fine no high winds","Dry","Car occupant"
"744","2014131610500",2014-06-01,2014,"Jun",1,"07:25",7,25,"Sunday","Slight",1,"Slight","Car occupant","Driver or rider","Male",20,"A","Roundabout",40,"Unclassified","Not a Pedestrian","Not a Pedestrian",428441,428724,"E01011493",1,"Roundabout","Daylight","Fine no high winds","Dry","Car occupant"
"745","2014131610744",2014-06-01,2014,"Jun",1,"11:45",11,45,"Sunday","Slight",2,"Slight","Car occupant","Passenger","Female",23,"A","Dual carriageway",70,NA,"Not a Pedestrian","Not a Pedestrian",428577,427803,"E01011540",2,"Not at junction or within 20 metres","Daylight","Fine no high winds","Dry","Car occupant"
"746","2014131610836",2014-06-01,2014,"Jun",1,"12:48",12,48,"Sunday","Slight",1,"Slight","Taxi/Private hire car occupant","Driver or rider","Male",42,"A","Single carriageway",30,"Unclassified","Not a Pedestrian","Not a Pedestrian",430877,434256,"E01033003",2,"Crossroads","Daylight","Fine no high winds","Dry","Car occupant"
"747","2014131610921",2014-06-01,2014,"Jun",1,"13:40",13,40,"Sunday","Slight",1,"Slight","Cyclist","Driver or rider","Male",42,"A","Single carriageway",40,"Unclassified","Not a Pedestrian","Not a Pedestrian",427009,440075,"E01011381",2,"T or staggered junction","Daylight","Fine no high winds","Dry","Cyclist"
"748","2014131611005",2014-06-01,2014,"Jun",1,"14:20",14,20,"Sunday","Slight",1,"Slight","Cyclist","Driver or rider","Male",16,"Unclassified","Single carriageway",30,"Unclassified","Not a Pedestrian","Not a Pedestrian",431758,435650,"E01011422",2,"T or staggered junction","Daylight","Fine no high winds","Dry","Cyclist"