"","accident_index","date","year","month","day","time","time_hour","time_minute","day_of_week","accident_severity","number_of_casualties","casualty_severity","casualty_type","casualty_class","sex_of_casualty","age_of_casualty","first_road_class","road_type","speed_limit","second_road_class","pedestrian_location","pedestrian_movement","location_easting_osgr","location_northing_osgr","lsoa_of_accident_location","number_of_vehicles","junction_detail","light_conditions","weather_conditions","road_surface_conditions","cas_type"
"749","2014131611134",2014-06-01,2014,"Jun",1,"15:40",15,40,"Sunday","Slight",1,"Slight","Car occupant","Driver or rider","Male",23,"A","Dual carriageway",30,NA,"Not a Pedestrian","Not a Pedestrian",419520,441615,"E01011267",4,"Not at junction or within 20 metres","Daylight","Fine no high winds","Dry","Car occupant"
"750","2014131620433",2014-06-02,2014,"Jun",2,"10:00",10,0,"Monday","Slight",1,"Slight","Car occupant","Passenger","Male",57,"A","Single carriageway",50,"Unclassified","Not a Pedestrian","Not a Pedestrian",422469,442502,"E01032503",1,"T or staggered junction","Daylight","Fine no high winds","Dry","Car occupant"
"751","2014131620611",2014-06-02,2014,"Jun",2,"11:54",11,54,"Monday","Slight",1,"Slight","Car occupant","Passenger","Female",20,"Unclassified","Single carriageway",30,NA,"Not a Pedestrian","Not a Pedestrian",432038,434989,"E01011434",1,"Not at junction or within 20 metres","Daylight","Fine no high winds","Dry","Car occupant"
"752","2014131620815",2014-06-02,2014,"Jun",2,"13:45",13,45,"Monday","Slight",1,"Slight","Bus or coach occupant (17 or more pass seats)","Passenger","Female",1,"Unclassified","Single carriageway",30,"Unclassified","Not a Pedestrian","Not a Pedestrian",426817,433088,"E01011292",1,"T or staggered junction","Daylight","Fine no high winds","Dry","Bus and goods vehicle occupant"
"753","2014131621323",2014-06-02,2014,"Jun",2,"17:20",17,20,"Monday","Slight",1,"Slight","Cyclist","Driver or rider","Female",35,"A","Single carriageway",30,NA,"Not a Pedestrian","Not a Pedestrian",427376,433650,"E01011293",2,"Not at junction or within 20 metres","Daylight","Raining + high winds","Wet or damp","Cyclist"
"754","2014131630208",2014-06-03,2014,"Jun",3,"07:55",7,55,"Tuesday","Slight",1,"Slight","Cyclist","Driver or rider","Female",31,"Unclassified","Single carriageway",30,"Unclassified","Not a Pedestrian","Not a Pedestrian",423801,437489,"E01011465",2,"Crossroads","Daylight","Fine no high winds","Wet or damp","Cyclist"
"755","2014131630285",2014-06-03,2014,"Jun",3,"09:00",9,0,"Tuesday","Slight",1,"Slight","Car occupant","Driver or rider","Male",32,"A(M)","Slip road",70,NA,"Not a Pedestrian","Not a Pedestrian",440985,445642,"E01011707",3,"Not at junction or within 20 metres","Daylight","Fine no high winds","Dry","Car occupant"
"756","2014131630591",2014-06-03,2014,"Jun",3,"10:58",10,58,"Tuesday","Slight",1,"Slight","Bus or coach occupant (17 or more pass seats)","Passenger","Female",88,"Unclassified","Single carriageway",30,NA,"Not a Pedestrian","Not a Pedestrian",429400,437296,"E01011688",1,"Not at junction or within 20 metres","Daylight","Fine no high winds","Dry","Bus and goods vehicle occupant"
"757","2014131630816",2014-06-03,2014,"Jun",3,"13:55",13,55,"Tuesday","Slight",1,"Slight","Car occupant","Passenger","Female",43,"Unclassified","Single carriageway",30,NA,"Not a Pedestrian","Not a Pedestrian",431411,429220,"E01011475",2,"Not at junction or within 20 metres","Daylight","Fine no high winds","Dry","Car occupant"
"758","2014131631281",2014-06-03,2014,"Jun",3,"17:27",17,27,"Tuesday","Slight",1,"Slight","Pedestrian","Pedestrian","Female",75,"Unclassified","Single carriageway",30,NA,"In carriageway, crossing elsewhere","Crossing from driver's nearside",431896,434925,"E01011677",1,"Not at junction or within 20 metres","Daylight","Fine no high winds","Dry","Pedestrian"
"759","2014131631777",2014-06-03,2014,"Jun",3,"21:20",21,20,"Tuesday","Slight",2,"Slight","Car occupant","Driver or rider","Female",59,"A","Roundabout",40,"A","Not a Pedestrian","Not a Pedestrian",428578,432995,"E01011363",3,"Roundabout","Darkness - lights lit","Fine no high winds","Dry","Car occupant"
"760","2014131631781",2014-06-03,2014,"Jun",3,"21:24",21,24,"Tuesday","Slight",1,"Slight","Pedestrian","Pedestrian","Male",37,"Unclassified","Single carriageway",30,NA,"On footway or verge","Unknown or other",426621,433551,"E01032500",2,"Not at junction or within 20 metres","Darkness - lights lit","Fine no high winds","Dry","Pedestrian"
"761","2014131640150",2014-06-04,2014,"Jun",4,"05:39",5,39,"Wednesday","Slight",1,"Slight","Car occupant","Driver or rider","Male",43,"A","Single carriageway",60,"Unclassified","Not a Pedestrian","Not a Pedestrian",443107,433205,"E01011298",2,"T or staggered junction","Daylight","Raining no high winds","Wet or damp","Car occupant"
"762","2014131640239",2014-06-04,2014,"Jun",4,"08:14",8,14,"Wednesday","Slight",1,"Slight","Pedestrian","Pedestrian","Female",14,"Unclassified","Single carriageway",30,NA,"In carriageway, crossing elsewhere","Crossing from driver's nearside",430891,430062,"E01011472",1,"Not at junction or within 20 metres","Daylight","Raining no high winds","Wet or damp","Pedestrian"
"763","2014131640258",2014-06-04,2014,"Jun",4,"08:32",8,32,"Wednesday","Slight",1,"Slight","Car occupant","Driver or rider","Female",39,"A","Single carriageway",30,"Unclassified","Not a Pedestrian","Not a Pedestrian",430033,431015,"E01011312",2,"Crossroads","Daylight","Raining no high winds","Wet or damp","Car occupant"
"764","2014131640275",2014-06-04,2014,"Jun",4,"08:50",8,50,"Wednesday","Slight",1,"Slight","Motorcycle 125cc and under rider or passenger","Driver or rider","Male",26,"Unclassified","One way street",30,"Unclassified","Not a Pedestrian","Not a Pedestrian",430704,433040,"E01033019",2,"T or staggered junction","Daylight","Raining no high winds","Wet or damp","Motorcyclist and pillion"
"765","2014131640666",2014-06-04,2014,"Jun",4,"12:50",12,50,"Wednesday","Slight",1,"Slight","Pedestrian","Pedestrian","Male",12,"Unclassified","Single carriageway",30,NA,"In carriageway, crossing elsewhere","Crossing from driver's nearside",425129,435949,"E01011324",1,"Not at junction or within 20 metres","Daylight","Fine no high winds","Wet or damp","Pedestrian"
"766","2014131650586",2014-06-04,2014,"Jun",4,"14:15",14,15,"Wednesday","Slight",1,"Slight","Cyclist","Driver or rider","Male",26,"Unclassified","Single carriageway",30,"Unclassified","Not a Pedestrian","Not a Pedestrian",427672,435052,"E01011478",2,"T or staggered junction","Daylight","Fine no high winds","Dry","Cyclist"
"767","2014131640968",2014-06-04,2014,"Jun",4,"15:50",15,50,"Wednesday","Slight",1,"Slight","Pedestrian","Pedestrian","Female",8,"Unclassified","Single carriageway",30,NA,"In carriageway, not crossing","Walking along in carriageway, facing traffic",421990,433993,"E01011587",1,"Not at junction or within 20 metres","Daylight","Fine no high winds","Dry","Pedestrian"
"768","2014131641074",2014-06-04,2014,"Jun",4,"16:20",16,20,"Wednesday","Slight",1,"Slight","Car occupant","Passenger","Male",23,"Unclassified","Single carriageway",30,"C","Not a Pedestrian","Not a Pedestrian",426640,433496,"E01032607",2,"Crossroads","Daylight","Fine no high winds","Wet or damp","Car occupant"
"769","2014131650259",2014-06-05,2014,"Jun",5,"08:13",8,13,"Thursday","Slight",2,"Slight","Car occupant","Driver or rider","Female",32,"Unclassified","Single carriageway",40,NA,"Not a Pedestrian","Not a Pedestrian",433937,442041,"E01011561",2,"Not at junction or within 20 metres","Daylight","Fine no high winds","Wet or damp","Car occupant"
"770","2014131650616",2014-06-05,2014,"Jun",5,"12:07",12,7,"Thursday","Slight",1,"Slight","Car occupant","Passenger","Female",19,"A","Dual carriageway",30,"Unclassified","Not a Pedestrian","Not a Pedestrian",429556,434826,"E01033006",3,"T or staggered junction","Daylight","Fine no high winds","Dry","Car occupant"
"771","2014131651553",2014-06-05,2014,"Jun",5,"19:30",19,30,"Thursday","Slight",1,"Slight","Cyclist","Driver or rider","Male",21,"A","Single carriageway",50,"Unclassified","Not a Pedestrian","Not a Pedestrian",435141,438713,"E01011714",2,"Private drive or entrance","Daylight","Fine no high winds","Dry","Cyclist"
"772","20141316I1507",2014-06-06,2014,"Jun",6,"08:30",8,30,"Friday","Slight",1,"Slight","Pedestrian","Pedestrian","Male",13,"Unclassified","Single carriageway",30,NA,"Crossing in zig-zag exit lines","Crossing from driver's nearside",429893,436615,"E01011355",1,"Not at junction or within 20 metres","Daylight","Fine no high winds","Dry","Pedestrian"
"773","2014131660860",2014-06-06,2014,"Jun",6,"13:50",13,50,"Friday","Slight",1,"Slight","Car occupant","Driver or rider","Male",38,"Motorway","Dual carriageway",70,NA,"Not a Pedestrian","Not a Pedestrian",432100,428705,"E01011496",4,"Not at junction or within 20 metres","Daylight","Fine no high winds","Dry","Car occupant"
"774","2014131661045",2014-06-06,2014,"Jun",6,"15:20",15,20,"Friday","Slight",1,"Slight","Car occupant","Driver or rider","Male",43,"Unclassified","Single carriageway",30,NA,"Not a Pedestrian","Not a Pedestrian",431629,439596,"E01011568",2,"Not at junction or within 20 metres","Daylight","Fine no high winds","Dry","Car occupant"
"775","2014131671192",2014-06-06,2014,"Jun",6,"17:05",17,5,"Friday","Slight",1,"Slight","Car occupant","Driver or rider","Female",26,"Motorway","Dual carriageway",70,NA,"Not a Pedestrian","Not a Pedestrian",430411,431013,"E01011312",2,"Not at junction or within 20 metres","Daylight","Fine no high winds","Dry","Car occupant"
"776","2014131671235",2014-06-07,2014,"Jun",7,"17:35",17,35,"Saturday","Serious",1,"Serious","Car occupant","Passenger","Male",3,"Unclassified","Single carriageway",30,"Unclassified","Not a Pedestrian","Not a Pedestrian",431919,434808,"E01011433",1,"T or staggered junction","Daylight","Fine no high winds","Dry","Car occupant"
"777","2014131671275",2014-06-07,2014,"Jun",7,"17:50",17,50,"Saturday","Slight",1,"Slight","Car occupant","Passenger","Female",71,"B","Single carriageway",30,"Unclassified","Not a Pedestrian","Not a Pedestrian",428635,436971,"E01011691",2,"T or staggered junction","Daylight","Fine no high winds","Dry","Car occupant"
"778","2014131671362",2014-06-07,2014,"Jun",7,"18:40",18,40,"Saturday","Slight",1,"Slight","Other vehicle occupant","Driver or rider","Male",29,"Unclassified","Single carriageway",30,NA,"Not a Pedestrian","Not a Pedestrian",432345,436992,"E01011645",1,"Not at junction or within 20 metres","Daylight","Fine no high winds","Dry","Others"
"779","2014131680885",2014-06-08,2014,"Jun",8,"14:05",14,5,"Sunday","Slight",2,"Slight","Car occupant","Passenger","Male",39,"A","Roundabout",40,"Unclassified","Not a Pedestrian","Not a Pedestrian",420297,434256,"E01011597",2,"Roundabout","Daylight","Fine no high winds","Dry","Car occupant"
"780","2014131681525",2014-06-08,2014,"Jun",8,"15:20",15,20,"Sunday","Slight",1,"Slight","Pedestrian","Pedestrian","Male",18,"Unclassified","Unknown",30,NA,"Unknown or other","Unknown or other",424115,435153,"E01011329",1,"Not at junction or within 20 metres","Daylight","Fine no high winds","Dry","Pedestrian"
"781","2014131681137",2014-06-08,2014,"Jun",8,"16:24",16,24,"Sunday","Slight",1,"Slight","Cyclist","Driver or rider","Male",33,"Unclassified","Single carriageway",30,"Unclassified","Not a Pedestrian","Not a Pedestrian",430855,435446,"E01011361",2,"T or staggered junction","Daylight","Fine no high winds","Dry","Cyclist"
"782","2014131681511",2014-06-08,2014,"Jun",8,"20:00",20,0,"Sunday","Serious",1,"Serious","Motorcycle 125cc and under rider or passenger","Driver or rider","Male",47,"A","Single carriageway",30,"Unclassified","Not a Pedestrian","Not a Pedestrian",438454,432705,"E01011402",2,"T or staggered junction","Daylight","Fine no high winds","Dry","Motorcyclist and pillion"
"783","2014131690221",2014-06-09,2014,"Jun",9,"06:35",6,35,"Monday","Slight",2,"Slight","Goods vehicle (7.5 tonnes mgw and over) occupant","Driver or rider","Male",43,"Motorway","Dual carriageway",70,NA,"Not a Pedestrian","Not a Pedestrian",437688,425376,"E01011395",2,"Not at junction or within 20 metres","Daylight","Fine no high winds","Dry","Bus and goods vehicle occupant"
"784","2014131690281",2014-06-09,2014,"Jun",9,"08:08",8,8,"Monday","Slight",1,"Slight","Cyclist","Driver or rider","Male",14,"A","Single carriageway",30,"Unclassified","Not a Pedestrian","Not a Pedestrian",428039,434284,"E01011483",2,"Crossroads","Daylight","Fine no high winds","Dry","Cyclist"
"785","2014131690457",2014-06-09,2014,"Jun",9,"08:30",8,30,"Monday","Slight",1,"Slight","Pedestrian","Pedestrian","Female",9,"Unclassified","Single carriageway",30,NA,"On footway or verge","Unknown or other",433306,432851,"E01011621",1,"Not at junction or within 20 metres","Daylight","Fine no high winds","Dry","Pedestrian"
"786","2014131630945",2014-06-09,2014,"Jun",9,"09:45",9,45,"Monday","Slight",1,"Slight","Bus or coach occupant (17 or more pass seats)","Passenger","Female",35,"Unclassified","Single carriageway",30,"A","Not a Pedestrian","Not a Pedestrian",430798,433458,"E01033011",2,"Crossroads","Daylight","Fine no high winds","Dry","Bus and goods vehicle occupant"
"787","2014131690979",2014-06-09,2014,"Jun",9,"15:05",15,5,"Monday","Slight",1,"Slight","Pedestrian","Pedestrian","Male",13,"Unclassified","Single carriageway",30,NA,"Crossing elsewhere within 50m. of pedestrian crossing","Crossing from offside - masked by  parked or stationary vehicle",437246,435765,"E01011722",1,"Not at junction or within 20 metres","Daylight","Fine no high winds","Wet or damp","Pedestrian"
"788","2014131691490",2014-06-09,2014,"Jun",9,"18:30",18,30,"Monday","Slight",1,"Slight","Pedestrian","Pedestrian","Female",38,"Unclassified","Single carriageway",30,NA,"In carriageway, not crossing","Walking along in carriageway, back to traffic",420912,440624,"E01011274",1,"Not at junction or within 20 metres","Daylight","Fine no high winds","Dry","Pedestrian"
"789","2014131691893",2014-06-09,2014,"Jun",9,"21:41",21,41,"Monday","Slight",1,"Slight","Car occupant","Passenger","Female",56,"A","Single carriageway",30,"Unclassified","Not a Pedestrian","Not a Pedestrian",427600,436795,"E01011694",2,"T or staggered junction","Darkness - lights lit","Fine no high winds","Dry","Car occupant"
"790","2014131691943",2014-06-09,2014,"Jun",9,"22:05",22,5,"Monday","Slight",5,"Slight","Car occupant","Driver or rider","Female",43,"A","Dual carriageway",40,"Unclassified","Not a Pedestrian","Not a Pedestrian",433169,434035,"E01011340",2,"T or staggered junction","Darkness - lights lit","Fine no high winds","Dry","Car occupant"
"791","20141316A0714",2014-06-10,2014,"Jun",10,"13:20",13,20,"Tuesday","Slight",1,"Slight","Pedestrian","Pedestrian","Male",43,"Unclassified","Single carriageway",30,NA,"Unknown or other","Crossing from driver's offside",429650,432879,"E01033032",1,"Not at junction or within 20 metres","Daylight","Fine no high winds","Dry","Pedestrian"
"792","20141316A0981",2014-06-10,2014,"Jun",10,"15:50",15,50,"Tuesday","Slight",1,"Slight","Pedestrian","Pedestrian","Male",34,"Unclassified","Single carriageway",30,NA,"Crossing on pedestrian crossing facility","Crossing from driver's nearside",427171,433525,"E01011293",1,"Not at junction or within 20 metres","Daylight","Fine no high winds","Dry","Pedestrian"
"793","20141316B0530",2014-06-11,2014,"Jun",11,"10:50",10,50,"Wednesday","Slight",1,"Slight","Cyclist","Driver or rider","Female",61,"A","Roundabout",30,"B","Not a Pedestrian","Not a Pedestrian",430711,439085,"E01011512",2,"Roundabout","Daylight","Fine no high winds","Dry","Cyclist"
"794","20141316B0624",2014-06-11,2014,"Jun",11,"11:58",11,58,"Wednesday","Slight",5,"Slight","Car occupant","Driver or rider","Male",25,"B","Single carriageway",30,"Unclassified","Not a Pedestrian","Not a Pedestrian",421792,435452,"E01011592",3,"T or staggered junction","Daylight","Fine no high winds","Dry","Car occupant"
"795","20141316A0804",2014-06-11,2014,"Jun",11,"13:53",13,53,"Wednesday","Slight",1,"Slight","Bus or coach occupant (17 or more pass seats)","Passenger","Male",49,"Unclassified","Dual carriageway",30,"Unclassified","Not a Pedestrian","Not a Pedestrian",430413,433724,"E01033010",1,"Crossroads","Daylight","Unknown","Dry","Bus and goods vehicle occupant"
"796","20141316B1202",2014-06-11,2014,"Jun",11,"15:30",15,30,"Wednesday","Slight",1,"Slight","Pedestrian","Pedestrian","Male",11,"Unclassified","One way street",30,NA,"In carriageway, crossing elsewhere","Crossing from driver's nearside",427720,439342,"E01011385",1,"Not at junction or within 20 metres","Daylight","Fine no high winds","Dry","Pedestrian"
"797","20141316B1196",2014-06-11,2014,"Jun",11,"15:45",15,45,"Wednesday","Slight",1,"Slight","Bus or coach occupant (17 or more pass seats)","Passenger","Male",70,"Unclassified","Single carriageway",30,NA,"Not a Pedestrian","Not a Pedestrian",430765,433452,"E01033011",1,"Not at junction or within 20 metres","Daylight","Fine no high winds","Dry","Bus and goods vehicle occupant"
"798","20141316B1088",2014-06-11,2014,"Jun",11,"16:00",16,0,"Wednesday","Slight",1,"Slight","Motorcycle over 500cc rider or passenger","Driver or rider","Male",55,"Unclassified","Single carriageway",30,NA,"Not a Pedestrian","Not a Pedestrian",422065,434217,"E01011587",2,"Not at junction or within 20 metres","Daylight","Fine no high winds","Dry","Motorcyclist and pillion"
"799","20141316C0061",2014-06-12,2014,"Jun",12,"00:40",0,40,"Thursday","Slight",2,"Slight","Car occupant","Driver or rider","Male",22,"A","Roundabout",30,"B","Not a Pedestrian","Not a Pedestrian",429063,433670,"E01011678",1,"Roundabout","Darkness - lights lit","Fine no high winds","Dry","Car occupant"
"800","20141316C0290",2014-06-12,2014,"Jun",12,"08:10",8,10,"Thursday","Serious",1,"Serious","Car occupant","Driver or rider","Female",28,"A","Dual carriageway",40,"Unclassified","Not a Pedestrian","Not a Pedestrian",431045,440414,"E01011563",2,"T or staggered junction","Daylight","Fine no high winds","Dry","Car occupant"
"801","20141316C0288",2014-06-12,2014,"Jun",12,"08:27",8,27,"Thursday","Slight",1,"Slight","Cyclist","Driver or rider","Male",30,"Unclassified","Single carriageway",30,"Unclassified","Not a Pedestrian","Not a Pedestrian",431269,429670,"E01011474",2,"Crossroads","Daylight","Fine no high winds","Dry","Cyclist"
"802","20141316C0313",2014-06-12,2014,"Jun",12,"08:30",8,30,"Thursday","Slight",1,"Slight","Cyclist","Driver or rider","Male",26,"A","Single carriageway",50,"Unclassified","Not a Pedestrian","Not a Pedestrian",426825,430483,"E01011734",3,"T or staggered junction","Daylight","Fine no high winds","Dry","Cyclist"
"803","20141316C0292",2014-06-12,2014,"Jun",12,"08:40",8,40,"Thursday","Slight",2,"Slight","Car occupant","Driver or rider","Male",34,"Unclassified","Single carriageway",30,NA,"Not a Pedestrian","Not a Pedestrian",429931,438743,"E01011510",3,"Not at junction or within 20 metres","Daylight","Fine no high winds","Dry","Car occupant"
"804","20141316C0886",2014-06-12,2014,"Jun",12,"14:20",14,20,"Thursday","Slight",1,"Slight","Motorcycle 125cc and under rider or passenger","Driver or rider","Male",29,"Unclassified","Single carriageway",30,NA,"Not a Pedestrian","Not a Pedestrian",429911,428090,"E01011494",1,"Not at junction or within 20 metres","Daylight","Fine no high winds","Dry","Motorcyclist and pillion"
"805","20141316C1254",2014-06-12,2014,"Jun",12,"17:10",17,10,"Thursday","Slight",3,"Slight","Car occupant","Driver or rider","Female",59,"Unclassified","Single carriageway",30,"Unclassified","Not a Pedestrian","Not a Pedestrian",427052,427035,"E01032491",2,"T or staggered junction","Daylight","Fine no high winds","Dry","Car occupant"
"806","20141316C1483",2014-06-12,2014,"Jun",12,"19:10",19,10,"Thursday","Slight",1,"Slight","Car occupant","Driver or rider","Male",24,"Unclassified","Single carriageway",60,NA,"Not a Pedestrian","Not a Pedestrian",442119,443396,"E01011712",1,"Not at junction or within 20 metres","Daylight","Fine no high winds","Dry","Car occupant"
"807","20141316C1619",2014-06-12,2014,"Jun",12,"20:20",20,20,"Thursday","Slight",1,"Slight","Cyclist","Driver or rider","Male",42,"Unclassified","Single carriageway",30,"Unclassified","Not a Pedestrian","Not a Pedestrian",432967,436852,"E01011643",2,"T or staggered junction","Daylight","Fine no high winds","Dry","Cyclist"
"808","20141316C1892",2014-06-12,2014,"Jun",12,"23:00",23,0,"Thursday","Serious",1,"Serious","Pedestrian","Pedestrian","Male",23,"B","Single carriageway",30,NA,"Unknown or other","Unknown or other",427512,435835,"E01032945",1,"Not at junction or within 20 metres","Darkness - lights lit","Fine no high winds","Dry","Pedestrian"
"809","20141316D0606",2014-06-13,2014,"Jun",13,"07:55",7,55,"Friday","Slight",1,"Slight","Cyclist","Driver or rider","Male",30,"A","Single carriageway",40,"Unclassified","Not a Pedestrian","Not a Pedestrian",422114,438652,"E01011458",2,"T or staggered junction","Daylight","Fine no high winds","Dry","Cyclist"
"810","20141316D0892",2014-06-13,2014,"Jun",13,"14:12",14,12,"Friday","Slight",1,"Slight","Car occupant","Driver or rider","Male",38,"A","Dual carriageway",30,NA,"Not a Pedestrian","Not a Pedestrian",421911,441422,"E01011578",2,"Not at junction or within 20 metres","Daylight","Fine no high winds","Dry","Car occupant"
"811","20141316D1106",2014-06-13,2014,"Jun",13,"16:20",16,20,"Friday","Slight",1,"Slight","Pedestrian","Pedestrian","Female",15,"Unclassified","Single carriageway",30,"Unclassified","In carriageway, crossing elsewhere","Crossing from driver's nearside",428655,425382,"E01011535",1,"Crossroads","Daylight","Fine no high winds","Dry","Pedestrian"
"812","20141316D1188",2014-06-13,2014,"Jun",13,"16:25",16,25,"Friday","Serious",2,"Serious","Pedestrian","Pedestrian","Female",4,"Unclassified","Single carriageway",30,"Unclassified","In carriageway, crossing elsewhere","Crossing from driver's offside",433772,433538,"E01011622",1,"T or staggered junction","Daylight","Fine no high winds","Dry","Pedestrian"
"813","20141316E0183",2014-06-14,2014,"Jun",14,"02:05",2,5,"Saturday","Slight",1,"Slight","Car occupant","Driver or rider","Male",20,"Unclassified","Single carriageway",30,NA,"Not a Pedestrian","Not a Pedestrian",434298,442312,"E01011561",1,"Not at junction or within 20 metres","Darkness - no lighting","Fine no high winds","Dry","Car occupant"
"814","20141316E0873",2014-06-14,2014,"Jun",14,"13:45",13,45,"Saturday","Slight",2,"Slight","Car occupant","Driver or rider","Female",17,"A","Roundabout",30,"Unclassified","Not a Pedestrian","Not a Pedestrian",422170,441858,"E01011578",2,"Roundabout","Daylight","Fine no high winds","Dry","Car occupant"
"815","20141316E1080",2014-06-14,2014,"Jun",14,"15:23",15,23,"Saturday","Slight",1,"Slight","Car occupant","Driver or rider","Female",47,"Unclassified","Single carriageway",30,"Unclassified","Not a Pedestrian","Not a Pedestrian",431886,435596,"E01011428",2,"Crossroads","Daylight","Fine no high winds","Dry","Car occupant"
"816","20141316E1305",2014-06-14,2014,"Jun",14,"17:30",17,30,"Saturday","Slight",1,"Slight","Other vehicle occupant","Driver or rider","Female",25,"A","Roundabout",30,"A","Not a Pedestrian","Not a Pedestrian",422001,436537,"E01011591",2,"Roundabout","Daylight","Fine no high winds","Dry","Others"
"817","20141316E1528",2014-06-14,2014,"Jun",14,"19:35",19,35,"Saturday","Fatal",1,"Fatal","Pedestrian","Pedestrian","Female",1,"Unclassified","Unknown",30,NA,"Unknown or other","Unknown or other",430877,429790,"E01011473",1,"Not at junction or within 20 metres","Daylight","Fine no high winds","Dry","Pedestrian"
"818","20141316F0166",2014-06-15,2014,"Jun",15,"01:30",1,30,"Sunday","Serious",1,"Serious","Cyclist","Driver or rider","Male",19,"Unclassified","Single carriageway",30,"Unclassified","Not a Pedestrian","Not a Pedestrian",430795,438601,"E01011512",2,"Crossroads","Darkness - lights lit","Fine no high winds","Dry","Cyclist"
"819","20141316F0824",2014-06-15,2014,"Jun",15,"11:51",11,51,"Sunday","Slight",3,"Slight","Car occupant","Driver or rider","Male",21,"Unclassified","Single carriageway",30,"Unclassified","Not a Pedestrian","Not a Pedestrian",426281,432009,"E01011737",2,"T or staggered junction","Daylight","Fine no high winds","Dry","Car occupant"
"820","20141316F1155",2014-06-15,2014,"Jun",15,"15:10",15,10,"Sunday","Slight",1,"Slight","Car occupant","Passenger","Female",10,"Unclassified","Single carriageway",20,NA,"Not a Pedestrian","Not a Pedestrian",440385,433270,"E01011396",2,"Not at junction or within 20 metres","Daylight","Fine no high winds","Dry","Car occupant"
"821","20141316F1312",2014-06-15,2014,"Jun",15,"16:56",16,56,"Sunday","Slight",2,"Slight","Car occupant","Driver or rider","Female",28,"Unclassified","Single carriageway",30,NA,"Not a Pedestrian","Not a Pedestrian",425103,434043,"E01032606",2,"Not at junction or within 20 metres","Daylight","Fine no high winds","Dry","Car occupant"
"822","20141316F1497",2014-06-15,2014,"Jun",15,"18:31",18,31,"Sunday","Serious",7,"Slight","Car occupant","Driver or rider","Male",21,"C","Single carriageway",60,NA,"Not a Pedestrian","Not a Pedestrian",437306,443650,"E01011713",3,"Not at junction or within 20 metres","Daylight","Fine no high winds","Dry","Car occupant"
"823","20141316G0061",2014-06-16,2014,"Jun",16,"01:05",1,5,"Monday","Slight",2,"Slight","Car occupant","Driver or rider","Male",23,"Unclassified","Single carriageway",40,NA,"Not a Pedestrian","Not a Pedestrian",438501,436386,"E01011719",1,"Not at junction or within 20 metres","Darkness - lights lit","Fine no high winds","Dry","Car occupant"
"824","20141316G1167",2014-06-16,2014,"Jun",16,"16:43",16,43,"Monday","Serious",1,"Serious","Other vehicle occupant","Driver or rider","Male",42,"A","Single carriageway",60,"Unclassified","Not a Pedestrian","Not a Pedestrian",421306,435630,"E01011588",2,"T or staggered junction","Daylight","Fine no high winds","Dry","Others"
"825","20141316G1305",2014-06-16,2014,"Jun",16,"17:43",17,43,"Monday","Slight",1,"Slight","Cyclist","Driver or rider","Female",8,"A","Single carriageway",30,NA,"Not a Pedestrian","Not a Pedestrian",424676,434985,"E01011336",2,"Not at junction or within 20 metres","Daylight","Fine no high winds","Dry","Cyclist"
"826","20141316G1460",2014-06-16,2014,"Jun",16,"19:05",19,5,"Monday","Slight",1,"Slight","Cyclist","Driver or rider","Male",45,"Unclassified","Single carriageway",40,NA,"Not a Pedestrian","Not a Pedestrian",425189,426029,"E01011546",2,"Not at junction or within 20 metres","Daylight","Fine no high winds","Dry","Cyclist"
"827","20141316H0305",2014-06-17,2014,"Jun",17,"08:50",8,50,"Tuesday","Slight",2,"Slight","Pedestrian","Pedestrian","Female",8,"Unclassified","Single carriageway",20,NA,"In carriageway, crossing elsewhere","Crossing from nearside - masked by parked or stationary vehicle",434902,435104,"E01011667",1,"Not at junction or within 20 metres","Daylight","Fine no high winds","Dry","Pedestrian"
"828","20141316H1029",2014-06-17,2014,"Jun",17,"15:35",15,35,"Tuesday","Serious",1,"Serious","Cyclist","Driver or rider","Male",49,"A","Single carriageway",30,"Unclassified","Not a Pedestrian","Not a Pedestrian",421715,440990,"E01011578",2,"T or staggered junction","Daylight","Fine no high winds","Dry","Cyclist"
"829","20141316H1573",2014-06-17,2014,"Jun",17,"19:15",19,15,"Tuesday","Slight",1,"Slight","Cyclist","Driver or rider","Male",40,"A","Single carriageway",40,"Unclassified","Not a Pedestrian","Not a Pedestrian",426862,441321,"E01011381",2,"Private drive or entrance","Daylight","Fine no high winds","Dry","Cyclist"
"830","20141316H1777",2014-06-17,2014,"Jun",17,"19:20",19,20,"Tuesday","Slight",1,"Slight","Car occupant","Driver or rider","Male",33,"Unclassified","Single carriageway",30,NA,"Not a Pedestrian","Not a Pedestrian",420095,433546,"E01011586",2,"Not at junction or within 20 metres","Daylight","Fine no high winds","Wet or damp","Car occupant"
"831","20141316I0100",2014-06-18,2014,"Jun",18,"02:01",2,1,"Wednesday","Slight",1,"Slight","Car occupant","Driver or rider","Male",38,"Unclassified","Single carriageway",60,NA,"Not a Pedestrian","Not a Pedestrian",414746,442831,"E01011270",2,"Not at junction or within 20 metres","Darkness - no lighting","Fine no high winds","Dry","Car occupant"
"832","20141316I0229",2014-06-18,2014,"Jun",18,"07:10",7,10,"Wednesday","Slight",1,"Slight","Cyclist","Driver or rider","Male",27,"A","Dual carriageway",40,NA,"Not a Pedestrian","Not a Pedestrian",428779,433291,"E01011363",2,"Not at junction or within 20 metres","Daylight","Fine no high winds","Dry","Cyclist"
"833","20141316I0543",2014-06-18,2014,"Jun",18,"11:20",11,20,"Wednesday","Slight",1,"Slight","Car occupant","Passenger","Male",30,"Unclassified","Single carriageway",30,"Unclassified","Not a Pedestrian","Not a Pedestrian",431870,435014,"E01011677",2,"T or staggered junction","Daylight","Fine no high winds","Dry","Car occupant"