"","accident_index","date","year","month","day","time","time_hour","time_minute","day_of_week","accident_severity","number_of_casualties","casualty_severity","casualty_type","casualty_class","sex_of_casualty","age_of_casualty","first_road_class","road_type","speed_limit","second_road_class","pedestrian_location","pedestrian_movement","location_easting_osgr","location_northing_osgr","lsoa_of_accident_location","number_of_vehicles","junction_detail","light_conditions","weather_conditions","road_surface_conditions","cas_type"
"834","20141316I0598",2014-06-18,2014,"Jun",18,"11:40",11,40,"Wednesday","Slight",1,"Slight","Car occupant","Driver or rider","Male",26,"Unclassified","Single carriageway",30,"Unclassified","Not a Pedestrian","Not a Pedestrian",432306,434548,"E01011344",3,"T or staggered junction","Daylight","Unknown","Wet or damp","Car occupant"
"835","20141316I1036",2014-06-18,2014,"Jun",18,"15:45",15,45,"Wednesday","Slight",1,"Slight","Cyclist","Driver or rider","Male",37,"Unclassified","Single carriageway",30,"Unclassified","Not a Pedestrian","Not a Pedestrian",429667,434906,"E01033005",2,"T or staggered junction","Daylight","Fine no high winds","Dry","Cyclist"
"836","20141316I1500",2014-06-18,2014,"Jun",18,"18:50",18,50,"Wednesday","Slight",1,"Slight","Motorcycle over 500cc rider or passenger","Driver or rider","Male",37,"Unclassified","Roundabout",30,"Unclassified","Not a Pedestrian","Not a Pedestrian",429918,427974,"E01011494",2,"Mini-roundabout","Daylight","Fine no high winds","Dry","Motorcyclist and pillion"
"837","20141316I1528",2014-06-18,2014,"Jun",18,"20:00",20,0,"Wednesday","Serious",2,"Serious","Car occupant","Passenger","Male",23,"A","Roundabout",40,"Unclassified","Not a Pedestrian","Not a Pedestrian",430556,431179,"E01011468",1,"Roundabout","Daylight","Fine no high winds","Dry","Car occupant"
"838","20141316J0341",2014-06-19,2014,"Jun",19,"08:30",8,30,"Thursday","Slight",2,"Slight","Car occupant","Driver or rider","Female",41,"A(M)","Dual carriageway",70,NA,"Not a Pedestrian","Not a Pedestrian",443470,438447,"E01011309",4,"Not at junction or within 20 metres","Daylight","Fine no high winds","Dry","Car occupant"
"839","20141316J0383",2014-06-19,2014,"Jun",19,"09:00",9,0,"Thursday","Slight",1,"Slight","Cyclist","Driver or rider","Female",24,"Unclassified","Single carriageway",30,"Unclassified","Not a Pedestrian","Not a Pedestrian",428199,435292,"E01011446",2,"T or staggered junction","Daylight","Fine no high winds","Dry","Cyclist"
"840","20141316J0483",2014-06-19,2014,"Jun",19,"10:15",10,15,"Thursday","Slight",1,"Slight","Cyclist","Driver or rider","Male",23,"Unclassified","Single carriageway",30,"Unclassified","Not a Pedestrian","Not a Pedestrian",431171,433649,"E01033021",2,"Private drive or entrance","Daylight","Fine no high winds","Dry","Cyclist"
"841","20141316J0597",2014-06-19,2014,"Jun",19,"11:20",11,20,"Thursday","Slight",2,"Slight","Car occupant","Driver or rider","Female",59,"Unclassified","Single carriageway",30,"Unclassified","Not a Pedestrian","Not a Pedestrian",424347,438785,"E01011459",2,"T or staggered junction","Daylight","Fine no high winds","Dry","Car occupant"
"842","20141316J0926",2014-06-19,2014,"Jun",19,"14:25",14,25,"Thursday","Slight",2,"Slight","Car occupant","Driver or rider","Female",24,"A","Roundabout",30,"Unclassified","Not a Pedestrian","Not a Pedestrian",428506,431667,"E01011366",2,"Roundabout","Daylight","Fine no high winds","Dry","Car occupant"
"843","20141316J1117",2014-06-19,2014,"Jun",19,"15:59",15,59,"Thursday","Slight",1,"Slight","Cyclist","Driver or rider","Male",15,"Unclassified","Single carriageway",30,"Unclassified","Not a Pedestrian","Not a Pedestrian",431639,437404,"E01011641",2,"T or staggered junction","Daylight","Fine no high winds","Dry","Cyclist"
"844","20141316J1356",2014-06-19,2014,"Jun",19,"17:35",17,35,"Thursday","Slight",1,"Slight","Cyclist","Driver or rider","Male",22,"Unclassified","Single carriageway",30,"Unclassified","Not a Pedestrian","Not a Pedestrian",430854,435446,"E01011361",2,"T or staggered junction","Daylight","Fine no high winds","Dry","Cyclist"
"845","20141316J1367",2014-06-19,2014,"Jun",19,"17:40",17,40,"Thursday","Slight",1,"Slight","Cyclist","Driver or rider","Male",35,"A","Single carriageway",40,NA,"Not a Pedestrian","Not a Pedestrian",427833,430807,"E01011369",2,"Not at junction or within 20 metres","Daylight","Fine no high winds","Dry","Cyclist"
"846","20141316J1648",2014-06-19,2014,"Jun",19,"20:00",20,0,"Thursday","Slight",1,"Slight","Motorcycle 125cc and under rider or passenger","Driver or rider","Male",19,"Unclassified","Single carriageway",30,NA,"Not a Pedestrian","Not a Pedestrian",421742,440783,"E01011580",2,"Not at junction or within 20 metres","Daylight","Fine no high winds","Dry","Motorcyclist and pillion"
"847","20141316K0365",2014-06-20,2014,"Jun",20,"08:40",8,40,"Friday","Slight",3,"Slight","Car occupant","Driver or rider","Female",38,"Unclassified","Single carriageway",30,"A","Not a Pedestrian","Not a Pedestrian",423844,434273,"E01011608",2,"Other junction","Daylight","Fine no high winds","Dry","Car occupant"
"848","20141316K1126",2014-06-20,2014,"Jun",20,"15:40",15,40,"Friday","Slight",1,"Slight","Motorcycle 50cc and under rider or passenger","Driver or rider","Male",16,"A","Single carriageway",40,"Unclassified","Not a Pedestrian","Not a Pedestrian",426590,428707,"E01011531",2,"T or staggered junction","Daylight","Fine no high winds","Dry","Motorcyclist and pillion"
"849","20141316K1653",2014-06-20,2014,"Jun",20,"17:30",17,30,"Friday","Slight",1,"Slight","Taxi/Private hire car occupant","Passenger","Female",54,"Unclassified","One way street",30,NA,"Not a Pedestrian","Not a Pedestrian",429804,433477,"E01033016",1,"Not at junction or within 20 metres","Daylight","Fine no high winds","Dry","Car occupant"
"850","20141316K1381",2014-06-20,2014,"Jun",20,"17:35",17,35,"Friday","Serious",1,"Serious","Cyclist","Driver or rider","Male",60,"A","Single carriageway",30,"Unclassified","Not a Pedestrian","Not a Pedestrian",431343,435059,"E01011429",2,"T or staggered junction","Daylight","Fine no high winds","Dry","Cyclist"
"851","20141316K1402",2014-06-20,2014,"Jun",20,"17:35",17,35,"Friday","Slight",1,"Slight","Cyclist","Driver or rider","Female",32,"A","Roundabout",30,"A","Not a Pedestrian","Not a Pedestrian",439322,432428,"E01011402",2,"Roundabout","Daylight","Fine no high winds","Dry","Cyclist"
"852","20141316K1970",2014-06-20,2014,"Jun",20,"22:10",22,10,"Friday","Serious",1,"Serious","Motorcycle 125cc and under rider or passenger","Driver or rider","Male",29,"Unclassified","Unknown",30,NA,"Not a Pedestrian","Not a Pedestrian",423622,435523,"E01011330",1,"Not at junction or within 20 metres","Darkness - lights unlit","Fine no high winds","Wet or damp","Motorcyclist and pillion"
"853","20141316L0376",2014-06-21,2014,"Jun",21,"06:40",6,40,"Saturday","Slight",4,"Slight","Car occupant","Driver or rider","Female",56,"A","Single carriageway",30,"Unclassified","Not a Pedestrian","Not a Pedestrian",431447,431585,"E01011468",2,"T or staggered junction","Daylight","Fine no high winds","Dry","Car occupant"
"854","20141316L0776",2014-06-21,2014,"Jun",21,"12:35",12,35,"Saturday","Slight",1,"Slight","Mobility scooter rider","Driver or rider","Female",35,"A","Single carriageway",30,NA,"Not a Pedestrian","Not a Pedestrian",426101,428271,"E01011525",1,"Not at junction or within 20 metres","Daylight","Fine no high winds","Dry","Others"
"855","20141316L1103",2014-06-21,2014,"Jun",21,"15:34",15,34,"Saturday","Slight",2,"Slight","Car occupant","Driver or rider","Male",26,"A","Dual carriageway",30,NA,"Not a Pedestrian","Not a Pedestrian",428775,433800,"E01011678",1,"Not at junction or within 20 metres","Daylight","Fine no high winds","Dry","Car occupant"
"856","20141316L1202",2014-06-21,2014,"Jun",21,"20:50",20,50,"Saturday","Slight",2,"Slight","Car occupant","Driver or rider","Male",26,"A(M)","Dual carriageway",70,NA,"Not a Pedestrian","Not a Pedestrian",444964,432021,"E01011299",1,"Not at junction or within 20 metres","Daylight","Fine no high winds","Dry","Car occupant"
"857","20141316L1760",2014-06-21,2014,"Jun",21,"21:06",21,6,"Saturday","Slight",1,"Slight","Car occupant","Driver or rider","Female",25,"Unclassified","Single carriageway",30,"Unclassified","Not a Pedestrian","Not a Pedestrian",434344,428716,"E01011629",3,"T or staggered junction","Darkness - lights lit","Fine no high winds","Dry","Car occupant"
"858","20141316G1296",2014-06-22,2014,"Jun",22,"08:15",8,15,"Sunday","Slight",1,"Slight","Cyclist","Driver or rider","Male",35,"A","Single carriageway",40,"Unclassified","Not a Pedestrian","Not a Pedestrian",429739,425638,"E01011538",2,"T or staggered junction","Daylight","Fine no high winds","Dry","Cyclist"
"859","20141316M0522",2014-06-22,2014,"Jun",22,"09:26",9,26,"Sunday","Serious",1,"Serious","Motorcycle over 500cc rider or passenger","Driver or rider","Male",46,"Unclassified","One way street",60,"Unclassified","Not a Pedestrian","Not a Pedestrian",421464,442068,"E01011264",1,"T or staggered junction","Daylight","Fine no high winds","Dry","Motorcyclist and pillion"
"860","20141316M0684",2014-06-22,2014,"Jun",22,"11:20",11,20,"Sunday","Serious",1,"Serious","Cyclist","Driver or rider","Male",48,"Unclassified","Single carriageway",60,NA,"Not a Pedestrian","Not a Pedestrian",428920,444175,"E01011576",1,"Not at junction or within 20 metres","Daylight","Fine no high winds","Dry","Cyclist"
"861","20141316N0335",2014-06-23,2014,"Jun",23,"08:50",8,50,"Monday","Slight",2,"Slight","Car occupant","Driver or rider","Female",29,"A","Single carriageway",40,"Unclassified","Not a Pedestrian","Not a Pedestrian",422945,443102,"E01032503",2,"Crossroads","Daylight","Fine no high winds","Dry","Car occupant"
"862","20141316N0538",2014-06-23,2014,"Jun",23,"10:45",10,45,"Monday","Slight",1,"Slight","Car occupant","Driver or rider","Female",32,"A","Dual carriageway",40,"Unclassified","Not a Pedestrian","Not a Pedestrian",425641,434241,"E01011283",2,"Crossroads","Daylight","Fine no high winds","Dry","Car occupant"
"863","20141316N1001",2014-06-23,2014,"Jun",23,"15:00",15,0,"Monday","Slight",1,"Slight","Car occupant","Driver or rider","Male",23,"A","Single carriageway",40,NA,"Not a Pedestrian","Not a Pedestrian",426453,431721,"E01011734",2,"Not at junction or within 20 metres","Daylight","Fine no high winds","Dry","Car occupant"
"864","20141316N1103",2014-06-23,2014,"Jun",23,"15:55",15,55,"Monday","Slight",1,"Slight","Pedestrian","Pedestrian","Male",79,"A","Dual carriageway",40,NA,"In carriageway, crossing elsewhere","Crossing from offside - masked by  parked or stationary vehicle",433032,436091,"E01011648",1,"Not at junction or within 20 metres","Daylight","Fine no high winds","Dry","Pedestrian"
"865","20141316Q0336",2014-06-23,2014,"Jun",23,"17:00",17,0,"Monday","Slight",1,"Slight","Motorcycle 125cc and under rider or passenger","Driver or rider","Female",31,"Unclassified","Single carriageway",30,NA,"Not a Pedestrian","Not a Pedestrian",427718,434713,"E01011483",2,"Not at junction or within 20 metres","Daylight","Fine no high winds","Dry","Motorcyclist and pillion"
"866","20141316N1435",2014-06-23,2014,"Jun",23,"18:29",18,29,"Monday","Slight",1,"Slight","Car occupant","Driver or rider","Female",33,"Unclassified","Single carriageway",30,NA,"Not a Pedestrian","Not a Pedestrian",422711,433540,"E01011610",2,"Not at junction or within 20 metres","Daylight","Fine no high winds","Dry","Car occupant"
"867","20141316O0806",2014-06-24,2014,"Jun",24,"13:15",13,15,"Tuesday","Slight",1,"Slight","Pedestrian","Pedestrian","Female",20,"Unclassified","Single carriageway",30,NA,"Crossing on pedestrian crossing facility","Crossing from driver's nearside",430403,433667,"E01033010",1,"Not at junction or within 20 metres","Daylight","Fine no high winds","Dry","Pedestrian"
"868","20141316O0983",2014-06-24,2014,"Jun",24,"14:52",14,52,"Tuesday","Serious",1,"Serious","Pedestrian","Pedestrian","Male",13,"A","Single carriageway",40,NA,"Crossing on pedestrian crossing facility","Crossing from nearside - masked by parked or stationary vehicle",420642,434367,"E01011595",1,"Not at junction or within 20 metres","Daylight","Fine no high winds","Dry","Pedestrian"
"869","20141316O1003",2014-06-24,2014,"Jun",24,"15:00",15,0,"Tuesday","Slight",1,"Slight","Pedestrian","Pedestrian","Male",17,"Unclassified","Single carriageway",30,NA,"In carriageway, crossing elsewhere","Crossing from driver's nearside",430743,438149,"E01011516",1,"Not at junction or within 20 metres","Daylight","Fine no high winds","Dry","Pedestrian"
"870","20141316O1544",2014-06-24,2014,"Jun",24,"15:44",15,44,"Tuesday","Slight",1,"Slight","Car occupant","Driver or rider","Female",40,"Unclassified","Single carriageway",30,"Unclassified","Not a Pedestrian","Not a Pedestrian",429107,436250,"E01011450",2,"T or staggered junction","Daylight","Fine no high winds","Dry","Car occupant"
"871","20141316O1348",2014-06-24,2014,"Jun",24,"17:55",17,55,"Tuesday","Slight",1,"Slight","Car occupant","Passenger","Female",26,"Unclassified","Single carriageway",20,"Unclassified","Not a Pedestrian","Not a Pedestrian",428198,435026,"E01011447",2,"Crossroads","Daylight","Fine no high winds","Dry","Car occupant"
"872","20141316P0315",2014-06-24,2014,"Jun",24,"18:10",18,10,"Tuesday","Serious",1,"Serious","Cyclist","Driver or rider","Male",37,"Unclassified","Single carriageway",30,NA,"Not a Pedestrian","Not a Pedestrian",431068,430340,"E01011473",2,"Not at junction or within 20 metres","Daylight","Unknown","Wet or damp","Cyclist"
"873","20141316O1406",2014-06-24,2014,"Jun",24,"18:27",18,27,"Tuesday","Slight",1,"Slight","Cyclist","Driver or rider","Male",40,"A","Single carriageway",30,"Unclassified","Not a Pedestrian","Not a Pedestrian",427742,436438,"E01011435",2,"Crossroads","Daylight","Fine no high winds","Dry","Cyclist"
"874","20141316P0761",2014-06-25,2014,"Jun",25,"12:10",12,10,"Wednesday","Slight",1,"Slight","Bus or coach occupant (17 or more pass seats)","Passenger","Male",90,"Unclassified","Single carriageway",30,NA,"Not a Pedestrian","Not a Pedestrian",425538,434165,"E01032499",1,"Not at junction or within 20 metres","Daylight","Fine no high winds","Dry","Bus and goods vehicle occupant"
"875","20141316P0639",2014-06-25,2014,"Jun",25,"12:30",12,30,"Wednesday","Slight",2,"Slight","Car occupant","Passenger","Female",5,"A","Single carriageway",30,NA,"Not a Pedestrian","Not a Pedestrian",428139,431163,"E01011369",3,"Not at junction or within 20 metres","Daylight","Fine no high winds","Dry","Car occupant"
"876","20141316P1262",2014-06-25,2014,"Jun",25,"17:10",17,10,"Wednesday","Slight",1,"Slight","Cyclist","Driver or rider","Male",29,"Unclassified","Single carriageway",30,"Unclassified","Not a Pedestrian","Not a Pedestrian",443311,436325,"E01011297",2,"Private drive or entrance","Daylight","Fine no high winds","Dry","Cyclist"
"877","20141316P1547",2014-06-25,2014,"Jun",25,"17:35",17,35,"Wednesday","Slight",1,"Slight","Cyclist","Driver or rider","Male",35,"A","Single carriageway",30,"A","Not a Pedestrian","Not a Pedestrian",431960,430731,"E01011468",2,"Crossroads","Daylight","Fine no high winds","Dry","Cyclist"
"878","20141316P1567",2014-06-25,2014,"Jun",25,"18:00",18,0,"Wednesday","Slight",1,"Slight","Bus or coach occupant (17 or more pass seats)","Passenger","Male",22,"Unclassified","One way street",30,NA,"Not a Pedestrian","Not a Pedestrian",430032,433375,"E01033010",1,"Not at junction or within 20 metres","Daylight","Fine no high winds","Dry","Bus and goods vehicle occupant"
"879","20141316P1888",2014-06-25,2014,"Jun",25,"22:45",22,45,"Wednesday","Slight",1,"Slight","Car occupant","Passenger","Male",15,"A","Single carriageway",40,"Unclassified","Not a Pedestrian","Not a Pedestrian",435730,436943,"E01011720",2,"T or staggered junction","Darkness - lights lit","Fine no high winds","Dry","Car occupant"
"880","20141316Q0306",2014-06-26,2014,"Jun",26,"08:35",8,35,"Thursday","Slight",1,"Slight","Car occupant","Driver or rider","Male",57,"Motorway","Dual carriageway",70,NA,"Not a Pedestrian","Not a Pedestrian",424406,427816,"E01011523",2,"Not at junction or within 20 metres","Daylight","Fine no high winds","Dry","Car occupant"
"881","20141316Q0597",2014-06-26,2014,"Jun",26,"11:40",11,40,"Thursday","Serious",1,"Serious","Pedestrian","Pedestrian","Male",81,"Unclassified","Single carriageway",30,NA,"In carriageway, crossing elsewhere","Unknown or other",426523,433392,"E01032607",1,"Not at junction or within 20 metres","Daylight","Fine no high winds","Dry","Pedestrian"
"882","20141316Q0630",2014-06-26,2014,"Jun",26,"12:06",12,6,"Thursday","Slight",1,"Slight","Car occupant","Passenger","Female",62,"Unclassified","Single carriageway",30,NA,"Not a Pedestrian","Not a Pedestrian",422954,438036,"E01011461",1,"Not at junction or within 20 metres","Daylight","Fine no high winds","Dry","Car occupant"
"883","20141316Q0922",2014-06-26,2014,"Jun",26,"14:15",14,15,"Thursday","Slight",2,"Slight","Bus or coach occupant (17 or more pass seats)","Passenger","Male",72,"B","Single carriageway",30,"Unclassified","Not a Pedestrian","Not a Pedestrian",422047,434278,"E01011587",2,"T or staggered junction","Daylight","Fine no high winds","Dry","Bus and goods vehicle occupant"
"884","20141316Q1758",2014-06-26,2014,"Jun",26,"21:40",21,40,"Thursday","Slight",1,"Slight","Pedestrian","Pedestrian","Male",66,"Unclassified","Single carriageway",30,NA,"In carriageway, crossing elsewhere","Crossing from driver's nearside",422420,433529,"E01011612",1,"Not at junction or within 20 metres","Darkness - lights lit","Fine no high winds","Dry","Pedestrian"
"885","20141316R0181",2014-06-27,2014,"Jun",27,"05:40",5,40,"Friday","Slight",1,"Slight","Other vehicle occupant","Driver or rider","Female",50,"Unclassified","Single carriageway",40,NA,"Not a Pedestrian","Not a Pedestrian",420015,435473,"E01011590",1,"Not at junction or within 20 metres","Daylight","Fine no high winds","Dry","Others"
"886","20141316R0235",2014-06-27,2014,"Jun",27,"07:43",7,43,"Friday","Slight",1,"Slight","Car occupant","Passenger","Female",35,"A","Single carriageway",30,"A","Not a Pedestrian","Not a Pedestrian",424848,427545,"E01011530",2,"Crossroads","Daylight","Fine no high winds","Dry","Car occupant"
"887","2014131721208",2014-06-27,2014,"Jun",27,"08:45",8,45,"Friday","Slight",3,"Slight","Car occupant","Driver or rider","Male",35,"A","Dual carriageway",30,NA,"Not a Pedestrian","Not a Pedestrian",430202,431991,"E01011364",2,"Not at junction or within 20 metres","Daylight","Fine no high winds","Dry","Car occupant"
"888","20141316R0391",2014-06-27,2014,"Jun",27,"10:00",10,0,"Friday","Slight",1,"Slight","Car occupant","Driver or rider","Female",43,"A","Dual carriageway",40,"Unclassified","Not a Pedestrian","Not a Pedestrian",433346,432199,"E01011621",2,"Crossroads","Daylight","Fine no high winds","Dry","Car occupant"
"889","20141316R0436",2014-06-27,2014,"Jun",27,"10:15",10,15,"Friday","Slight",1,"Slight","Car occupant","Driver or rider","Male",77,"B","Single carriageway",30,NA,"Not a Pedestrian","Not a Pedestrian",425420,433192,"E01011725",2,"Not at junction or within 20 metres","Daylight","Raining no high winds","Wet or damp","Car occupant"
"890","20141316R0739",2014-06-27,2014,"Jun",27,"13:25",13,25,"Friday","Slight",2,"Slight","Car occupant","Driver or rider","Female",25,"Unclassified","Single carriageway",30,NA,"Not a Pedestrian","Not a Pedestrian",436283,434708,"E01011408",2,"Not at junction or within 20 metres","Daylight","Fine no high winds","Dry","Car occupant"
"891","20141316S0738",2014-06-27,2014,"Jun",27,"14:30",14,30,"Friday","Slight",2,"Slight","Van / Goods vehicle (3.5 tonnes mgw or under) occupant","Driver or rider","Male",39,"Unclassified","Single carriageway",30,"Unclassified","Not a Pedestrian","Not a Pedestrian",430550,431065,"E01011468",2,"T or staggered junction","Daylight","Fine no high winds","Dry","Bus and goods vehicle occupant"
"892","20141316S0004",2014-06-28,2014,"Jun",28,"00:01",0,1,"Saturday","Slight",1,"Slight","Pedestrian","Pedestrian","Male",23,"Unclassified","Single carriageway",30,"Unclassified","In carriageway, crossing elsewhere","Crossing from driver's offside",431040,431373,"E01011467",1,"Crossroads","Darkness - lights lit","Raining no high winds","Wet or damp","Pedestrian"
"893","20141316S0270",2014-06-28,2014,"Jun",28,"03:10",3,10,"Saturday","Slight",3,"Slight","Taxi/Private hire car occupant","Passenger","Female",18,"Unclassified","Single carriageway",30,NA,"Not a Pedestrian","Not a Pedestrian",427549,433883,"E01011284",1,"Not at junction or within 20 metres","Darkness - lighting unknown","Raining no high winds","Wet or damp","Car occupant"
"894","20141316S0273",2014-06-28,2014,"Jun",28,"04:05",4,5,"Saturday","Slight",1,"Slight","Pedestrian","Pedestrian","Male",26,"A","Dual carriageway",30,NA,"Crossing on pedestrian crossing facility","Crossing from driver's offside",430788,433328,"E01033011",1,"Not at junction or within 20 metres","Daylight","Fine no high winds","Wet or damp","Pedestrian"
"895","20141316S0330",2014-06-28,2014,"Jun",28,"06:09",6,9,"Saturday","Slight",1,"Slight","Car occupant","Driver or rider","Male",51,"Motorway","Slip road",50,NA,"Not a Pedestrian","Not a Pedestrian",431819,430458,"E01011469",1,"Not at junction or within 20 metres","Daylight","Fine no high winds","Wet or damp","Car occupant"
"896","20141316S0368",2014-06-28,2014,"Jun",28,"07:28",7,28,"Saturday","Slight",2,"Slight","Car occupant","Driver or rider","Male",65,"Unclassified","Single carriageway",30,"Unclassified","Not a Pedestrian","Not a Pedestrian",428996,429625,"E01011322",2,"T or staggered junction","Daylight","Fine no high winds","Wet or damp","Car occupant"
"897","20141316S0543",2014-06-28,2014,"Jun",28,"10:25",10,25,"Saturday","Serious",1,"Serious","Pedestrian","Pedestrian","Female",76,"A","Dual carriageway",50,NA,"In carriageway, crossing elsewhere","Crossing from driver's nearside",439764,433146,"E01011399",1,"Not at junction or within 20 metres","Daylight","Raining no high winds","Wet or damp","Pedestrian"
"898","20141316S0581",2014-06-28,2014,"Jun",28,"10:31",10,31,"Saturday","Slight",1,"Slight","Bus or coach occupant (17 or more pass seats)","Passenger","Female",74,"Unclassified","One way street",30,NA,"Not a Pedestrian","Not a Pedestrian",430073,433865,"E01033010",1,"Not at junction or within 20 metres","Daylight","Unknown","Dry","Bus and goods vehicle occupant"
"899","20141316S0911",2014-06-28,2014,"Jun",28,"12:00",12,0,"Saturday","Serious",1,"Serious","Bus or coach occupant (17 or more pass seats)","Passenger","Female",64,"Unclassified","Single carriageway",30,"Unclassified","Not a Pedestrian","Not a Pedestrian",434989,436890,"E01011657",1,"T or staggered junction","Daylight","Raining no high winds","Wet or damp","Bus and goods vehicle occupant"
"900","20141316S1054",2014-06-28,2014,"Jun",28,"17:15",17,15,"Saturday","Slight",1,"Slight","Motorcycle 125cc and under rider or passenger","Driver or rider","Female",22,"Unclassified","Single carriageway",30,"Unclassified","Not a Pedestrian","Not a Pedestrian",436725,435052,"E01011406",2,"T or staggered junction","Daylight","Fine no high winds","Wet or damp","Motorcyclist and pillion"
"901","20141316T0280",2014-06-29,2014,"Jun",29,"00:01",0,1,"Sunday","Slight",1,"Slight","Car occupant","Driver or rider","Male",71,"A","Single carriageway",30,NA,"Not a Pedestrian","Not a Pedestrian",431574,435204,"E01011429",5,"Not at junction or within 20 metres","Darkness - lights lit","Fine no high winds","Dry","Car occupant"
"902","20141316T0270",2014-06-29,2014,"Jun",29,"03:15",3,15,"Sunday","Slight",2,"Slight","Car occupant","Passenger","Male",20,"Unclassified","Single carriageway",30,NA,"Not a Pedestrian","Not a Pedestrian",432486,438750,"E01011653",2,"Not at junction or within 20 metres","Darkness - lights lit","Fine no high winds","Dry","Car occupant"
"903","20141316T0960",2014-06-29,2014,"Jun",29,"15:24",15,24,"Sunday","Serious",1,"Serious","Car occupant","Driver or rider","Male",44,"A","Single carriageway",60,NA,"Not a Pedestrian","Not a Pedestrian",443104,433190,"E01011298",1,"Not at junction or within 20 metres","Daylight","Fine no high winds","Dry","Car occupant"
"904","20141316T1231",2014-06-29,2014,"Jun",29,"17:11",17,11,"Sunday","Slight",1,"Slight","Cyclist","Driver or rider","Male",13,"Unclassified","Single carriageway",30,NA,"Not a Pedestrian","Not a Pedestrian",430460,428413,"E01032497",2,"Not at junction or within 20 metres","Daylight","Fine no high winds","Dry","Cyclist"
"905","20141316T1261",2014-06-29,2014,"Jun",29,"18:20",18,20,"Sunday","Slight",2,"Slight","Car occupant","Driver or rider","Female",34,"Unclassified","Single carriageway",30,"Unclassified","Not a Pedestrian","Not a Pedestrian",429117,434196,"E01011678",2,"T or staggered junction","Daylight","Fine no high winds","Dry","Car occupant"
"906","20141316T1425",2014-06-29,2014,"Jun",29,"19:50",19,50,"Sunday","Slight",1,"Slight","Pedestrian","Pedestrian","Male",8,"Unclassified","Single carriageway",30,"Unclassified","In carriageway, crossing elsewhere","Crossing from driver's nearside",429809,431159,"E01011372",1,"T or staggered junction","Daylight","Fine no high winds","Dry","Pedestrian"
"907","20141316T1665",2014-06-29,2014,"Jun",29,"22:42",22,42,"Sunday","Slight",1,"Slight","Pedestrian","Pedestrian","Female",35,"Unclassified","Single carriageway",30,NA,"In carriageway, not crossing","In carriageway, stationary - not crossing  (standing or playing) - masked by parked or stationary vehicle",434861,436504,"E01011660",1,"Not at junction or within 20 metres","Darkness - lights lit","Fine no high winds","Dry","Pedestrian"
"908","20141316U0349",2014-06-30,2014,"Jun",30,"08:45",8,45,"Monday","Slight",1,"Slight","Car occupant","Passenger","Male",29,"Motorway","Dual carriageway",70,NA,"Not a Pedestrian","Not a Pedestrian",434993,425885,"E01011636",4,"Not at junction or within 20 metres","Daylight","Fine no high winds","Dry","Car occupant"
"909","20141316U0382",2014-06-30,2014,"Jun",30,"09:08",9,8,"Monday","Slight",1,"Slight","Pedestrian","Pedestrian","Female",11,"Unclassified","Single carriageway",30,"Unclassified","On footway or verge","Unknown or other",425661,434919,"E01011281",2,"T or staggered junction","Daylight","Fine no high winds","Dry","Pedestrian"
"910","20141316U0766",2014-06-30,2014,"Jun",30,"12:00",12,0,"Monday","Slight",1,"Slight","Bus or coach occupant (17 or more pass seats)","Passenger","Male",33,"Unclassified","Single carriageway",30,"Unclassified","Not a Pedestrian","Not a Pedestrian",430414,433725,"E01033010",1,"Crossroads","Daylight","Fine no high winds","Dry","Bus and goods vehicle occupant"
"911","20141316U0749",2014-06-30,2014,"Jun",30,"13:00",13,0,"Monday","Slight",1,"Slight","Car occupant","Driver or rider","Male",84,"Unclassified","Roundabout",30,"Unclassified","Not a Pedestrian","Not a Pedestrian",440425,448058,"E01011704",2,"Roundabout","Daylight","Fine no high winds","Dry","Car occupant"
"912","20141316U0838",2014-06-30,2014,"Jun",30,"13:45",13,45,"Monday","Serious",1,"Serious","Pedestrian","Pedestrian","Female",48,"Unclassified","Dual carriageway",30,"Unclassified","Crossing on pedestrian crossing facility","Crossing from driver's nearside",431024,433517,"E01033011",1,"Crossroads","Daylight","Fine no high winds","Dry","Pedestrian"
"913","20141316U0812",2014-06-30,2014,"Jun",30,"15:20",15,20,"Monday","Slight",1,"Slight","Cyclist","Driver or rider","Male",35,"A","Single carriageway",30,"Unclassified","Not a Pedestrian","Not a Pedestrian",432071,431120,"E01011468",2,"Crossroads","Daylight","Fine no high winds","Dry","Cyclist"
"914","20141316U1674",2014-06-30,2014,"Jun",30,"17:30",17,30,"Monday","Slight",1,"Slight","Pedestrian","Pedestrian","Male",8,"Unclassified","Single carriageway",30,"Unclassified","In carriageway, crossing elsewhere","Crossing from driver's offside",436438,427247,"E01011635",1,"T or staggered junction","Daylight","Fine no high winds","Dry","Pedestrian"
"915","20141316U1629",2014-06-30,2014,"Jun",30,"19:49",19,49,"Monday","Serious",1,"Serious","Pedestrian","Pedestrian","Female",52,"A","Single carriageway",30,NA,"In carriageway, crossing elsewhere","Crossing from driver's offside",430093,431305,"E01011371",1,"Not at junction or within 20 metres","Daylight","Fine no high winds","Dry","Pedestrian"
"916","2014131710386",2014-07-01,2014,"Jul",1,"08:10",8,10,"Tuesday","Slight",1,"Slight","Car occupant","Driver or rider","Female",32,"A","Single carriageway",40,"Unclassified","Not a Pedestrian","Not a Pedestrian",424924,430924,"E01011728",2,"T or staggered junction","Daylight","Fine no high winds","Dry","Car occupant"