"","accident_index","date","year","month","day","time","time_hour","time_minute","day_of_week","accident_severity","number_of_casualties","casualty_severity","casualty_type","casualty_class","sex_of_casualty","age_of_casualty","first_road_class","road_type","speed_limit","second_road_class","pedestrian_location","pedestrian_movement","location_easting_osgr","location_northing_osgr","lsoa_of_accident_location","number_of_vehicles","junction_detail","light_conditions","weather_conditions","road_surface_conditions","cas_type"
"917","2014131710459",2014-07-01,2014,"Jul",1,"10:10",10,10,"Tuesday","Slight",1,"Slight","Pedestrian","Pedestrian","Female",75,"Unclassified","Single carriageway",20,NA,"Crossing on pedestrian crossing facility","Crossing from driver's nearside",430375,433496,"E01033011",1,"Not at junction or within 20 metres","Daylight","Fine no high winds","Dry","Pedestrian"
"918","2014131710740",2014-07-01,2014,"Jul",1,"12:50",12,50,"Tuesday","Slight",1,"Slight","Car occupant","Passenger","Female",23,"A","Dual carriageway",40,"A","Not a Pedestrian","Not a Pedestrian",436161,427825,"E01011635",2,"Roundabout","Daylight","Fine no high winds","Dry","Car occupant"
"919","2014131710835",2014-07-01,2014,"Jul",1,"13:40",13,40,"Tuesday","Serious",1,"Serious","Cyclist","Driver or rider","Male",26,"A","Single carriageway",30,"Unclassified","Not a Pedestrian","Not a Pedestrian",428460,435707,"E01032946",2,"T or staggered junction","Daylight","Fine no high winds","Dry","Cyclist"
"920","2014131711647",2014-07-01,2014,"Jul",1,"20:10",20,10,"Tuesday","Serious",1,"Serious","Car occupant","Driver or rider","Female",67,"A","Single carriageway",50,"Unclassified","Not a Pedestrian","Not a Pedestrian",435362,439519,"E01011311",2,"T or staggered junction","Daylight","Fine no high winds","Dry","Car occupant"
"921","2014131720475",2014-07-02,2014,"Jul",2,"07:50",7,50,"Wednesday","Slight",1,"Slight","Car occupant","Driver or rider","Female",29,"A","Dual carriageway",30,NA,"Not a Pedestrian","Not a Pedestrian",430837,434002,"E01033031",2,"Not at junction or within 20 metres","Daylight","Fine no high winds","Dry","Car occupant"
"922","2014131720309",2014-07-02,2014,"Jul",2,"08:50",8,50,"Wednesday","Slight",3,"Slight","Car occupant","Driver or rider","Female",43,"A","Single carriageway",50,"Unclassified","Not a Pedestrian","Not a Pedestrian",428987,426335,"E01011538",2,"T or staggered junction","Daylight","Fine no high winds","Dry","Car occupant"
"923","2014131720356",2014-07-02,2014,"Jul",2,"09:16",9,16,"Wednesday","Serious",1,"Serious","Cyclist","Driver or rider","Male",50,"Unclassified","Single carriageway",30,"Unclassified","Not a Pedestrian","Not a Pedestrian",430340,433391,"E01033010",2,"Crossroads","Daylight","Fine no high winds","Dry","Cyclist"
"924","2014131720856",2014-07-02,2014,"Jul",2,"13:42",13,42,"Wednesday","Slight",1,"Slight","Car occupant","Passenger","Male",31,"Unclassified","Single carriageway",30,"Unclassified","Not a Pedestrian","Not a Pedestrian",427168,435276,"E01011480",2,"T or staggered junction","Daylight","Fine no high winds","Dry","Car occupant"
"925","2014131721377",2014-07-02,2014,"Jul",2,"16:50",16,50,"Wednesday","Slight",1,"Slight","Cyclist","Driver or rider","Female",57,"A","Roundabout",30,"Unclassified","Not a Pedestrian","Not a Pedestrian",425158,437877,"E01011464",2,"Roundabout","Daylight","Fine no high winds","Dry","Cyclist"
"926","2014131730421",2014-07-03,2014,"Jul",3,"09:45",9,45,"Thursday","Slight",3,"Slight","Car occupant","Driver or rider","Male",68,"A","Dual carriageway",70,NA,"Not a Pedestrian","Not a Pedestrian",428446,427378,"E01011540",2,"Not at junction or within 20 metres","Daylight","Fine no high winds","Dry","Car occupant"
"927","2014131731095",2014-07-03,2014,"Jul",3,"12:00",12,0,"Thursday","Slight",1,"Slight","Car occupant","Driver or rider","Female",36,"A","Dual carriageway",60,"Unclassified","Not a Pedestrian","Not a Pedestrian",421138,434185,"E01011599",2,"Slip road","Daylight","Fine no high winds","Dry","Car occupant"
"928","2014131730978",2014-07-03,2014,"Jul",3,"15:06",15,6,"Thursday","Serious",1,"Serious","Pedestrian","Pedestrian","Male",3,"Unclassified","Single carriageway",30,NA,"On footway or verge","Unknown or other",432501,435437,"E01011430",2,"Not at junction or within 20 metres","Daylight","Fine no high winds","Dry","Pedestrian"
"929","2014131731556",2014-07-03,2014,"Jul",3,"19:06",19,6,"Thursday","Slight",1,"Slight","Pedestrian","Pedestrian","Male",11,"Unclassified","Single carriageway",30,NA,"In carriageway, crossing elsewhere","Crossing from driver's offside",432734,436328,"E01011646",1,"Not at junction or within 20 metres","Daylight","Fine no high winds","Dry","Pedestrian"
"930","2014131731550",2014-07-03,2014,"Jul",3,"19:18",19,18,"Thursday","Slight",3,"Slight","Car occupant","Passenger","Female",15,"A","Single carriageway",40,"Unclassified","Not a Pedestrian","Not a Pedestrian",424017,437717,"E01011462",2,"T or staggered junction","Daylight","Fine no high winds","Dry","Car occupant"
"931","2014131731613",2014-07-03,2014,"Jul",3,"19:30",19,30,"Thursday","Serious",1,"Serious","Pedestrian","Pedestrian","Male",71,"A","Single carriageway",30,"Unclassified","In carriageway, crossing elsewhere","Crossing from driver's nearside",421365,440476,"E01011578",1,"T or staggered junction","Daylight","Fine no high winds","Dry","Pedestrian"
"932","2014131731699",2014-07-03,2014,"Jul",3,"20:15",20,15,"Thursday","Slight",1,"Slight","Pedestrian","Pedestrian","Male",47,"Unclassified","Single carriageway",30,NA,"In carriageway, crossing elsewhere","Crossing from driver's nearside",432258,435097,"E01011432",1,"Not at junction or within 20 metres","Daylight","Fine no high winds","Dry","Pedestrian"
"933","2014131731786",2014-07-03,2014,"Jul",3,"21:00",21,0,"Thursday","Serious",1,"Serious","Motorcycle 125cc and under rider or passenger","Driver or rider","Male",47,"Unclassified","Single carriageway",40,"Unclassified","Not a Pedestrian","Not a Pedestrian",425436,433021,"E01011730",2,"T or staggered junction","Daylight","Fine no high winds","Dry","Motorcyclist and pillion"
"934","2014131740262",2014-07-04,2014,"Jul",4,"07:28",7,28,"Friday","Slight",1,"Slight","Cyclist","Driver or rider","Male",29,"B","Roundabout",30,"A","Not a Pedestrian","Not a Pedestrian",424626,433638,"E01011727",2,"Roundabout","Daylight","Fine no high winds","Dry","Cyclist"
"935","2014131741410",2014-07-04,2014,"Jul",4,"17:45",17,45,"Friday","Slight",1,"Slight","Car occupant","Driver or rider","Female",27,"A","Roundabout",40,"A","Not a Pedestrian","Not a Pedestrian",428268,429613,"E01011518",2,"Roundabout","Daylight","Fine no high winds","Wet or damp","Car occupant"
"936","2014131741601",2014-07-04,2014,"Jul",4,"19:00",19,0,"Friday","Slight",1,"Slight","Bus or coach occupant (17 or more pass seats)","Passenger","Female",62,"Unclassified","Single carriageway",20,NA,"Not a Pedestrian","Not a Pedestrian",429954,433798,"E01033010",1,"Not at junction or within 20 metres","Daylight","Fine no high winds","Dry","Bus and goods vehicle occupant"
"937","2014131790422",2014-07-05,2014,"Jul",5,"14:15",14,15,"Saturday","Slight",2,"Slight","Car occupant","Driver or rider","Male",34,"Unclassified","Single carriageway",60,NA,"Not a Pedestrian","Not a Pedestrian",415412,442257,"E01011270",2,"Not at junction or within 20 metres","Daylight","Fine no high winds","Dry","Car occupant"
"938","2014131750411",2014-07-05,2014,"Jul",5,"15:10",15,10,"Saturday","Slight",1,"Slight","Pedestrian","Pedestrian","Male",30,"A","Roundabout",30,"A","In carriageway, not crossing","In carriageway, stationary - not crossing  (standing or playing)",430875,434352,"E01033003",1,"Roundabout","Daylight","Fine no high winds","Dry","Pedestrian"
"939","2014131760045",2014-07-06,2014,"Jul",6,"00:10",0,10,"Sunday","Slight",1,"Slight","Pedestrian","Pedestrian","Male",21,"Unclassified","Single carriageway",30,NA,"In carriageway, crossing elsewhere","Crossing from driver's offside",428769,435125,"E01011444",1,"Not at junction or within 20 metres","Darkness - lights lit","Fine no high winds","Dry","Pedestrian"
"940","2014131761997",2014-07-06,2014,"Jul",6,"21:30",21,30,"Sunday","Slight",4,"Slight","Car occupant","Driver or rider","Male",21,"Unclassified","Single carriageway",60,"Unclassified","Not a Pedestrian","Not a Pedestrian",439518,430586,"E01011392",2,"T or staggered junction","Daylight","Fine no high winds","Dry","Car occupant"
"941","2014131762056",2014-07-06,2014,"Jul",6,"22:00",22,0,"Sunday","Slight",1,"Slight","Car occupant","Passenger","Female",17,"A","Dual carriageway",40,"Unclassified","Not a Pedestrian","Not a Pedestrian",426381,438060,"E01011687",2,"Crossroads","Daylight","Fine no high winds","Dry","Car occupant"
"942","2014131760286",2014-07-07,2014,"Jul",7,"02:12",2,12,"Monday","Serious",1,"Serious","Pedestrian","Pedestrian","Female",21,"Unclassified","Single carriageway",30,NA,"On footway or verge","Unknown or other",427875,434080,"E01011284",1,"Not at junction or within 20 metres","Darkness - lights lit","Fine no high winds","Dry","Pedestrian"
"943","2014131770289",2014-07-07,2014,"Jul",7,"07:35",7,35,"Monday","Slight",1,"Slight","Car occupant","Passenger","Female",26,"Motorway","Dual carriageway",70,NA,"Not a Pedestrian","Not a Pedestrian",434707,425873,"E01011636",4,"Not at junction or within 20 metres","Daylight","Fine no high winds","Dry","Car occupant"
"944","2014131770314",2014-07-07,2014,"Jul",7,"07:50",7,50,"Monday","Slight",1,"Slight","Pedestrian","Pedestrian","Male",20,"A","Dual carriageway",70,"Unclassified","In carriageway, crossing elsewhere","Unknown or other",420998,434358,"E01011599",1,"Mini-roundabout","Daylight","Fine no high winds","Dry","Pedestrian"
"945","2014131770560",2014-07-07,2014,"Jul",7,"09:10",9,10,"Monday","Slight",1,"Slight","Bus or coach occupant (17 or more pass seats)","Passenger","Female",42,"A","Single carriageway",30,"Unclassified","Not a Pedestrian","Not a Pedestrian",427452,431884,"E01011734",1,"T or staggered junction","Daylight","Fine no high winds","Dry","Bus and goods vehicle occupant"
"946","2014131770429",2014-07-07,2014,"Jul",7,"09:38",9,38,"Monday","Slight",1,"Slight","Car occupant","Driver or rider","Male",41,"A","Dual carriageway",40,"Unclassified","Not a Pedestrian","Not a Pedestrian",429498,430238,"E01011319",2,"T or staggered junction","Daylight","Fine no high winds","Dry","Car occupant"
"947","2014131770761",2014-07-07,2014,"Jul",7,"12:50",12,50,"Monday","Slight",1,"Slight","Pedestrian","Pedestrian","Male",71,"B","Single carriageway",30,NA,"Crossing on pedestrian crossing facility","Crossing from driver's nearside",435017,433439,"E01011415",1,"Not at junction or within 20 metres","Daylight","Fine no high winds","Dry","Pedestrian"
"948","2014131771572",2014-07-07,2014,"Jul",7,"18:35",18,35,"Monday","Slight",1,"Slight","Car occupant","Driver or rider","Female",21,"B","Single carriageway",40,NA,"Not a Pedestrian","Not a Pedestrian",421935,429265,"E01011521",2,"Not at junction or within 20 metres","Daylight","Fine no high winds","Dry","Car occupant"
"949","2014131780231",2014-07-08,2014,"Jul",8,"08:20",8,20,"Tuesday","Slight",1,"Slight","Car occupant","Driver or rider","Female",37,"Unclassified","Single carriageway",30,"Unclassified","Not a Pedestrian","Not a Pedestrian",432853,434566,"E01011340",1,"T or staggered junction","Daylight","Fine no high winds","Dry","Car occupant"
"950","20141317B0790",2014-07-08,2014,"Jul",8,"13:35",13,35,"Tuesday","Slight",1,"Slight","Pedestrian","Pedestrian","Male",21,"Unclassified","Single carriageway",30,NA,"In centre of carriageway - not on refuge, island or central reservation","Unknown or other",430097,433830,"E01033010",1,"Not at junction or within 20 metres","Daylight","Fine no high winds","Dry","Pedestrian"
"951","2014131780864",2014-07-08,2014,"Jul",8,"15:10",15,10,"Tuesday","Slight",1,"Slight","Car occupant","Passenger","Male",57,"A(M)","Dual carriageway",70,NA,"Not a Pedestrian","Not a Pedestrian",443368,438822,"E01011309",4,"Not at junction or within 20 metres","Daylight","Fine no high winds","Dry","Car occupant"
"952","2014131790227",2014-07-09,2014,"Jul",9,"07:50",7,50,"Wednesday","Slight",1,"Slight","Car occupant","Passenger","Female",58,"A","Single carriageway",40,"Unclassified","Not a Pedestrian","Not a Pedestrian",429607,425742,"E01011538",2,"Crossroads","Daylight","Fine no high winds","Dry","Car occupant"
"953","2014131790495",2014-07-09,2014,"Jul",9,"11:10",11,10,"Wednesday","Slight",1,"Slight","Pedestrian","Pedestrian","Male",32,"B","Single carriageway",30,"Unclassified","Unknown or other","Unknown or other",431982,435786,"E01011428",2,"T or staggered junction","Daylight","Fine no high winds","Dry","Pedestrian"
"954","2014131770753",2014-07-09,2014,"Jul",9,"12:45",12,45,"Wednesday","Slight",1,"Slight","Motorcycle 125cc and under rider or passenger","Driver or rider","Male",42,"A","Single carriageway",40,NA,"Not a Pedestrian","Not a Pedestrian",424983,430976,"E01011738",2,"Not at junction or within 20 metres","Daylight","Fine no high winds","Dry","Motorcyclist and pillion"
"955","20141317A0808",2014-07-09,2014,"Jul",9,"15:15",15,15,"Wednesday","Slight",1,"Slight","Car occupant","Driver or rider","Female",21,"A","Roundabout",40,"Unclassified","Not a Pedestrian","Not a Pedestrian",435991,428238,"E01011635",2,"Roundabout","Daylight","Fine no high winds","Dry","Car occupant"
"956","2014131791112",2014-07-09,2014,"Jul",9,"16:25",16,25,"Wednesday","Slight",1,"Slight","Motorcycle over 500cc rider or passenger","Driver or rider","Male",50,"Unclassified","Single carriageway",30,NA,"Not a Pedestrian","Not a Pedestrian",420513,441136,"E01011269",2,"Not at junction or within 20 metres","Daylight","Fine no high winds","Dry","Motorcyclist and pillion"
"957","2014131791172",2014-07-09,2014,"Jul",9,"16:59",16,59,"Wednesday","Slight",1,"Slight","Motorcycle over 500cc rider or passenger","Driver or rider","Male",29,"B","Slip road",30,"A","Not a Pedestrian","Not a Pedestrian",422139,433991,"E01011587",3,"Slip road","Daylight","Fine no high winds","Dry","Motorcyclist and pillion"
"958","2014131791277",2014-07-09,2014,"Jul",9,"17:40",17,40,"Wednesday","Slight",1,"Slight","Car occupant","Driver or rider","Male",19,"A","Single carriageway",30,"Unclassified","Not a Pedestrian","Not a Pedestrian",431171,440732,"E01011562",2,"Crossroads","Daylight","Fine no high winds","Dry","Car occupant"
"959","2014131791507",2014-07-09,2014,"Jul",9,"19:25",19,25,"Wednesday","Slight",1,"Slight","Car occupant","Driver or rider","Male",30,"Unclassified","Single carriageway",30,"Unclassified","Not a Pedestrian","Not a Pedestrian",433447,434815,"E01011342",2,"T or staggered junction","Daylight","Fine no high winds","Dry","Car occupant"
"960","2014131791999",2014-07-09,2014,"Jul",9,"23:30",23,30,"Wednesday","Slight",3,"Slight","Car occupant","Driver or rider","Male",24,"Unclassified","Single carriageway",30,NA,"Not a Pedestrian","Not a Pedestrian",432096,439462,"E01011651",1,"Not at junction or within 20 metres","Darkness - lights lit","Fine no high winds","Dry","Car occupant"
"961","2014131792011",2014-07-09,2014,"Jul",9,"23:40",23,40,"Wednesday","Slight",2,"Slight","Car occupant","Driver or rider","Male",31,"Unclassified","Single carriageway",30,"Unclassified","Not a Pedestrian","Not a Pedestrian",434190,433616,"E01011622",1,"T or staggered junction","Darkness - lights lit","Fine no high winds","Dry","Car occupant"
"962","2014131792009",2014-07-09,2014,"Jul",9,"23:45",23,45,"Wednesday","Slight",1,"Slight","Car occupant","Driver or rider","Male",26,"A","Single carriageway",40,NA,"Not a Pedestrian","Not a Pedestrian",427980,431961,"E01011362",1,"Not at junction or within 20 metres","Darkness - no lighting","Fine no high winds","Dry","Car occupant"
"963","20141317A0970",2014-07-10,2014,"Jul",10,"15:15",15,15,"Thursday","Serious",1,"Serious","Motorcycle over 500cc rider or passenger","Driver or rider","Male",55,"A","Single carriageway",50,"Unclassified","Not a Pedestrian","Not a Pedestrian",423325,443467,"E01032503",2,"Crossroads","Daylight","Fine no high winds","Dry","Motorcyclist and pillion"
"964","20141317A0992",2014-07-10,2014,"Jul",10,"15:32",15,32,"Thursday","Slight",1,"Slight","Motorcycle 125cc and under rider or passenger","Driver or rider","Female",28,"A","One way street",30,NA,"Not a Pedestrian","Not a Pedestrian",429990,432674,"E01033016",1,"Not at junction or within 20 metres","Daylight","Fine no high winds","Dry","Motorcyclist and pillion"
"965","20141317B1230",2014-07-11,2014,"Jul",11,"17:24",17,24,"Friday","Slight",1,"Slight","Car occupant","Driver or rider","Female",47,"A(M)","Dual carriageway",70,NA,"Not a Pedestrian","Not a Pedestrian",443221,439684,"E01011309",2,"Not at junction or within 20 metres","Daylight","Fine no high winds","Dry","Car occupant"
"966","20141317B1249",2014-07-11,2014,"Jul",11,"17:31",17,31,"Friday","Serious",2,"Serious","Car occupant","Passenger","Female",25,"A","Dual carriageway",40,"A","Not a Pedestrian","Not a Pedestrian",427489,431323,"E01011318",2,"Crossroads","Daylight","Fine no high winds","Dry","Car occupant"
"967","20141317B1520",2014-07-11,2014,"Jul",11,"19:30",19,30,"Friday","Slight",1,"Slight","Car occupant","Driver or rider","Female",31,"Unclassified","Single carriageway",30,NA,"Not a Pedestrian","Not a Pedestrian",434908,436833,"E01011658",3,"Not at junction or within 20 metres","Daylight","Fine no high winds","Dry","Car occupant"
"968","20141317B1651",2014-07-11,2014,"Jul",11,"20:33",20,33,"Friday","Serious",1,"Serious","Pedestrian","Pedestrian","Male",19,"Unclassified","Single carriageway",30,NA,"In carriageway, crossing elsewhere","Crossing from driver's nearside",427607,433942,"E01011284",1,"Not at junction or within 20 metres","Daylight","Fine no high winds","Dry","Pedestrian"
"969","20141317C0849",2014-07-12,2014,"Jul",12,"10:50",10,50,"Saturday","Slight",1,"Slight","Bus or coach occupant (17 or more pass seats)","Passenger","Female",41,"A","Single carriageway",30,"Unclassified","Not a Pedestrian","Not a Pedestrian",430004,430947,"E01011312",1,"T or staggered junction","Daylight","Fine no high winds","Dry","Bus and goods vehicle occupant"
"970","20141317D0720",2014-07-12,2014,"Jul",12,"12:30",12,30,"Saturday","Slight",1,"Slight","Car occupant","Driver or rider","Male",24,"A","Dual carriageway",30,"A","Not a Pedestrian","Not a Pedestrian",430640,432631,"E01033018",2,"T or staggered junction","Daylight","Fine no high winds","Dry","Car occupant"
"971","20141317C1824",2014-07-12,2014,"Jul",12,"15:30",15,30,"Saturday","Slight",1,"Slight","Pedestrian","Pedestrian","Female",54,"Unclassified","One way street",30,NA,"In carriageway, not crossing","Unknown or other",419172,441737,"E01011265",1,"Not at junction or within 20 metres","Daylight","Fine no high winds","Dry","Pedestrian"
"972","20141317C1235",2014-07-12,2014,"Jul",12,"16:05",16,5,"Saturday","Slight",2,"Slight","Car occupant","Driver or rider","Male",50,"Unclassified","Single carriageway",30,NA,"Not a Pedestrian","Not a Pedestrian",435261,439661,"E01011311",2,"Not at junction or within 20 metres","Daylight","Fine no high winds","Dry","Car occupant"
"973","20141317C1733",2014-07-12,2014,"Jul",12,"20:10",20,10,"Saturday","Slight",2,"Slight","Motorcycle over 500cc rider or passenger","Driver or rider","Male",19,"A","Dual carriageway",40,NA,"Not a Pedestrian","Not a Pedestrian",426579,431826,"E01011734",2,"Not at junction or within 20 metres","Daylight","Fine no high winds","Dry","Motorcyclist and pillion"
"974","20141317C2045",2014-07-12,2014,"Jul",12,"22:35",22,35,"Saturday","Slight",1,"Slight","Cyclist","Driver or rider","Male",35,"Unclassified","Single carriageway",30,"Unclassified","Not a Pedestrian","Not a Pedestrian",427996,436017,"E01011440",2,"Other junction","Darkness - lights lit","Raining no high winds","Wet or damp","Cyclist"
"975","20141317C2155",2014-07-12,2014,"Jul",12,"23:15",23,15,"Saturday","Slight",1,"Slight","Motorcycle 50cc and under rider or passenger","Driver or rider","Male",28,"Unclassified","One way street",30,NA,"Not a Pedestrian","Not a Pedestrian",429939,433389,"E01033010",3,"Not at junction or within 20 metres","Darkness - lights lit","Raining no high winds","Wet or damp","Motorcyclist and pillion"
"976","20141317D0656",2014-07-13,2014,"Jul",13,"12:20",12,20,"Sunday","Slight",1,"Slight","Van / Goods vehicle (3.5 tonnes mgw or under) occupant","Passenger","Female",32,"Motorway","Dual carriageway",50,NA,"Not a Pedestrian","Not a Pedestrian",430430,431073,"E01011312",2,"Not at junction or within 20 metres","Daylight","Fine no high winds","Dry","Bus and goods vehicle occupant"
"977","20141317D1041",2014-07-13,2014,"Jul",13,"15:05",15,5,"Sunday","Serious",2,"Serious","Motorcycle over 500cc rider or passenger","Driver or rider","Male",27,"A","Dual carriageway",50,"Unclassified","Not a Pedestrian","Not a Pedestrian",438461,432691,"E01011402",2,"T or staggered junction","Daylight","Fine no high winds","Dry","Motorcyclist and pillion"
"978","20141317D1483",2014-07-13,2014,"Jul",13,"19:07",19,7,"Sunday","Slight",1,"Slight","Cyclist","Driver or rider","Male",11,"Unclassified","Single carriageway",30,"Unclassified","Not a Pedestrian","Not a Pedestrian",426083,432607,"E01011731",2,"T or staggered junction","Daylight","Fine no high winds","Dry","Cyclist"
"979","20141317D1790",2014-07-13,2014,"Jul",13,"21:57",21,57,"Sunday","Slight",1,"Slight","Car occupant","Driver or rider","Female",35,"Unclassified","Single carriageway",30,NA,"Not a Pedestrian","Not a Pedestrian",424118,430517,"E01011728",3,"Not at junction or within 20 metres","Darkness - lights lit","Fine no high winds","Dry","Car occupant"
"980","20141317D1898",2014-07-13,2014,"Jul",13,"23:00",23,0,"Sunday","Slight",1,"Slight","Car occupant","Passenger","Female",44,"Unclassified","Single carriageway",30,"Unclassified","Not a Pedestrian","Not a Pedestrian",427815,435195,"E01011481",2,"T or staggered junction","Daylight","Fine no high winds","Dry","Car occupant"
"981","20141317E0234",2014-07-14,2014,"Jul",14,"07:05",7,5,"Monday","Slight",1,"Slight","Cyclist","Driver or rider","Male",36,"Unclassified","Single carriageway",30,"Unclassified","Not a Pedestrian","Not a Pedestrian",418999,442122,"E01011265",2,"T or staggered junction","Daylight","Fine no high winds","Dry","Cyclist"
"982","20141317E0371",2014-07-14,2014,"Jul",14,"08:45",8,45,"Monday","Slight",4,"Slight","Car occupant","Driver or rider","Female",26,"B","Single carriageway",30,"Unclassified","Not a Pedestrian","Not a Pedestrian",418843,441625,"E01011271",3,"T or staggered junction","Daylight","Fine no high winds","Dry","Car occupant"
"983","20141317E0742",2014-07-14,2014,"Jul",14,"12:49",12,49,"Monday","Slight",1,"Slight","Car occupant","Passenger","Female",8,"Unclassified","Roundabout",30,"Unclassified","Not a Pedestrian","Not a Pedestrian",430878,434323,"E01033003",2,"Roundabout","Daylight","Fine no high winds","Dry","Car occupant"
"984","20141317G0365",2014-07-16,2014,"Jul",16,"09:38",9,38,"Wednesday","Slight",2,"Slight","Car occupant","Driver or rider","Male",44,"A","Dual carriageway",40,NA,"Not a Pedestrian","Not a Pedestrian",435246,434855,"E01011666",2,"Not at junction or within 20 metres","Daylight","Fine no high winds","Dry","Car occupant"
"985","20141317G0629",2014-07-16,2014,"Jul",16,"12:25",12,25,"Wednesday","Slight",1,"Slight","Motorcycle over 500cc rider or passenger","Driver or rider","Male",57,"A","Roundabout",40,"A","Not a Pedestrian","Not a Pedestrian",436076,435551,"E01011665",2,"Roundabout","Daylight","Fine no high winds","Dry","Motorcyclist and pillion"
"986","20141317G1561",2014-07-16,2014,"Jul",16,"20:30",20,30,"Wednesday","Slight",1,"Slight","Car occupant","Driver or rider","Male",39,"Unclassified","Single carriageway",30,NA,"Not a Pedestrian","Not a Pedestrian",432678,437964,"E01011655",2,"Not at junction or within 20 metres","Daylight","Fine no high winds","Dry","Car occupant"
"987","20141317G1800",2014-07-16,2014,"Jul",16,"22:33",22,33,"Wednesday","Slight",1,"Slight","Pedestrian","Pedestrian","Male",19,"Unclassified","Single carriageway",30,NA,"In carriageway, crossing elsewhere","Crossing from nearside - masked by parked or stationary vehicle",428522,434296,"E01011681",1,"Not at junction or within 20 metres","Darkness - lights lit","Fine no high winds","Dry","Pedestrian"
"988","20141317H0028",2014-07-17,2014,"Jul",17,"00:19",0,19,"Thursday","Slight",2,"Slight","Car occupant","Passenger","Female",60,"Unclassified","Single carriageway",30,"Unclassified","Not a Pedestrian","Not a Pedestrian",424834,443280,"E01032503",2,"Crossroads","Darkness - lights lit","Fine no high winds","Dry","Car occupant"
"989","20141317H0738",2014-07-17,2014,"Jul",17,"08:30",8,30,"Thursday","Slight",1,"Slight","Cyclist","Driver or rider","Male",43,"Unclassified","Single carriageway",30,"Unclassified","Not a Pedestrian","Not a Pedestrian",429913,437438,"E01011507",2,"Crossroads","Daylight","Fine no high winds","Dry","Cyclist"
"990","20141317H0390",2014-07-17,2014,"Jul",17,"09:40",9,40,"Thursday","Slight",2,"Slight","Car occupant","Driver or rider","Male",58,"Unclassified","Single carriageway",30,"Unclassified","Not a Pedestrian","Not a Pedestrian",426753,427786,"E01032492",2,"Crossroads","Daylight","Fine no high winds","Dry","Car occupant"
"991","20141317H0524",2014-07-17,2014,"Jul",17,"11:12",11,12,"Thursday","Serious",1,"Serious","Mobility scooter rider","Driver or rider","Male",81,"Unclassified","Single carriageway",30,"Unclassified","Not a Pedestrian","Not a Pedestrian",429021,432303,"E01033013",2,"T or staggered junction","Daylight","Fine no high winds","Dry","Others"
"992","20141317H1663",2014-07-17,2014,"Jul",17,"20:45",20,45,"Thursday","Serious",1,"Serious","Motorcycle 125cc and under rider or passenger","Driver or rider","Male",50,"A","Dual carriageway",70,NA,"Not a Pedestrian","Not a Pedestrian",427258,438424,"E01011684",1,"Not at junction or within 20 metres","Daylight","Fine no high winds","Dry","Motorcyclist and pillion"
"993","20141317I0431",2014-07-18,2014,"Jul",18,"08:55",8,55,"Friday","Slight",1,"Slight","Taxi/Private hire car occupant","Passenger","Female",14,"A","Dual carriageway",40,NA,"Not a Pedestrian","Not a Pedestrian",430223,436146,"E01011358",3,"Not at junction or within 20 metres","Daylight","Fine no high winds","Dry","Car occupant"
"994","20141317I0783",2014-07-18,2014,"Jul",18,"12:21",12,21,"Friday","Slight",1,"Slight","Cyclist","Driver or rider","Male",59,"Unclassified","Single carriageway",30,"Unclassified","Not a Pedestrian","Not a Pedestrian",432624,436863,"E01011645",2,"T or staggered junction","Daylight","Fine no high winds","Wet or damp","Cyclist"
"995","20141317I1213",2014-07-18,2014,"Jul",18,"15:49",15,49,"Friday","Slight",1,"Slight","Pedestrian","Pedestrian","Male",5,"Unclassified","Single carriageway",30,NA,"Unknown or other","Crossing from driver's nearside",419948,440834,"E01011275",1,"Not at junction or within 20 metres","Daylight","Fine no high winds","Dry","Pedestrian"
"996","20141317I1320",2014-07-18,2014,"Jul",18,"16:32",16,32,"Friday","Slight",1,"Slight","Pedestrian","Pedestrian","Female",33,"A","Dual carriageway",40,NA,"In carriageway, crossing elsewhere","Crossing from nearside - masked by parked or stationary vehicle",435820,436600,"E01011720",1,"Not at junction or within 20 metres","Daylight","Fine no high winds","Dry","Pedestrian"
"997","20141317I1474",2014-07-18,2014,"Jul",18,"16:45",16,45,"Friday","Slight",1,"Slight","Car occupant","Driver or rider","Male",49,"A","Single carriageway",60,NA,"Not a Pedestrian","Not a Pedestrian",443206,431647,"E01011299",2,"Not at junction or within 20 metres","Daylight","Fine no high winds","Dry","Car occupant"
"998","20141317I1703",2014-07-18,2014,"Jul",18,"19:25",19,25,"Friday","Slight",1,"Slight","Car occupant","Passenger","Female",5,"Unclassified","Single carriageway",30,NA,"Not a Pedestrian","Not a Pedestrian",430844,433470,"E01033011",2,"Not at junction or within 20 metres","Daylight","Fine no high winds","Dry","Car occupant"
"999","2014131841236",2014-07-18,2014,"Jul",18,"20:00",20,0,"Friday","Slight",1,"Slight","Car occupant","Driver or rider","Female",36,"A","Dual carriageway",40,"B","Not a Pedestrian","Not a Pedestrian",433823,434050,"E01011617",3,"Other junction","Daylight","Fine no high winds","Dry","Car occupant"
"1000","20141317I1985",2014-07-18,2014,"Jul",18,"21:26",21,26,"Friday","Serious",1,"Serious","Motorcycle over 500cc rider or passenger","Driver or rider","Male",44,"A","Dual carriageway",40,"A","Not a Pedestrian","Not a Pedestrian",434196,431721,"E01011624",1,"Roundabout","Darkness - lights lit","Fine no high winds","Dry","Motorcyclist and pillion"
"1001","20141317J0601",2014-07-19,2014,"Jul",19,"09:45",9,45,"Saturday","Slight",1,"Slight","Motorcycle 125cc and under rider or passenger","Driver or rider","Male",17,"Unclassified","Single carriageway",30,NA,"Not a Pedestrian","Not a Pedestrian",432119,432870,"E01011625",1,"Not at junction or within 20 metres","Daylight","Raining no high winds","Wet or damp","Motorcyclist and pillion"