"","accident_index","date","year","month","day","time","time_hour","time_minute","day_of_week","accident_severity","number_of_casualties","casualty_severity","casualty_type","casualty_class","sex_of_casualty","age_of_casualty","first_road_class","road_type","speed_limit","second_road_class","pedestrian_location","pedestrian_movement","location_easting_osgr","location_northing_osgr","lsoa_of_accident_location","number_of_vehicles","junction_detail","light_conditions","weather_conditions","road_surface_conditions","cas_type"
"1002","20141317J0711",2014-07-19,2014,"Jul",19,"10:50",10,50,"Saturday","Slight",3,"Slight","Car occupant","Driver or rider","Female",20,"A","Single carriageway",30,"Unclassified","Not a Pedestrian","Not a Pedestrian",440582,432102,"E01011405",3,"T or staggered junction","Daylight","Raining no high winds","Wet or damp","Car occupant"
"1003","20141317O1155",2014-07-19,2014,"Jul",19,"16:25",16,25,"Saturday","Slight",1,"Slight","Bus or coach occupant (17 or more pass seats)","Passenger","Male",22,"Unclassified","Single carriageway",30,"Unclassified","Not a Pedestrian","Not a Pedestrian",430957,435789,"E01011360",1,"T or staggered junction","Daylight","Fine no high winds","Dry","Bus and goods vehicle occupant"
"1004","20141317J1264",2014-07-19,2014,"Jul",19,"16:45",16,45,"Saturday","Slight",3,"Slight","Car occupant","Driver or rider","Female",42,"Unclassified","Single carriageway",30,"Unclassified","Not a Pedestrian","Not a Pedestrian",430935,436032,"E01011356",2,"T or staggered junction","Daylight","Fine no high winds","Wet or damp","Car occupant"
"1005","20141317J1841",2014-07-19,2014,"Jul",19,"22:10",22,10,"Saturday","Slight",1,"Slight","Cyclist","Driver or rider","Male",28,"A","Single carriageway",30,"Unclassified","Not a Pedestrian","Not a Pedestrian",431508,435127,"E01011673",2,"Other junction","Darkness - lights lit","Fine no high winds","Wet or damp","Cyclist"
"1006","20141317L0495",2014-07-20,2014,"Jul",20,"02:30",2,30,"Sunday","Slight",1,"Slight","Taxi/Private hire car occupant","Driver or rider","Male",32,"Unclassified","One way street",30,"Unclassified","Not a Pedestrian","Not a Pedestrian",430306,433854,"E01033010",2,"Crossroads","Darkness - lights lit","Fine no high winds","Dry","Car occupant"
"1007","20141317L0672",2014-07-21,2014,"Jul",21,"09:45",9,45,"Monday","Slight",3,"Slight","Car occupant","Driver or rider","Male",65,"A","Roundabout",30,"A","Not a Pedestrian","Not a Pedestrian",424236,428248,"E01011523",2,"Roundabout","Daylight","Fine no high winds","Dry","Car occupant"
"1008","20141317L0500",2014-07-21,2014,"Jul",21,"09:56",9,56,"Monday","Slight",3,"Slight","Car occupant","Driver or rider","Female",25,"A","Dual carriageway",40,"A","Not a Pedestrian","Not a Pedestrian",424210,428251,"E01011523",2,"Roundabout","Daylight","Fine no high winds","Dry","Car occupant"
"1009","20141317L0523",2014-07-21,2014,"Jul",21,"10:10",10,10,"Monday","Slight",1,"Slight","Pedestrian","Pedestrian","Male",71,"C","Single carriageway",30,"Unclassified","Crossing elsewhere within 50m. of pedestrian crossing","Crossing from driver's nearside",422357,433393,"E01011612",1,"T or staggered junction","Daylight","Fine no high winds","Dry","Pedestrian"
"1010","20141317L1112",2014-07-21,2014,"Jul",21,"15:22",15,22,"Monday","Slight",1,"Slight","Car occupant","Driver or rider","Male",62,"Unclassified","Single carriageway",30,"Unclassified","Not a Pedestrian","Not a Pedestrian",429146,431769,"E01011523",2,"T or staggered junction","Daylight","Fine no high winds","Dry","Car occupant"
"1011","20141317L1283",2014-07-21,2014,"Jul",21,"16:10",16,10,"Monday","Slight",1,"Slight","Car occupant","Driver or rider","Male",35,"Unclassified","Single carriageway",30,NA,"Not a Pedestrian","Not a Pedestrian",427033,433106,"E01011292",2,"Not at junction or within 20 metres","Daylight","Fine no high winds","Dry","Car occupant"
"1012","20141317L1396",2014-07-21,2014,"Jul",21,"17:26",17,26,"Monday","Slight",1,"Slight","Pedestrian","Pedestrian","Male",10,"Unclassified","Single carriageway",30,NA,"Crossing elsewhere within 50m. of pedestrian crossing","Crossing from driver's offside",428836,440130,"E01011554",1,"Not at junction or within 20 metres","Daylight","Fine no high winds","Dry","Pedestrian"
"1013","20141317L1758",2014-07-21,2014,"Jul",21,"20:10",20,10,"Monday","Serious",4,"Slight","Car occupant","Driver or rider","Male",28,"Unclassified","Single carriageway",40,"Unclassified","Not a Pedestrian","Not a Pedestrian",432325,440329,"E01011562",2,"T or staggered junction","Daylight","Fine no high winds","Dry","Car occupant"
"1014","20141317M0316",2014-07-22,2014,"Jul",22,"08:23",8,23,"Tuesday","Slight",2,"Slight","Car occupant","Driver or rider","Female",57,"Unclassified","Single carriageway",30,"Unclassified","Not a Pedestrian","Not a Pedestrian",435268,439754,"E01011649",2,"Crossroads","Daylight","Fine no high winds","Dry","Car occupant"
"1015","20141317M0970",2014-07-22,2014,"Jul",22,"12:55",12,55,"Tuesday","Slight",1,"Slight","Bus or coach occupant (17 or more pass seats)","Passenger","Female",85,"B","Single carriageway",30,NA,"Not a Pedestrian","Not a Pedestrian",424849,429106,"E01011522",1,"Not at junction or within 20 metres","Daylight","Fine no high winds","Dry","Bus and goods vehicle occupant"
"1016","20141317M1200",2014-07-22,2014,"Jul",22,"16:35",16,35,"Tuesday","Slight",1,"Slight","Cyclist","Driver or rider","Male",23,"Unclassified","Single carriageway",30,"B","Not a Pedestrian","Not a Pedestrian",426513,435652,"E01011477",2,"Crossroads","Daylight","Fine no high winds","Dry","Cyclist"
"1017","20141317N0317",2014-07-23,2014,"Jul",23,"07:35",7,35,"Wednesday","Serious",1,"Serious","Cyclist","Driver or rider","Female",37,"Unclassified","Single carriageway",40,"Unclassified","Not a Pedestrian","Not a Pedestrian",432062,435966,"E01011647",2,"T or staggered junction","Daylight","Fine no high winds","Dry","Cyclist"
"1018","20141317N0468",2014-07-23,2014,"Jul",23,"08:43",8,43,"Wednesday","Slight",1,"Slight","Bus or coach occupant (17 or more pass seats)","Passenger","Female",70,"Unclassified","Single carriageway",20,NA,"Not a Pedestrian","Not a Pedestrian",435672,436358,"E01011661",1,"Not at junction or within 20 metres","Daylight","Fine no high winds","Dry","Bus and goods vehicle occupant"
"1019","20141317N0373",2014-07-23,2014,"Jul",23,"08:51",8,51,"Wednesday","Slight",1,"Slight","Car occupant","Driver or rider","Male",69,"A","Single carriageway",30,NA,"Not a Pedestrian","Not a Pedestrian",424510,435232,"E01011331",2,"Not at junction or within 20 metres","Daylight","Fine no high winds","Dry","Car occupant"
"1020","20141317N0691",2014-07-23,2014,"Jul",23,"12:43",12,43,"Wednesday","Slight",1,"Slight","Car occupant","Driver or rider","Male",23,"Unclassified","Single carriageway",30,NA,"Not a Pedestrian","Not a Pedestrian",436290,434141,"E01011414",3,"Not at junction or within 20 metres","Daylight","Fine no high winds","Dry","Car occupant"
"1021","20141317N0976",2014-07-23,2014,"Jul",23,"15:08",15,8,"Wednesday","Slight",1,"Slight","Pedestrian","Pedestrian","Female",15,"Unclassified","Single carriageway",30,NA,"In carriageway, crossing elsewhere","Crossing from driver's nearside",430846,433470,"E01033011",1,"Not at junction or within 20 metres","Daylight","Fine no high winds","Dry","Pedestrian"
"1022","20141317N1215",2014-07-23,2014,"Jul",23,"17:00",17,0,"Wednesday","Serious",1,"Serious","Motorcycle 125cc and under rider or passenger","Driver or rider","Male",20,"Unclassified","Single carriageway",30,"Unclassified","Not a Pedestrian","Not a Pedestrian",430233,435116,"E01011671",2,"T or staggered junction","Daylight","Fine no high winds","Dry","Motorcyclist and pillion"
"1023","20141317N1278",2014-07-23,2014,"Jul",23,"17:30",17,30,"Wednesday","Slight",2,"Slight","Car occupant","Driver or rider","Female",22,"Unclassified","Single carriageway",30,NA,"Not a Pedestrian","Not a Pedestrian",433321,426414,"E01011500",2,"Not at junction or within 20 metres","Daylight","Fine no high winds","Dry","Car occupant"
"1024","20141317N1316",2014-07-23,2014,"Jul",23,"17:50",17,50,"Wednesday","Slight",1,"Slight","Cyclist","Driver or rider","Male",30,"A","Roundabout",30,"A","Not a Pedestrian","Not a Pedestrian",428361,432505,"E01011362",2,"Roundabout","Daylight","Fine no high winds","Dry","Cyclist"
"1025","20141317N1755",2014-07-23,2014,"Jul",23,"19:12",19,12,"Wednesday","Serious",3,"Serious","Car occupant","Driver or rider","Female",23,"B","Single carriageway",30,"Unclassified","Not a Pedestrian","Not a Pedestrian",428618,436950,"E01011693",3,"T or staggered junction","Daylight","Fine no high winds","Dry","Car occupant"
"1026","20141317N1801",2014-07-23,2014,"Jul",23,"21:55",21,55,"Wednesday","Serious",1,"Serious","Motorcycle over 500cc rider or passenger","Driver or rider","Male",41,"Unclassified","Single carriageway",60,NA,"Not a Pedestrian","Not a Pedestrian",441242,445218,"E01011707",2,"Not at junction or within 20 metres","Darkness - no lighting","Fine no high winds","Dry","Motorcyclist and pillion"
"1027","20141317O0301",2014-07-24,2014,"Jul",24,"07:35",7,35,"Thursday","Serious",1,"Serious","Car occupant","Driver or rider","Male",61,"A","Single carriageway",30,"Unclassified","Not a Pedestrian","Not a Pedestrian",425072,427742,"E01011530",2,"T or staggered junction","Daylight","Fine no high winds","Dry","Car occupant"
"1028","20141317O0627",2014-07-24,2014,"Jul",24,"10:20",10,20,"Thursday","Slight",1,"Slight","Cyclist","Driver or rider","Male",35,"A","Single carriageway",30,"A","Not a Pedestrian","Not a Pedestrian",430415,432791,"E01033016",2,"T or staggered junction","Daylight","Fine no high winds","Dry","Cyclist"
"1029","20141317O1143",2014-07-24,2014,"Jul",24,"16:34",16,34,"Thursday","Slight",1,"Slight","Car occupant","Driver or rider","Female",31,"A","Dual carriageway",40,"Unclassified","Not a Pedestrian","Not a Pedestrian",430812,433798,"E01033011",3,"Slip road","Daylight","Fine no high winds","Dry","Car occupant"
"1030","20141317O1214",2014-07-24,2014,"Jul",24,"17:10",17,10,"Thursday","Serious",1,"Serious","Pedestrian","Pedestrian","Female",17,"A","Single carriageway",30,"Unclassified","In carriageway, crossing elsewhere","Crossing from driver's nearside",428540,431402,"E01011369",1,"T or staggered junction","Daylight","Fine no high winds","Dry","Pedestrian"
"1031","20141317O1333",2014-07-24,2014,"Jul",24,"17:55",17,55,"Thursday","Slight",1,"Slight","Car occupant","Passenger","Female",23,"A","Single carriageway",30,NA,"Not a Pedestrian","Not a Pedestrian",423911,428209,"E01011529",2,"Not at junction or within 20 metres","Daylight","Fine no high winds","Dry","Car occupant"
"1032","20141317O1361",2014-07-24,2014,"Jul",24,"18:10",18,10,"Thursday","Serious",1,"Serious","Car occupant","Driver or rider","Male",29,"A","Single carriageway",30,"Unclassified","Not a Pedestrian","Not a Pedestrian",428140,435853,"E01032946",2,"T or staggered junction","Daylight","Fine no high winds","Dry","Car occupant"
"1033","20141317P0611",2014-07-25,2014,"Jul",25,"10:40",10,40,"Friday","Slight",1,"Slight","Mobility scooter rider","Driver or rider","Female",81,"Unclassified","One way street",30,"Unclassified","Not a Pedestrian","Not a Pedestrian",426580,427699,"E01032492",2,"Crossroads","Daylight","Fine no high winds","Dry","Others"
"1034","20141317P1492",2014-07-25,2014,"Jul",25,"13:15",13,15,"Friday","Serious",1,"Serious","Taxi/Private hire car occupant","Passenger","Female",63,"Unclassified","Single carriageway",30,NA,"Not a Pedestrian","Not a Pedestrian",423717,437981,"E01011459",1,"Not at junction or within 20 metres","Daylight","Fine no high winds","Dry","Car occupant"
"1035","20141317P1286",2014-07-25,2014,"Jul",25,"16:10",16,10,"Friday","Slight",1,"Slight","Cyclist","Driver or rider","Male",39,"A","Single carriageway",30,"Unclassified","Not a Pedestrian","Not a Pedestrian",427004,434860,"E01011482",2,"Private drive or entrance","Daylight","Fine no high winds","Dry","Cyclist"
"1036","20141317P1668",2014-07-25,2014,"Jul",25,"19:15",19,15,"Friday","Slight",6,"Slight","Car occupant","Driver or rider","Female",23,"Motorway","Dual carriageway",70,NA,"Not a Pedestrian","Not a Pedestrian",431976,427764,"E01011490",3,"Not at junction or within 20 metres","Daylight","Fine no high winds","Dry","Car occupant"
"1037","20141317P1864",2014-07-25,2014,"Jul",25,"20:45",20,45,"Friday","Slight",1,"Slight","Car occupant","Driver or rider","Female",22,"A","Single carriageway",60,"Unclassified","Not a Pedestrian","Not a Pedestrian",443109,433214,"E01011298",2,"T or staggered junction","Daylight","Fine no high winds","Dry","Car occupant"
"1038","20141317Q0379",2014-07-26,2014,"Jul",26,"03:45",3,45,"Saturday","Slight",1,"Slight","Car occupant","Passenger","Female",22,"Unclassified","Single carriageway",30,NA,"Not a Pedestrian","Not a Pedestrian",420962,440995,"E01011276",1,"Not at junction or within 20 metres","Darkness - lights lit","Fine no high winds","Dry","Car occupant"
"1039","20141317Q0852",2014-07-26,2014,"Jul",26,"12:08",12,8,"Saturday","Slight",1,"Slight","Car occupant","Passenger","Female",22,"A","Single carriageway",60,NA,"Not a Pedestrian","Not a Pedestrian",422895,437525,"E01011452",2,"Not at junction or within 20 metres","Daylight","Fine no high winds","Dry","Car occupant"
"1040","20141317Q1362",2014-07-26,2014,"Jul",26,"16:50",16,50,"Saturday","Serious",1,"Serious","Pedestrian","Pedestrian","Female",25,"A","Single carriageway",40,NA,"In carriageway, crossing elsewhere","Crossing from nearside - masked by parked or stationary vehicle",419836,437055,"E01011590",1,"Not at junction or within 20 metres","Daylight","Fine no high winds","Dry","Pedestrian"
"1041","20141317Q1448",2014-07-26,2014,"Jul",26,"17:50",17,50,"Saturday","Slight",1,"Slight","Car occupant","Passenger","Male",27,"A(M)","Dual carriageway",40,NA,"Not a Pedestrian","Not a Pedestrian",429647,434311,"E01033008",4,"Not at junction or within 20 metres","Daylight","Fine no high winds","Dry","Car occupant"
"1042","20141317R0117",2014-07-27,2014,"Jul",27,"00:54",0,54,"Sunday","Slight",1,"Slight","Car occupant","Driver or rider","Male",22,"A","Single carriageway",60,NA,"Not a Pedestrian","Not a Pedestrian",433213,439177,"E01011650",1,"Not at junction or within 20 metres","Darkness - lights unlit","Raining no high winds","Wet or damp","Car occupant"
"1043","20141317R0120",2014-07-27,2014,"Jul",27,"00:54",0,54,"Sunday","Serious",1,"Serious","Pedestrian","Pedestrian","Male",29,"A","Dual carriageway",30,"Unclassified","Crossing on pedestrian crossing facility","Crossing from driver's nearside",430881,433361,"E01033033",1,"Crossroads","Darkness - lights lit","Raining no high winds","Wet or damp","Pedestrian"
"1044","20141317R1441",2014-07-27,2014,"Jul",27,"18:53",18,53,"Sunday","Serious",4,"Slight","Car occupant","Driver or rider","Female",81,"Unclassified","Dual carriageway",30,"Unclassified","Not a Pedestrian","Not a Pedestrian",426123,439162,"E01011695",4,"T or staggered junction","Daylight","Fine no high winds","Dry","Car occupant"
"1045","20141317R1755",2014-07-27,2014,"Jul",27,"21:34",21,34,"Sunday","Fatal",3,"Fatal","Car occupant","Driver or rider","Male",24,"A","Single carriageway",50,NA,"Not a Pedestrian","Not a Pedestrian",436225,427792,"E01011635",1,"Not at junction or within 20 metres","Darkness - lights lit","Fine no high winds","Dry","Car occupant"
"1046","20141317S1755",2014-07-28,2014,"Jul",28,"21:16",21,16,"Monday","Slight",1,"Slight","Car occupant","Driver or rider","Male",64,"Unclassified","Single carriageway",30,NA,"Not a Pedestrian","Not a Pedestrian",426054,438957,"E01011695",1,"Not at junction or within 20 metres","Darkness - lights lit","Fine no high winds","Dry","Car occupant"
"1047","20141317T0334",2014-07-29,2014,"Jul",29,"07:45",7,45,"Tuesday","Serious",1,"Serious","Cyclist","Driver or rider","Male",37,"A","Single carriageway",30,NA,"Not a Pedestrian","Not a Pedestrian",427051,429430,"E01011524",2,"Not at junction or within 20 metres","Daylight","Fine no high winds","Dry","Cyclist"
"1048","20141317T0552",2014-07-29,2014,"Jul",29,"10:50",10,50,"Tuesday","Slight",1,"Slight","Pedestrian","Pedestrian","Female",61,"Unclassified","One way street",30,"Unclassified","In carriageway, crossing elsewhere","Crossing from offside - masked by  parked or stationary vehicle",427197,433523,"E01011293",1,"T or staggered junction","Daylight","Fine no high winds","Dry","Pedestrian"
"1049","20141317T0672",2014-07-29,2014,"Jul",29,"12:05",12,5,"Tuesday","Slight",1,"Slight","Pedestrian","Pedestrian","Female",72,"Unclassified","Single carriageway",20,"Unclassified","In carriageway, crossing elsewhere","Crossing from driver's nearside",432342,434724,"E01011344",1,"T or staggered junction","Daylight","Fine no high winds","Dry","Pedestrian"
"1050","20141317T0877",2014-07-29,2014,"Jul",29,"14:13",14,13,"Tuesday","Slight",1,"Slight","Car occupant","Driver or rider","Male",38,"A(M)","Dual carriageway",40,"A","Not a Pedestrian","Not a Pedestrian",429834,434409,"E01033005",2,"Slip road","Daylight","Fine no high winds","Dry","Car occupant"
"1051","20141317T1188",2014-07-29,2014,"Jul",29,"16:52",16,52,"Tuesday","Slight",1,"Slight","Car occupant","Driver or rider","Male",22,"Unclassified","Single carriageway",30,"Unclassified","Not a Pedestrian","Not a Pedestrian",431878,435478,"E01011429",2,"Crossroads","Daylight","Fine no high winds","Dry","Car occupant"
"1052","20141317T1602",2014-07-29,2014,"Jul",29,"16:57",16,57,"Tuesday","Serious",1,"Serious","Bus or coach occupant (17 or more pass seats)","Passenger","Female",73,"Unclassified","Single carriageway",30,NA,"Not a Pedestrian","Not a Pedestrian",429935,433609,"E01033010",1,"Not at junction or within 20 metres","Daylight","Fine no high winds","Dry","Bus and goods vehicle occupant"
"1053","20141317T1202",2014-07-29,2014,"Jul",29,"17:00",17,0,"Tuesday","Slight",1,"Slight","Car occupant","Driver or rider","Female",41,"Unclassified","Dual carriageway",30,"Unclassified","Not a Pedestrian","Not a Pedestrian",430422,433964,"E01033010",2,"Other junction","Daylight","Fine no high winds","Dry","Car occupant"
"1054","20141317T1370",2014-07-29,2014,"Jul",29,"18:20",18,20,"Tuesday","Slight",1,"Slight","Motorcycle over 500cc rider or passenger","Driver or rider","Male",41,"Unclassified","Single carriageway",30,"Unclassified","Not a Pedestrian","Not a Pedestrian",426347,437795,"E01011687",2,"T or staggered junction","Daylight","Fine no high winds","Dry","Motorcyclist and pillion"
"1055","20141317U0796",2014-07-30,2014,"Jul",30,"13:45",13,45,"Wednesday","Slight",1,"Slight","Car occupant","Driver or rider","Female",27,"Unclassified","Single carriageway",30,"Unclassified","Not a Pedestrian","Not a Pedestrian",430942,433310,"E01033033",5,"Crossroads","Daylight","Fine no high winds","Dry","Car occupant"
"1056","20141317U1007",2014-07-30,2014,"Jul",30,"15:41",15,41,"Wednesday","Slight",1,"Slight","Bus or coach occupant (17 or more pass seats)","Passenger","Female",78,"Unclassified","Single carriageway",30,NA,"Not a Pedestrian","Not a Pedestrian",427178,435267,"E01011480",2,"Not at junction or within 20 metres","Daylight","Fine no high winds","Dry","Bus and goods vehicle occupant"
"1057","20141317U1019",2014-07-30,2014,"Jul",30,"15:45",15,45,"Wednesday","Slight",1,"Slight","Car occupant","Driver or rider","Male",21,"Unclassified","Single carriageway",30,"Unclassified","Not a Pedestrian","Not a Pedestrian",427435,432841,"E01011362",3,"T or staggered junction","Daylight","Fine no high winds","Dry","Car occupant"
"1058","20141317U1105",2014-07-30,2014,"Jul",30,"16:34",16,34,"Wednesday","Slight",1,"Slight","Car occupant","Driver or rider","Male",19,"A","Single carriageway",30,"Unclassified","Not a Pedestrian","Not a Pedestrian",429456,434905,"E01033006",2,"T or staggered junction","Daylight","Fine no high winds","Dry","Car occupant"
"1059","20141317U1575",2014-07-30,2014,"Jul",30,"20:17",20,17,"Wednesday","Slight",1,"Slight","Motorcycle 125cc and under rider or passenger","Driver or rider","Male",17,"A","Single carriageway",40,"Unclassified","Not a Pedestrian","Not a Pedestrian",424017,437717,"E01011462",2,"Crossroads","Daylight","Fine no high winds","Dry","Motorcyclist and pillion"
"1060","20141317V0368",2014-07-31,2014,"Jul",31,"09:05",9,5,"Thursday","Serious",1,"Serious","Cyclist","Driver or rider","Male",41,"A","Single carriageway",40,"Unclassified","Not a Pedestrian","Not a Pedestrian",424525,437059,"E01011453",2,"T or staggered junction","Daylight","Fine no high winds","Dry","Cyclist"
"1061","20141317V0436",2014-07-31,2014,"Jul",31,"09:50",9,50,"Thursday","Slight",1,"Slight","Pedestrian","Pedestrian","Male",42,"Unclassified","Single carriageway",30,"Unclassified","Unknown or other","Unknown or other",439873,449526,"E01011699",1,"T or staggered junction","Daylight","Fine no high winds","Dry","Pedestrian"
"1062","20141317V1027",2014-07-31,2014,"Jul",31,"15:55",15,55,"Thursday","Slight",1,"Slight","Car occupant","Driver or rider","Male",43,"Unclassified","Single carriageway",30,"Unclassified","Not a Pedestrian","Not a Pedestrian",427144,433521,"E01011293",2,"T or staggered junction","Daylight","Fine no high winds","Dry","Car occupant"
"1063","2014131861255",2014-07-31,2014,"Jul",31,"17:44",17,44,"Thursday","Slight",1,"Slight","Car occupant","Passenger","Female",20,"A","Single carriageway",30,NA,"Not a Pedestrian","Not a Pedestrian",427740,431656,"E01011362",2,"Not at junction or within 20 metres","Daylight","Fine no high winds","Dry","Car occupant"
"1064","2014131810351",2014-08-01,2014,"Aug",1,"08:50",8,50,"Friday","Slight",1,"Slight","Car occupant","Driver or rider","Male",40,"Unclassified","Single carriageway",30,"Unclassified","Not a Pedestrian","Not a Pedestrian",432381,437413,"E01011641",2,"Crossroads","Daylight","Fine no high winds","Dry","Car occupant"
"1065","2014131811185",2014-08-01,2014,"Aug",1,"17:00",17,0,"Friday","Slight",1,"Slight","Motorcycle over 125cc and up to 500cc rider or  passenger","Driver or rider","Male",56,"A","Dual carriageway",40,"Unclassified","Not a Pedestrian","Not a Pedestrian",433448,434055,"E01011346",1,"Crossroads","Daylight","Fine no high winds","Dry","Motorcyclist and pillion"
"1066","2014131811255",2014-08-01,2014,"Aug",1,"17:30",17,30,"Friday","Slight",1,"Slight","Car occupant","Driver or rider","Male",41,"Unclassified","Single carriageway",30,"Unclassified","Not a Pedestrian","Not a Pedestrian",434875,435130,"E01011667",2,"T or staggered junction","Daylight","Fine no high winds","Dry","Car occupant"
"1067","2014131811400",2014-08-01,2014,"Aug",1,"19:00",19,0,"Friday","Slight",2,"Slight","Car occupant","Passenger","Female",36,"A","Dual carriageway",40,"Unclassified","Not a Pedestrian","Not a Pedestrian",427817,430603,"E01011318",2,"T or staggered junction","Daylight","Fine no high winds","Wet or damp","Car occupant"
"1068","2014131211556",2014-08-01,2014,"Aug",1,"20:00",20,0,"Friday","Slight",1,"Slight","Pedestrian","Pedestrian","Male",23,"Unclassified","Single carriageway",30,"B","In carriageway, crossing elsewhere","Crossing from driver's nearside",426513,435659,"E01011477",1,"Other junction","Daylight","Fine no high winds","Dry","Pedestrian"
"1069","2014131811677",2014-08-01,2014,"Aug",1,"22:00",22,0,"Friday","Slight",4,"Slight","Car occupant","Driver or rider","Male",62,"Unclassified","Dual carriageway",40,"Unclassified","Not a Pedestrian","Not a Pedestrian",435683,434490,"E01011345",2,"Crossroads","Darkness - lights lit","Fine no high winds","Wet or damp","Car occupant"
"1070","2014131811797",2014-08-01,2014,"Aug",1,"23:15",23,15,"Friday","Fatal",2,"Fatal","Car occupant","Driver or rider","Female",28,"A","Single carriageway",60,NA,"Not a Pedestrian","Not a Pedestrian",422583,427879,"E01011527",2,"Not at junction or within 20 metres","Darkness - lights lit","Fine no high winds","Wet or damp","Car occupant"
"1071","2014131820288",2014-08-02,2014,"Aug",2,"04:00",4,0,"Saturday","Slight",1,"Slight","Car occupant","Passenger","Female",22,"B","Single carriageway",40,NA,"Not a Pedestrian","Not a Pedestrian",423606,435483,"E01011329",2,"Not at junction or within 20 metres","Darkness - lights lit","Fine no high winds","Wet or damp","Car occupant"
"1072","2014131820425",2014-08-02,2014,"Aug",2,"08:00",8,0,"Saturday","Slight",1,"Slight","Car occupant","Driver or rider","Female",22,"Unclassified","Single carriageway",60,NA,"Not a Pedestrian","Not a Pedestrian",429313,423384,"E01011536",1,"Not at junction or within 20 metres","Daylight","Fine no high winds","Wet or damp","Car occupant"
"1073","2014131820538",2014-08-02,2014,"Aug",2,"09:40",9,40,"Saturday","Serious",1,"Serious","Bus or coach occupant (17 or more pass seats)","Passenger","Female",57,"Unclassified","Single carriageway",30,NA,"Not a Pedestrian","Not a Pedestrian",431352,433947,"E01033031",2,"Not at junction or within 20 metres","Daylight","Fine no high winds","Dry","Bus and goods vehicle occupant"
"1074","2014131821496",2014-08-02,2014,"Aug",2,"13:30",13,30,"Saturday","Slight",1,"Slight","Car occupant","Driver or rider","Male",20,"A","Dual carriageway",30,"Unclassified","Not a Pedestrian","Not a Pedestrian",440025,432373,"E01011402",3,"Crossroads","Daylight","Fine no high winds","Dry","Car occupant"
"1075","2014131820885",2014-08-02,2014,"Aug",2,"13:35",13,35,"Saturday","Slight",1,"Slight","Car occupant","Driver or rider","Female",54,"Unclassified","Dual carriageway",30,"Motorway","Not a Pedestrian","Not a Pedestrian",430437,431155,"E01011312",2,"T or staggered junction","Daylight","Fine no high winds","Dry","Car occupant"
"1076","2014131821053",2014-08-02,2014,"Aug",2,"14:00",14,0,"Saturday","Slight",1,"Slight","Car occupant","Driver or rider","Male",50,"Unclassified","Dual carriageway",30,"Unclassified","Not a Pedestrian","Not a Pedestrian",436239,434624,"E01011408",2,"Roundabout","Daylight","Fine no high winds","Dry","Car occupant"
"1077","2014131821280",2014-08-02,2014,"Aug",2,"17:33",17,33,"Saturday","Slight",3,"Slight","Car occupant","Driver or rider","Male",32,"Unclassified","Single carriageway",30,NA,"Not a Pedestrian","Not a Pedestrian",434720,437617,"E01011657",2,"Not at junction or within 20 metres","Daylight","Fine no high winds","Dry","Car occupant"
"1078","2014131821432",2014-08-02,2014,"Aug",2,"18:45",18,45,"Saturday","Slight",1,"Slight","Car occupant","Driver or rider","Female",41,"A","Single carriageway",30,"Unclassified","Not a Pedestrian","Not a Pedestrian",431779,435552,"E01011422",2,"T or staggered junction","Daylight","Fine no high winds","Dry","Car occupant"
"1079","2014131821608",2014-08-02,2014,"Aug",2,"20:41",20,41,"Saturday","Slight",1,"Slight","Pedestrian","Pedestrian","Female",21,"A","Single carriageway",30,NA,"Crossing elsewhere within 50m. of pedestrian crossing","Crossing from driver's offside",429375,434948,"E01033005",1,"Not at junction or within 20 metres","Daylight","Fine no high winds","Dry","Pedestrian"
"1080","2014131830367",2014-08-03,2014,"Aug",3,"06:43",6,43,"Sunday","Slight",1,"Slight","Cyclist","Driver or rider","Male",20,"A","Single carriageway",40,NA,"Not a Pedestrian","Not a Pedestrian",426114,438117,"E01011687",2,"Not at junction or within 20 metres","Daylight","Fine no high winds","Dry","Cyclist"
"1081","2014131830932",2014-08-03,2014,"Aug",3,"15:20",15,20,"Sunday","Slight",1,"Slight","Pedestrian","Pedestrian","Male",2,"Unclassified","Single carriageway",30,NA,"In carriageway, crossing elsewhere","Crossing from driver's nearside",433741,433739,"E01011622",1,"Not at junction or within 20 metres","Daylight","Fine no high winds","Dry","Pedestrian"
"1082","2014131840302",2014-08-04,2014,"Aug",4,"08:50",8,50,"Monday","Slight",1,"Slight","Cyclist","Driver or rider","Female",32,"A","Single carriageway",30,"Unclassified","Not a Pedestrian","Not a Pedestrian",428718,435612,"E01032946",2,"T or staggered junction","Daylight","Fine no high winds","Dry","Cyclist"
"1083","2014131840584",2014-08-04,2014,"Aug",4,"12:14",12,14,"Monday","Slight",1,"Slight","Pedestrian","Pedestrian","Male",48,"B","Single carriageway",30,NA,"In carriageway, crossing elsewhere","Crossing from driver's nearside",427065,433097,"E01011292",1,"Not at junction or within 20 metres","Daylight","Fine no high winds","Dry","Pedestrian"
"1084","2014131840434",2014-08-04,2014,"Aug",4,"14:45",14,45,"Monday","Slight",1,"Slight","Car occupant","Driver or rider","Male",20,"B","Single carriageway",30,NA,"Not a Pedestrian","Not a Pedestrian",428390,427784,"E01011540",2,"Not at junction or within 20 metres","Daylight","Fine no high winds","Dry","Car occupant"