"","accident_index","date","year","month","day","time","time_hour","time_minute","day_of_week","accident_severity","number_of_casualties","casualty_severity","casualty_type","casualty_class","sex_of_casualty","age_of_casualty","first_road_class","road_type","speed_limit","second_road_class","pedestrian_location","pedestrian_movement","location_easting_osgr","location_northing_osgr","lsoa_of_accident_location","number_of_vehicles","junction_detail","light_conditions","weather_conditions","road_surface_conditions","cas_type"
"1085","2014131840955",2014-08-04,2014,"Aug",4,"15:45",15,45,"Monday","Slight",1,"Slight","Motorcycle 125cc and under rider or passenger","Driver or rider","Male",57,"Unclassified","Single carriageway",30,NA,"Not a Pedestrian","Not a Pedestrian",435387,440297,"E01011649",2,"Not at junction or within 20 metres","Daylight","Fine no high winds","Dry","Motorcyclist and pillion"
"1086","2014131841276",2014-08-04,2014,"Aug",4,"18:38",18,38,"Monday","Slight",1,"Slight","Car occupant","Driver or rider","Female",49,"A","Dual carriageway",40,"Unclassified","Not a Pedestrian","Not a Pedestrian",430705,434997,"E01011671",2,"T or staggered junction","Daylight","Fine no high winds","Dry","Car occupant"
"1087","2014131850701",2014-08-05,2014,"Aug",5,"13:33",13,33,"Tuesday","Slight",1,"Slight","Motorcycle over 500cc rider or passenger","Driver or rider","Male",30,"A","Single carriageway",40,"Unclassified","Not a Pedestrian","Not a Pedestrian",428081,433548,"E01011363",2,"T or staggered junction","Daylight","Fine no high winds","Dry","Motorcyclist and pillion"
"1088","2014131851416",2014-08-05,2014,"Aug",5,"19:28",19,28,"Tuesday","Slight",1,"Slight","Bus or coach occupant (17 or more pass seats)","Passenger","Male",29,"Unclassified","Single carriageway",30,NA,"Not a Pedestrian","Not a Pedestrian",430081,433864,"E01033010",2,"Not at junction or within 20 metres","Daylight","Fine no high winds","Dry","Bus and goods vehicle occupant"
"1089","2014131860189",2014-08-06,2014,"Aug",6,"04:45",4,45,"Wednesday","Slight",1,"Slight","Van / Goods vehicle (3.5 tonnes mgw or under) occupant","Driver or rider","Male",30,"A","Single carriageway",30,NA,"Not a Pedestrian","Not a Pedestrian",429946,434287,"E01033010",1,"Not at junction or within 20 metres","Daylight","Fine no high winds","Wet or damp","Bus and goods vehicle occupant"
"1090","2014131860230",2014-08-06,2014,"Aug",6,"07:25",7,25,"Wednesday","Slight",2,"Slight","Car occupant","Driver or rider","Male",24,"Unclassified","Dual carriageway",30,"A","Not a Pedestrian","Not a Pedestrian",430735,435035,"E01011671",3,"T or staggered junction","Daylight","Fine no high winds","Wet or damp","Car occupant"
"1091","2014131860748",2014-08-06,2014,"Aug",6,"13:20",13,20,"Wednesday","Slight",2,"Slight","Car occupant","Driver or rider","Female",86,"Unclassified","Single carriageway",30,"Unclassified","Not a Pedestrian","Not a Pedestrian",425542,439985,"E01011378",2,"T or staggered junction","Daylight","Fine no high winds","Dry","Car occupant"
"1092","20141318A0775",2014-08-06,2014,"Aug",6,"14:30",14,30,"Wednesday","Slight",1,"Slight","Cyclist","Driver or rider","Male",20,"Unclassified","Single carriageway",30,NA,"Not a Pedestrian","Not a Pedestrian",431563,434362,"E01033035",2,"Not at junction or within 20 metres","Daylight","Fine no high winds","Dry","Cyclist"
"1093","2014131860992",2014-08-06,2014,"Aug",6,"15:43",15,43,"Wednesday","Slight",1,"Slight","Goods vehicle (7.5 tonnes mgw and over) occupant","Driver or rider","Male",26,"A","Single carriageway",40,NA,"Not a Pedestrian","Not a Pedestrian",435356,445139,"E01011708",2,"Not at junction or within 20 metres","Daylight","Fine no high winds","Dry","Bus and goods vehicle occupant"
"1094","2014131861193",2014-08-06,2014,"Aug",6,"17:05",17,5,"Wednesday","Slight",1,"Slight","Pedestrian","Pedestrian","Male",22,"Unclassified","Single carriageway",30,NA,"On footway or verge","Unknown or other",432276,434579,"E01011344",1,"Not at junction or within 20 metres","Daylight","Fine no high winds","Dry","Pedestrian"
"1095","2014131861285",2014-08-06,2014,"Aug",6,"18:00",18,0,"Wednesday","Serious",1,"Serious","Motorcycle 125cc and under rider or passenger","Driver or rider","Male",41,"Unclassified","Single carriageway",30,"Unclassified","Not a Pedestrian","Not a Pedestrian",430153,430986,"E01011312",2,"T or staggered junction","Daylight","Fine no high winds","Dry","Motorcyclist and pillion"
"1096","2014131861406",2014-08-06,2014,"Aug",6,"19:00",19,0,"Wednesday","Slight",1,"Slight","Cyclist","Driver or rider","Male",39,"A","Roundabout",40,"B","Not a Pedestrian","Not a Pedestrian",420916,434427,"E01011595",2,"Roundabout","Daylight","Fine no high winds","Dry","Cyclist"
"1097","2014131870432",2014-08-07,2014,"Aug",7,"09:45",9,45,"Thursday","Slight",1,"Slight","Cyclist","Driver or rider","Male",13,"Unclassified","Single carriageway",30,NA,"Not a Pedestrian","Not a Pedestrian",431476,425807,"E01011499",2,"Not at junction or within 20 metres","Daylight","Fine no high winds","Dry","Cyclist"
"1098","2014131870989",2014-08-07,2014,"Aug",7,"14:59",14,59,"Thursday","Serious",1,"Serious","Car occupant","Driver or rider","Female",22,"Unclassified","Single carriageway",30,"Unclassified","Not a Pedestrian","Not a Pedestrian",432458,438761,"E01011653",2,"T or staggered junction","Daylight","Fine no high winds","Dry","Car occupant"
"1099","2014131871347",2014-08-07,2014,"Aug",7,"16:15",16,15,"Thursday","Slight",1,"Slight","Bus or coach occupant (17 or more pass seats)","Passenger","Male",53,"B","Single carriageway",30,NA,"Not a Pedestrian","Not a Pedestrian",434483,433708,"E01011341",1,"Not at junction or within 20 metres","Daylight","Fine no high winds","Dry","Bus and goods vehicle occupant"
"1100","2014131870357",2014-08-08,2014,"Aug",8,"08:42",8,42,"Friday","Slight",2,"Slight","Taxi/Private hire car occupant","Driver or rider","Male",31,"A","Single carriageway",30,"Unclassified","Not a Pedestrian","Not a Pedestrian",430839,434003,"E01033031",2,"T or staggered junction","Daylight","Fine no high winds","Dry","Car occupant"
"1101","2014131881051",2014-08-08,2014,"Aug",8,"15:00",15,0,"Friday","Slight",1,"Slight","Cyclist","Driver or rider","Male",30,"A","Single carriageway",30,"Unclassified","Not a Pedestrian","Not a Pedestrian",430037,431028,"E01011312",2,"T or staggered junction","Daylight","Fine no high winds","Dry","Cyclist"
"1102","2014131881198",2014-08-08,2014,"Aug",8,"16:30",16,30,"Friday","Slight",1,"Slight","Cyclist","Driver or rider","Male",53,"Unclassified","Single carriageway",30,"Unclassified","Not a Pedestrian","Not a Pedestrian",431519,434301,"E01033035",2,"T or staggered junction","Daylight","Raining no high winds","Wet or damp","Cyclist"
"1103","2014131881271",2014-08-08,2014,"Aug",8,"17:00",17,0,"Friday","Slight",1,"Slight","Cyclist","Driver or rider","Male",27,"A","Single carriageway",30,"Unclassified","Not a Pedestrian","Not a Pedestrian",433147,426329,"E01011500",4,"Crossroads","Daylight","Fine no high winds","Dry","Cyclist"
"1104","2014131881771",2014-08-08,2014,"Aug",8,"20:33",20,33,"Friday","Slight",1,"Slight","Car occupant","Driver or rider","Male",43,"A","Single carriageway",30,"Unclassified","Not a Pedestrian","Not a Pedestrian",430089,431277,"E01011371",2,"T or staggered junction","Daylight","Fine no high winds","Dry","Car occupant"
"1105","2014131881805",2014-08-08,2014,"Aug",8,"20:48",20,48,"Friday","Slight",2,"Slight","Car occupant","Driver or rider","Male",54,"A","Single carriageway",60,NA,"Not a Pedestrian","Not a Pedestrian",437415,429563,"E01011402",2,"Not at junction or within 20 metres","Daylight","Fine no high winds","Dry","Car occupant"
"1106","2014131890399",2014-08-09,2014,"Aug",9,"07:15",7,15,"Saturday","Slight",1,"Slight","Car occupant","Driver or rider","Male",52,"A(M)","Dual carriageway",40,NA,"Not a Pedestrian","Not a Pedestrian",429370,433734,"E01033008",2,"Not at junction or within 20 metres","Daylight","Fine no high winds","Dry","Car occupant"
"1107","2014131890403",2014-08-09,2014,"Aug",9,"07:17",7,17,"Saturday","Slight",1,"Slight","Car occupant","Driver or rider","Male",38,"A(M)","Dual carriageway",40,NA,"Not a Pedestrian","Not a Pedestrian",429381,433751,"E01033008",2,"Not at junction or within 20 metres","Daylight","Fine no high winds","Dry","Car occupant"
"1108","2014131890689",2014-08-09,2014,"Aug",9,"11:51",11,51,"Saturday","Slight",1,"Slight","Car occupant","Passenger","Male",20,"A(M)","Dual carriageway",70,NA,"Not a Pedestrian","Not a Pedestrian",440437,446443,"E01011704",3,"Not at junction or within 20 metres","Daylight","Fine no high winds","Dry","Car occupant"
"1109","2014131891263",2014-08-09,2014,"Aug",9,"17:10",17,10,"Saturday","Slight",1,"Slight","Cyclist","Driver or rider","Male",49,"Unclassified","Single carriageway",30,NA,"Not a Pedestrian","Not a Pedestrian",430295,433732,"E01033010",2,"Not at junction or within 20 metres","Daylight","Fine no high winds","Dry","Cyclist"
"1110","2014131891274",2014-08-09,2014,"Aug",9,"17:15",17,15,"Saturday","Slight",1,"Slight","Car occupant","Driver or rider","Male",17,"A","Single carriageway",30,NA,"Not a Pedestrian","Not a Pedestrian",426446,426745,"E01011547",2,"Not at junction or within 20 metres","Daylight","Fine no high winds","Dry","Car occupant"
"1111","2014131891955",2014-08-09,2014,"Aug",9,"23:10",23,10,"Saturday","Slight",1,"Slight","Car occupant","Passenger","Female",24,"Motorway","Dual carriageway",70,NA,"Not a Pedestrian","Not a Pedestrian",431582,426418,"E01011499",3,"Not at junction or within 20 metres","Darkness - lights lit","Fine no high winds","Dry","Car occupant"
"1112","20141318B0651",2014-08-10,2014,"Aug",10,"10:40",10,40,"Sunday","Slight",1,"Slight","Pedestrian","Pedestrian","Female",76,"Unclassified","Unknown",30,"Unclassified","Unknown or other","Unknown or other",430619,438177,"E01011515",1,"Private drive or entrance","Daylight","Raining no high winds","Wet or damp","Pedestrian"
"1113","20141318A0742",2014-08-10,2014,"Aug",10,"12:35",12,35,"Sunday","Slight",1,"Slight","Motorcycle 125cc and under rider or passenger","Driver or rider","Male",30,"A","Single carriageway",30,"Unclassified","Not a Pedestrian","Not a Pedestrian",433053,427622,"E01011634",2,"T or staggered junction","Daylight","Raining no high winds","Wet or damp","Motorcyclist and pillion"
"1114","20141318A0801",2014-08-10,2014,"Aug",10,"13:15",13,15,"Sunday","Slight",2,"Slight","Bus or coach occupant (17 or more pass seats)","Passenger","Female",40,"Unclassified","Single carriageway",30,"Unclassified","Not a Pedestrian","Not a Pedestrian",422482,433126,"E01011600",1,"T or staggered junction","Daylight","Raining + high winds","Wet or damp","Bus and goods vehicle occupant"
"1115","20141318A0719",2014-08-10,2014,"Aug",10,"17:38",17,38,"Sunday","Slight",2,"Slight","Car occupant","Passenger","Male",6,"A","Single carriageway",30,NA,"Not a Pedestrian","Not a Pedestrian",432064,433576,"E01011623",2,"Not at junction or within 20 metres","Daylight","Fine no high winds","Dry","Car occupant"
"1116","20141318A1234",2014-08-10,2014,"Aug",10,"18:20",18,20,"Sunday","Slight",1,"Slight","Car occupant","Driver or rider","Male",28,"A","Single carriageway",60,NA,"Not a Pedestrian","Not a Pedestrian",439108,439223,"E01011715",1,"Not at junction or within 20 metres","Daylight","Raining no high winds","Wet or damp","Car occupant"
"1117","20141318A1256",2014-08-10,2014,"Aug",10,"18:34",18,34,"Sunday","Slight",1,"Slight","Car occupant","Driver or rider","Female",22,"Unclassified","Single carriageway",30,NA,"Not a Pedestrian","Not a Pedestrian",433176,433834,"E01011617",2,"Not at junction or within 20 metres","Daylight","Fine no high winds","Dry","Car occupant"
"1118","20141318A1305",2014-08-10,2014,"Aug",10,"19:04",19,4,"Sunday","Serious",3,"Slight","Car occupant","Driver or rider","Male",20,"Unclassified","Single carriageway",30,"A","Not a Pedestrian","Not a Pedestrian",435908,435358,"E01011666",2,"T or staggered junction","Daylight","Raining no high winds","Wet or damp","Car occupant"
"1119","20141318A1325",2014-08-10,2014,"Aug",10,"19:15",19,15,"Sunday","Slight",2,"Slight","Car occupant","Passenger","Female",44,"Unclassified","Single carriageway",30,"Unclassified","Not a Pedestrian","Not a Pedestrian",429884,427007,"E01032495",2,"T or staggered junction","Daylight","Fine no high winds","Dry","Car occupant"
"1120","20141318A1411",2014-08-10,2014,"Aug",10,"20:15",20,15,"Sunday","Slight",2,"Slight","Car occupant","Driver or rider","Female",30,"A","Single carriageway",30,NA,"Not a Pedestrian","Not a Pedestrian",435975,435456,"E01011665",2,"Not at junction or within 20 metres","Darkness - lights lit","Fine no high winds","Dry","Car occupant"
"1121","20141318A1516",2014-08-10,2014,"Aug",10,"21:34",21,34,"Sunday","Slight",1,"Slight","Car occupant","Driver or rider","Male",31,"Unclassified","Single carriageway",30,NA,"Not a Pedestrian","Not a Pedestrian",431500,433966,"E01011338",2,"Not at junction or within 20 metres","Darkness - lights lit","Raining no high winds","Wet or damp","Car occupant"
"1122","20141318A1578",2014-08-10,2014,"Aug",10,"22:09",22,9,"Sunday","Slight",1,"Slight","Car occupant","Driver or rider","Male",46,"A","Dual carriageway",40,NA,"Not a Pedestrian","Not a Pedestrian",420137,434172,"E01011597",2,"Not at junction or within 20 metres","Darkness - lights lit","Raining + high winds","Wet or damp","Car occupant"
"1123","20141318A1643",2014-08-10,2014,"Aug",10,"23:02",23,2,"Sunday","Fatal",1,"Fatal","Pedestrian","Pedestrian","Male",48,"A","Single carriageway",30,"Unclassified","Crossing elsewhere within 50m. of pedestrian crossing","Crossing from driver's offside",430785,433439,"E01033011",1,"Crossroads","Darkness - lights lit","Raining + high winds","Wet or damp","Pedestrian"
"1124","20141318B0242",2014-08-11,2014,"Aug",11,"08:30",8,30,"Monday","Slight",4,"Slight","Car occupant","Driver or rider","Male",34,"Motorway","Dual carriageway",70,NA,"Not a Pedestrian","Not a Pedestrian",425951,429194,"E01011522",3,"Not at junction or within 20 metres","Daylight","Fine no high winds","Wet or damp","Car occupant"
"1125","20141318B0642",2014-08-11,2014,"Aug",11,"13:30",13,30,"Monday","Serious",1,"Serious","Car occupant","Driver or rider","Male",86,"Unclassified","Single carriageway",40,NA,"Not a Pedestrian","Not a Pedestrian",429426,440836,"E01011563",2,"Not at junction or within 20 metres","Daylight","Fine no high winds","Dry","Car occupant"
"1126","20141318C0922",2014-08-11,2014,"Aug",11,"15:00",15,0,"Monday","Slight",1,"Slight","Bus or coach occupant (17 or more pass seats)","Passenger","Female",62,"Unclassified","Single carriageway",30,"Unclassified","Not a Pedestrian","Not a Pedestrian",434956,438010,"E01011716",1,"Other junction","Daylight","Fine no high winds","Dry","Bus and goods vehicle occupant"
"1127","20141318B0891",2014-08-11,2014,"Aug",11,"16:10",16,10,"Monday","Slight",2,"Slight","Car occupant","Driver or rider","Male",27,"A","Dual carriageway",40,"A","Not a Pedestrian","Not a Pedestrian",428603,432808,"E01011363",2,"Slip road","Daylight","Fine no high winds","Dry","Car occupant"
"1128","20141318B1161",2014-08-11,2014,"Aug",11,"17:53",17,53,"Monday","Serious",1,"Serious","Car occupant","Driver or rider","Male",48,"Unclassified","Single carriageway",30,NA,"Not a Pedestrian","Not a Pedestrian",423739,431611,"E01011601",2,"Not at junction or within 20 metres","Daylight","Raining + high winds","Wet or damp","Car occupant"
"1129","20141318B1248",2014-08-11,2014,"Aug",11,"18:51",18,51,"Monday","Slight",1,"Slight","Cyclist","Driver or rider","Male",42,"Unclassified","Single carriageway",60,NA,"Not a Pedestrian","Not a Pedestrian",429840,444906,"E01011561",1,"Not at junction or within 20 metres","Daylight","Fine no high winds","Dry","Cyclist"
"1130","20141318C0066",2014-08-12,2014,"Aug",12,"01:09",1,9,"Tuesday","Slight",5,"Slight","Car occupant","Driver or rider","Female",31,"Unclassified","Single carriageway",30,"Unclassified","Not a Pedestrian","Not a Pedestrian",431402,435025,"E01011673",1,"Crossroads","Darkness - lights lit","Fine no high winds","Wet or damp","Car occupant"
"1131","20141318C0506",2014-08-12,2014,"Aug",12,"11:59",11,59,"Tuesday","Slight",1,"Slight","Pedestrian","Pedestrian","Female",29,"Unclassified","Single carriageway",30,NA,"On footway or verge","Unknown or other",429819,435734,"E01011669",1,"Not at junction or within 20 metres","Daylight","Fine no high winds","Dry","Pedestrian"
"1132","20141318C1569",2014-08-12,2014,"Aug",12,"22:19",22,19,"Tuesday","Slight",4,"Slight","Car occupant","Passenger","Male",24,"Unclassified","Single carriageway",30,"Unclassified","Not a Pedestrian","Not a Pedestrian",430214,434922,"E01011671",2,"T or staggered junction","Darkness - lights lit","Fine no high winds","Dry","Car occupant"
"1133","20141318D0216",2014-08-13,2014,"Aug",13,"07:35",7,35,"Wednesday","Slight",1,"Slight","Car occupant","Driver or rider","Female",45,"Motorway","Dual carriageway",70,"A","Not a Pedestrian","Not a Pedestrian",435908,425854,"E01011636",2,"Roundabout","Daylight","Fine no high winds","Dry","Car occupant"
"1134","20141318D0762",2014-08-13,2014,"Aug",13,"14:00",14,0,"Wednesday","Slight",3,"Slight","Car occupant","Driver or rider","Male",75,"Unclassified","Single carriageway",60,"Unclassified","Not a Pedestrian","Not a Pedestrian",434674,441256,"E01011713",2,"T or staggered junction","Daylight","Fine no high winds","Dry","Car occupant"
"1135","20141318D0991",2014-08-13,2014,"Aug",13,"16:10",16,10,"Wednesday","Serious",3,"Serious","Car occupant","Driver or rider","Male",81,"Unclassified","Single carriageway",30,"Unclassified","Not a Pedestrian","Not a Pedestrian",425172,440030,"E01011377",2,"T or staggered junction","Daylight","Fine no high winds","Dry","Car occupant"
"1136","20141318D1478",2014-08-13,2014,"Aug",13,"20:20",20,20,"Wednesday","Serious",1,"Serious","Motorcycle over 500cc rider or passenger","Driver or rider","Male",22,"A","Single carriageway",50,"Unclassified","Not a Pedestrian","Not a Pedestrian",435141,438714,"E01011714",2,"Private drive or entrance","Daylight","Fine no high winds","Dry","Motorcyclist and pillion"
"1137","20141318G0660",2014-08-14,2014,"Aug",14,"09:45",9,45,"Thursday","Slight",3,"Slight","Bus or coach occupant (17 or more pass seats)","Passenger","Female",28,"A","Single carriageway",50,NA,"Not a Pedestrian","Not a Pedestrian",434748,429095,"E01011628",1,"Not at junction or within 20 metres","Daylight","Fine no high winds","Dry","Bus and goods vehicle occupant"
"1138","20141318E0991",2014-08-14,2014,"Aug",14,"16:27",16,27,"Thursday","Slight",1,"Slight","Car occupant","Driver or rider","Female",23,"A","Roundabout",30,"A","Not a Pedestrian","Not a Pedestrian",428115,426282,"E01011550",2,"Other junction","Daylight","Snowing no high winds","Wet or damp","Car occupant"
"1139","20141318E1354",2014-08-14,2014,"Aug",14,"19:20",19,20,"Thursday","Slight",2,"Slight","Car occupant","Driver or rider","Male",32,"Unclassified","Single carriageway",30,NA,"Not a Pedestrian","Not a Pedestrian",430050,430150,"E01011316",2,"Not at junction or within 20 metres","Daylight","Raining no high winds","Wet or damp","Car occupant"
"1140","20141318F0516",2014-08-15,2014,"Aug",15,"11:13",11,13,"Friday","Slight",1,"Slight","Car occupant","Driver or rider","Male",17,"Unclassified","Single carriageway",30,"Unclassified","Not a Pedestrian","Not a Pedestrian",426461,428364,"E01011533",2,"T or staggered junction","Daylight","Fine no high winds","Dry","Car occupant"
"1141","20141318F0617",2014-08-15,2014,"Aug",15,"12:10",12,10,"Friday","Slight",1,"Slight","Car occupant","Driver or rider","Male",74,"A","Dual carriageway",40,"Unclassified","Not a Pedestrian","Not a Pedestrian",432623,432440,"E01011621",3,"T or staggered junction","Daylight","Fine no high winds","Wet or damp","Car occupant"
"1142","20141318F0772",2014-08-15,2014,"Aug",15,"13:32",13,32,"Friday","Serious",1,"Serious","Pedestrian","Pedestrian","Female",22,"Unclassified","Single carriageway",30,NA,"In carriageway, crossing elsewhere","Crossing from driver's nearside",432282,434559,"E01011347",1,"Not at junction or within 20 metres","Daylight","Raining no high winds","Wet or damp","Pedestrian"
"1143","20141318F0872",2014-08-15,2014,"Aug",15,"14:30",14,30,"Friday","Slight",1,"Slight","Car occupant","Passenger","Female",35,"Unclassified","Single carriageway",60,"Unclassified","Not a Pedestrian","Not a Pedestrian",443330,435489,"E01011297",2,"Crossroads","Daylight","Raining no high winds","Wet or damp","Car occupant"
"1144","20141318F0936",2014-08-15,2014,"Aug",15,"15:12",15,12,"Friday","Slight",1,"Slight","Motorcycle 50cc and under rider or passenger","Driver or rider","Male",16,"Unclassified","Single carriageway",30,"Unclassified","Not a Pedestrian","Not a Pedestrian",422675,433532,"E01011610",2,"T or staggered junction","Daylight","Raining no high winds","Wet or damp","Motorcyclist and pillion"
"1145","20141318G0468",2014-08-16,2014,"Aug",16,"08:56",8,56,"Saturday","Slight",1,"Slight","Car occupant","Driver or rider","Male",33,"A","Dual carriageway",70,NA,"Not a Pedestrian","Not a Pedestrian",422168,433963,"E01011587",2,"Not at junction or within 20 metres","Daylight","Fine no high winds","Dry","Car occupant"
"1146","20141318G0562",2014-08-16,2014,"Aug",16,"10:35",10,35,"Saturday","Serious",2,"Serious","Motorcycle 125cc and under rider or passenger","Driver or rider","Male",25,"Unclassified","Single carriageway",30,NA,"Not a Pedestrian","Not a Pedestrian",425698,434796,"E01011281",2,"Not at junction or within 20 metres","Daylight","Fine no high winds","Dry","Motorcyclist and pillion"
"1147","20141318G1385",2014-08-16,2014,"Aug",16,"19:23",19,23,"Saturday","Serious",1,"Serious","Pedestrian","Pedestrian","Male",8,"Unclassified","Single carriageway",30,"Unclassified","In carriageway, crossing elsewhere","Crossing from driver's offside",431473,434333,"E01033035",1,"T or staggered junction","Daylight","Fine no high winds","Dry","Pedestrian"
"1148","20141318G1706",2014-08-16,2014,"Aug",16,"22:15",22,15,"Saturday","Slight",1,"Slight","Taxi/Private hire car occupant","Driver or rider","Male",49,"Unclassified","Single carriageway",30,"Unclassified","Not a Pedestrian","Not a Pedestrian",430427,433460,"E01033010",2,"T or staggered junction","Darkness - lights lit","Raining no high winds","Wet or damp","Car occupant"
"1149","20141318H1686",2014-08-17,2014,"Aug",17,"23:50",23,50,"Sunday","Slight",2,"Slight","Car occupant","Driver or rider","Male",17,"Unclassified","Single carriageway",30,NA,"Not a Pedestrian","Not a Pedestrian",434132,428737,"E01011639",4,"Not at junction or within 20 metres","Darkness - lights lit","Fine no high winds","Wet or damp","Car occupant"
"1150","20141318I0955",2014-08-18,2014,"Aug",18,"16:00",16,0,"Monday","Serious",1,"Serious","Motorcycle 125cc and under rider or passenger","Driver or rider","Male",18,"Unclassified","Single carriageway",30,"Unclassified","Not a Pedestrian","Not a Pedestrian",438547,430136,"E01011390",2,"Private drive or entrance","Daylight","Fine no high winds","Dry","Motorcyclist and pillion"
"1151","20141318J0464",2014-08-19,2014,"Aug",19,"11:25",11,25,"Tuesday","Slight",1,"Slight","Pedestrian","Pedestrian","Female",24,"Unclassified","Unknown",30,"A","On footway or verge","Unknown or other",432530,433820,"E01011348",2,"T or staggered junction","Daylight","Fine no high winds","Dry","Pedestrian"
"1152","20141318J1121",2014-08-19,2014,"Aug",19,"17:30",17,30,"Tuesday","Slight",1,"Slight","Cyclist","Driver or rider","Male",38,"Unclassified","Single carriageway",30,NA,"Not a Pedestrian","Not a Pedestrian",429840,432965,"E01033015",2,"Not at junction or within 20 metres","Daylight","Fine no high winds","Dry","Cyclist"
"1153","20141318J1168",2014-08-19,2014,"Aug",19,"18:00",18,0,"Tuesday","Slight",1,"Slight","Car occupant","Driver or rider","Female",35,"A","Dual carriageway",40,NA,"Not a Pedestrian","Not a Pedestrian",428647,432475,"E01011363",2,"Not at junction or within 20 metres","Daylight","Fine no high winds","Dry","Car occupant"
"1154","20141318J1198",2014-08-19,2014,"Aug",19,"18:09",18,9,"Tuesday","Slight",1,"Slight","Car occupant","Passenger","Female",4,"Unclassified","Single carriageway",30,"Unclassified","Not a Pedestrian","Not a Pedestrian",433029,437109,"E01011643",2,"T or staggered junction","Daylight","Fine no high winds","Dry","Car occupant"
"1155","20141318J1274",2014-08-19,2014,"Aug",19,"18:40",18,40,"Tuesday","Slight",2,"Slight","Car occupant","Driver or rider","Female",34,"Motorway","Dual carriageway",70,NA,"Not a Pedestrian","Not a Pedestrian",428993,426407,"E01011538",2,"Not at junction or within 20 metres","Daylight","Fine no high winds","Dry","Car occupant"
"1156","20141318J1454",2014-08-19,2014,"Aug",19,"20:30",20,30,"Tuesday","Slight",1,"Slight","Cyclist","Driver or rider","Male",43,"A","Single carriageway",60,NA,"Not a Pedestrian","Not a Pedestrian",418248,445865,"E01011573",2,"Not at junction or within 20 metres","Darkness - lights lit","Raining no high winds","Wet or damp","Cyclist"
"1157","20141318J1471",2014-08-19,2014,"Aug",19,"20:41",20,41,"Tuesday","Serious",1,"Serious","Cyclist","Driver or rider","Male",53,"A","Single carriageway",40,NA,"Not a Pedestrian","Not a Pedestrian",418070,442595,"E01011280",2,"Not at junction or within 20 metres","Darkness - lights lit","Raining no high winds","Wet or damp","Cyclist"
"1158","20141318K0366",2014-08-20,2014,"Aug",20,"07:45",7,45,"Wednesday","Slight",1,"Slight","Pedestrian","Pedestrian","Male",28,"Unclassified","Single carriageway",30,NA,"In centre of carriageway - not on refuge, island or central reservation","Crossing from driver's nearside",436136,436429,"E01011720",1,"Not at junction or within 20 metres","Daylight","Fine no high winds","Dry","Pedestrian"
"1159","2014131951385",2014-08-20,2014,"Aug",20,"08:00",8,0,"Wednesday","Slight",1,"Slight","Cyclist","Driver or rider","Female",36,"A","Roundabout",40,"A","Not a Pedestrian","Not a Pedestrian",428704,433136,"E01033013",2,"Roundabout","Daylight","Fine no high winds","Dry","Cyclist"
"1160","20141318K0292",2014-08-20,2014,"Aug",20,"08:15",8,15,"Wednesday","Slight",1,"Slight","Cyclist","Driver or rider","Male",30,"Unclassified","Dual carriageway",30,"Unclassified","Not a Pedestrian","Not a Pedestrian",430476,432850,"E01033018",2,"Other junction","Daylight","Fine no high winds","Dry","Cyclist"
"1161","20141318K0457",2014-08-20,2014,"Aug",20,"10:57",10,57,"Wednesday","Slight",1,"Slight","Car occupant","Driver or rider","Female",37,"A","Dual carriageway",30,NA,"Not a Pedestrian","Not a Pedestrian",428960,433616,"E01011363",3,"Not at junction or within 20 metres","Daylight","Fine no high winds","Dry","Car occupant"
"1162","20141318K0947",2014-08-20,2014,"Aug",20,"15:35",15,35,"Wednesday","Slight",1,"Slight","Pedestrian","Pedestrian","Female",27,"Unclassified","Single carriageway",30,NA,"On footway or verge","Unknown or other",429858,433787,"E01033008",1,"Not at junction or within 20 metres","Daylight","Fine no high winds","Dry","Pedestrian"
"1163","20141318K1342",2014-08-20,2014,"Aug",20,"18:48",18,48,"Wednesday","Slight",2,"Slight","Car occupant","Driver or rider","Female",18,"Unclassified","Single carriageway",30,"Unclassified","Not a Pedestrian","Not a Pedestrian",426062,427378,"E01011545",2,"T or staggered junction","Daylight","Fine no high winds","Dry","Car occupant"
"1164","20141318K1418",2014-08-20,2014,"Aug",20,"19:05",19,5,"Wednesday","Serious",1,"Serious","Cyclist","Driver or rider","Male",44,"Unclassified","Dual carriageway",30,"Unclassified","Not a Pedestrian","Not a Pedestrian",429969,433278,"E01033016",2,"T or staggered junction","Daylight","Fine no high winds","Dry","Cyclist"
"1165","20141318K1414",2014-08-20,2014,"Aug",20,"19:25",19,25,"Wednesday","Slight",1,"Slight","Pedestrian","Pedestrian","Female",52,"Unclassified","Single carriageway",30,NA,"Unknown or other","Unknown or other",430759,431185,"E01011468",1,"Not at junction or within 20 metres","Daylight","Fine no high winds","Dry","Pedestrian"
"1166","20141318K1413",2014-08-20,2014,"Aug",20,"19:28",19,28,"Wednesday","Slight",4,"Slight","Car occupant","Passenger","Female",23,"Unclassified","Single carriageway",30,"Unclassified","Not a Pedestrian","Not a Pedestrian",430958,435789,"E01011360",2,"Crossroads","Daylight","Fine no high winds","Dry","Car occupant"
"1167","20141318L0031",2014-08-21,2014,"Aug",21,"00:05",0,5,"Thursday","Slight",1,"Slight","Car occupant","Driver or rider","Male",72,"A","Single carriageway",60,NA,"Not a Pedestrian","Not a Pedestrian",435252,439090,"E01011311",2,"Not at junction or within 20 metres","Darkness - no lighting","Fine no high winds","Dry","Car occupant"
"1168","20141318L0520",2014-08-21,2014,"Aug",21,"11:55",11,55,"Thursday","Slight",1,"Slight","Cyclist","Driver or rider","Male",30,"B","Single carriageway",40,"Unclassified","Not a Pedestrian","Not a Pedestrian",434455,433702,"E01011616",2,"T or staggered junction","Daylight","Fine no high winds","Dry","Cyclist"