"","accident_index","date","year","month","day","time","time_hour","time_minute","day_of_week","accident_severity","number_of_casualties","casualty_severity","casualty_type","casualty_class","sex_of_casualty","age_of_casualty","first_road_class","road_type","speed_limit","second_road_class","pedestrian_location","pedestrian_movement","location_easting_osgr","location_northing_osgr","lsoa_of_accident_location","number_of_vehicles","junction_detail","light_conditions","weather_conditions","road_surface_conditions","cas_type"
"1169","20141318L0804",2014-08-21,2014,"Aug",21,"14:45",14,45,"Thursday","Serious",1,"Serious","Pedestrian","Pedestrian","Female",31,"Unclassified","Single carriageway",20,NA,"Unknown or other","Unknown or other",430739,436812,"E01011356",2,"Not at junction or within 20 metres","Daylight","Fine no high winds","Dry","Pedestrian"
"1170","20141318L1186",2014-08-21,2014,"Aug",21,"17:52",17,52,"Thursday","Serious",2,"Slight","Car occupant","Driver or rider","Male",25,"A","Dual carriageway",40,NA,"Not a Pedestrian","Not a Pedestrian",427765,430740,"E01011318",2,"Not at junction or within 20 metres","Daylight","Raining no high winds","Wet or damp","Car occupant"
"1171","20141318M0174",2014-08-22,2014,"Aug",22,"06:40",6,40,"Friday","Slight",2,"Slight","Car occupant","Driver or rider","Female",19,"Unclassified","Single carriageway",60,NA,"Not a Pedestrian","Not a Pedestrian",429843,444772,"E01011561",2,"Not at junction or within 20 metres","Daylight","Fine no high winds","Dry","Car occupant"
"1172","20141318M0179",2014-08-22,2014,"Aug",22,"06:40",6,40,"Friday","Slight",1,"Slight","Car occupant","Passenger","Female",46,"A","Roundabout",50,"A","Not a Pedestrian","Not a Pedestrian",439352,432411,"E01011402",2,"Roundabout","Daylight","Fine no high winds","Dry","Car occupant"
"1173","20141318M0442",2014-08-22,2014,"Aug",22,"11:10",11,10,"Friday","Fatal",1,"Fatal","Motorcycle over 500cc rider or passenger","Driver or rider","Male",43,"Unclassified","Single carriageway",60,NA,"Not a Pedestrian","Not a Pedestrian",439395,430805,"E01011392",2,"Not at junction or within 20 metres","Daylight","Fine no high winds","Dry","Motorcyclist and pillion"
"1174","20141318M0899",2014-08-22,2014,"Aug",22,"15:39",15,39,"Friday","Slight",3,"Slight","Car occupant","Driver or rider","Male",62,"Unclassified","Single carriageway",30,"Unclassified","Not a Pedestrian","Not a Pedestrian",429919,431260,"E01011372",2,"T or staggered junction","Daylight","Fine no high winds","Wet or damp","Car occupant"
"1175","20141318M1274",2014-08-22,2014,"Aug",22,"15:50",15,50,"Friday","Slight",1,"Slight","Motorcycle 125cc and under rider or passenger","Driver or rider","Male",18,"Unclassified","Single carriageway",30,"Unclassified","Not a Pedestrian","Not a Pedestrian",430928,428718,"E01032497",2,"T or staggered junction","Daylight","Fine no high winds","Dry","Motorcyclist and pillion"
"1176","20141318M1057",2014-08-22,2014,"Aug",22,"16:35",16,35,"Friday","Serious",1,"Serious","Cyclist","Driver or rider","Male",47,"A","Dual carriageway",30,"Unclassified","Not a Pedestrian","Not a Pedestrian",436179,434466,"E01011408",2,"Crossroads","Daylight","Fine no high winds","Dry","Cyclist"
"1177","20141318N0484",2014-08-23,2014,"Aug",23,"09:00",9,0,"Saturday","Slight",1,"Slight","Pedestrian","Pedestrian","Female",51,"Unclassified","Single carriageway",30,NA,"Crossing on pedestrian crossing facility","Crossing from driver's nearside",427061,433483,"E01011293",1,"Not at junction or within 20 metres","Daylight","Fine no high winds","Dry","Pedestrian"
"1178","20141318N0678",2014-08-23,2014,"Aug",23,"11:25",11,25,"Saturday","Slight",1,"Slight","Car occupant","Passenger","Female",25,"Unclassified","Single carriageway",30,NA,"Not a Pedestrian","Not a Pedestrian",427188,433582,"E01011293",5,"Not at junction or within 20 metres","Daylight","Fine no high winds","Dry","Car occupant"
"1179","20141318N0871",2014-08-23,2014,"Aug",23,"12:30",12,30,"Saturday","Slight",1,"Slight","Pedestrian","Pedestrian","Male",26,"A","Single carriageway",40,"Unclassified","In centre of carriageway - not on refuge, island or central reservation","In carriageway, stationary - not crossing  (standing or playing)",440030,439604,"E01011309",1,"T or staggered junction","Daylight","Fine no high winds","Dry","Pedestrian"
"1180","20141318N1023",2014-08-23,2014,"Aug",23,"15:00",15,0,"Saturday","Serious",1,"Serious","Car occupant","Driver or rider","Female",59,"Unclassified","Single carriageway",40,"Unclassified","Not a Pedestrian","Not a Pedestrian",427065,433102,"E01011292",2,"T or staggered junction","Daylight","Fine no high winds","Dry","Car occupant"
"1181","20141318N1357",2014-08-23,2014,"Aug",23,"18:30",18,30,"Saturday","Slight",1,"Slight","Cyclist","Driver or rider","Female",36,"Unclassified","Single carriageway",30,NA,"Not a Pedestrian","Not a Pedestrian",427965,434590,"E01011481",2,"Not at junction or within 20 metres","Daylight","Fine no high winds","Dry","Cyclist"
"1182","20141318N1368",2014-08-23,2014,"Aug",23,"18:45",18,45,"Saturday","Slight",1,"Slight","Car occupant","Driver or rider","Male",29,"Unclassified","Single carriageway",30,"Unclassified","Not a Pedestrian","Not a Pedestrian",430155,430974,"E01011312",2,"T or staggered junction","Daylight","Fine no high winds","Dry","Car occupant"
"1183","20141318Q0550",2014-08-24,2014,"Aug",24,"00:20",0,20,"Sunday","Slight",1,"Slight","Pedestrian","Pedestrian","Female",23,"Unclassified","Unknown",30,NA,"Unknown or other","Unknown or other",442243,442309,"E01011712",1,"Not at junction or within 20 metres","Darkness - no lighting","Fine no high winds","Dry","Pedestrian"
"1184","20141318O0651",2014-08-24,2014,"Aug",24,"11:45",11,45,"Sunday","Serious",1,"Serious","Cyclist","Driver or rider","Male",55,"Unclassified","Single carriageway",30,"Unclassified","Not a Pedestrian","Not a Pedestrian",425280,435870,"E01011324",2,"T or staggered junction","Daylight","Fine no high winds","Dry","Cyclist"
"1185","20141318O0818",2014-08-24,2014,"Aug",24,"13:15",13,15,"Sunday","Slight",2,"Slight","Car occupant","Driver or rider","Male",23,"A","Dual carriageway",40,"Unclassified","Not a Pedestrian","Not a Pedestrian",425229,432997,"E01011727",2,"Crossroads","Daylight","Fine no high winds","Dry","Car occupant"
"1186","20141318O0862",2014-08-24,2014,"Aug",24,"13:45",13,45,"Sunday","Slight",1,"Slight","Motorcycle 125cc and under rider or passenger","Driver or rider","Male",34,"A","Dual carriageway",40,"Unclassified","Not a Pedestrian","Not a Pedestrian",431171,440732,"E01011562",2,"Crossroads","Daylight","Fine no high winds","Dry","Motorcyclist and pillion"
"1187","20141318O0873",2014-08-24,2014,"Aug",24,"14:04",14,4,"Sunday","Slight",1,"Slight","Pedestrian","Pedestrian","Male",3,"Unclassified","Single carriageway",30,NA,"In carriageway, crossing elsewhere","Crossing from driver's nearside",432427,435565,"E01011430",1,"Not at junction or within 20 metres","Daylight","Fine no high winds","Dry","Pedestrian"
"1188","20141318O1033",2014-08-24,2014,"Aug",24,"15:32",15,32,"Sunday","Slight",2,"Slight","Car occupant","Passenger","Female",19,"Unclassified","Single carriageway",30,"Unclassified","Not a Pedestrian","Not a Pedestrian",428836,436577,"E01011691",2,"Crossroads","Daylight","Fine no high winds","Dry","Car occupant"
"1189","20141318O1086",2014-08-24,2014,"Aug",24,"16:15",16,15,"Sunday","Slight",1,"Slight","Car occupant","Driver or rider","Female",80,"Unclassified","Single carriageway",30,"A","Not a Pedestrian","Not a Pedestrian",433885,427674,"E01011633",1,"T or staggered junction","Daylight","Fine no high winds","Dry","Car occupant"
"1190","20141318P0008",2014-08-25,2014,"Aug",25,"00:01",0,1,"Monday","Slight",5,"Slight","Car occupant","Driver or rider","Male",34,"A","Single carriageway",40,"A","Not a Pedestrian","Not a Pedestrian",426385,435434,"E01011477",2,"Crossroads","Darkness - lights lit","Fine no high winds","Dry","Car occupant"
"1191","20141318P0881",2014-08-25,2014,"Aug",25,"10:00",10,0,"Monday","Slight",1,"Slight","Car occupant","Driver or rider","Male",30,"Unclassified","Single carriageway",30,"Unclassified","Not a Pedestrian","Not a Pedestrian",432861,435106,"E01011431",2,"T or staggered junction","Daylight","Fine no high winds","Dry","Car occupant"
"1192","20141318P0598",2014-08-25,2014,"Aug",25,"11:31",11,31,"Monday","Slight",2,"Slight","Car occupant","Passenger","Male",2,"A","Single carriageway",50,"Unclassified","Not a Pedestrian","Not a Pedestrian",422950,443097,"E01032503",2,"Crossroads","Daylight","Fine no high winds","Dry","Car occupant"
"1193","20141318P0791",2014-08-25,2014,"Aug",25,"13:50",13,50,"Monday","Slight",1,"Slight","Motorcycle 125cc and under rider or passenger","Driver or rider","Male",19,"Unclassified","Single carriageway",30,"Unclassified","Not a Pedestrian","Not a Pedestrian",430697,427105,"E01032495",2,"Mini-roundabout","Daylight","Fine no high winds","Wet or damp","Motorcyclist and pillion"
"1194","20141318P0943",2014-08-25,2014,"Aug",25,"15:30",15,30,"Monday","Slight",1,"Slight","Car occupant","Driver or rider","Male",30,"Unclassified","Single carriageway",30,NA,"Not a Pedestrian","Not a Pedestrian",431417,434821,"E01033031",2,"Not at junction or within 20 metres","Daylight","Fine no high winds","Dry","Car occupant"
"1195","20141318P1446",2014-08-25,2014,"Aug",25,"21:33",21,33,"Monday","Slight",4,"Slight","Car occupant","Driver or rider","Female",41,"A(M)","Dual carriageway",40,NA,"Not a Pedestrian","Not a Pedestrian",429422,433860,"E01033008",2,"Not at junction or within 20 metres","Darkness - lights lit","Fine no high winds","Dry","Car occupant"
"1196","20141318Q0013",2014-08-26,2014,"Aug",26,"00:10",0,10,"Tuesday","Slight",1,"Slight","Car occupant","Driver or rider","Male",30,"A","Single carriageway",30,"Unclassified","Not a Pedestrian","Not a Pedestrian",430343,435927,"E01011357",2,"T or staggered junction","Darkness - lights lit","Fine no high winds","Dry","Car occupant"
"1197","20141318Q0076",2014-08-26,2014,"Aug",26,"02:20",2,20,"Tuesday","Serious",1,"Serious","Pedestrian","Pedestrian","Female",63,"Motorway","Dual carriageway",50,NA,"Unknown or other","Crossing from driver's nearside",429715,432140,"E01011364",1,"Not at junction or within 20 metres","Darkness - lights lit","Raining no high winds","Wet or damp","Pedestrian"
"1198","20141318Q0413",2014-08-26,2014,"Aug",26,"10:48",10,48,"Tuesday","Slight",1,"Slight","Pedestrian","Pedestrian","Male",85,"Unclassified","Unknown",20,NA,"Unknown or other","Crossing from driver's nearside",434487,428197,"E01011633",1,"Not at junction or within 20 metres","Daylight","Fine no high winds","Dry","Pedestrian"
"1199","20141318Q0822",2014-08-26,2014,"Aug",26,"14:55",14,55,"Tuesday","Slight",1,"Slight","Motorcycle 125cc and under rider or passenger","Driver or rider","Male",27,"A","Dual carriageway",30,NA,"Not a Pedestrian","Not a Pedestrian",426714,433863,"E01032499",2,"Not at junction or within 20 metres","Daylight","Fine no high winds","Dry","Motorcyclist and pillion"
"1200","20141318Q0935",2014-08-26,2014,"Aug",26,"16:00",16,0,"Tuesday","Slight",4,"Slight","Car occupant","Passenger","Female",51,"A","Dual carriageway",70,NA,"Not a Pedestrian","Not a Pedestrian",422716,434061,"E01011587",2,"Not at junction or within 20 metres","Daylight","Fine no high winds","Dry","Car occupant"
"1201","20141318Q0947",2014-08-26,2014,"Aug",26,"16:00",16,0,"Tuesday","Slight",1,"Slight","Car occupant","Driver or rider","Female",31,"Unclassified","Single carriageway",30,NA,"Not a Pedestrian","Not a Pedestrian",424590,437118,"E01011453",2,"Not at junction or within 20 metres","Daylight","Fine no high winds","Dry","Car occupant"
"1202","20141318Q1494",2014-08-26,2014,"Aug",26,"21:00",21,0,"Tuesday","Slight",1,"Slight","Pedestrian","Pedestrian","Male",19,"Unclassified","Single carriageway",30,"Unclassified","In carriageway, crossing elsewhere","Crossing from driver's nearside",427471,434927,"E01011478",1,"T or staggered junction","Darkness - lights lit","Fine no high winds","Dry","Pedestrian"
"1203","20141318R0493",2014-08-27,2014,"Aug",27,"11:44",11,44,"Wednesday","Slight",3,"Slight","Car occupant","Driver or rider","Male",24,"Unclassified","Single carriageway",30,"Unclassified","Not a Pedestrian","Not a Pedestrian",426305,433333,"E01011729",2,"T or staggered junction","Daylight","Fine no high winds","Dry","Car occupant"
"1204","20141318R1367",2014-08-27,2014,"Aug",27,"17:15",17,15,"Wednesday","Slight",1,"Slight","Cyclist","Driver or rider","Male",25,"A","Single carriageway",30,NA,"Not a Pedestrian","Not a Pedestrian",427136,434788,"E01011482",2,"Not at junction or within 20 metres","Daylight","Fine no high winds","Dry","Cyclist"
"1205","20141318R1376",2014-08-27,2014,"Aug",27,"20:21",20,21,"Wednesday","Slight",1,"Slight","Pedestrian","Pedestrian","Male",17,"Unclassified","Single carriageway",30,NA,"Unknown or other","Crossing from driver's nearside",433473,435955,"E01011421",1,"Not at junction or within 20 metres","Darkness - lights lit","Fine no high winds","Dry","Pedestrian"
"1206","20141318S0188",2014-08-28,2014,"Aug",28,"04:55",4,55,"Thursday","Slight",1,"Slight","Car occupant","Driver or rider","Female",20,"Unclassified","Single carriageway",40,NA,"Not a Pedestrian","Not a Pedestrian",429371,440834,"E01011563",1,"Not at junction or within 20 metres","Darkness - lights lit","Raining no high winds","Wet or damp","Car occupant"
"1207","20141318S0227",2014-08-28,2014,"Aug",28,"06:33",6,33,"Thursday","Slight",1,"Slight","Car occupant","Driver or rider","Male",34,"Motorway","Slip road",50,"Motorway","Not a Pedestrian","Not a Pedestrian",432093,425658,"E01011499",2,"Slip road","Daylight","Fine no high winds","Dry","Car occupant"
"1208","20141318S0397",2014-08-28,2014,"Aug",28,"09:48",9,48,"Thursday","Serious",1,"Serious","Cyclist","Driver or rider","Male",27,"Unclassified","Single carriageway",30,"Unclassified","Not a Pedestrian","Not a Pedestrian",431081,433150,"E01033033",2,"Other junction","Daylight","Fine no high winds","Dry","Cyclist"
"1209","20141318S0695",2014-08-28,2014,"Aug",28,"13:02",13,2,"Thursday","Slight",1,"Slight","Motorcycle 125cc and under rider or passenger","Driver or rider","Male",30,"A","Single carriageway",30,NA,"Not a Pedestrian","Not a Pedestrian",436386,428375,"E01011635",2,"Not at junction or within 20 metres","Daylight","Fine no high winds","Dry","Motorcyclist and pillion"
"1210","20141318S1245",2014-08-28,2014,"Aug",28,"17:33",17,33,"Thursday","Slight",2,"Slight","Car occupant","Driver or rider","Male",61,"Unclassified","Single carriageway",30,"A","Not a Pedestrian","Not a Pedestrian",430806,433260,"E01033011",2,"Crossroads","Daylight","Fine no high winds","Dry","Car occupant"
"1211","20141318S1491",2014-08-28,2014,"Aug",28,"19:44",19,44,"Thursday","Slight",3,"Slight","Car occupant","Driver or rider","Male",45,"A","Single carriageway",30,"Unclassified","Not a Pedestrian","Not a Pedestrian",422027,436490,"E01011591",2,"T or staggered junction","Daylight","Fine no high winds","Dry","Car occupant"
"1212","20141318T0545",2014-08-29,2014,"Aug",29,"11:38",11,38,"Friday","Slight",1,"Slight","Bus or coach occupant (17 or more pass seats)","Passenger","Female",63,"A","Single carriageway",40,NA,"Not a Pedestrian","Not a Pedestrian",433147,426330,"E01011500",1,"Not at junction or within 20 metres","Daylight","Fine no high winds","Dry","Bus and goods vehicle occupant"
"1213","20141318T0776",2014-08-29,2014,"Aug",29,"13:55",13,55,"Friday","Slight",4,"Slight","Car occupant","Driver or rider","Female",56,"Unclassified","Single carriageway",30,"Unclassified","Not a Pedestrian","Not a Pedestrian",433154,435249,"E01011431",2,"Crossroads","Daylight","Fine no high winds","Dry","Car occupant"
"1214","20141318T0897",2014-08-29,2014,"Aug",29,"15:11",15,11,"Friday","Slight",1,"Slight","Motorcycle over 125cc and up to 500cc rider or  passenger","Driver or rider","Male",50,"Unclassified","Single carriageway",30,"Unclassified","Not a Pedestrian","Not a Pedestrian",430632,432469,"E01033016",2,"Private drive or entrance","Daylight","Fine no high winds","Dry","Motorcyclist and pillion"
"1215","20141318T0938",2014-08-29,2014,"Aug",29,"15:30",15,30,"Friday","Slight",1,"Slight","Car occupant","Driver or rider","Female",30,"Unclassified","Single carriageway",30,"Unclassified","Not a Pedestrian","Not a Pedestrian",431380,434758,"E01011673",2,"T or staggered junction","Daylight","Fine no high winds","Dry","Car occupant"
"1216","20141318T1289",2014-08-29,2014,"Aug",29,"18:26",18,26,"Friday","Slight",1,"Slight","Car occupant","Driver or rider","Male",21,"A","Single carriageway",60,NA,"Not a Pedestrian","Not a Pedestrian",439263,439267,"E01011309",1,"Not at junction or within 20 metres","Daylight","Fine no high winds","Wet or damp","Car occupant"
"1217","20141318T1736",2014-08-29,2014,"Aug",29,"23:14",23,14,"Friday","Slight",1,"Slight","Car occupant","Driver or rider","Male",70,"Unclassified","Single carriageway",30,"Unclassified","Not a Pedestrian","Not a Pedestrian",429283,433483,"E01033015",1,"Crossroads","Darkness - lights lit","Raining no high winds","Wet or damp","Car occupant"
"1218","20141318U0428",2014-08-30,2014,"Aug",30,"08:37",8,37,"Saturday","Slight",2,"Slight","Car occupant","Passenger","Female",50,"Unclassified","Single carriageway",30,"Unclassified","Not a Pedestrian","Not a Pedestrian",432713,427659,"E01011496",2,"T or staggered junction","Daylight","Fine no high winds","Dry","Car occupant"
"1219","20141318U0740",2014-08-30,2014,"Aug",30,"13:10",13,10,"Saturday","Slight",1,"Slight","Car occupant","Passenger","Male",39,"Unclassified","Single carriageway",30,"Unclassified","Not a Pedestrian","Not a Pedestrian",432623,432441,"E01011621",2,"T or staggered junction","Daylight","Fine no high winds","Dry","Car occupant"
"1220","20141318U1077",2014-08-30,2014,"Aug",30,"16:25",16,25,"Saturday","Slight",1,"Slight","Car occupant","Driver or rider","Female",27,"A","Single carriageway",40,"Unclassified","Not a Pedestrian","Not a Pedestrian",426031,438091,"E01011686",2,"Private drive or entrance","Daylight","Fine no high winds","Dry","Car occupant"
"1221","20141318U1057",2014-08-30,2014,"Aug",30,"17:36",17,36,"Saturday","Slight",2,"Slight","Car occupant","Driver or rider","Male",25,"Unclassified","Single carriageway",30,NA,"Not a Pedestrian","Not a Pedestrian",427822,433358,"E01011294",1,"Not at junction or within 20 metres","Daylight","Fine no high winds","Dry","Car occupant"
"1222","20141318U1353",2014-08-30,2014,"Aug",30,"19:17",19,17,"Saturday","Slight",1,"Slight","Car occupant","Driver or rider","Female",21,"A","Dual carriageway",30,"Unclassified","Not a Pedestrian","Not a Pedestrian",431125,440569,"E01011562",2,"Slip road","Daylight","Fine no high winds","Dry","Car occupant"
"1223","20141318V1031",2014-08-31,2014,"Aug",31,"10:31",10,31,"Sunday","Slight",1,"Slight","Car occupant","Driver or rider","Female",44,"Unclassified","Slip road",20,NA,"Not a Pedestrian","Not a Pedestrian",426544,427014,"E01011541",2,"Not at junction or within 20 metres","Daylight","Fine no high winds","Dry","Car occupant"
"1224","20141318V0571",2014-08-31,2014,"Aug",31,"10:37",10,37,"Sunday","Slight",1,"Slight","Motorcycle over 125cc and up to 500cc rider or  passenger","Driver or rider","Male",68,"A","Single carriageway",40,"Unclassified","Not a Pedestrian","Not a Pedestrian",427003,440071,"E01011381",2,"T or staggered junction","Daylight","Fine no high winds","Dry","Motorcyclist and pillion"
"1225","20141318V0951",2014-08-31,2014,"Aug",31,"14:58",14,58,"Sunday","Serious",1,"Serious","Motorcycle 125cc and under rider or passenger","Driver or rider","Male",20,"Unclassified","Single carriageway",30,"Unclassified","Not a Pedestrian","Not a Pedestrian",432464,435218,"E01011432",2,"T or staggered junction","Daylight","Fine no high winds","Dry","Motorcyclist and pillion"
"1226","20141318V1099",2014-08-31,2014,"Aug",31,"16:44",16,44,"Sunday","Slight",1,"Slight","Cyclist","Driver or rider","Male",14,"A","Single carriageway",40,"Unclassified","Not a Pedestrian","Not a Pedestrian",427575,434541,"E01011482",2,"T or staggered junction","Daylight","Fine no high winds","Dry","Cyclist"
"1227","20141318V1145",2014-08-31,2014,"Aug",31,"18:45",18,45,"Sunday","Slight",1,"Slight","Cyclist","Driver or rider","Male",26,"A","Single carriageway",30,"Unclassified","Not a Pedestrian","Not a Pedestrian",430103,437886,"E01011515",2,"T or staggered junction","Daylight","Fine no high winds","Dry","Cyclist"
"1228","20141318V1388",2014-08-31,2014,"Aug",31,"20:06",20,6,"Sunday","Slight",1,"Slight","Van / Goods vehicle (3.5 tonnes mgw or under) occupant","Driver or rider","Male",38,"Unclassified","Single carriageway",30,"Unclassified","Not a Pedestrian","Not a Pedestrian",433273,436342,"E01011646",1,"T or staggered junction","Daylight","Fine no high winds","Dry","Bus and goods vehicle occupant"
"1229","2014131911375",2014-09-01,2014,"Sep",1,"06:40",6,40,"Monday","Slight",1,"Slight","Cyclist","Driver or rider","Male",43,"Unclassified","Roundabout",30,"Unclassified","Not a Pedestrian","Not a Pedestrian",431498,431712,"E01011468",2,"Roundabout","Daylight","Fine no high winds","Dry","Cyclist"
"1230","2014131910540",2014-09-01,2014,"Sep",1,"10:55",10,55,"Monday","Slight",1,"Slight","Car occupant","Driver or rider","Female",58,"B","Single carriageway",30,"Unclassified","Not a Pedestrian","Not a Pedestrian",428719,437082,"E01011691",3,"T or staggered junction","Daylight","Fine no high winds","Dry","Car occupant"
"1231","2014131910767",2014-09-01,2014,"Sep",1,"13:25",13,25,"Monday","Slight",2,"Slight","Taxi/Private hire car occupant","Passenger","Male",89,"Unclassified","Single carriageway",30,"Unclassified","Not a Pedestrian","Not a Pedestrian",432175,438849,"E01011653",2,"T or staggered junction","Daylight","Fine no high winds","Dry","Car occupant"
"1232","2014131911082",2014-09-01,2014,"Sep",1,"14:10",14,10,"Monday","Slight",2,"Slight","Bus or coach occupant (17 or more pass seats)","Passenger","Female",6,"A","Dual carriageway",40,"B","Not a Pedestrian","Not a Pedestrian",433118,434023,"E01011340",2,"T or staggered junction","Daylight","Fine no high winds","Dry","Bus and goods vehicle occupant"
"1233","2014131911222",2014-09-01,2014,"Sep",1,"14:30",14,30,"Monday","Slight",1,"Slight","Cyclist","Driver or rider","Male",73,"Unclassified","Single carriageway",30,"Unclassified","Not a Pedestrian","Not a Pedestrian",420155,445819,"E01011584",2,"T or staggered junction","Daylight","Fine no high winds","Dry","Cyclist"
"1234","2014131920245",2014-09-02,2014,"Sep",2,"07:19",7,19,"Tuesday","Slight",1,"Slight","Cyclist","Driver or rider","Female",43,"A","Single carriageway",40,"Unclassified","Not a Pedestrian","Not a Pedestrian",432967,427609,"E01011634",2,"Crossroads","Daylight","Fine no high winds","Wet or damp","Cyclist"
"1235","2014131920341",2014-09-02,2014,"Sep",2,"08:50",8,50,"Tuesday","Serious",1,"Serious","Cyclist","Driver or rider","Male",37,"A","Single carriageway",40,"Unclassified","Not a Pedestrian","Not a Pedestrian",422114,438652,"E01011458",2,"T or staggered junction","Daylight","Fine no high winds","Dry","Cyclist"
"1236","2014131920518",2014-09-02,2014,"Sep",2,"11:00",11,0,"Tuesday","Slight",1,"Slight","Car occupant","Driver or rider","Male",23,"A","Dual carriageway",30,"Unclassified","Not a Pedestrian","Not a Pedestrian",430863,434357,"E01033003",2,"T or staggered junction","Daylight","Fine no high winds","Dry","Car occupant"
"1237","2014131920748",2014-09-02,2014,"Sep",2,"13:00",13,0,"Tuesday","Slight",1,"Slight","Cyclist","Driver or rider","Male",24,"Unclassified","Single carriageway",30,"Unclassified","Not a Pedestrian","Not a Pedestrian",430245,435076,"E01011671",2,"Private drive or entrance","Daylight","Fine no high winds","Dry","Cyclist"
"1238","2014131921529",2014-09-02,2014,"Sep",2,"20:49",20,49,"Tuesday","Serious",3,"Slight","Car occupant","Passenger","Male",32,"B","Single carriageway",40,"Unclassified","Not a Pedestrian","Not a Pedestrian",429698,438310,"E01011505",2,"T or staggered junction","Darkness - lights lit","Fine no high winds","Dry","Car occupant"
"1239","2014131930193",2014-09-03,2014,"Sep",3,"05:50",5,50,"Wednesday","Slight",1,"Slight","Cyclist","Driver or rider","Male",21,"Unclassified","Roundabout",30,"C","Not a Pedestrian","Not a Pedestrian",431235,432317,"E01011467",2,"Roundabout","Darkness - lights lit","Fine no high winds","Dry","Cyclist"
"1240","2014131930204",2014-09-03,2014,"Sep",3,"06:35",6,35,"Wednesday","Slight",1,"Slight","Motorcycle 125cc and under rider or passenger","Driver or rider","Male",20,"B","Single carriageway",30,"A","Not a Pedestrian","Not a Pedestrian",423754,435644,"E01011330",2,"Crossroads","Daylight","Fine no high winds","Dry","Motorcyclist and pillion"
"1241","2014131930835",2014-09-03,2014,"Sep",3,"13:30",13,30,"Wednesday","Slight",1,"Slight","Car occupant","Driver or rider","Female",25,"A","Single carriageway",30,NA,"Not a Pedestrian","Not a Pedestrian",420644,445634,"E01011569",2,"Not at junction or within 20 metres","Daylight","Fine no high winds","Dry","Car occupant"
"1242","2014131931205",2014-09-03,2014,"Sep",3,"17:44",17,44,"Wednesday","Slight",1,"Slight","Cyclist","Driver or rider","Female",50,"A","Single carriageway",40,NA,"Not a Pedestrian","Not a Pedestrian",424775,436826,"E01032494",2,"Not at junction or within 20 metres","Daylight","Fine no high winds","Dry","Cyclist"
"1243","2014131931365",2014-09-03,2014,"Sep",3,"19:25",19,25,"Wednesday","Slight",1,"Slight","Cyclist","Driver or rider","Female",21,"A","Single carriageway",40,"Unclassified","Not a Pedestrian","Not a Pedestrian",434482,437153,"E01011644",2,"T or staggered junction","Darkness - lights lit","Fine no high winds","Dry","Cyclist"
"1244","2014131931718",2014-09-03,2014,"Sep",3,"23:55",23,55,"Wednesday","Slight",1,"Slight","Car occupant","Passenger","Female",18,"A","Single carriageway",40,"B","Not a Pedestrian","Not a Pedestrian",425170,428996,"E01011522",1,"Crossroads","Darkness - lights lit","Fine no high winds","Dry","Car occupant"
"1245","2014131940214",2014-09-04,2014,"Sep",4,"06:17",6,17,"Thursday","Slight",1,"Slight","Motorcycle 125cc and under rider or passenger","Driver or rider","Male",51,"A","One way street",30,"Unclassified","Not a Pedestrian","Not a Pedestrian",432530,433753,"E01011615",2,"T or staggered junction","Daylight","Fine no high winds","Dry","Motorcyclist and pillion"
"1246","2014131941266",2014-09-04,2014,"Sep",4,"18:29",18,29,"Thursday","Slight",1,"Slight","Cyclist","Driver or rider","Male",46,"A","Single carriageway",30,"Unclassified","Not a Pedestrian","Not a Pedestrian",428134,435848,"E01032946",2,"T or staggered junction","Daylight","Fine no high winds","Dry","Cyclist"
"1247","2014131941605",2014-09-04,2014,"Sep",4,"21:51",21,51,"Thursday","Serious",1,"Serious","Pedestrian","Pedestrian","Female",30,"Unclassified","Single carriageway",30,NA,"In carriageway, not crossing","Unknown or other",425856,437793,"E01011686",1,"Not at junction or within 20 metres","Darkness - lights lit","Fine no high winds","Dry","Pedestrian"
"1248","2014131590566",2014-09-05,2014,"Sep",5,"09:30",9,30,"Friday","Slight",1,"Slight","Pedestrian","Pedestrian","Female",44,"A","Single carriageway",30,"Unclassified","In carriageway, crossing elsewhere","Crossing from driver's offside",427785,436380,"E01011440",1,"T or staggered junction","Daylight","Fine no high winds","Dry","Pedestrian"
"1249","20141319B0365",2014-09-05,2014,"Sep",5,"09:30",9,30,"Friday","Slight",1,"Slight","Pedestrian","Pedestrian","Female",22,"Unclassified","One way street",30,NA,"In carriageway, not crossing","Unknown or other",428011,436389,"E01011440",1,"Not at junction or within 20 metres","Daylight","Fine no high winds","Dry","Pedestrian"
"1250","2014131950672",2014-09-05,2014,"Sep",5,"12:13",12,13,"Friday","Slight",1,"Slight","Motorcycle over 500cc rider or passenger","Driver or rider","Male",61,"Unclassified","Single carriageway",30,NA,"Not a Pedestrian","Not a Pedestrian",435533,436003,"E01011664",2,"Not at junction or within 20 metres","Daylight","Fine no high winds","Dry","Motorcyclist and pillion"
"1251","2014131950754",2014-09-05,2014,"Sep",5,"13:00",13,0,"Friday","Slight",2,"Slight","Car occupant","Driver or rider","Female",63,"Unclassified","Single carriageway",30,"Unclassified","Not a Pedestrian","Not a Pedestrian",430720,439715,"E01011565",2,"Crossroads","Daylight","Fine no high winds","Dry","Car occupant"
"1252","2014131590760",2014-09-05,2014,"Sep",5,"13:03",13,3,"Friday","Slight",1,"Slight","Car occupant","Driver or rider","Female",29,"Unclassified","Single carriageway",30,"A","Not a Pedestrian","Not a Pedestrian",431768,434945,"E01011677",2,"T or staggered junction","Daylight","Fine no high winds","Dry","Car occupant"