"","accident_index","date","year","month","day","time","time_hour","time_minute","day_of_week","accident_severity","number_of_casualties","casualty_severity","casualty_type","casualty_class","sex_of_casualty","age_of_casualty","first_road_class","road_type","speed_limit","second_road_class","pedestrian_location","pedestrian_movement","location_easting_osgr","location_northing_osgr","lsoa_of_accident_location","number_of_vehicles","junction_detail","light_conditions","weather_conditions","road_surface_conditions","cas_type"
"1336","20141319K1055",2014-09-20,2014,"Sep",20,"15:45",15,45,"Saturday","Fatal",2,"Fatal","Car occupant","Passenger","Male",23,"Unclassified","Single carriageway",30,NA,"Not a Pedestrian","Not a Pedestrian",431942,438112,"E01011654",1,"Not at junction or within 20 metres","Daylight","Fine no high winds","Wet or damp","Car occupant"
"1337","20141319L0679",2014-09-21,2014,"Sep",21,"11:10",11,10,"Sunday","Serious",1,"Serious","Pedestrian","Pedestrian","Male",67,"Unclassified","Single carriageway",30,"Unclassified","In carriageway, crossing elsewhere","Crossing from driver's nearside",431378,434237,"E01033035",1,"T or staggered junction","Daylight","Fine no high winds","Dry","Pedestrian"
"1338","20141319M0313",2014-09-22,2014,"Sep",22,"08:30",8,30,"Monday","Slight",1,"Slight","Cyclist","Driver or rider","Male",49,"A","Single carriageway",40,"Unclassified","Not a Pedestrian","Not a Pedestrian",422824,437763,"E01011452",2,"Private drive or entrance","Daylight","Fine no high winds","Dry","Cyclist"
"1339","20141319M0473",2014-09-22,2014,"Sep",22,"10:30",10,30,"Monday","Slight",2,"Slight","Car occupant","Driver or rider","Male",53,"Unclassified","Single carriageway",30,"Unclassified","Not a Pedestrian","Not a Pedestrian",431849,435789,"E01011422",2,"T or staggered junction","Daylight","Fine no high winds","Dry","Car occupant"
"1340","20141319M0967",2014-09-22,2014,"Sep",22,"15:44",15,44,"Monday","Slight",1,"Slight","Pedestrian","Pedestrian","Male",11,"Unclassified","Single carriageway",30,NA,"In carriageway, crossing elsewhere","Crossing from driver's nearside",432093,436324,"E01011642",1,"Not at junction or within 20 metres","Daylight","Fine no high winds","Dry","Pedestrian"
"1341","20141319M1243",2014-09-22,2014,"Sep",22,"17:53",17,53,"Monday","Slight",2,"Slight","Car occupant","Driver or rider","Female",42,"Unclassified","Single carriageway",30,"Unclassified","Not a Pedestrian","Not a Pedestrian",429958,427024,"E01032495",2,"T or staggered junction","Daylight","Fine no high winds","Dry","Car occupant"
"1342","20141319M1463",2014-09-22,2014,"Sep",22,"18:00",18,0,"Monday","Slight",1,"Slight","Cyclist","Driver or rider","Male",28,"Unclassified","Dual carriageway",40,"Unclassified","Not a Pedestrian","Not a Pedestrian",436053,434790,"E01011345",2,"T or staggered junction","Daylight","Fine no high winds","Dry","Cyclist"
"1343","20141319M0270",2014-09-22,2014,"Sep",22,"19:20",19,20,"Monday","Serious",1,"Serious","Motorcycle over 500cc rider or passenger","Driver or rider","Male",59,"Unclassified","Single carriageway",30,"Unclassified","Not a Pedestrian","Not a Pedestrian",433257,432969,"E01011621",2,"T or staggered junction","Daylight","Fine no high winds","Dry","Motorcyclist and pillion"
"1344","20141319M1525",2014-09-22,2014,"Sep",22,"21:23",21,23,"Monday","Serious",1,"Serious","Pedestrian","Pedestrian","Male",56,"A","Single carriageway",40,"B","In carriageway, crossing elsewhere","Crossing from offside - masked by  parked or stationary vehicle",425638,426887,"E01011534",1,"T or staggered junction","Darkness - lights lit","Fine no high winds","Dry","Pedestrian"
"1345","20141319N0254",2014-09-23,2014,"Sep",23,"07:45",7,45,"Tuesday","Slight",1,"Slight","Cyclist","Driver or rider","Male",68,"A","Single carriageway",30,"Unclassified","Not a Pedestrian","Not a Pedestrian",436325,434204,"E01011408",2,"T or staggered junction","Daylight","Fine no high winds","Dry","Cyclist"
"1346","20141319N0255",2014-09-23,2014,"Sep",23,"07:52",7,52,"Tuesday","Slight",1,"Slight","Cyclist","Driver or rider","Male",38,"A","Single carriageway",30,NA,"Not a Pedestrian","Not a Pedestrian",430090,431415,"E01011371",2,"Not at junction or within 20 metres","Daylight","Fine no high winds","Dry","Cyclist"
"1347","20141319N0295",2014-09-23,2014,"Sep",23,"08:20",8,20,"Tuesday","Serious",1,"Serious","Motorcycle 125cc and under rider or passenger","Driver or rider","Male",18,"Unclassified","Dual carriageway",40,"Unclassified","Not a Pedestrian","Not a Pedestrian",434800,429089,"E01011628",2,"Crossroads","Daylight","Fine no high winds","Dry","Motorcyclist and pillion"
"1348","20141319N1116",2014-09-23,2014,"Sep",23,"16:10",16,10,"Tuesday","Slight",1,"Slight","Pedestrian","Pedestrian","Female",13,"Unclassified","Single carriageway",30,NA,"In carriageway, crossing elsewhere","Crossing from nearside - masked by parked or stationary vehicle",429790,435213,"E01011670",1,"Not at junction or within 20 metres","Daylight","Fine no high winds","Dry","Pedestrian"
"1349","20141319N1500",2014-09-23,2014,"Sep",23,"17:10",17,10,"Tuesday","Slight",1,"Slight","Van / Goods vehicle (3.5 tonnes mgw or under) occupant","Driver or rider","Male",37,"B","Single carriageway",30,NA,"Not a Pedestrian","Not a Pedestrian",422901,433567,"E01011610",2,"Not at junction or within 20 metres","Daylight","Fine no high winds","Dry","Bus and goods vehicle occupant"
"1350","20141319N1525",2014-09-23,2014,"Sep",23,"19:52",19,52,"Tuesday","Slight",1,"Slight","Pedestrian","Pedestrian","Female",20,"Unclassified","Single carriageway",30,NA,"In carriageway, crossing elsewhere","Crossing from driver's offside",428260,435442,"E01011442",1,"Not at junction or within 20 metres","Darkness - lights lit","Raining no high winds","Wet or damp","Pedestrian"
"1351","20141319O0159",2014-09-24,2014,"Sep",24,"06:25",6,25,"Wednesday","Serious",1,"Serious","Cyclist","Driver or rider","Male",35,"A","Roundabout",30,"Motorway","Not a Pedestrian","Not a Pedestrian",427592,431186,"E01011369",4,"Roundabout","Darkness - lights lit","Fine no high winds","Wet or damp","Cyclist"
"1352","20141319S1387",2014-09-24,2014,"Sep",24,"06:45",6,45,"Wednesday","Slight",1,"Slight","Cyclist","Driver or rider","Male",36,"Unclassified","Single carriageway",30,"Unclassified","Not a Pedestrian","Not a Pedestrian",428848,430136,"E01011320",2,"T or staggered junction","Daylight","Fine no high winds","Dry","Cyclist"
"1353","20141319O0245",2014-09-24,2014,"Sep",24,"08:40",8,40,"Wednesday","Serious",1,"Serious","Motorcycle 125cc and under rider or passenger","Driver or rider","Male",19,"Unclassified","Single carriageway",30,NA,"Not a Pedestrian","Not a Pedestrian",426426,427163,"E01011541",1,"Not at junction or within 20 metres","Daylight","Fine no high winds","Dry","Motorcyclist and pillion"
"1354","20141319O0485",2014-09-24,2014,"Sep",24,"11:46",11,46,"Wednesday","Slight",1,"Slight","Pedestrian","Pedestrian","Female",51,"Unclassified","Single carriageway",30,NA,"On refuge, central island or central reservation","In carriageway, stationary - not crossing  (standing or playing) - masked by parked or stationary vehicle",432459,434819,"E01011344",1,"Not at junction or within 20 metres","Daylight","Fine no high winds","Dry","Pedestrian"
"1355","20141319Q0967",2014-09-24,2014,"Sep",24,"12:15",12,15,"Wednesday","Slight",1,"Slight","Motorcycle 125cc and under rider or passenger","Driver or rider","Male",23,"Unclassified","Single carriageway",30,"Unclassified","Not a Pedestrian","Not a Pedestrian",427509,435384,"E01011479",2,"T or staggered junction","Daylight","Fine no high winds","Dry","Motorcyclist and pillion"
"1356","20141319N1081",2014-09-24,2014,"Sep",24,"13:40",13,40,"Wednesday","Slight",1,"Slight","Cyclist","Driver or rider","Male",22,"Unclassified","Roundabout",30,"Unclassified","Not a Pedestrian","Not a Pedestrian",431120,429867,"E01011474",2,"Roundabout","Daylight","Fine no high winds","Dry","Cyclist"
"1357","20141319O0778",2014-09-24,2014,"Sep",24,"14:25",14,25,"Wednesday","Serious",1,"Serious","Pedestrian","Pedestrian","Female",43,"Unclassified","Single carriageway",30,NA,"Crossing in zig-zag approach lines","Crossing from driver's nearside",429914,433490,"E01033010",1,"Not at junction or within 20 metres","Daylight","Fine no high winds","Dry","Pedestrian"
"1358","20141319O1118",2014-09-24,2014,"Sep",24,"17:00",17,0,"Wednesday","Slight",2,"Slight","Car occupant","Driver or rider","Female",28,"Unclassified","Single carriageway",30,"Unclassified","Not a Pedestrian","Not a Pedestrian",431711,435568,"E01011429",2,"T or staggered junction","Daylight","Fine no high winds","Dry","Car occupant"
"1359","20141319O1108",2014-09-24,2014,"Sep",24,"17:07",17,7,"Wednesday","Slight",1,"Slight","Cyclist","Driver or rider","Male",23,"Unclassified","Single carriageway",30,NA,"Not a Pedestrian","Not a Pedestrian",428461,434424,"E01011483",2,"Not at junction or within 20 metres","Daylight","Fine no high winds","Dry","Cyclist"
"1360","20141319O1243",2014-09-24,2014,"Sep",24,"18:00",18,0,"Wednesday","Serious",2,"Slight","Car occupant","Driver or rider","Female",18,"Unclassified","Single carriageway",30,"Unclassified","Not a Pedestrian","Not a Pedestrian",438430,436418,"E01011719",2,"T or staggered junction","Daylight","Fine no high winds","Dry","Car occupant"
"1361","20141319O1277",2014-09-24,2014,"Sep",24,"18:19",18,19,"Wednesday","Slight",1,"Slight","Pedestrian","Pedestrian","Male",11,"Unclassified","Single carriageway",30,"Unclassified","In carriageway, crossing elsewhere","Crossing from driver's nearside",430950,435512,"E01011361",1,"T or staggered junction","Daylight","Fine no high winds","Dry","Pedestrian"
"1362","20141319O1354",2014-09-24,2014,"Sep",24,"19:00",19,0,"Wednesday","Slight",1,"Slight","Car occupant","Driver or rider","Male",25,"B","Single carriageway",30,"Unclassified","Not a Pedestrian","Not a Pedestrian",427888,432916,"E01011294",2,"T or staggered junction","Daylight","Fine no high winds","Dry","Car occupant"
"1363","20141319O1363",2014-09-24,2014,"Sep",24,"19:10",19,10,"Wednesday","Slight",2,"Slight","Car occupant","Driver or rider","Female",30,"Unclassified","Single carriageway",30,"Unclassified","Not a Pedestrian","Not a Pedestrian",426285,435588,"E01011488",2,"Crossroads","Daylight","Fine no high winds","Dry","Car occupant"
"1364","20141319P0481",2014-09-25,2014,"Sep",25,"10:45",10,45,"Thursday","Slight",1,"Slight","Cyclist","Driver or rider","Male",16,"Unclassified","Single carriageway",30,"Unclassified","Not a Pedestrian","Not a Pedestrian",431447,433443,"E01033021",2,"T or staggered junction","Daylight","Fine no high winds","Dry","Cyclist"
"1365","20141319P1341",2014-09-25,2014,"Sep",25,"15:00",15,0,"Thursday","Slight",1,"Slight","Bus or coach occupant (17 or more pass seats)","Passenger","Female",5,"Unclassified","Single carriageway",30,NA,"Not a Pedestrian","Not a Pedestrian",427250,433225,"E01011292",1,"Not at junction or within 20 metres","Daylight","Fine no high winds","Dry","Bus and goods vehicle occupant"
"1366","20141319P1408",2014-09-25,2014,"Sep",25,"19:19",19,19,"Thursday","Slight",1,"Slight","Pedestrian","Pedestrian","Female",51,"A","Single carriageway",30,NA,"In carriageway, crossing elsewhere","Crossing from driver's offside",427418,437081,"E01011690",1,"Not at junction or within 20 metres","Darkness - lights lit","Fine no high winds","Wet or damp","Pedestrian"
"1367","20141319P1598",2014-09-25,2014,"Sep",25,"19:45",19,45,"Thursday","Slight",1,"Slight","Cyclist","Driver or rider","Male",29,"A","Single carriageway",30,"Unclassified","Not a Pedestrian","Not a Pedestrian",428906,435510,"E01011443",2,"T or staggered junction","Daylight","Fine no high winds","Dry","Cyclist"
"1368","20141319Q0608",2014-09-26,2014,"Sep",26,"12:50",12,50,"Friday","Slight",1,"Slight","Cyclist","Driver or rider","Male",24,"Unclassified","Single carriageway",30,NA,"Not a Pedestrian","Not a Pedestrian",432074,432131,"E01011621",1,"Not at junction or within 20 metres","Daylight","Fine no high winds","Dry","Cyclist"
"1369","20141319Q0731",2014-09-26,2014,"Sep",26,"14:40",14,40,"Friday","Serious",1,"Serious","Motorcycle 125cc and under rider or passenger","Driver or rider","Male",25,"Unclassified","Single carriageway",30,NA,"Not a Pedestrian","Not a Pedestrian",427743,432615,"E01011362",1,"Not at junction or within 20 metres","Daylight","Fine no high winds","Dry","Motorcyclist and pillion"
"1370","20141319Q1022",2014-09-26,2014,"Sep",26,"17:07",17,7,"Friday","Slight",1,"Slight","Pedestrian","Pedestrian","Male",8,"Unclassified","Single carriageway",30,"Unclassified","In carriageway, crossing elsewhere","Crossing from driver's offside",429947,431817,"E01011364",1,"T or staggered junction","Daylight","Fine no high winds","Dry","Pedestrian"
"1371","20141319S1437",2014-09-27,2014,"Sep",27,"06:10",6,10,"Saturday","Slight",1,"Slight","Taxi/Private hire car occupant","Passenger","Female",47,"A","Single carriageway",30,NA,"Not a Pedestrian","Not a Pedestrian",428372,431293,"E01011369",1,"Not at junction or within 20 metres","Daylight","Fine no high winds","Dry","Car occupant"
"1372","20141319R1115",2014-09-27,2014,"Sep",27,"15:37",15,37,"Saturday","Slight",1,"Slight","Bus or coach occupant (17 or more pass seats)","Passenger","Female",77,"A","Single carriageway",40,NA,"Not a Pedestrian","Not a Pedestrian",436471,428488,"E01011635",1,"Not at junction or within 20 metres","Daylight","Fine no high winds","Dry","Bus and goods vehicle occupant"
"1373","20141319R1125",2014-09-27,2014,"Sep",27,"16:29",16,29,"Saturday","Slight",1,"Slight","Motorcycle over 500cc rider or passenger","Driver or rider","Male",57,"Unclassified","Single carriageway",30,NA,"Not a Pedestrian","Not a Pedestrian",420422,446252,"E01011584",1,"Not at junction or within 20 metres","Daylight","Fine no high winds","Dry","Motorcyclist and pillion"
"1374","20141319R1260",2014-09-27,2014,"Sep",27,"17:48",17,48,"Saturday","Slight",4,"Slight","Car occupant","Driver or rider","Male",45,"Unclassified","Single carriageway",30,"Unclassified","Not a Pedestrian","Not a Pedestrian",425505,440285,"E01011378",2,"T or staggered junction","Daylight","Fine no high winds","Dry","Car occupant"
"1375","20141319S0099",2014-09-28,2014,"Sep",28,"00:44",0,44,"Sunday","Serious",1,"Serious","Motorcycle over 500cc rider or passenger","Driver or rider","Male",28,"A","Dual carriageway",40,"Unclassified","Not a Pedestrian","Not a Pedestrian",426765,438353,"E01011684",2,"T or staggered junction","Darkness - lights lit","Fine no high winds","Dry","Motorcyclist and pillion"
"1376","20141319T0253",2014-09-29,2014,"Sep",29,"08:30",8,30,"Monday","Slight",1,"Slight","Pedestrian","Pedestrian","Male",4,"Unclassified","Single carriageway",30,NA,"On footway or verge","Unknown or other",436177,435946,"E01011724",1,"Not at junction or within 20 metres","Daylight","Fine no high winds","Dry","Pedestrian"
"1377","20141319T0468",2014-09-29,2014,"Sep",29,"10:35",10,35,"Monday","Slight",1,"Slight","Cyclist","Driver or rider","Female",31,"A","Dual carriageway",30,"Unclassified","Not a Pedestrian","Not a Pedestrian",427322,437205,"E01011690",2,"Crossroads","Daylight","Fine no high winds","Dry","Cyclist"
"1378","20141319T0480",2014-09-29,2014,"Sep",29,"10:47",10,47,"Monday","Slight",1,"Slight","Pedestrian","Pedestrian","Male",74,"Unclassified","Single carriageway",30,NA,"In carriageway, crossing elsewhere","Crossing from driver's nearside",420483,433994,"E01011597",1,"Not at junction or within 20 metres","Daylight","Fine no high winds","Dry","Pedestrian"
"1379","20141319T0743",2014-09-29,2014,"Sep",29,"11:25",11,25,"Monday","Slight",1,"Slight","Bus or coach occupant (17 or more pass seats)","Passenger","Male",50,"Unclassified","Single carriageway",30,NA,"Not a Pedestrian","Not a Pedestrian",430646,433445,"E01033011",1,"Not at junction or within 20 metres","Daylight","Fine no high winds","Dry","Bus and goods vehicle occupant"
"1380","20141319T0713",2014-09-29,2014,"Sep",29,"12:15",12,15,"Monday","Slight",1,"Slight","Pedestrian","Pedestrian","Female",30,"Unclassified","Single carriageway",30,"Unclassified","In carriageway, crossing elsewhere","Crossing from driver's nearside",436278,434709,"E01011408",1,"T or staggered junction","Daylight","Fine no high winds","Dry","Pedestrian"
"1381","20141319T0952",2014-09-29,2014,"Sep",29,"15:40",15,40,"Monday","Slight",1,"Slight","Pedestrian","Pedestrian","Male",17,"Unclassified","Single carriageway",30,NA,"In carriageway, crossing elsewhere","Crossing from driver's nearside",425443,437455,"E01011484",1,"Not at junction or within 20 metres","Daylight","Fine no high winds","Dry","Pedestrian"
"1382","20141319T1142",2014-09-29,2014,"Sep",29,"16:42",16,42,"Monday","Slight",1,"Slight","Motorcycle 125cc and under rider or passenger","Driver or rider","Male",46,"Unclassified","Single carriageway",30,NA,"Not a Pedestrian","Not a Pedestrian",427812,427012,"E01011540",1,"Not at junction or within 20 metres","Daylight","Fine no high winds","Wet or damp","Motorcyclist and pillion"
"1383","20141319T1169",2014-09-29,2014,"Sep",29,"16:58",16,58,"Monday","Slight",1,"Slight","Motorcycle over 500cc rider or passenger","Driver or rider","Male",38,"Unclassified","Single carriageway",30,NA,"Not a Pedestrian","Not a Pedestrian",429051,432262,"E01033013",2,"Not at junction or within 20 metres","Daylight","Fine no high winds","Dry","Motorcyclist and pillion"
"1384","20141319U0826",2014-09-30,2014,"Sep",30,"14:51",14,51,"Tuesday","Slight",1,"Slight","Cyclist","Driver or rider","Male",21,"A","Single carriageway",30,"Unclassified","Not a Pedestrian","Not a Pedestrian",428140,435853,"E01032946",2,"T or staggered junction","Daylight","Fine no high winds","Dry","Cyclist"
"1385","20141319U0990",2014-09-30,2014,"Sep",30,"16:10",16,10,"Tuesday","Slight",1,"Slight","Car occupant","Passenger","Female",35,"Unclassified","Single carriageway",30,"Unclassified","Not a Pedestrian","Not a Pedestrian",425006,438168,"E01011464",2,"T or staggered junction","Daylight","Fine no high winds","Dry","Car occupant"
"1386","20141319U1294",2014-09-30,2014,"Sep",30,"17:30",17,30,"Tuesday","Slight",1,"Slight","Cyclist","Driver or rider","Female",29,"A","Single carriageway",30,"Unclassified","Not a Pedestrian","Not a Pedestrian",437661,444879,"E01011696",2,"T or staggered junction","Daylight","Fine no high winds","Dry","Cyclist"
"1387","2014131A10211",2014-10-01,2014,"Oct",1,"05:25",5,25,"Wednesday","Serious",1,"Serious","Cyclist","Driver or rider","Male",47,"A","Single carriageway",40,NA,"Not a Pedestrian","Not a Pedestrian",424904,436768,"E01032494",1,"Not at junction or within 20 metres","Darkness - lights unlit","Fine no high winds","Dry","Cyclist"
"1388","2014131A10334",2014-10-01,2014,"Oct",1,"08:58",8,58,"Wednesday","Slight",1,"Slight","Car occupant","Passenger","Female",4,"Unclassified","Single carriageway",30,"Unclassified","Not a Pedestrian","Not a Pedestrian",429747,437057,"E01011507",2,"Crossroads","Daylight","Fine no high winds","Dry","Car occupant"
"1389","2014131A10498",2014-10-01,2014,"Oct",1,"10:35",10,35,"Wednesday","Serious",1,"Serious","Motorcycle 125cc and under rider or passenger","Driver or rider","Male",27,"Unclassified","Single carriageway",30,NA,"Not a Pedestrian","Not a Pedestrian",432491,430804,"E01011470",2,"Not at junction or within 20 metres","Daylight","Fine no high winds","Dry","Motorcyclist and pillion"
"1390","2014131A10718",2014-10-01,2014,"Oct",1,"13:25",13,25,"Wednesday","Slight",1,"Slight","Car occupant","Driver or rider","Male",48,"A","Single carriageway",30,"Unclassified","Not a Pedestrian","Not a Pedestrian",420297,439687,"E01011277",2,"T or staggered junction","Daylight","Fine no high winds","Dry","Car occupant"
"1391","2014131A10887",2014-10-01,2014,"Oct",1,"15:04",15,4,"Wednesday","Slight",1,"Slight","Cyclist","Driver or rider","Male",57,"A","Single carriageway",30,"Unclassified","Not a Pedestrian","Not a Pedestrian",427944,436119,"E01011451",2,"T or staggered junction","Daylight","Fine no high winds","Dry","Cyclist"
"1392","2014131A10894",2014-10-01,2014,"Oct",1,"15:05",15,5,"Wednesday","Slight",1,"Slight","Pedestrian","Pedestrian","Male",12,"Unclassified","Single carriageway",30,NA,"In carriageway, crossing elsewhere","Crossing from offside - masked by  parked or stationary vehicle",431433,432929,"E01033034",1,"Not at junction or within 20 metres","Daylight","Fine no high winds","Dry","Pedestrian"
"1393","2014131A11082",2014-10-01,2014,"Oct",1,"16:26",16,26,"Wednesday","Slight",1,"Slight","Motorcycle over 500cc rider or passenger","Driver or rider","Male",34,"Unclassified","Single carriageway",30,NA,"Not a Pedestrian","Not a Pedestrian",429836,426067,"E01011538",2,"Not at junction or within 20 metres","Daylight","Fine no high winds","Dry","Motorcyclist and pillion"
"1394","2014131A11128",2014-10-01,2014,"Oct",1,"16:57",16,57,"Wednesday","Slight",1,"Slight","Car occupant","Driver or rider","Female",21,"A","Single carriageway",40,"Unclassified","Not a Pedestrian","Not a Pedestrian",425829,438092,"E01011684",2,"T or staggered junction","Daylight","Fine no high winds","Dry","Car occupant"
"1395","2014131A20220",2014-10-02,2014,"Oct",2,"07:30",7,30,"Thursday","Slight",1,"Slight","Taxi/Private hire car occupant","Passenger","Male",28,"Unclassified","Single carriageway",30,NA,"Not a Pedestrian","Not a Pedestrian",425954,435197,"E01011281",2,"Not at junction or within 20 metres","Daylight","Fine no high winds","Dry","Car occupant"
"1396","2014131A20331",2014-10-02,2014,"Oct",2,"08:45",8,45,"Thursday","Slight",1,"Slight","Car occupant","Driver or rider","Female",23,"Unclassified","Single carriageway",30,"Unclassified","Not a Pedestrian","Not a Pedestrian",438404,436410,"E01011719",2,"T or staggered junction","Daylight","Fine no high winds","Dry","Car occupant"
"1397","2014131A20395",2014-10-02,2014,"Oct",2,"09:40",9,40,"Thursday","Slight",1,"Slight","Cyclist","Driver or rider","Male",54,"A","Single carriageway",30,"Unclassified","Not a Pedestrian","Not a Pedestrian",427393,434638,"E01011482",2,"T or staggered junction","Daylight","Fine no high winds","Dry","Cyclist"
"1398","2014131A21064",2014-10-02,2014,"Oct",2,"16:44",16,44,"Thursday","Slight",1,"Slight","Bus or coach occupant (17 or more pass seats)","Passenger","Female",65,"Unclassified","Single carriageway",30,NA,"Not a Pedestrian","Not a Pedestrian",430407,433684,"E01033010",1,"Not at junction or within 20 metres","Daylight","Fine no high winds","Dry","Bus and goods vehicle occupant"
"1399","2014131A21226",2014-10-02,2014,"Oct",2,"18:10",18,10,"Thursday","Slight",2,"Slight","Car occupant","Driver or rider","Male",67,"Unclassified","Single carriageway",30,NA,"Not a Pedestrian","Not a Pedestrian",426265,433448,"E01032607",2,"Not at junction or within 20 metres","Daylight","Fine no high winds","Dry","Car occupant"
"1400","2014131A21233",2014-10-02,2014,"Oct",2,"18:14",18,14,"Thursday","Slight",1,"Slight","Motorcycle 125cc and under rider or passenger","Driver or rider","Male",17,"Unclassified","Single carriageway",30,NA,"Not a Pedestrian","Not a Pedestrian",424070,428295,"E01011523",2,"Not at junction or within 20 metres","Daylight","Fine no high winds","Dry","Motorcyclist and pillion"
"1401","2014131A21276",2014-10-02,2014,"Oct",2,"18:40",18,40,"Thursday","Slight",1,"Slight","Cyclist","Passenger","Female",8,"Unclassified","Single carriageway",30,"Unclassified","Not a Pedestrian","Not a Pedestrian",429213,429950,"E01011320",2,"Crossroads","Daylight","Fine no high winds","Dry","Cyclist"
"1402","2014131A30185",2014-10-03,2014,"Oct",3,"06:31",6,31,"Friday","Slight",1,"Slight","Car occupant","Driver or rider","Female",48,"A","Single carriageway",60,"Unclassified","Not a Pedestrian","Not a Pedestrian",431254,445733,"E01011561",2,"T or staggered junction","Daylight","Fine no high winds","Dry","Car occupant"
"1403","2014131A30603",2014-10-03,2014,"Oct",3,"10:50",10,50,"Friday","Serious",1,"Serious","Goods vehicle (7.5 tonnes mgw and over) occupant","Driver or rider","Male",52,"Motorway","Dual carriageway",70,NA,"Not a Pedestrian","Not a Pedestrian",433076,429619,"E01011470",1,"Not at junction or within 20 metres","Daylight","Fine no high winds","Dry","Bus and goods vehicle occupant"
"1404","2014131A30591",2014-10-03,2014,"Oct",3,"11:45",11,45,"Friday","Slight",1,"Slight","Car occupant","Passenger","Female",35,"A","Single carriageway",30,"Unclassified","Not a Pedestrian","Not a Pedestrian",431603,431457,"E01011468",2,"T or staggered junction","Daylight","Fine no high winds","Dry","Car occupant"
"1405","2014131A60839",2014-10-03,2014,"Oct",3,"13:35",13,35,"Friday","Slight",1,"Slight","Car occupant","Passenger","Female",19,"Unclassified","Single carriageway",30,NA,"Not a Pedestrian","Not a Pedestrian",429889,433412,"E01033016",1,"Not at junction or within 20 metres","Daylight","Fine no high winds","Dry","Car occupant"
"1406","2014131A30971",2014-10-03,2014,"Oct",3,"15:50",15,50,"Friday","Slight",1,"Slight","Car occupant","Driver or rider","Female",35,"Unclassified","Dual carriageway",30,"Unclassified","Not a Pedestrian","Not a Pedestrian",430790,433468,"E01033011",2,"Crossroads","Daylight","Fine no high winds","Dry","Car occupant"
"1407","2014131A31223",2014-10-03,2014,"Oct",3,"16:30",16,30,"Friday","Slight",1,"Slight","Bus or coach occupant (17 or more pass seats)","Passenger","Male",42,"A","Single carriageway",30,NA,"Not a Pedestrian","Not a Pedestrian",431090,433635,"E01033011",1,"Not at junction or within 20 metres","Daylight","Fine no high winds","Dry","Bus and goods vehicle occupant"
"1408","2014131A31212",2014-10-03,2014,"Oct",3,"18:05",18,5,"Friday","Slight",1,"Slight","Car occupant","Driver or rider","Male",24,"A","Single carriageway",30,"Unclassified","Not a Pedestrian","Not a Pedestrian",425135,428981,"E01011522",4,"Crossroads","Daylight","Fine no high winds","Dry","Car occupant"
"1409","2014131A40849",2014-10-04,2014,"Oct",4,"08:49",8,49,"Saturday","Slight",1,"Slight","Car occupant","Passenger","Female",21,"Unclassified","Single carriageway",30,NA,"Not a Pedestrian","Not a Pedestrian",430313,433457,"E01033010",1,"Not at junction or within 20 metres","Daylight","Fine no high winds","Dry","Car occupant"
"1410","2014131A40482",2014-10-04,2014,"Oct",4,"09:08",9,8,"Saturday","Slight",1,"Slight","Cyclist","Driver or rider","Male",48,"A","Single carriageway",30,"Unclassified","Not a Pedestrian","Not a Pedestrian",429943,427020,"E01032495",2,"T or staggered junction","Daylight","Raining no high winds","Wet or damp","Cyclist"
"1411","2014131A40620",2014-10-04,2014,"Oct",4,"11:14",11,14,"Saturday","Slight",2,"Slight","Car occupant","Passenger","Female",20,"A","Single carriageway",30,"Unclassified","Not a Pedestrian","Not a Pedestrian",427565,436878,"E01011694",2,"T or staggered junction","Daylight","Fine no high winds","Dry","Car occupant"
"1412","2014131A60305",2014-10-04,2014,"Oct",4,"14:30",14,30,"Saturday","Slight",1,"Slight","Pedestrian","Pedestrian","Male",26,"A","Single carriageway",40,"Unclassified","In carriageway, crossing elsewhere","Crossing from driver's nearside",427971,431940,"E01011369",1,"T or staggered junction","Daylight","Raining no high winds","Wet or damp","Pedestrian"
"1413","2014131A40879",2014-10-04,2014,"Oct",4,"14:34",14,34,"Saturday","Slight",1,"Slight","Car occupant","Driver or rider","Male",46,"Unclassified","Single carriageway",30,"Unclassified","Not a Pedestrian","Not a Pedestrian",429885,435213,"E01011670",2,"T or staggered junction","Daylight","Fine no high winds","Dry","Car occupant"
"1414","2014131A41016",2014-10-04,2014,"Oct",4,"15:53",15,53,"Saturday","Slight",1,"Slight","Car occupant","Passenger","Female",39,"A","Single carriageway",30,NA,"Not a Pedestrian","Not a Pedestrian",427574,436856,"E01011694",2,"Not at junction or within 20 metres","Daylight","Fine no high winds","Dry","Car occupant"
"1415","2014131A41009",2014-10-04,2014,"Oct",4,"16:45",16,45,"Saturday","Slight",1,"Slight","Pedestrian","Pedestrian","Female",48,"A","Dual carriageway",40,"Unclassified","In carriageway, crossing elsewhere","Crossing from driver's offside",430633,439212,"E01011512",1,"T or staggered junction","Daylight","Fine no high winds","Dry","Pedestrian"
"1416","2014131A41557",2014-10-04,2014,"Oct",4,"21:30",21,30,"Saturday","Slight",1,"Slight","Car occupant","Passenger","Female",25,"Unclassified","Single carriageway",30,"Unclassified","Not a Pedestrian","Not a Pedestrian",432429,433587,"E01011618",2,"Crossroads","Daylight","Fine no high winds","Dry","Car occupant"
"1417","2014131A50307",2014-10-05,2014,"Oct",5,"04:09",4,9,"Sunday","Serious",1,"Serious","Pedestrian","Pedestrian","Female",36,"Unclassified","Unknown",30,"Unclassified","Crossing on pedestrian crossing facility","Crossing from driver's offside",430204,433920,"E01033010",1,"Crossroads","Darkness - lights lit","Fine no high winds","Dry","Pedestrian"