"","accident_index","date","year","month","day","time","time_hour","time_minute","day_of_week","accident_severity","number_of_casualties","casualty_severity","casualty_type","casualty_class","sex_of_casualty","age_of_casualty","first_road_class","road_type","speed_limit","second_road_class","pedestrian_location","pedestrian_movement","location_easting_osgr","location_northing_osgr","lsoa_of_accident_location","number_of_vehicles","junction_detail","light_conditions","weather_conditions","road_surface_conditions","cas_type"
"1418","2014131A50656",2014-10-05,2014,"Oct",5,"11:37",11,37,"Sunday","Serious",1,"Serious","Motorcycle 125cc and under rider or passenger","Driver or rider","Male",21,"Unclassified","Single carriageway",30,NA,"Not a Pedestrian","Not a Pedestrian",420971,441675,"E01011264",2,"Not at junction or within 20 metres","Daylight","Fine no high winds","Dry","Motorcyclist and pillion"
"1419","2014131A50825",2014-10-05,2014,"Oct",5,"13:26",13,26,"Sunday","Slight",1,"Slight","Pedestrian","Pedestrian","Female",71,"B","Single carriageway",30,NA,"Crossing on pedestrian crossing facility","Crossing from driver's nearside",428848,436552,"E01011450",1,"Not at junction or within 20 metres","Daylight","Fine no high winds","Dry","Pedestrian"
"1420","2014131A51602",2014-10-05,2014,"Oct",5,"15:30",15,30,"Sunday","Slight",1,"Slight","Pedestrian","Pedestrian","Female",49,"Unclassified","Single carriageway",30,NA,"In carriageway, not crossing","Walking along in carriageway, facing traffic",421879,438316,"E01011458",1,"Not at junction or within 20 metres","Daylight","Fine no high winds","Dry","Pedestrian"
"1421","2014131A51187",2014-10-05,2014,"Oct",5,"17:40",17,40,"Sunday","Slight",1,"Slight","Car occupant","Passenger","Female",43,"Unclassified","Single carriageway",30,NA,"Not a Pedestrian","Not a Pedestrian",432205,435905,"E01011647",2,"Not at junction or within 20 metres","Daylight","Fine no high winds","Dry","Car occupant"
"1422","2014131A51652",2014-10-05,2014,"Oct",5,"23:47",23,47,"Sunday","Slight",1,"Slight","Cyclist","Driver or rider","Male",61,"Unclassified","Roundabout",30,"Unclassified","Not a Pedestrian","Not a Pedestrian",430080,435434,"E01011670",2,"Roundabout","Darkness - lights lit","Fine no high winds","Dry","Cyclist"
"1423","2014131A60194",2014-10-06,2014,"Oct",6,"07:30",7,30,"Monday","Slight",1,"Slight","Pedestrian","Pedestrian","Female",11,"Unclassified","Single carriageway",30,NA,"In carriageway, crossing elsewhere","Crossing from driver's nearside",425583,435052,"E01011281",1,"Not at junction or within 20 metres","Daylight","Raining no high winds","Wet or damp","Pedestrian"
"1424","2014131A60464",2014-10-06,2014,"Oct",6,"11:09",11,9,"Monday","Slight",1,"Slight","Other vehicle occupant","Driver or rider","Male",23,"Unclassified","Single carriageway",30,"Unclassified","Not a Pedestrian","Not a Pedestrian",431525,434300,"E01033035",2,"T or staggered junction","Daylight","Raining no high winds","Wet or damp","Others"
"1425","2014131A20662",2014-10-06,2014,"Oct",6,"12:42",12,42,"Monday","Slight",1,"Slight","Pedestrian","Pedestrian","Male",20,"Unclassified","Single carriageway",30,"Unclassified","Crossing elsewhere within 50m. of pedestrian crossing","Crossing from offside - masked by  parked or stationary vehicle",427156,435718,"E01032945",1,"T or staggered junction","Daylight","Fine no high winds","Dry","Pedestrian"
"1426","2014131A70282",2014-10-07,2014,"Oct",7,"08:50",8,50,"Tuesday","Slight",1,"Slight","Cyclist","Driver or rider","Male",42,"Unclassified","Single carriageway",30,"Unclassified","Not a Pedestrian","Not a Pedestrian",432063,435967,"E01011647",2,"T or staggered junction","Daylight","Fine no high winds","Wet or damp","Cyclist"
"1427","2014131A70469",2014-10-07,2014,"Oct",7,"11:07",11,7,"Tuesday","Slight",1,"Slight","Car occupant","Passenger","Female",37,"Unclassified","Single carriageway",30,"Motorway","Not a Pedestrian","Not a Pedestrian",429144,431781,"E01011366",2,"T or staggered junction","Daylight","Fine no high winds","Dry","Car occupant"
"1428","2014131AA0937",2014-10-07,2014,"Oct",7,"14:45",14,45,"Tuesday","Slight",1,"Slight","Pedestrian","Pedestrian","Female",56,"Unclassified","Single carriageway",30,"B","In carriageway, crossing elsewhere","Crossing from driver's nearside",430892,436566,"E01011356",1,"T or staggered junction","Daylight","Fine no high winds","Dry","Pedestrian"
"1429","2014131A70953",2014-10-07,2014,"Oct",7,"16:06",16,6,"Tuesday","Slight",1,"Slight","Pedestrian","Pedestrian","Female",22,"Unclassified","Single carriageway",30,"Unclassified","Crossing on pedestrian crossing facility","Crossing from driver's offside",429584,434806,"E01033006",1,"Crossroads","Daylight","Raining no high winds","Wet or damp","Pedestrian"
"1430","2014131A71638",2014-10-07,2014,"Oct",7,"22:31",22,31,"Tuesday","Slight",1,"Slight","Motorcycle 50cc and under rider or passenger","Passenger","Female",33,"Unclassified","Single carriageway",40,"Unclassified","Not a Pedestrian","Not a Pedestrian",432157,436139,"E01011642",1,"T or staggered junction","Darkness - lights lit","Raining no high winds","Wet or damp","Motorcyclist and pillion"
"1431","2014131A71714",2014-10-07,2014,"Oct",7,"23:50",23,50,"Tuesday","Slight",2,"Slight","Car occupant","Driver or rider","Female",18,"Unclassified","Single carriageway",30,NA,"Not a Pedestrian","Not a Pedestrian",444517,432446,"E01011298",2,"Not at junction or within 20 metres","Darkness - lights lit","Fine no high winds","Dry","Car occupant"
"1432","2014131A80174",2014-10-08,2014,"Oct",8,"07:07",7,7,"Wednesday","Slight",2,"Slight","Car occupant","Driver or rider","Female",29,"A(M)","Dual carriageway",40,"A(M)","Not a Pedestrian","Not a Pedestrian",429413,433944,"E01011678",2,"Slip road","Daylight","Fine no high winds","Dry","Car occupant"
"1433","2014131A80268",2014-10-08,2014,"Oct",8,"08:40",8,40,"Wednesday","Slight",1,"Slight","Cyclist","Driver or rider","Male",52,"A","Single carriageway",30,"Unclassified","Not a Pedestrian","Not a Pedestrian",431550,431477,"E01011468",2,"T or staggered junction","Daylight","Fine no high winds","Dry","Cyclist"
"1434","2014131A80776",2014-10-08,2014,"Oct",8,"14:11",14,11,"Wednesday","Slight",1,"Slight","Car occupant","Driver or rider","Female",21,"A","Roundabout",40,"Unclassified","Not a Pedestrian","Not a Pedestrian",428254,429639,"E01011518",2,"Roundabout","Daylight","Fine no high winds","Wet or damp","Car occupant"
"1435","2014131A81247",2014-10-08,2014,"Oct",8,"19:04",19,4,"Wednesday","Slight",1,"Slight","Car occupant","Passenger","Female",5,"Unclassified","Single carriageway",20,"Unclassified","Not a Pedestrian","Not a Pedestrian",429337,430477,"E01011313",2,"Crossroads","Darkness - lights lit","Raining no high winds","Wet or damp","Car occupant"
"1436","2014131A90026",2014-10-09,2014,"Oct",9,"00:30",0,30,"Thursday","Serious",1,"Serious","Motorcycle 125cc and under rider or passenger","Driver or rider","Male",50,"A","Dual carriageway",70,"Unclassified","Not a Pedestrian","Not a Pedestrian",422507,433995,"E01011610",1,"Slip road","Darkness - lights lit","Raining no high winds","Wet or damp","Motorcyclist and pillion"
"1437","2014131A90230",2014-10-09,2014,"Oct",9,"07:54",7,54,"Thursday","Slight",3,"Slight","Car occupant","Driver or rider","Female",60,"B","Single carriageway",30,"Unclassified","Not a Pedestrian","Not a Pedestrian",432281,435050,"E01011432",3,"Crossroads","Daylight","Fine no high winds","Wet or damp","Car occupant"
"1438","2014131A90297",2014-10-09,2014,"Oct",9,"08:46",8,46,"Thursday","Slight",2,"Slight","Car occupant","Passenger","Female",24,"Unclassified","Roundabout",30,"Unclassified","Not a Pedestrian","Not a Pedestrian",435036,435823,"E01011664",4,"Mini-roundabout","Daylight","Fine no high winds","Dry","Car occupant"
"1439","2014131A90343",2014-10-09,2014,"Oct",9,"09:23",9,23,"Thursday","Slight",1,"Slight","Car occupant","Driver or rider","Female",68,"A","Single carriageway",30,NA,"Not a Pedestrian","Not a Pedestrian",433722,436442,"E01011421",3,"Not at junction or within 20 metres","Daylight","Fine no high winds","Wet or damp","Car occupant"
"1440","2014131A91030",2014-10-09,2014,"Oct",9,"16:12",16,12,"Thursday","Slight",1,"Slight","Car occupant","Driver or rider","Male",50,"A","Dual carriageway",30,"A","Not a Pedestrian","Not a Pedestrian",431508,432628,"E01011626",2,"Crossroads","Daylight","Fine no high winds","Wet or damp","Car occupant"
"1441","2014131AA1129",2014-10-09,2014,"Oct",9,"18:00",18,0,"Thursday","Slight",2,"Slight","Car occupant","Driver or rider","Female",28,"A","Dual carriageway",40,"Motorway","Not a Pedestrian","Not a Pedestrian",428122,426677,"E01011538",2,"Roundabout","Darkness - lights lit","Fine no high winds","Dry","Car occupant"
"1442","2014131AA0083",2014-10-10,2014,"Oct",10,"01:20",1,20,"Friday","Slight",1,"Slight","Pedestrian","Pedestrian","Male",25,"A","Dual carriageway",30,"Unclassified","Crossing on pedestrian crossing facility","Crossing from driver's nearside",430949,433302,"E01033033",1,"Other junction","Darkness - lights lit","Fine no high winds","Wet or damp","Pedestrian"
"1443","2014131AA0409",2014-10-10,2014,"Oct",10,"04:05",4,5,"Friday","Serious",2,"Slight","Car occupant","Driver or rider","Male",28,"Unclassified","Single carriageway",30,NA,"Not a Pedestrian","Not a Pedestrian",436216,435289,"E01011406",2,"Not at junction or within 20 metres","Darkness - lights lit","Unknown","Wet or damp","Car occupant"
"1444","2014131AA0216",2014-10-10,2014,"Oct",10,"07:08",7,8,"Friday","Serious",1,"Serious","Motorcycle over 500cc rider or passenger","Driver or rider","Male",29,"Motorway","Dual carriageway",70,NA,"Not a Pedestrian","Not a Pedestrian",427147,430591,"E01011734",2,"Not at junction or within 20 metres","Daylight","Fine no high winds","Wet or damp","Motorcyclist and pillion"
"1445","2014131AA0282",2014-10-10,2014,"Oct",10,"08:25",8,25,"Friday","Serious",2,"Serious","Taxi/Private hire car occupant","Driver or rider","Male",46,"A","Dual carriageway",40,"Unclassified","Not a Pedestrian","Not a Pedestrian",426769,438355,"E01032876",2,"T or staggered junction","Daylight","Fine no high winds","Wet or damp","Car occupant"
"1446","2014131AA0448",2014-10-10,2014,"Oct",10,"10:25",10,25,"Friday","Slight",2,"Slight","Car occupant","Passenger","Female",65,"Unclassified","Single carriageway",30,"Unclassified","Not a Pedestrian","Not a Pedestrian",428967,436383,"E01011450",2,"T or staggered junction","Daylight","Fine no high winds","Dry","Car occupant"
"1447","2014131AA0453",2014-10-10,2014,"Oct",10,"10:30",10,30,"Friday","Slight",1,"Slight","Cyclist","Driver or rider","Female",41,"A","Dual carriageway",30,NA,"Not a Pedestrian","Not a Pedestrian",427136,434788,"E01011482",2,"Not at junction or within 20 metres","Daylight","Fine no high winds","Dry","Cyclist"
"1448","2014131AA0966",2014-10-10,2014,"Oct",10,"14:45",14,45,"Friday","Slight",1,"Slight","Bus or coach occupant (17 or more pass seats)","Passenger","Female",94,"Unclassified","Single carriageway",30,NA,"Not a Pedestrian","Not a Pedestrian",429316,434038,"E01011678",1,"Not at junction or within 20 metres","Daylight","Fine no high winds","Dry","Bus and goods vehicle occupant"
"1449","2014131AF0962",2014-10-10,2014,"Oct",10,"16:30",16,30,"Friday","Serious",1,"Serious","Cyclist","Driver or rider","Male",53,"Unclassified","Single carriageway",30,"Unclassified","Not a Pedestrian","Not a Pedestrian",431923,438099,"E01011654",2,"Crossroads","Daylight","Fine no high winds","Dry","Cyclist"
"1450","2014131AA1092",2014-10-10,2014,"Oct",10,"17:00",17,0,"Friday","Slight",2,"Slight","Bus or coach occupant (17 or more pass seats)","Passenger","Female",77,"Unclassified","Single carriageway",30,NA,"Not a Pedestrian","Not a Pedestrian",430056,433473,"E01033010",1,"Not at junction or within 20 metres","Daylight","Fine no high winds","Dry","Bus and goods vehicle occupant"
"1451","2014131AA1113",2014-10-10,2014,"Oct",10,"17:10",17,10,"Friday","Slight",1,"Slight","Pedestrian","Pedestrian","Male",27,"A","Dual carriageway",30,NA,"Crossing elsewhere within 50m. of pedestrian crossing","Crossing from driver's nearside",429086,433604,"E01011678",1,"Not at junction or within 20 metres","Daylight","Fine no high winds","Dry","Pedestrian"
"1452","2014131AA1487",2014-10-10,2014,"Oct",10,"18:45",18,45,"Friday","Slight",2,"Slight","Bus or coach occupant (17 or more pass seats)","Passenger","Male",20,"Unclassified","Single carriageway",30,"Unclassified","Not a Pedestrian","Not a Pedestrian",429696,433423,"E01033008",1,"T or staggered junction","Darkness - lights lit","Fine no high winds","Dry","Bus and goods vehicle occupant"
"1453","2014131AB0041",2014-10-11,2014,"Oct",11,"00:35",0,35,"Saturday","Slight",2,"Slight","Pedestrian","Pedestrian","Male",30,"Unclassified","Single carriageway",30,NA,"In carriageway, crossing elsewhere","Crossing from driver's nearside",429966,433240,"E01033016",1,"Not at junction or within 20 metres","Darkness - lights lit","Fine no high winds","Dry","Pedestrian"
"1454","2014131AB0359",2014-10-11,2014,"Oct",11,"05:56",5,56,"Saturday","Slight",3,"Slight","Car occupant","Driver or rider","Male",63,"A(M)","Dual carriageway",40,"Unclassified","Not a Pedestrian","Not a Pedestrian",430429,433995,"E01033002",2,"Slip road","Daylight","Fine no high winds","Dry","Car occupant"
"1455","2014131AB0766",2014-10-11,2014,"Oct",11,"11:10",11,10,"Saturday","Slight",1,"Slight","Pedestrian","Pedestrian","Female",20,"Unclassified","Single carriageway",30,NA,"In carriageway, crossing elsewhere","Crossing from driver's nearside",427373,435963,"E01032945",1,"Not at junction or within 20 metres","Daylight","Fine no high winds","Dry","Pedestrian"
"1456","2014131AB0636",2014-10-11,2014,"Oct",11,"11:42",11,42,"Saturday","Slight",1,"Slight","Car occupant","Driver or rider","Female",41,"Unclassified","Single carriageway",20,"Unclassified","Not a Pedestrian","Not a Pedestrian",424223,435070,"E01011334",2,"Crossroads","Daylight","Fine no high winds","Dry","Car occupant"
"1457","2014131AB0952",2014-10-11,2014,"Oct",11,"15:00",15,0,"Saturday","Serious",1,"Serious","Motorcycle 125cc and under rider or passenger","Driver or rider","Male",21,"Unclassified","Single carriageway",30,NA,"Not a Pedestrian","Not a Pedestrian",426804,435496,"E01011477",2,"Not at junction or within 20 metres","Daylight","Fine no high winds","Dry","Motorcyclist and pillion"
"1458","2014131AB1058",2014-10-11,2014,"Oct",11,"16:07",16,7,"Saturday","Slight",4,"Slight","Car occupant","Passenger","Male",23,"Motorway","Dual carriageway",70,NA,"Not a Pedestrian","Not a Pedestrian",428927,426437,"E01011538",1,"Not at junction or within 20 metres","Daylight","Fine no high winds","Dry","Car occupant"
"1459","2014131AC0057",2014-10-12,2014,"Oct",12,"00:25",0,25,"Sunday","Slight",4,"Slight","Taxi/Private hire car occupant","Driver or rider","Male",54,"A","Single carriageway",50,NA,"Not a Pedestrian","Not a Pedestrian",442047,434397,"E01011297",2,"Not at junction or within 20 metres","Darkness - lights lit","Fine no high winds","Wet or damp","Car occupant"
"1460","2014131AC0576",2014-10-12,2014,"Oct",12,"10:55",10,55,"Sunday","Slight",1,"Slight","Car occupant","Driver or rider","Female",70,"Unclassified","Dual carriageway",30,"Unclassified","Not a Pedestrian","Not a Pedestrian",430805,433285,"E01033011",2,"Other junction","Daylight","Fine no high winds","Dry","Car occupant"
"1461","2014131AC0915",2014-10-12,2014,"Oct",12,"16:58",16,58,"Sunday","Slight",2,"Slight","Car occupant","Passenger","Female",29,"Unclassified","Single carriageway",30,"Unclassified","Not a Pedestrian","Not a Pedestrian",427459,435446,"E01011478",4,"T or staggered junction","Daylight","Fine no high winds","Dry","Car occupant"
"1462","2014131AD0081",2014-10-13,2014,"Oct",13,"01:43",1,43,"Monday","Serious",2,"Serious","Car occupant","Driver or rider","Male",26,"Unclassified","Single carriageway",20,NA,"Not a Pedestrian","Not a Pedestrian",432020,434741,"E01011677",2,"Not at junction or within 20 metres","Darkness - lights lit","Fine no high winds","Dry","Car occupant"
"1463","2014131AD0158",2014-10-13,2014,"Oct",13,"07:06",7,6,"Monday","Slight",1,"Slight","Car occupant","Driver or rider","Female",25,"A","Dual carriageway",50,NA,"Not a Pedestrian","Not a Pedestrian",425065,434382,"E01032606",2,"Not at junction or within 20 metres","Daylight","Fine no high winds","Wet or damp","Car occupant"
"1464","2014131AD0206",2014-10-13,2014,"Oct",13,"07:45",7,45,"Monday","Slight",1,"Slight","Car occupant","Driver or rider","Female",24,"A","Dual carriageway",40,"Unclassified","Not a Pedestrian","Not a Pedestrian",430354,438550,"E01011514",2,"Crossroads","Daylight","Raining no high winds","Wet or damp","Car occupant"
"1465","2014131AD0216",2014-10-13,2014,"Oct",13,"07:57",7,57,"Monday","Serious",1,"Serious","Motorcycle 125cc and under rider or passenger","Driver or rider","Female",32,"A","Single carriageway",50,"Unclassified","Not a Pedestrian","Not a Pedestrian",435431,439805,"E01011311",3,"Crossroads","Daylight","Fine no high winds","Dry","Motorcyclist and pillion"
"1466","2014131AD0363",2014-10-13,2014,"Oct",13,"09:55",9,55,"Monday","Slight",1,"Slight","Car occupant","Passenger","Male",4,"Unclassified","Single carriageway",30,"Unclassified","Not a Pedestrian","Not a Pedestrian",424765,435355,"E01011332",2,"T or staggered junction","Daylight","Fine no high winds","Wet or damp","Car occupant"
"1467","2014131AD0412",2014-10-13,2014,"Oct",13,"10:24",10,24,"Monday","Slight",1,"Slight","Car occupant","Driver or rider","Female",17,"A(M)","Dual carriageway",70,NA,"Not a Pedestrian","Not a Pedestrian",445256,431851,"E01011299",1,"Not at junction or within 20 metres","Daylight","Raining no high winds","Wet or damp","Car occupant"
"1468","2014131AE0339",2014-10-14,2014,"Oct",14,"09:36",9,36,"Tuesday","Slight",2,"Slight","Car occupant","Driver or rider","Female",31,"Unclassified","Single carriageway",30,"Unclassified","Not a Pedestrian","Not a Pedestrian",435268,439754,"E01011649",2,"Crossroads","Daylight","Fine no high winds","Wet or damp","Car occupant"
"1469","2014131AE0730",2014-10-14,2014,"Oct",14,"13:26",13,26,"Tuesday","Slight",1,"Slight","Motorcycle 125cc and under rider or passenger","Driver or rider","Male",23,"Unclassified","Single carriageway",30,"Unclassified","Not a Pedestrian","Not a Pedestrian",426174,438742,"E01011695",2,"T or staggered junction","Daylight","Raining no high winds","Wet or damp","Motorcyclist and pillion"
"1470","2014131AE0954",2014-10-14,2014,"Oct",14,"15:30",15,30,"Tuesday","Slight",1,"Slight","Motorcycle 125cc and under rider or passenger","Driver or rider","Male",18,"A","Single carriageway",30,"Unclassified","Not a Pedestrian","Not a Pedestrian",429543,434843,"E01033006",2,"T or staggered junction","Daylight","Raining no high winds","Wet or damp","Motorcyclist and pillion"
"1471","2014131AE1113",2014-10-14,2014,"Oct",14,"16:45",16,45,"Tuesday","Slight",1,"Slight","Motorcycle 125cc and under rider or passenger","Driver or rider","Male",21,"B","Dual carriageway",70,NA,"Not a Pedestrian","Not a Pedestrian",442952,435328,"E01011297",1,"Not at junction or within 20 metres","Daylight","Raining no high winds","Wet or damp","Motorcyclist and pillion"
"1472","2014131AE1316",2014-10-14,2014,"Oct",14,"18:15",18,15,"Tuesday","Slight",1,"Slight","Car occupant","Driver or rider","Male",47,"Motorway","Dual carriageway",70,NA,"Not a Pedestrian","Not a Pedestrian",428327,426398,"E01011553",2,"Not at junction or within 20 metres","Darkness - lights lit","Raining no high winds","Wet or damp","Car occupant"
"1473","2014131AF0056",2014-10-15,2014,"Oct",15,"01:10",1,10,"Wednesday","Slight",1,"Slight","Car occupant","Driver or rider","Male",31,"Unclassified","Single carriageway",40,"Unclassified","Not a Pedestrian","Not a Pedestrian",432961,440276,"E01011561",1,"T or staggered junction","Darkness - lights lit","Fine no high winds","Wet or damp","Car occupant"
"1474","2014131AF0252",2014-10-15,2014,"Oct",15,"08:00",8,0,"Wednesday","Slight",1,"Slight","Cyclist","Driver or rider","Male",40,"A","Single carriageway",40,"Unclassified","Not a Pedestrian","Not a Pedestrian",424528,437061,"E01011453",2,"T or staggered junction","Daylight","Raining no high winds","Wet or damp","Cyclist"
"1475","2014131AF0415",2014-10-15,2014,"Oct",15,"10:15",10,15,"Wednesday","Slight",1,"Slight","Car occupant","Driver or rider","Male",30,"Unclassified","Single carriageway",30,"Unclassified","Not a Pedestrian","Not a Pedestrian",420327,445620,"E01011569",2,"Crossroads","Daylight","Raining no high winds","Wet or damp","Car occupant"
"1476","2014131AF0652",2014-10-15,2014,"Oct",15,"12:51",12,51,"Wednesday","Slight",1,"Slight","Car occupant","Driver or rider","Female",56,"A","Dual carriageway",30,"A","Not a Pedestrian","Not a Pedestrian",430654,434688,"E01011671",2,"Crossroads","Daylight","Raining no high winds","Wet or damp","Car occupant"
"1477","2014131AF0780",2014-10-15,2014,"Oct",15,"14:00",14,0,"Wednesday","Slight",1,"Slight","Car occupant","Driver or rider","Male",40,"Unclassified","Single carriageway",30,"Unclassified","Not a Pedestrian","Not a Pedestrian",428804,432747,"E01033013",2,"T or staggered junction","Daylight","Fine no high winds","Dry","Car occupant"
"1478","2014131AF1320",2014-10-15,2014,"Oct",15,"18:50",18,50,"Wednesday","Serious",1,"Serious","Pedestrian","Pedestrian","Female",74,"A","Single carriageway",30,NA,"Crossing elsewhere within 50m. of pedestrian crossing","Crossing from nearside - masked by parked or stationary vehicle",429931,437064,"E01011350",1,"Not at junction or within 20 metres","Daylight","Raining + high winds","Wet or damp","Pedestrian"
"1479","2014131AF1341",2014-10-15,2014,"Oct",15,"19:00",19,0,"Wednesday","Slight",1,"Slight","Cyclist","Driver or rider","Male",20,"Unclassified","Single carriageway",30,"Unclassified","Not a Pedestrian","Not a Pedestrian",428097,434762,"E01011481",2,"T or staggered junction","Darkness - lights lit","Raining no high winds","Wet or damp","Cyclist"
"1480","2014131AF1426",2014-10-15,2014,"Oct",15,"19:00",19,0,"Wednesday","Slight",1,"Slight","Pedestrian","Pedestrian","Female",11,"A","Single carriageway",30,"Unclassified","Crossing in zig-zag approach lines","Crossing from nearside - masked by parked or stationary vehicle",430090,431350,"E01011371",1,"T or staggered junction","Darkness - lights lit","Fine no high winds","Dry","Pedestrian"
"1481","2014131AF1712",2014-10-15,2014,"Oct",15,"23:40",23,40,"Wednesday","Slight",2,"Slight","Pedestrian","Pedestrian","Female",23,"Unclassified","Single carriageway",30,"Unclassified","Crossing on pedestrian crossing facility","Crossing from driver's nearside",429692,432929,"E01033015",1,"T or staggered junction","Darkness - lights lit","Raining no high winds","Wet or damp","Pedestrian"
"1482","2014131AG0491",2014-10-16,2014,"Oct",16,"08:50",8,50,"Thursday","Slight",1,"Slight","Cyclist","Driver or rider","Male",37,"A","Single carriageway",30,"Unclassified","Not a Pedestrian","Not a Pedestrian",427524,436945,"E01011690",2,"T or staggered junction","Daylight","Fine no high winds","Dry","Cyclist"
"1483","2014131AG0293",2014-10-16,2014,"Oct",16,"09:01",9,1,"Thursday","Slight",1,"Slight","Car occupant","Driver or rider","Male",55,"Unclassified","Single carriageway",30,"Unclassified","Not a Pedestrian","Not a Pedestrian",436452,436053,"E01011724",2,"T or staggered junction","Daylight","Fine no high winds","Dry","Car occupant"
"1484","2014131AG1006",2014-10-16,2014,"Oct",16,"14:37",14,37,"Thursday","Slight",1,"Slight","Pedestrian","Pedestrian","Female",28,"Unclassified","Single carriageway",30,"Unclassified","In carriageway, crossing elsewhere","Crossing from driver's nearside",428435,429604,"E01011321",1,"T or staggered junction","Daylight","Fine no high winds","Wet or damp","Pedestrian"
"1485","2014131AG0593",2014-10-16,2014,"Oct",16,"14:45",14,45,"Thursday","Slight",1,"Slight","Pedestrian","Pedestrian","Male",14,"Unclassified","Single carriageway",30,NA,"Crossing elsewhere within 50m. of pedestrian crossing","Crossing from driver's nearside",429449,439424,"E01011559",1,"Not at junction or within 20 metres","Daylight","Fine no high winds","Dry","Pedestrian"
"1486","2014131AG1189",2014-10-16,2014,"Oct",16,"18:09",18,9,"Thursday","Slight",1,"Slight","Cyclist","Driver or rider","Male",23,"A","Single carriageway",30,"Unclassified","Not a Pedestrian","Not a Pedestrian",431745,431417,"E01011468",2,"T or staggered junction","Darkness - lights lit","Fine no high winds","Dry","Cyclist"
"1487","2014131AH0047",2014-10-17,2014,"Oct",17,"00:57",0,57,"Friday","Slight",2,"Slight","Car occupant","Driver or rider","Male",19,"A","Single carriageway",30,NA,"Not a Pedestrian","Not a Pedestrian",432592,427380,"E01032496",3,"Not at junction or within 20 metres","Darkness - lights lit","Raining no high winds","Wet or damp","Car occupant"
"1488","2014131AH0226",2014-10-17,2014,"Oct",17,"07:45",7,45,"Friday","Slight",1,"Slight","Car occupant","Driver or rider","Female",23,"Unclassified","Single carriageway",30,"Unclassified","Not a Pedestrian","Not a Pedestrian",423809,439248,"E01011456",2,"T or staggered junction","Daylight","Fine no high winds","Dry","Car occupant"
"1489","2014131AH0209",2014-10-17,2014,"Oct",17,"07:58",7,58,"Friday","Serious",1,"Serious","Cyclist","Driver or rider","Male",31,"A","Roundabout",40,"A","Not a Pedestrian","Not a Pedestrian",423047,437663,"E01011452",2,"Roundabout","Daylight","Fine no high winds","Dry","Cyclist"
"1490","2014131AH0321",2014-10-17,2014,"Oct",17,"08:35",8,35,"Friday","Slight",2,"Slight","Car occupant","Driver or rider","Male",40,"Unclassified","Single carriageway",30,NA,"Not a Pedestrian","Not a Pedestrian",431371,435302,"E01011361",2,"Not at junction or within 20 metres","Daylight","Fine no high winds","Dry","Car occupant"
"1491","2014131AH0375",2014-10-17,2014,"Oct",17,"10:00",10,0,"Friday","Slight",2,"Slight","Car occupant","Driver or rider","Male",31,"A","Dual carriageway",30,NA,"Not a Pedestrian","Not a Pedestrian",433258,434026,"E01011617",3,"Not at junction or within 20 metres","Daylight","Fine no high winds","Dry","Car occupant"
"1492","2014131AH0546",2014-10-17,2014,"Oct",17,"11:55",11,55,"Friday","Slight",1,"Slight","Car occupant","Driver or rider","Male",56,"A(M)","Dual carriageway",70,NA,"Not a Pedestrian","Not a Pedestrian",441101,449222,"E01011704",2,"Not at junction or within 20 metres","Daylight","Fine no high winds","Dry","Car occupant"
"1493","2014131AH0650",2014-10-17,2014,"Oct",17,"12:55",12,55,"Friday","Slight",1,"Slight","Car occupant","Driver or rider","Female",31,"A","Roundabout",40,"A","Not a Pedestrian","Not a Pedestrian",428268,429615,"E01011518",2,"Roundabout","Daylight","Fine no high winds","Dry","Car occupant"
"1494","2014131AH0887",2014-10-17,2014,"Oct",17,"15:40",15,40,"Friday","Slight",1,"Slight","Car occupant","Driver or rider","Female",35,"Unclassified","Single carriageway",30,"A","Not a Pedestrian","Not a Pedestrian",436836,433727,"E01011411",2,"Roundabout","Daylight","Fine no high winds","Dry","Car occupant"
"1495","2014131AI1088",2014-10-17,2014,"Oct",17,"18:45",18,45,"Friday","Slight",1,"Slight","Cyclist","Driver or rider","Male",35,"Unclassified","Single carriageway",30,"A","Not a Pedestrian","Not a Pedestrian",423666,437574,"E01011465",2,"T or staggered junction","Darkness - lights lit","Fine no high winds","Dry","Cyclist"
"1496","2014131AI0552",2014-10-18,2014,"Oct",18,"09:45",9,45,"Saturday","Slight",1,"Slight","Car occupant","Passenger","Female",50,"Unclassified","Single carriageway",30,"Unclassified","Not a Pedestrian","Not a Pedestrian",424100,431966,"E01011726",3,"Private drive or entrance","Daylight","Fine no high winds","Dry","Car occupant"
"1497","2014131AI0595",2014-10-18,2014,"Oct",18,"10:30",10,30,"Saturday","Serious",1,"Serious","Car occupant","Driver or rider","Female",34,"Unclassified","Single carriageway",30,"Unclassified","Not a Pedestrian","Not a Pedestrian",427891,432915,"E01011294",2,"T or staggered junction","Daylight","Fine no high winds","Dry","Car occupant"
"1498","2014131AI0791",2014-10-18,2014,"Oct",18,"13:13",13,13,"Saturday","Slight",1,"Slight","Car occupant","Driver or rider","Female",50,"Unclassified","Single carriageway",30,"Unclassified","Not a Pedestrian","Not a Pedestrian",433552,435959,"E01011421",2,"T or staggered junction","Daylight","Fine no high winds","Dry","Car occupant"
"1499","2014131AI0900",2014-10-18,2014,"Oct",18,"14:05",14,5,"Saturday","Slight",2,"Slight","Car occupant","Driver or rider","Male",20,"Unclassified","Single carriageway",30,"Unclassified","Not a Pedestrian","Not a Pedestrian",430641,433827,"E01033010",2,"T or staggered junction","Daylight","Fine no high winds","Dry","Car occupant"