"","accident_index","date","year","month","day","time","time_hour","time_minute","day_of_week","accident_severity","number_of_casualties","casualty_severity","casualty_type","casualty_class","sex_of_casualty","age_of_casualty","first_road_class","road_type","speed_limit","second_road_class","pedestrian_location","pedestrian_movement","location_easting_osgr","location_northing_osgr","lsoa_of_accident_location","number_of_vehicles","junction_detail","light_conditions","weather_conditions","road_surface_conditions","cas_type"
"1664","2014131BE0816",2014-11-14,2014,"Nov",14,"14:12",14,12,"Friday","Slight",3,"Slight","Car occupant","Driver or rider","Female",57,"A(M)","Dual carriageway",40,NA,"Not a Pedestrian","Not a Pedestrian",428949,433438,"E01033015",3,"Not at junction or within 20 metres","Daylight","Fine no high winds","Wet or damp","Car occupant"
"1665","2014131BE1093",2014-11-14,2014,"Nov",14,"16:30",16,30,"Friday","Serious",4,"Slight","Car occupant","Driver or rider","Male",55,"A","Single carriageway",50,NA,"Not a Pedestrian","Not a Pedestrian",425977,429969,"E01011522",2,"Not at junction or within 20 metres","Darkness - lights lit","Fine no high winds","Wet or damp","Car occupant"
"1666","2014131BE1197",2014-11-14,2014,"Nov",14,"16:45",16,45,"Friday","Slight",1,"Slight","Van / Goods vehicle (3.5 tonnes mgw or under) occupant","Driver or rider","Male",33,"A","Dual carriageway",40,"Unclassified","Not a Pedestrian","Not a Pedestrian",428972,433449,"E01033015",2,"Slip road","Darkness - lights lit","Fine no high winds","Wet or damp","Bus and goods vehicle occupant"
"1667","2014131BE1361",2014-11-14,2014,"Nov",14,"18:35",18,35,"Friday","Slight",1,"Slight","Car occupant","Driver or rider","Male",42,"B","Single carriageway",30,"Unclassified","Not a Pedestrian","Not a Pedestrian",433310,426327,"E01011500",2,"Crossroads","Darkness - lights lit","Fine no high winds","Wet or damp","Car occupant"
"1668","2014131BE1402",2014-11-14,2014,"Nov",14,"19:00",19,0,"Friday","Slight",2,"Slight","Car occupant","Driver or rider","Male",21,"A","Dual carriageway",40,"Unclassified","Not a Pedestrian","Not a Pedestrian",427506,425505,"E01011548",2,"Crossroads","Darkness - lights lit","Fine no high winds","Dry","Car occupant"
"1669","2014131BE1861",2014-11-14,2014,"Nov",14,"21:29",21,29,"Friday","Slight",1,"Slight","Car occupant","Driver or rider","Male",61,"Unclassified","Single carriageway",30,"Unclassified","Not a Pedestrian","Not a Pedestrian",429119,430983,"E01011314",2,"T or staggered junction","Darkness - lights lit","Raining no high winds","Wet or damp","Car occupant"
"1670","2014131BF0605",2014-11-15,2014,"Nov",15,"10:39",10,39,"Saturday","Slight",1,"Slight","Pedestrian","Pedestrian","Male",41,"Unclassified","Single carriageway",30,NA,"Crossing elsewhere within 50m. of pedestrian crossing","Crossing from driver's nearside",430374,433563,"E01033010",1,"Not at junction or within 20 metres","Daylight","Fine no high winds","Dry","Pedestrian"
"1671","2014131BF1032",2014-11-15,2014,"Nov",15,"15:21",15,21,"Saturday","Slight",1,"Slight","Cyclist","Driver or rider","Female",18,"A","Single carriageway",30,"Unclassified","Not a Pedestrian","Not a Pedestrian",427366,434653,"E01011478",2,"T or staggered junction","Daylight","Fine no high winds","Dry","Cyclist"
"1672","2014131BF1842",2014-11-15,2014,"Nov",15,"15:30",15,30,"Saturday","Slight",1,"Slight","Pedestrian","Pedestrian","Male",28,"Unclassified","Single carriageway",30,NA,"Crossing elsewhere within 50m. of pedestrian crossing","Crossing from driver's offside",431682,434516,"E01033035",1,"Not at junction or within 20 metres","Daylight","Fine no high winds","Dry","Pedestrian"
"1673","2014131BF1591",2014-11-15,2014,"Nov",15,"20:35",20,35,"Saturday","Slight",1,"Slight","Pedestrian","Pedestrian","Male",45,"Unclassified","Single carriageway",30,NA,"In carriageway, crossing elsewhere","Crossing from driver's offside",424574,439333,"E01032501",1,"Not at junction or within 20 metres","Darkness - lights lit","Raining no high winds","Wet or damp","Pedestrian"
"1674","2014131BF1645",2014-11-15,2014,"Nov",15,"21:25",21,25,"Saturday","Slight",2,"Slight","Car occupant","Driver or rider","Female",87,"Unclassified","Single carriageway",30,"Unclassified","Not a Pedestrian","Not a Pedestrian",427080,433505,"E01011293",2,"T or staggered junction","Darkness - lights lit","Raining no high winds","Wet or damp","Car occupant"
"1675","2014131BG0026",2014-11-16,2014,"Nov",16,"00:10",0,10,"Sunday","Slight",2,"Slight","Car occupant","Passenger","Female",17,"A","Single carriageway",30,NA,"Not a Pedestrian","Not a Pedestrian",419783,434063,"E01011597",4,"Not at junction or within 20 metres","Darkness - lights lit","Fine no high winds","Dry","Car occupant"
"1676","2014131BG0184",2014-11-16,2014,"Nov",16,"01:55",1,55,"Sunday","Slight",1,"Slight","Pedestrian","Pedestrian","Male",27,"A","Single carriageway",30,NA,"In carriageway, crossing elsewhere","Crossing from driver's nearside",427918,436162,"E01011451",1,"Not at junction or within 20 metres","Darkness - lights lit","Fine no high winds","Wet or damp","Pedestrian"
"1677","2014131BM0606",2014-11-16,2014,"Nov",16,"11:00",11,0,"Sunday","Slight",1,"Slight","Car occupant","Driver or rider","Male",34,"Unclassified","Single carriageway",30,NA,"Not a Pedestrian","Not a Pedestrian",436245,435655,"E01011724",2,"Not at junction or within 20 metres","Daylight","Fine no high winds","Dry","Car occupant"
"1678","2014131BG1455",2014-11-16,2014,"Nov",16,"20:45",20,45,"Sunday","Serious",1,"Serious","Motorcycle 125cc and under rider or passenger","Driver or rider","Male",24,"Unclassified","Single carriageway",30,NA,"Not a Pedestrian","Not a Pedestrian",428816,430385,"E01011315",2,"Not at junction or within 20 metres","Darkness - lights lit","Raining no high winds","Wet or damp","Motorcyclist and pillion"
"1679","2014131BH0195",2014-11-17,2014,"Nov",17,"07:59",7,59,"Monday","Slight",1,"Slight","Pedestrian","Pedestrian","Male",27,"A","Single carriageway",40,NA,"In carriageway, crossing elsewhere","Crossing from driver's offside",436153,440932,"E01011311",1,"Not at junction or within 20 metres","Daylight","Fine no high winds","Dry","Pedestrian"
"1680","2014131BH0291",2014-11-17,2014,"Nov",17,"09:00",9,0,"Monday","Slight",1,"Slight","Pedestrian","Pedestrian","Female",40,"Unclassified","Single carriageway",20,NA,"On footway or verge","Unknown or other",433700,427206,"E01011634",1,"Not at junction or within 20 metres","Daylight","Fine no high winds","Dry","Pedestrian"
"1681","2014131BH1357",2014-11-17,2014,"Nov",17,"18:35",18,35,"Monday","Slight",1,"Slight","Cyclist","Driver or rider","Female",23,"Unclassified","Single carriageway",30,"Unclassified","Not a Pedestrian","Not a Pedestrian",429050,434511,"E01033006",2,"T or staggered junction","Darkness - lights lit","Fine no high winds","Wet or damp","Cyclist"
"1682","2014131BH1330",2014-11-17,2014,"Nov",17,"19:00",19,0,"Monday","Slight",1,"Slight","Cyclist","Driver or rider","Male",48,"A","Single carriageway",30,"Unclassified","Not a Pedestrian","Not a Pedestrian",431881,435701,"E01011422",2,"T or staggered junction","Darkness - lights lit","Fine no high winds","Wet or damp","Cyclist"
"1683","2014131BI1148",2014-11-18,2014,"Nov",18,"17:07",17,7,"Tuesday","Serious",1,"Serious","Pedestrian","Pedestrian","Male",11,"A","Single carriageway",30,"Unclassified","In carriageway, crossing elsewhere","Crossing from driver's nearside",428527,429633,"E01011321",1,"T or staggered junction","Darkness - lights lit","Fine no high winds","Dry","Pedestrian"
"1684","2014131BI1005",2014-11-18,2014,"Nov",18,"17:20",17,20,"Tuesday","Slight",1,"Slight","Van / Goods vehicle (3.5 tonnes mgw or under) occupant","Passenger","Male",21,"Motorway","Dual carriageway",70,NA,"Not a Pedestrian","Not a Pedestrian",430878,426518,"E01011499",3,"Not at junction or within 20 metres","Darkness - lights lit","Fine no high winds","Dry","Bus and goods vehicle occupant"
"1685","2014131BI1641",2014-11-18,2014,"Nov",18,"18:56",18,56,"Tuesday","Serious",1,"Serious","Bus or coach occupant (17 or more pass seats)","Passenger","Female",24,"Unclassified","Single carriageway",20,"Unclassified","Not a Pedestrian","Not a Pedestrian",429028,432103,"E01033013",2,"T or staggered junction","Darkness - lighting unknown","Fine no high winds","Dry","Bus and goods vehicle occupant"
"1686","2014131BI1481",2014-11-18,2014,"Nov",18,"19:35",19,35,"Tuesday","Serious",2,"Serious","Motorcycle 125cc and under rider or passenger","Driver or rider","Male",30,"Unclassified","One way street",30,NA,"Not a Pedestrian","Not a Pedestrian",430832,434317,"E01033003",3,"Not at junction or within 20 metres","Darkness - lights lit","Fine no high winds","Dry","Motorcyclist and pillion"
"1687","2014131BI1667",2014-11-18,2014,"Nov",18,"21:43",21,43,"Tuesday","Slight",5,"Slight","Car occupant","Driver or rider","Male",17,"Unclassified","Single carriageway",60,NA,"Not a Pedestrian","Not a Pedestrian",422461,440268,"E01032503",1,"Not at junction or within 20 metres","Darkness - no lighting","Fine no high winds","Wet or damp","Car occupant"
"1688","2014131BJ0232",2014-11-19,2014,"Nov",19,"07:37",7,37,"Wednesday","Slight",1,"Slight","Cyclist","Driver or rider","Male",25,"Unclassified","Single carriageway",30,"Unclassified","Not a Pedestrian","Not a Pedestrian",431063,430366,"E01011472",2,"Crossroads","Daylight","Fine no high winds","Dry","Cyclist"
"1689","2014131BJ0252",2014-11-19,2014,"Nov",19,"07:45",7,45,"Wednesday","Slight",1,"Slight","Cyclist","Driver or rider","Male",40,"A","Dual carriageway",30,"Unclassified","Not a Pedestrian","Not a Pedestrian",430967,433429,"E01033033",2,"T or staggered junction","Daylight","Fine no high winds","Dry","Cyclist"
"1690","2014131BJ0529",2014-11-19,2014,"Nov",19,"09:15",9,15,"Wednesday","Slight",1,"Slight","Car occupant","Driver or rider","Male",54,"Unclassified","Single carriageway",30,NA,"Not a Pedestrian","Not a Pedestrian",436196,435590,"E01011406",2,"Not at junction or within 20 metres","Daylight","Fine no high winds","Dry","Car occupant"
"1691","2014131BJ0607",2014-11-19,2014,"Nov",19,"11:30",11,30,"Wednesday","Serious",1,"Serious","Cyclist","Driver or rider","Male",43,"Unclassified","Dual carriageway",40,"A","Not a Pedestrian","Not a Pedestrian",427027,424759,"E01011548",2,"T or staggered junction","Daylight","Fine no high winds","Dry","Cyclist"
"1692","2014131BJ1049",2014-11-19,2014,"Nov",19,"15:35",15,35,"Wednesday","Slight",1,"Slight","Cyclist","Driver or rider","Male",18,"Unclassified","Single carriageway",30,"Unclassified","Not a Pedestrian","Not a Pedestrian",429803,434430,"E01033005",2,"Private drive or entrance","Daylight","Fine no high winds","Dry","Cyclist"
"1693","2014131BJ1252",2014-11-19,2014,"Nov",19,"16:50",16,50,"Wednesday","Slight",1,"Slight","Pedestrian","Pedestrian","Female",16,"Unclassified","Single carriageway",30,NA,"In carriageway, crossing elsewhere","Crossing from driver's nearside",426126,439211,"E01011383",1,"Not at junction or within 20 metres","Darkness - lights lit","Fine no high winds","Wet or damp","Pedestrian"
"1694","2014131BJ1487",2014-11-19,2014,"Nov",19,"18:00",18,0,"Wednesday","Slight",1,"Slight","Pedestrian","Pedestrian","Male",14,"Unclassified","Single carriageway",30,NA,"In carriageway, crossing elsewhere","Unknown or other",434370,435182,"E01011339",1,"Not at junction or within 20 metres","Darkness - lights lit","Fine no high winds","Wet or damp","Pedestrian"
"1695","2014131BK0249",2014-11-20,2014,"Nov",20,"08:07",8,7,"Thursday","Slight",1,"Slight","Cyclist","Driver or rider","Male",34,"Unclassified","Single carriageway",30,"Unclassified","Not a Pedestrian","Not a Pedestrian",430941,435677,"E01011360",2,"T or staggered junction","Daylight","Fine no high winds","Wet or damp","Cyclist"
"1696","2014131BK0296",2014-11-20,2014,"Nov",20,"08:53",8,53,"Thursday","Slight",1,"Slight","Cyclist","Driver or rider","Male",49,"Unclassified","Single carriageway",30,"Unclassified","Not a Pedestrian","Not a Pedestrian",430808,435341,"E01011360",2,"T or staggered junction","Daylight","Fine no high winds","Dry","Cyclist"
"1697","2014131BK0331",2014-11-20,2014,"Nov",20,"09:15",9,15,"Thursday","Slight",1,"Slight","Cyclist","Driver or rider","Male",41,"A","Single carriageway",30,"Unclassified","Not a Pedestrian","Not a Pedestrian",426378,435440,"E01011477",2,"T or staggered junction","Daylight","Fine no high winds","Dry","Cyclist"
"1698","2014131BK0409",2014-11-20,2014,"Nov",20,"10:15",10,15,"Thursday","Slight",2,"Slight","Car occupant","Passenger","Female",29,"A","Dual carriageway",40,NA,"Not a Pedestrian","Not a Pedestrian",428397,433381,"E01011363",2,"Not at junction or within 20 metres","Daylight","Fine no high winds","Dry","Car occupant"
"1699","2014131BK0931",2014-11-20,2014,"Nov",20,"15:03",15,3,"Thursday","Slight",1,"Slight","Pedestrian","Pedestrian","Male",27,"A","Single carriageway",30,"Unclassified","In carriageway, crossing elsewhere","Crossing from driver's nearside",428906,435514,"E01011443",1,"T or staggered junction","Daylight","Fine no high winds","Dry","Pedestrian"
"1700","2014131BK1413",2014-11-20,2014,"Nov",20,"17:00",17,0,"Thursday","Slight",3,"Slight","Car occupant","Driver or rider","Female",35,"A","Dual carriageway",30,"Unclassified","Not a Pedestrian","Not a Pedestrian",427698,434469,"E01011483",2,"T or staggered junction","Darkness - lights lit","Fine no high winds","Dry","Car occupant"
"1701","2014131BK1234",2014-11-20,2014,"Nov",20,"17:20",17,20,"Thursday","Slight",1,"Slight","Car occupant","Driver or rider","Male",30,"Unclassified","Roundabout",30,"Unclassified","Not a Pedestrian","Not a Pedestrian",431910,434801,"E01011677",2,"Mini-roundabout","Daylight","Fine no high winds","Dry","Car occupant"
"1702","2014131BL1264",2014-11-21,2014,"Nov",21,"18:30",18,30,"Friday","Serious",5,"Slight","Car occupant","Driver or rider","Male",50,"A","Single carriageway",60,"Unclassified","Not a Pedestrian","Not a Pedestrian",439019,431734,"E01011402",3,"T or staggered junction","Darkness - no lighting","Fine no high winds","Wet or damp","Car occupant"
"1703","2014131BL1451",2014-11-21,2014,"Nov",21,"20:13",20,13,"Friday","Serious",1,"Serious","Car occupant","Driver or rider","Male",26,"A","Dual carriageway",30,NA,"Not a Pedestrian","Not a Pedestrian",431764,432386,"E01011621",1,"Not at junction or within 20 metres","Darkness - lights lit","Raining no high winds","Wet or damp","Car occupant"
"1704","2014131BL1477",2014-11-21,2014,"Nov",21,"20:25",20,25,"Friday","Slight",2,"Slight","Car occupant","Driver or rider","Male",17,"A","Dual carriageway",60,NA,"Not a Pedestrian","Not a Pedestrian",423875,428197,"E01011529",1,"Not at junction or within 20 metres","Darkness - lights lit","Fine no high winds","Dry","Car occupant"
"1705","2014131BL1723",2014-11-21,2014,"Nov",21,"23:15",23,15,"Friday","Slight",1,"Slight","Cyclist","Driver or rider","Female",22,"A","Dual carriageway",30,"Unclassified","Not a Pedestrian","Not a Pedestrian",429309,435030,"E01033005",2,"Crossroads","Darkness - lights lit","Raining no high winds","Wet or damp","Cyclist"
"1706","2014131BM0399",2014-11-22,2014,"Nov",22,"08:01",8,1,"Saturday","Slight",3,"Slight","Van / Goods vehicle (3.5 tonnes mgw or under) occupant","Driver or rider","Male",25,"A","Dual carriageway",40,"Motorway","Not a Pedestrian","Not a Pedestrian",428560,431696,"E01011366",2,"T or staggered junction","Daylight","Fine no high winds","Wet or damp","Bus and goods vehicle occupant"
"1707","2014131BM0808",2014-11-22,2014,"Nov",22,"13:40",13,40,"Saturday","Serious",1,"Serious","Pedestrian","Pedestrian","Male",71,"Unclassified","Single carriageway",30,"Unclassified","In carriageway, crossing elsewhere","Crossing from driver's nearside",441084,432375,"E01011401",1,"T or staggered junction","Daylight","Fine no high winds","Dry","Pedestrian"
"1708","2014131BM0901",2014-11-22,2014,"Nov",22,"14:57",14,57,"Saturday","Serious",4,"Serious","Car occupant","Driver or rider","Male",50,"Unclassified","Single carriageway",30,"Unclassified","Not a Pedestrian","Not a Pedestrian",430951,435935,"E01011356",2,"Crossroads","Daylight","Fine no high winds","Wet or damp","Car occupant"
"1709","2014131BM1357",2014-11-22,2014,"Nov",22,"18:40",18,40,"Saturday","Slight",1,"Slight","Car occupant","Driver or rider","Male",34,"Unclassified","Single carriageway",30,NA,"Not a Pedestrian","Not a Pedestrian",428418,435457,"E01032946",2,"Not at junction or within 20 metres","Darkness - lights lit","Raining no high winds","Wet or damp","Car occupant"
"1710","2014131BM1325",2014-11-22,2014,"Nov",22,"19:00",19,0,"Saturday","Slight",1,"Slight","Car occupant","Passenger","Female",59,"A","Dual carriageway",40,NA,"Not a Pedestrian","Not a Pedestrian",430786,424518,"E01011537",2,"Not at junction or within 20 metres","Darkness - lights lit","Fine no high winds","Dry","Car occupant"
"1711","2014131BN0022",2014-11-23,2014,"Nov",23,"00:22",0,22,"Sunday","Slight",1,"Slight","Car occupant","Driver or rider","Male",38,"A","Dual carriageway",40,NA,"Not a Pedestrian","Not a Pedestrian",429215,430037,"E01011319",2,"Not at junction or within 20 metres","Darkness - lights lit","Fine no high winds","Dry","Car occupant"
"1712","2014131BN0662",2014-11-23,2014,"Nov",23,"10:15",10,15,"Sunday","Slight",1,"Slight","Bus or coach occupant (17 or more pass seats)","Passenger","Male",42,"A","Dual carriageway",30,NA,"Not a Pedestrian","Not a Pedestrian",435929,435431,"E01011666",1,"Not at junction or within 20 metres","Daylight","Fine no high winds","Dry","Bus and goods vehicle occupant"
"1713","2014131BN0968",2014-11-23,2014,"Nov",23,"15:41",15,41,"Sunday","Serious",1,"Serious","Cyclist","Driver or rider","Male",61,"A","Single carriageway",60,NA,"Not a Pedestrian","Not a Pedestrian",422662,444687,"E01011569",2,"Not at junction or within 20 metres","Daylight","Fine no high winds","Wet or damp","Cyclist"
"1714","2014131BN1340",2014-11-23,2014,"Nov",23,"19:56",19,56,"Sunday","Slight",1,"Slight","Car occupant","Driver or rider","Male",20,"Unclassified","Single carriageway",30,NA,"Not a Pedestrian","Not a Pedestrian",429721,439316,"E01011559",2,"Not at junction or within 20 metres","Darkness - lights lit","Fine no high winds","Wet or damp","Car occupant"
"1715","2014131BN1354",2014-11-23,2014,"Nov",23,"20:09",20,9,"Sunday","Slight",1,"Slight","Motorcycle 125cc and under rider or passenger","Driver or rider","Male",34,"B","Single carriageway",30,"Unclassified","Not a Pedestrian","Not a Pedestrian",421479,434423,"E01011587",2,"T or staggered junction","Darkness - lights lit","Fine no high winds","Wet or damp","Motorcyclist and pillion"
"1716","2014131BO0190",2014-11-24,2014,"Nov",24,"07:07",7,7,"Monday","Slight",1,"Slight","Car occupant","Driver or rider","Female",38,"A","Dual carriageway",30,"A","Not a Pedestrian","Not a Pedestrian",420905,434495,"E01011595",2,"Roundabout","Daylight","Fine no high winds","Dry","Car occupant"
"1717","2014131BO0580",2014-11-24,2014,"Nov",24,"08:35",8,35,"Monday","Slight",1,"Slight","Pedestrian","Pedestrian","Male",10,"Unclassified","Single carriageway",30,NA,"In carriageway, crossing elsewhere","Crossing from driver's nearside",442043,445329,"E01011709",1,"Not at junction or within 20 metres","Daylight","Fine no high winds","Dry","Pedestrian"
"1718","2014131BO0266",2014-11-24,2014,"Nov",24,"08:40",8,40,"Monday","Slight",1,"Slight","Cyclist","Driver or rider","Female",50,"Unclassified","Single carriageway",30,"Unclassified","Not a Pedestrian","Not a Pedestrian",430439,434380,"E01033002",2,"T or staggered junction","Daylight","Fine no high winds","Dry","Cyclist"
"1719","2014131BO0392",2014-11-24,2014,"Nov",24,"10:10",10,10,"Monday","Slight",1,"Slight","Car occupant","Driver or rider","Female",56,"A","Dual carriageway",40,NA,"Not a Pedestrian","Not a Pedestrian",427776,430743,"E01011369",2,"Not at junction or within 20 metres","Daylight","Fine no high winds","Dry","Car occupant"
"1720","2014131BO0775",2014-11-24,2014,"Nov",24,"13:54",13,54,"Monday","Slight",1,"Slight","Car occupant","Driver or rider","Male",78,"Unclassified","Single carriageway",30,NA,"Not a Pedestrian","Not a Pedestrian",426352,433938,"E01032608",2,"Not at junction or within 20 metres","Daylight","Fine no high winds","Wet or damp","Car occupant"
"1721","2014131BO0998",2014-11-24,2014,"Nov",24,"15:50",15,50,"Monday","Slight",1,"Slight","Van / Goods vehicle (3.5 tonnes mgw or under) occupant","Driver or rider","Male",40,"A(M)","Dual carriageway",70,NA,"Not a Pedestrian","Not a Pedestrian",441312,445249,"E01011707",1,"Not at junction or within 20 metres","Darkness - no lighting","Fine no high winds","Wet or damp","Bus and goods vehicle occupant"
"1722","2014131BO1072",2014-11-24,2014,"Nov",24,"16:30",16,30,"Monday","Slight",1,"Slight","Car occupant","Driver or rider","Male",23,"A","Roundabout",50,"A","Not a Pedestrian","Not a Pedestrian",431917,430501,"E01011470",2,"Roundabout","Daylight","Fine no high winds","Dry","Car occupant"
"1723","2014131BO1098",2014-11-24,2014,"Nov",24,"16:30",16,30,"Monday","Slight",1,"Slight","Cyclist","Driver or rider","Male",37,"Unclassified","Single carriageway",30,NA,"Not a Pedestrian","Not a Pedestrian",445208,447085,"E01011697",2,"Not at junction or within 20 metres","Darkness - no lighting","Fine no high winds","Dry","Cyclist"
"1724","20141300O1121",2014-11-24,2014,"Nov",24,"16:55",16,55,"Monday","Slight",1,"Slight","Car occupant","Passenger","Female",25,"Unclassified","Single carriageway",30,"A","Not a Pedestrian","Not a Pedestrian",430713,432522,"E01033018",2,"Crossroads","Daylight","Unknown","Data missing or out of range","Car occupant"
"1725","2014131BP0831",2014-11-25,2014,"Nov",25,"15:30",15,30,"Tuesday","Slight",1,"Slight","Pedestrian","Pedestrian","Female",7,"Unclassified","Single carriageway",30,NA,"In carriageway, crossing elsewhere","Crossing from driver's nearside",432248,436985,"E01011641",1,"Not at junction or within 20 metres","Daylight","Fine no high winds","Dry","Pedestrian"
"1726","2014131BP0851",2014-11-25,2014,"Nov",25,"15:42",15,42,"Tuesday","Slight",1,"Slight","Car occupant","Driver or rider","Male",34,"Unclassified","Single carriageway",40,NA,"Not a Pedestrian","Not a Pedestrian",429311,423387,"E01011536",1,"Not at junction or within 20 metres","Darkness - lighting unknown","Fine no high winds","Frost or ice","Car occupant"
"1727","2014131BP1034",2014-11-25,2014,"Nov",25,"17:45",17,45,"Tuesday","Slight",1,"Slight","Car occupant","Driver or rider","Male",32,"A","Dual carriageway",40,NA,"Not a Pedestrian","Not a Pedestrian",430593,434504,"E01033003",1,"Not at junction or within 20 metres","Darkness - lights lit","Fine no high winds","Wet or damp","Car occupant"
"1728","2014131BP1159",2014-11-25,2014,"Nov",25,"18:40",18,40,"Tuesday","Slight",1,"Slight","Pedestrian","Pedestrian","Female",6,"Unclassified","Single carriageway",30,NA,"In carriageway, crossing elsewhere","Crossing from offside - masked by  parked or stationary vehicle",425740,438723,"E01011695",1,"Not at junction or within 20 metres","Darkness - lights lit","Fine no high winds","Dry","Pedestrian"
"1729","2014131BP1203",2014-11-25,2014,"Nov",25,"19:14",19,14,"Tuesday","Slight",1,"Slight","Cyclist","Driver or rider","Male",50,"A","Roundabout",30,"A","Not a Pedestrian","Not a Pedestrian",423040,437639,"E01011452",2,"Roundabout","Darkness - lights lit","Fine no high winds","Wet or damp","Cyclist"
"1730","2014131BP1384",2014-11-25,2014,"Nov",25,"21:12",21,12,"Tuesday","Slight",2,"Slight","Pedestrian","Pedestrian","Male",44,"Unclassified","One way street",30,NA,"On footway or verge","Unknown or other",429936,433352,"E01033016",1,"Not at junction or within 20 metres","Darkness - lights lit","Fine no high winds","Wet or damp","Pedestrian"
"1731","2014131BQ0164",2014-11-26,2014,"Nov",26,"06:55",6,55,"Wednesday","Slight",1,"Slight","Cyclist","Driver or rider","Male",43,"B","Dual carriageway",40,"Unclassified","Not a Pedestrian","Not a Pedestrian",423192,434656,"E01011337",2,"Crossroads","Daylight","Raining no high winds","Wet or damp","Cyclist"
"1732","2014131BQ0224",2014-11-26,2014,"Nov",26,"08:10",8,10,"Wednesday","Slight",1,"Slight","Car occupant","Passenger","Male",16,"A","Dual carriageway",40,"Unclassified","Not a Pedestrian","Not a Pedestrian",429457,430234,"E01011319",2,"T or staggered junction","Daylight","Fine no high winds","Wet or damp","Car occupant"
"1733","2014131BQ0330",2014-11-26,2014,"Nov",26,"09:42",9,42,"Wednesday","Slight",1,"Slight","Car occupant","Driver or rider","Female",82,"Unclassified","Single carriageway",30,NA,"Not a Pedestrian","Not a Pedestrian",432787,437176,"E01011641",2,"Not at junction or within 20 metres","Daylight","Raining no high winds","Wet or damp","Car occupant"
"1734","2014131BQ0425",2014-11-26,2014,"Nov",26,"10:51",10,51,"Wednesday","Fatal",1,"Fatal","Pedestrian","Pedestrian","Female",83,"Unclassified","Single carriageway",30,"Unclassified","Crossing on pedestrian crossing facility","Crossing from driver's nearside",436295,434707,"E01011408",1,"T or staggered junction","Daylight","Fine no high winds","Dry","Pedestrian"
"1735","2014131BR0178",2014-11-26,2014,"Nov",26,"16:40",16,40,"Wednesday","Slight",1,"Slight","Car occupant","Driver or rider","Female",53,"A","Single carriageway",30,"Unclassified","Not a Pedestrian","Not a Pedestrian",428808,432612,"E01033013",2,"T or staggered junction","Darkness - lighting unknown","Raining no high winds","Wet or damp","Car occupant"
"1736","2014131BQ1087",2014-11-26,2014,"Nov",26,"17:54",17,54,"Wednesday","Slight",1,"Slight","Van / Goods vehicle (3.5 tonnes mgw or under) occupant","Driver or rider","Male",54,"Unclassified","Single carriageway",30,"Unclassified","Not a Pedestrian","Not a Pedestrian",420499,445640,"E01011569",2,"Crossroads","Daylight","Fine no high winds","Dry","Bus and goods vehicle occupant"
"1737","2014131BQ1150",2014-11-26,2014,"Nov",26,"18:25",18,25,"Wednesday","Slight",1,"Slight","Car occupant","Driver or rider","Male",32,"Unclassified","Single carriageway",30,NA,"Not a Pedestrian","Not a Pedestrian",430494,425066,"E01011537",2,"Not at junction or within 20 metres","Darkness - lights lit","Fine no high winds","Wet or damp","Car occupant"
"1738","2014131BR0268",2014-11-27,2014,"Nov",27,"09:21",9,21,"Thursday","Serious",1,"Serious","Car occupant","Passenger","Female",40,"A","Dual carriageway",40,NA,"Not a Pedestrian","Not a Pedestrian",425453,434293,"E01011286",1,"Not at junction or within 20 metres","Daylight","Raining no high winds","Wet or damp","Car occupant"
"1739","2014131BR0544",2014-11-27,2014,"Nov",27,"12:25",12,25,"Thursday","Slight",2,"Slight","Car occupant","Driver or rider","Male",26,"A","Dual carriageway",60,"B","Not a Pedestrian","Not a Pedestrian",421923,433939,"E01011587",2,"Slip road","Daylight","Raining no high winds","Wet or damp","Car occupant"
"1740","2014131BR1389",2014-11-27,2014,"Nov",27,"19:10",19,10,"Thursday","Slight",1,"Slight","Pedestrian","Pedestrian","Female",65,"Unclassified","Dual carriageway",40,"Unclassified","In centre of carriageway - not on refuge, island or central reservation","Crossing from driver's nearside",425965,426786,"E01011546",1,"T or staggered junction","Darkness - lights lit","Fine no high winds","Dry","Pedestrian"
"1741","2014131BR1318",2014-11-27,2014,"Nov",27,"20:05",20,5,"Thursday","Slight",1,"Slight","Car occupant","Driver or rider","Male",40,"Unclassified","Single carriageway",30,"Unclassified","Not a Pedestrian","Not a Pedestrian",432729,438445,"E01011653",2,"T or staggered junction","Darkness - lighting unknown","Unknown","Data missing or out of range","Car occupant"
"1742","2014131BS0244",2014-11-28,2014,"Nov",28,"07:25",7,25,"Friday","Slight",2,"Slight","Car occupant","Driver or rider","Male",31,"A","Single carriageway",30,NA,"Not a Pedestrian","Not a Pedestrian",438723,445898,"E01011706",2,"Not at junction or within 20 metres","Daylight","Raining no high winds","Wet or damp","Car occupant"
"1743","2014131BS0335",2014-11-28,2014,"Nov",28,"08:20",8,20,"Friday","Slight",1,"Slight","Pedestrian","Pedestrian","Male",15,"Unclassified","Single carriageway",30,NA,"In carriageway, crossing elsewhere","Crossing from offside - masked by  parked or stationary vehicle",418586,442905,"E01011280",1,"Not at junction or within 20 metres","Daylight","Fine no high winds","Dry","Pedestrian"
"1744","2014131BS1245",2014-11-28,2014,"Nov",28,"17:55",17,55,"Friday","Slight",2,"Slight","Car occupant","Driver or rider","Male",33,"A","Dual carriageway",40,"Unclassified","Not a Pedestrian","Not a Pedestrian",429568,430336,"E01011319",2,"T or staggered junction","Darkness - lights lit","Raining no high winds","Wet or damp","Car occupant"
"1745","2014131BS1772",2014-11-28,2014,"Nov",28,"20:55",20,55,"Friday","Serious",1,"Serious","Cyclist","Driver or rider","Male",41,"Unclassified","Single carriageway",30,NA,"Not a Pedestrian","Not a Pedestrian",433698,433463,"E01011622",2,"Not at junction or within 20 metres","Darkness - lighting unknown","Fine no high winds","Dry","Cyclist"