"","accident_index","date","year","month","day","time","time_hour","time_minute","day_of_week","accident_severity","number_of_casualties","casualty_severity","casualty_type","casualty_class","sex_of_casualty","age_of_casualty","first_road_class","road_type","speed_limit","second_road_class","pedestrian_location","pedestrian_movement","location_easting_osgr","location_northing_osgr","lsoa_of_accident_location","number_of_vehicles","junction_detail","light_conditions","weather_conditions","road_surface_conditions","cas_type"
"1908","2014131CO0793",2014-12-24,2014,"Dec",24,"13:45",13,45,"Wednesday","Serious",1,"Serious","Pedestrian","Pedestrian","Female",79,"Unclassified","Single carriageway",30,"Unclassified","In carriageway, crossing elsewhere","Crossing from driver's offside",441270,431106,"E01011300",1,"T or staggered junction","Daylight","Fine no high winds","Dry","Pedestrian"
"1909","2014131CO0919",2014-12-24,2014,"Dec",24,"16:07",16,7,"Wednesday","Slight",1,"Slight","Pedestrian","Pedestrian","Female",25,"Unclassified","Single carriageway",30,"Unclassified","Crossing on pedestrian crossing facility","Crossing from driver's offside",430267,433754,"E01033010",1,"Crossroads","Darkness - lights lit","Fine no high winds","Dry","Pedestrian"
"1910","2014132130577",2014-12-25,2014,"Dec",25,"08:30",8,30,"Thursday","Slight",1,"Slight","Taxi/Private hire car occupant","Passenger","Male",71,"Unclassified","Single carriageway",30,NA,"Not a Pedestrian","Not a Pedestrian",426119,426906,"E01011545",1,"Not at junction or within 20 metres","Daylight","Fine no high winds","Dry","Car occupant"
"1911","2014131CQ0124",2014-12-26,2014,"Dec",26,"01:50",1,50,"Friday","Slight",2,"Slight","Van / Goods vehicle (3.5 tonnes mgw or under) occupant","Driver or rider","Male",34,"A","Single carriageway",30,"B","Not a Pedestrian","Not a Pedestrian",431968,435819,"E01011428",2,"Crossroads","Darkness - lights lit","Fine no high winds","Dry","Bus and goods vehicle occupant"
"1912","2014131CQ0293",2014-12-26,2014,"Dec",26,"07:45",7,45,"Friday","Slight",1,"Slight","Car occupant","Driver or rider","Female",23,"Motorway","Dual carriageway",70,NA,"Not a Pedestrian","Not a Pedestrian",434120,429958,"E01011639",1,"Not at junction or within 20 metres","Daylight","Fine no high winds","Wet or damp","Car occupant"
"1913","2014131CQ0518",2014-12-26,2014,"Dec",26,"11:00",11,0,"Friday","Slight",1,"Slight","Car occupant","Driver or rider","Female",33,"A","Single carriageway",30,"B","Not a Pedestrian","Not a Pedestrian",425680,426870,"E01011546",2,"T or staggered junction","Daylight","Fine no high winds","Dry","Car occupant"
"1914","2014131CQ0491",2014-12-26,2014,"Dec",26,"11:50",11,50,"Friday","Serious",1,"Serious","Motorcycle over 500cc rider or passenger","Driver or rider","Male",29,"A","Single carriageway",40,"Unclassified","Not a Pedestrian","Not a Pedestrian",433654,438995,"E01011649",2,"Private drive or entrance","Daylight","Fine no high winds","Wet or damp","Motorcyclist and pillion"
"1915","2014131CQ0820",2014-12-26,2014,"Dec",26,"16:45",16,45,"Friday","Slight",2,"Slight","Car occupant","Driver or rider","Female",19,"A","Single carriageway",60,NA,"Not a Pedestrian","Not a Pedestrian",440675,447730,"E01011704",2,"Not at junction or within 20 metres","Darkness - lights lit","Raining no high winds","Wet or damp","Car occupant"
"1916","2014131CQ0911",2014-12-26,2014,"Dec",26,"17:50",17,50,"Friday","Slight",1,"Slight","Car occupant","Passenger","Female",17,"Unclassified","Roundabout",30,"Unclassified","Not a Pedestrian","Not a Pedestrian",427956,429368,"E01011524",2,"Mini-roundabout","Darkness - lights lit","Fine no high winds","Dry","Car occupant"
"1917","2014131CQ0917",2014-12-26,2014,"Dec",26,"17:54",17,54,"Friday","Fatal",1,"Fatal","Pedestrian","Pedestrian","Male",63,"Unclassified","Single carriageway",30,"Unclassified","Unknown or other","Unknown or other",429965,427061,"E01011492",1,"Other junction","Darkness - lights lit","Raining no high winds","Wet or damp","Pedestrian"
"1918","2014131CQ0968",2014-12-26,2014,"Dec",26,"18:30",18,30,"Friday","Slight",1,"Slight","Cyclist","Driver or rider","Male",44,"B","One way street",30,"Unclassified","Not a Pedestrian","Not a Pedestrian",420220,445622,"E01011569",2,"T or staggered junction","Darkness - lights lit","Snowing no high winds","Snow","Cyclist"
"1919","2014131CQ1060",2014-12-26,2014,"Dec",26,"19:30",19,30,"Friday","Slight",1,"Slight","Taxi/Private hire car occupant","Driver or rider","Male",30,"Unclassified","Single carriageway",30,"Unclassified","Not a Pedestrian","Not a Pedestrian",425680,426869,"E01011546",2,"T or staggered junction","Darkness - lights lit","Snowing no high winds","Wet or damp","Car occupant"
"1920","2014130222955",2014-12-26,2014,"Dec",26,"21:58",21,58,"Friday","Slight",1,"Slight","Car occupant","Driver or rider","Male",23,"A(M)","Dual carriageway",70,NA,"Not a Pedestrian","Not a Pedestrian",443107,440721,"E01011712",1,"Not at junction or within 20 metres","Darkness - no lighting","Snowing no high winds","Snow","Car occupant"
"1921","20141321D1298",2014-12-27,2014,"Dec",27,"00:50",0,50,"Saturday","Slight",1,"Slight","Pedestrian","Pedestrian","Male",23,"Unclassified","Single carriageway",30,NA,"In carriageway, crossing elsewhere","Crossing from driver's offside",430261,431186,"E01011374",1,"Not at junction or within 20 metres","Darkness - lighting unknown","Fine no high winds","Dry","Pedestrian"
"1922","2014131CR0161",2014-12-27,2014,"Dec",27,"01:25",1,25,"Saturday","Slight",1,"Slight","Pedestrian","Pedestrian","Female",27,"Unclassified","Single carriageway",30,NA,"In carriageway, not crossing","Unknown or other",424124,435026,"E01011331",1,"Not at junction or within 20 metres","Darkness - lights lit","Fine no high winds","Dry","Pedestrian"
"1923","2014131CR1338",2014-12-27,2014,"Dec",27,"19:50",19,50,"Saturday","Slight",1,"Slight","Car occupant","Passenger","Male",2,"Unclassified","Single carriageway",20,"Unclassified","Not a Pedestrian","Not a Pedestrian",432563,435023,"E01011432",2,"T or staggered junction","Darkness - lights lit","Fine no high winds","Wet or damp","Car occupant"
"1924","2014131CR1342",2014-12-27,2014,"Dec",27,"19:55",19,55,"Saturday","Slight",2,"Slight","Car occupant","Driver or rider","Female",20,"A","Single carriageway",30,"Unclassified","Not a Pedestrian","Not a Pedestrian",417978,442773,"E01011266",2,"Private drive or entrance","Darkness - lights lit","Raining no high winds","Frost or ice","Car occupant"
"1925","2014131CR1601",2014-12-27,2014,"Dec",27,"23:30",23,30,"Saturday","Serious",2,"Serious","Car occupant","Driver or rider","Male",16,"Unclassified","Single carriageway",30,"Unclassified","Not a Pedestrian","Not a Pedestrian",432007,434490,"E01011349",2,"T or staggered junction","Darkness - lights lit","Fine no high winds","Wet or damp","Car occupant"
"1926","2014131CS0418",2014-12-28,2014,"Dec",28,"09:55",9,55,"Sunday","Slight",1,"Slight","Car occupant","Driver or rider","Male",45,"Unclassified","Single carriageway",60,NA,"Not a Pedestrian","Not a Pedestrian",440330,435697,"E01011296",1,"Not at junction or within 20 metres","Daylight","Fine no high winds","Frost or ice","Car occupant"
"1927","2014131CS0430",2014-12-28,2014,"Dec",28,"10:05",10,5,"Sunday","Slight",1,"Slight","Car occupant","Driver or rider","Female",22,"A","Dual carriageway",70,"Unclassified","Not a Pedestrian","Not a Pedestrian",421208,434125,"E01011599",1,"Slip road","Daylight","Fine no high winds","Frost or ice","Car occupant"
"1928","2014131CS0477",2014-12-28,2014,"Dec",28,"10:55",10,55,"Sunday","Slight",1,"Slight","Car occupant","Driver or rider","Female",74,"A","Single carriageway",40,NA,"Not a Pedestrian","Not a Pedestrian",435574,440137,"E01011311",1,"Not at junction or within 20 metres","Daylight","Fine no high winds","Frost or ice","Car occupant"
"1929","2014131CS0465",2014-12-28,2014,"Dec",28,"11:18",11,18,"Sunday","Serious",1,"Serious","Pedestrian","Pedestrian","Male",86,"Unclassified","Single carriageway",30,"A","Crossing elsewhere within 50m. of pedestrian crossing","Crossing from driver's offside",429018,429439,"E01011322",1,"More than 4 arms (not roundabout)","Daylight","Fine no high winds","Dry","Pedestrian"
"1930","2014131CT1319",2014-12-29,2014,"Dec",29,"20:25",20,25,"Monday","Slight",1,"Slight","Car occupant","Driver or rider","Male",28,"B","Single carriageway",30,"Unclassified","Not a Pedestrian","Not a Pedestrian",425800,428414,"E01011532",2,"T or staggered junction","Darkness - lights lit","Fine no high winds","Wet or damp","Car occupant"
"1931","2014131CT0467",2014-12-30,2014,"Dec",30,"11:54",11,54,"Tuesday","Slight",3,"Slight","Car occupant","Driver or rider","Male",55,"A","Single carriageway",30,"Unclassified","Not a Pedestrian","Not a Pedestrian",426865,437535,"E01011685",2,"T or staggered junction","Daylight","Fine no high winds","Wet or damp","Car occupant"
"1932","2014131CU0553",2014-12-30,2014,"Dec",30,"13:35",13,35,"Tuesday","Slight",1,"Slight","Pedestrian","Pedestrian","Female",73,"Unclassified","Single carriageway",20,NA,"In carriageway, crossing elsewhere","Crossing from driver's offside",421674,434229,"E01011587",1,"Not at junction or within 20 metres","Daylight","Fine no high winds","Wet or damp","Pedestrian"
"1933","2014131CU0802",2014-12-30,2014,"Dec",30,"15:54",15,54,"Tuesday","Slight",1,"Slight","Car occupant","Driver or rider","Female",55,"Unclassified","Single carriageway",20,"Unclassified","Not a Pedestrian","Not a Pedestrian",429119,430977,"E01011314",2,"T or staggered junction","Daylight","Fine no high winds","Wet or damp","Car occupant"
"1934","2014131CV0080",2014-12-31,2014,"Dec",31,"01:53",1,53,"Wednesday","Serious",1,"Serious","Pedestrian","Pedestrian","Male",19,"Unclassified","Single carriageway",30,"Unclassified","In carriageway, not crossing","In carriageway, stationary - not crossing  (standing or playing)",428839,433995,"E01011678",1,"T or staggered junction","Darkness - lights lit","Fine no high winds","Wet or damp","Pedestrian"
"1935","2014131CV0542",2014-12-31,2014,"Dec",31,"13:10",13,10,"Wednesday","Slight",1,"Slight","Car occupant","Passenger","Female",15,"Unclassified","Dual carriageway",40,NA,"Not a Pedestrian","Not a Pedestrian",436092,434785,"E01011345",2,"Not at junction or within 20 metres","Daylight","Fine no high winds","Wet or damp","Car occupant"
"1936","2015132110145",2015-01-01,2015,"Jan",1,"00:35",0,35,"Thursday","Serious",3,"Slight","Car occupant","Driver or rider","Male",26,"A","Dual carriageway",30,"A","Not a Pedestrian","Not a Pedestrian",430902,432293,"E01033018",2,"Crossroads","Darkness - lights lit","Fine no high winds","Wet or damp","Car occupant"
"1937","2015132111055",2015-01-01,2015,"Jan",1,"10:45",10,45,"Thursday","Slight",1,"Slight","Car occupant","Driver or rider","Male",60,"A","Single carriageway",40,"A","Not a Pedestrian","Not a Pedestrian",431254,445733,"E01011561",2,"T or staggered junction","Daylight","Fine no high winds","Dry","Car occupant"
"1938","2015132111114",2015-01-01,2015,"Jan",1,"11:30",11,30,"Thursday","Slight",1,"Slight","Taxi/Private hire car occupant","Driver or rider","Male",48,"Unclassified","Dual carriageway",30,NA,"Not a Pedestrian","Not a Pedestrian",435245,428899,"E01011627",2,"Not at junction or within 20 metres","Daylight","Fine no high winds","Dry","Car occupant"
"1939","2015132111672",2015-01-01,2015,"Jan",1,"17:50",17,50,"Thursday","Serious",1,"Serious","Car occupant","Driver or rider","Male",67,"A","Dual carriageway",40,NA,"Not a Pedestrian","Not a Pedestrian",428479,433311,"E01011363",1,"Not at junction or within 20 metres","Darkness - lights lit","Fine + high winds","Wet or damp","Car occupant"
"1940","2015132120569",2015-01-02,2015,"Jan",2,"12:54",12,54,"Friday","Serious",1,"Serious","Pedestrian","Pedestrian","Female",73,"A","Single carriageway",40,NA,"In carriageway, crossing elsewhere","Crossing from driver's nearside",425692,426859,"E01011546",1,"Not at junction or within 20 metres","Daylight","Fine no high winds","Dry","Pedestrian"
"1941","2015132120802",2015-01-02,2015,"Jan",2,"15:10",15,10,"Friday","Slight",1,"Slight","Car occupant","Passenger","Female",79,"Unclassified","Single carriageway",30,NA,"Not a Pedestrian","Not a Pedestrian",430096,437925,"E01011506",3,"Not at junction or within 20 metres","Daylight","Fine + high winds","Dry","Car occupant"
"1942","2015132121559",2015-01-02,2015,"Jan",2,"22:39",22,39,"Friday","Slight",1,"Slight","Pedestrian","Pedestrian","Female",23,"Unclassified","Single carriageway",30,NA,"Crossing on pedestrian crossing facility","Crossing from driver's nearside",431729,434573,"E01011677",1,"Not at junction or within 20 metres","Darkness - lights lit","Fine no high winds","Wet or damp","Pedestrian"
"1943","2015132130207",2015-01-03,2015,"Jan",3,"04:10",4,10,"Saturday","Slight",1,"Slight","Pedestrian","Pedestrian","Female",31,"Unclassified","Single carriageway",30,NA,"On footway or verge","Unknown or other",430334,433342,"E01033011",1,"Not at junction or within 20 metres","Darkness - lights lit","Fine no high winds","Wet or damp","Pedestrian"
"1944","2015132130447",2015-01-03,2015,"Jan",3,"11:30",11,30,"Saturday","Slight",1,"Slight","Car occupant","Driver or rider","Male",80,"Unclassified","Single carriageway",30,"Unclassified","Not a Pedestrian","Not a Pedestrian",431483,435012,"E01011673",2,"Crossroads","Daylight","Raining no high winds","Wet or damp","Car occupant"
"1945","2015132130502",2015-01-03,2015,"Jan",3,"12:10",12,10,"Saturday","Serious",1,"Serious","Car occupant","Driver or rider","Female",46,"Unclassified","Dual carriageway",30,"Unclassified","Not a Pedestrian","Not a Pedestrian",431002,430603,"E01011471",2,"T or staggered junction","Daylight","Fine no high winds","Dry","Car occupant"
"1946","2015132130549",2015-01-03,2015,"Jan",3,"12:50",12,50,"Saturday","Slight",4,"Slight","Car occupant","Driver or rider","Female",25,"Unclassified","Single carriageway",30,"Unclassified","Not a Pedestrian","Not a Pedestrian",431618,436143,"E01011359",2,"T or staggered junction","Daylight","Fine no high winds","Wet or damp","Car occupant"
"1947","2015132140617",2015-01-04,2015,"Jan",4,"12:21",12,21,"Sunday","Slight",1,"Slight","Pedestrian","Pedestrian","Male",35,"A","Single carriageway",30,NA,"In carriageway, crossing elsewhere","Crossing from driver's nearside",427393,433660,"E01011293",1,"Not at junction or within 20 metres","Daylight","Fine no high winds","Dry","Pedestrian"
"1948","2015132140799",2015-01-04,2015,"Jan",4,"14:38",14,38,"Sunday","Slight",1,"Slight","Car occupant","Driver or rider","Female",33,"Unclassified","Single carriageway",30,"Unclassified","Not a Pedestrian","Not a Pedestrian",433530,436008,"E01011421",2,"T or staggered junction","Daylight","Fine no high winds","Wet or damp","Car occupant"
"1949","2015132141182",2015-01-04,2015,"Jan",4,"18:50",18,50,"Sunday","Slight",2,"Slight","Car occupant","Passenger","Female",33,"Unclassified","Dual carriageway",30,"A","Not a Pedestrian","Not a Pedestrian",431248,433688,"E01011338",2,"Crossroads","Daylight","Fine no high winds","Frost or ice","Car occupant"
"1950","2015132150173",2015-01-05,2015,"Jan",5,"07:45",7,45,"Monday","Slight",1,"Slight","Car occupant","Passenger","Female",29,"Motorway","Dual carriageway",50,NA,"Not a Pedestrian","Not a Pedestrian",430157,432022,"E01011364",3,"Not at junction or within 20 metres","Daylight","Fine no high winds","Wet or damp","Car occupant"
"1951","2015132150343",2015-01-05,2015,"Jan",5,"09:55",9,55,"Monday","Slight",1,"Slight","Cyclist","Driver or rider","Female",63,"Unclassified","Single carriageway",30,NA,"Not a Pedestrian","Not a Pedestrian",435555,434799,"E01011343",2,"Not at junction or within 20 metres","Daylight","Fine no high winds","Dry","Cyclist"
"1952","2015132150861",2015-01-05,2015,"Jan",5,"15:30",15,30,"Monday","Slight",1,"Slight","Pedestrian","Pedestrian","Male",15,"Unclassified","Single carriageway",30,"A","Crossing elsewhere within 50m. of pedestrian crossing","Crossing from nearside - masked by parked or stationary vehicle",429827,438866,"E01011510",1,"Roundabout","Daylight","Fine no high winds","Wet or damp","Pedestrian"
"1953","2015132150935",2015-01-05,2015,"Jan",5,"16:10",16,10,"Monday","Fatal",1,"Fatal","Cyclist","Driver or rider","Male",47,"A","Dual carriageway",40,NA,"Not a Pedestrian","Not a Pedestrian",427750,426259,"E01011550",2,"Not at junction or within 20 metres","Darkness - lights lit","Fine no high winds","Wet or damp","Cyclist"
"1954","2015132151182",2015-01-05,2015,"Jan",5,"16:30",16,30,"Monday","Slight",1,"Slight","Pedestrian","Pedestrian","Female",19,"Unclassified","Single carriageway",30,NA,"Crossing on pedestrian crossing facility","Crossing from driver's nearside",429913,428087,"E01011494",1,"Not at junction or within 20 metres","Darkness - lights lit","Fine no high winds","Wet or damp","Pedestrian"
"1955","2015132151027",2015-01-05,2015,"Jan",5,"17:14",17,14,"Monday","Slight",1,"Slight","Car occupant","Passenger","Male",21,"A","Dual carriageway",40,NA,"Not a Pedestrian","Not a Pedestrian",428705,433170,"E01033013",2,"Not at junction or within 20 metres","Darkness - lights lit","Fine no high winds","Dry","Car occupant"
"1956","2015132160649",2015-01-06,2015,"Jan",6,"14:20",14,20,"Tuesday","Slight",1,"Slight","Motorcycle over 500cc rider or passenger","Driver or rider","Male",68,"Unclassified","Roundabout",30,"Unclassified","Not a Pedestrian","Not a Pedestrian",445389,446783,"E01011697",1,"Roundabout","Daylight","Fine + high winds","Wet or damp","Motorcyclist and pillion"
"1957","2015132160771",2015-01-06,2015,"Jan",6,"14:30",14,30,"Tuesday","Slight",1,"Slight","Car occupant","Passenger","Female",72,"Unclassified","Single carriageway",30,"Unclassified","Not a Pedestrian","Not a Pedestrian",436560,435996,"E01011723",3,"Private drive or entrance","Daylight","Fine no high winds","Dry","Car occupant"
"1958","2015132161029",2015-01-06,2015,"Jan",6,"17:40",17,40,"Tuesday","Serious",1,"Serious","Motorcycle 125cc and under rider or passenger","Driver or rider","Male",27,"Unclassified","Single carriageway",30,"Unclassified","Not a Pedestrian","Not a Pedestrian",429491,432913,"E01033015",2,"T or staggered junction","Darkness - lights lit","Fine no high winds","Wet or damp","Motorcyclist and pillion"
"1959","2015132160936",2015-01-06,2015,"Jan",6,"17:59",17,59,"Tuesday","Serious",1,"Serious","Pedestrian","Pedestrian","Male",38,"Motorway","Dual carriageway",50,NA,"In carriageway, crossing elsewhere","Crossing from driver's nearside",429174,431862,"E01011368",2,"Not at junction or within 20 metres","Daylight","Fine no high winds","Wet or damp","Pedestrian"
"1960","2015132161502",2015-01-06,2015,"Jan",6,"23:47",23,47,"Tuesday","Slight",2,"Slight","Car occupant","Driver or rider","Female",43,"Unclassified","Single carriageway",60,NA,"Not a Pedestrian","Not a Pedestrian",422652,440059,"E01011580",1,"Not at junction or within 20 metres","Darkness - no lighting","Fine no high winds","Wet or damp","Car occupant"
"1961","2015132180398",2015-01-07,2015,"Jan",7,"15:00",15,0,"Wednesday","Serious",1,"Serious","Pedestrian","Pedestrian","Female",22,"Unclassified","Single carriageway",30,"Unclassified","Crossing on pedestrian crossing facility","Crossing from driver's offside",429361,439562,"E01011567",1,"T or staggered junction","Daylight","Fine no high winds","Dry","Pedestrian"
"1962","2015132171061",2015-01-07,2015,"Jan",7,"17:39",17,39,"Wednesday","Slight",1,"Slight","Pedestrian","Pedestrian","Female",45,"Unclassified","Single carriageway",30,"Unclassified","In carriageway, crossing elsewhere","Crossing from driver's offside",432832,435205,"E01011431",1,"T or staggered junction","Darkness - lights lit","Raining no high winds","Wet or damp","Pedestrian"
"1963","2015132180457",2015-01-08,2015,"Jan",8,"11:15",11,15,"Thursday","Serious",1,"Serious","Pedestrian","Pedestrian","Male",63,"Unclassified","Single carriageway",30,NA,"In carriageway, crossing elsewhere","Crossing from driver's offside",426536,427737,"E01011541",1,"Not at junction or within 20 metres","Daylight","Fine no high winds","Wet or damp","Pedestrian"
"1964","2015132180711",2015-01-08,2015,"Jan",8,"14:16",14,16,"Thursday","Serious",1,"Serious","Pedestrian","Pedestrian","Male",89,"Unclassified","Single carriageway",30,"Unclassified","In carriageway, crossing elsewhere","Crossing from driver's nearside",426456,427823,"E01011541",1,"Crossroads","Daylight","Fine no high winds","Dry","Pedestrian"
"1965","2015132180987",2015-01-08,2015,"Jan",8,"16:59",16,59,"Thursday","Slight",1,"Slight","Motorcycle 125cc and under rider or passenger","Driver or rider","Male",22,"Unclassified","Single carriageway",30,"Unclassified","Not a Pedestrian","Not a Pedestrian",430019,435534,"E01011670",2,"T or staggered junction","Darkness - lights lit","Fine no high winds","Dry","Motorcyclist and pillion"
"1966","2015132181029",2015-01-08,2015,"Jan",8,"17:15",17,15,"Thursday","Slight",1,"Slight","Car occupant","Driver or rider","Male",23,"A","Single carriageway",30,"A","Not a Pedestrian","Not a Pedestrian",436361,428354,"E01011635",2,"Other junction","Darkness - lights lit","Fine no high winds","Dry","Car occupant"
"1967","2015132190196",2015-01-09,2015,"Jan",9,"06:55",6,55,"Friday","Slight",1,"Slight","Van / Goods vehicle (3.5 tonnes mgw or under) occupant","Driver or rider","Male",48,"A","Single carriageway",30,"Unclassified","Not a Pedestrian","Not a Pedestrian",430795,434511,"E01033003",2,"T or staggered junction","Darkness - lights lit","Fine + high winds","Wet or damp","Bus and goods vehicle occupant"
"1968","2015132190220",2015-01-09,2015,"Jan",9,"07:37",7,37,"Friday","Slight",1,"Slight","Pedestrian","Pedestrian","Male",58,"Unclassified","Single carriageway",30,"Unclassified","In carriageway, crossing elsewhere","Crossing from driver's offside",427316,433304,"E01011293",1,"T or staggered junction","Daylight","Fine no high winds","Dry","Pedestrian"
"1969","2015132190482",2015-01-09,2015,"Jan",9,"11:10",11,10,"Friday","Slight",1,"Slight","Pedestrian","Pedestrian","Male",40,"Unclassified","Single carriageway",30,NA,"Crossing on pedestrian crossing facility","Crossing from driver's nearside",432523,434725,"E01011344",1,"Not at junction or within 20 metres","Daylight","Fine no high winds","Dry","Pedestrian"
"1970","2015132190879",2015-01-09,2015,"Jan",9,"15:24",15,24,"Friday","Slight",1,"Slight","Car occupant","Driver or rider","Male",23,"A","Dual carriageway",30,NA,"Not a Pedestrian","Not a Pedestrian",431313,431725,"E01011467",2,"Not at junction or within 20 metres","Daylight","Raining no high winds","Wet or damp","Car occupant"
"1971","2015132190930",2015-01-09,2015,"Jan",9,"15:39",15,39,"Friday","Slight",1,"Slight","Car occupant","Passenger","Female",19,"A","Dual carriageway",40,"Unclassified","Not a Pedestrian","Not a Pedestrian",435093,434736,"E01011343",2,"T or staggered junction","Daylight","Fine no high winds","Dry","Car occupant"
"1972","2015132191539",2015-01-09,2015,"Jan",9,"15:39",15,39,"Friday","Slight",1,"Slight","Car occupant","Passenger","Female",19,"A","Dual carriageway",40,"Unclassified","Not a Pedestrian","Not a Pedestrian",435093,434736,"E01011343",2,"T or staggered junction","Daylight","Fine no high winds","Dry","Car occupant"
"1973","20151321A0948",2015-01-09,2015,"Jan",9,"18:00",18,0,"Friday","Slight",1,"Slight","Pedestrian","Pedestrian","Male",34,"Unclassified","Single carriageway",30,"Unclassified","In carriageway, crossing elsewhere","Crossing from driver's nearside",431560,435565,"E01011426",1,"T or staggered junction","Darkness - lights lit","Fine + high winds","Wet or damp","Pedestrian"
"1974","20151319C0493",2015-01-09,2015,"Jan",9,"18:55",18,55,"Friday","Slight",2,"Slight","Car occupant","Driver or rider","Male",24,"B","Single carriageway",60,"A","Not a Pedestrian","Not a Pedestrian",445949,431172,"E01011299",2,"Slip road","Darkness - no lighting","Fine + high winds","Wet or damp","Car occupant"
"1975","2015132191437",2015-01-09,2015,"Jan",9,"20:10",20,10,"Friday","Slight",4,"Slight","Car occupant","Driver or rider","Male",18,"Unclassified","Single carriageway",30,"Unclassified","Not a Pedestrian","Not a Pedestrian",432225,440327,"E01011562",2,"T or staggered junction","Darkness - lights lit","Fine no high winds","Dry","Car occupant"
"1976","20151321A0339",2015-01-10,2015,"Jan",10,"08:20",8,20,"Saturday","Fatal",1,"Fatal","Pedestrian","Pedestrian","Male",61,"A","Dual carriageway",30,NA,"Crossing elsewhere within 50m. of pedestrian crossing","Crossing from driver's nearside",428076,434307,"E01011481",1,"Not at junction or within 20 metres","Daylight","Fine + high winds","Wet or damp","Pedestrian"
"1977","20151321A0461",2015-01-10,2015,"Jan",10,"10:11",10,11,"Saturday","Serious",1,"Serious","Motorcycle 50cc and under rider or passenger","Driver or rider","Male",18,"Unclassified","Single carriageway",30,"Unclassified","Not a Pedestrian","Not a Pedestrian",431207,426172,"E01011499",2,"T or staggered junction","Daylight","Fine no high winds","Dry","Motorcyclist and pillion"
"1978","20151321A0598",2015-01-10,2015,"Jan",10,"11:30",11,30,"Saturday","Slight",1,"Slight","Pedestrian","Pedestrian","Female",30,"A","Single carriageway",30,NA,"On footway or verge","Unknown or other",427691,434484,"E01011483",1,"Not at junction or within 20 metres","Daylight","Fine + high winds","Dry","Pedestrian"
"1979","20151321A0981",2015-01-10,2015,"Jan",10,"15:41",15,41,"Saturday","Slight",2,"Slight","Car occupant","Driver or rider","Male",34,"Unclassified","Single carriageway",30,"Unclassified","Not a Pedestrian","Not a Pedestrian",429617,430944,"E01011312",2,"T or staggered junction","Daylight","Raining + high winds","Wet or damp","Car occupant"
"1980","20151321A1007",2015-01-10,2015,"Jan",10,"15:58",15,58,"Saturday","Slight",1,"Slight","Pedestrian","Pedestrian","Female",83,"Unclassified","Single carriageway",30,NA,"In carriageway, crossing elsewhere","Unknown or other",431648,437772,"E01011654",1,"Not at junction or within 20 metres","Darkness - lights lit","Fine + high winds","Dry","Pedestrian"
"1981","20151321A1016",2015-01-10,2015,"Jan",10,"16:05",16,5,"Saturday","Slight",1,"Slight","Car occupant","Passenger","Female",67,"A","Roundabout",70,"Unclassified","Not a Pedestrian","Not a Pedestrian",428587,427737,"E01011538",2,"Roundabout","Daylight","Fine no high winds","Dry","Car occupant"
"1982","20151321A1483",2015-01-10,2015,"Jan",10,"21:54",21,54,"Saturday","Slight",2,"Slight","Car occupant","Driver or rider","Female",54,"A","Single carriageway",30,"Unclassified","Not a Pedestrian","Not a Pedestrian",429305,435031,"E01033005",2,"T or staggered junction","Darkness - lights lit","Raining + high winds","Wet or damp","Car occupant"
"1983","20151321B1069",2015-01-11,2015,"Jan",11,"18:17",18,17,"Sunday","Slight",1,"Slight","Pedestrian","Pedestrian","Female",29,"Unclassified","Unknown",30,NA,"On footway or verge","Unknown or other",437065,436141,"E01011722",1,"Not at junction or within 20 metres","Darkness - lights lit","Fine no high winds","Dry","Pedestrian"
"1984","20151321C0035",2015-01-11,2015,"Jan",11,"18:30",18,30,"Sunday","Slight",2,"Slight","Car occupant","Driver or rider","Male",27,"Unclassified","Single carriageway",30,"A","Not a Pedestrian","Not a Pedestrian",428981,433532,"E01011363",2,"T or staggered junction","Darkness - lights lit","Fine + high winds","Wet or damp","Car occupant"
"1985","20151321C0228",2015-01-12,2015,"Jan",12,"07:45",7,45,"Monday","Slight",1,"Slight","Pedestrian","Pedestrian","Male",11,"A","Single carriageway",30,"Unclassified","Crossing elsewhere within 50m. of pedestrian crossing","Crossing from driver's offside",438495,430408,"E01011390",1,"Other junction","Daylight","Fine no high winds","Wet or damp","Pedestrian"
"1986","20151321C0347",2015-01-12,2015,"Jan",12,"09:30",9,30,"Monday","Slight",1,"Slight","Car occupant","Driver or rider","Male",21,"A","Single carriageway",30,NA,"Not a Pedestrian","Not a Pedestrian",436516,428540,"E01011635",2,"Not at junction or within 20 metres","Daylight","Fine no high winds","Dry","Car occupant"
"1987","20151321C0369",2015-01-12,2015,"Jan",12,"09:44",9,44,"Monday","Slight",1,"Slight","Car occupant","Driver or rider","Male",46,"A","Single carriageway",60,NA,"Not a Pedestrian","Not a Pedestrian",422964,437587,"E01011452",3,"Not at junction or within 20 metres","Daylight","Raining no high winds","Wet or damp","Car occupant"
"1988","20151321C0757",2015-01-12,2015,"Jan",12,"13:54",13,54,"Monday","Slight",1,"Slight","Cyclist","Driver or rider","Female",57,"Unclassified","Single carriageway",30,"Unclassified","Not a Pedestrian","Not a Pedestrian",428841,433989,"E01011678",2,"T or staggered junction","Daylight","Fine no high winds","Dry","Cyclist"