"","accident_index","date","year","month","day","time","time_hour","time_minute","day_of_week","accident_severity","number_of_casualties","casualty_severity","casualty_type","casualty_class","sex_of_casualty","age_of_casualty","first_road_class","road_type","speed_limit","second_road_class","pedestrian_location","pedestrian_movement","location_easting_osgr","location_northing_osgr","lsoa_of_accident_location","number_of_vehicles","junction_detail","light_conditions","weather_conditions","road_surface_conditions","cas_type"
"2154","20151322F1487",2015-02-15,2015,"Feb",15,"16:54",16,54,"Sunday","Slight",1,"Slight","Bus or coach occupant (17 or more pass seats)","Passenger","Female",74,"Unclassified","Single carriageway",20,NA,"Not a Pedestrian","Not a Pedestrian",430738,433521,"E01033011",1,"Not at junction or within 20 metres","Daylight","Fine no high winds","Dry","Bus and goods vehicle occupant"
"2155","20151322F1358",2015-02-15,2015,"Feb",15,"17:15",17,15,"Sunday","Slight",1,"Slight","Motorcycle 50cc and under rider or passenger","Driver or rider","Female",55,"Unclassified","Single carriageway",30,"Unclassified","Not a Pedestrian","Not a Pedestrian",422994,432841,"E01011601",3,"Crossroads","Daylight","Fine no high winds","Dry","Motorcyclist and pillion"
"2156","20151322F1605",2015-02-15,2015,"Feb",15,"22:45",22,45,"Sunday","Slight",1,"Slight","Car occupant","Driver or rider","Female",20,"Motorway","Dual carriageway",70,NA,"Not a Pedestrian","Not a Pedestrian",439069,433979,"E01011410",1,"Not at junction or within 20 metres","Darkness - no lighting","Fine no high winds","Dry","Car occupant"
"2157","20151322G0058",2015-02-16,2015,"Feb",16,"01:10",1,10,"Monday","Slight",3,"Slight","Car occupant","Driver or rider","Male",18,"A","Dual carriageway",70,NA,"Not a Pedestrian","Not a Pedestrian",427471,438609,"E01032876",1,"Not at junction or within 20 metres","Darkness - lights lit","Fine no high winds","Wet or damp","Car occupant"
"2158","20151322G0191",2015-02-16,2015,"Feb",16,"06:15",6,15,"Monday","Serious",1,"Serious","Car occupant","Driver or rider","Male",46,"A","Single carriageway",40,NA,"Not a Pedestrian","Not a Pedestrian",439502,426183,"E01011395",1,"Not at junction or within 20 metres","Darkness - lights lit","Raining no high winds","Wet or damp","Car occupant"
"2159","20151322H0163",2015-02-17,2015,"Feb",17,"06:35",6,35,"Tuesday","Slight",1,"Slight","Car occupant","Driver or rider","Male",62,"A","Dual carriageway",30,NA,"Not a Pedestrian","Not a Pedestrian",428750,431550,"E01011366",2,"Not at junction or within 20 metres","Daylight","Fine no high winds","Dry","Car occupant"
"2160","20151322H0208",2015-02-17,2015,"Feb",17,"08:15",8,15,"Tuesday","Slight",1,"Slight","Cyclist","Driver or rider","Female",29,"B","Single carriageway",40,NA,"Not a Pedestrian","Not a Pedestrian",425587,435781,"E01011324",2,"Not at junction or within 20 metres","Daylight","Fine no high winds","Wet or damp","Cyclist"
"2161","20151322H0629",2015-02-17,2015,"Feb",17,"13:13",13,13,"Tuesday","Slight",1,"Slight","Pedestrian","Pedestrian","Male",18,"Unclassified","Single carriageway",30,NA,"In carriageway, crossing elsewhere","Crossing from nearside - masked by parked or stationary vehicle",432374,434799,"E01011433",1,"Not at junction or within 20 metres","Daylight","Fine no high winds","Dry","Pedestrian"
"2162","20151322H0875",2015-02-17,2015,"Feb",17,"15:22",15,22,"Tuesday","Slight",1,"Slight","Car occupant","Driver or rider","Male",51,"Unclassified","Single carriageway",30,NA,"Not a Pedestrian","Not a Pedestrian",426495,427092,"E01011541",1,"Not at junction or within 20 metres","Daylight","Fine no high winds","Dry","Car occupant"
"2163","20151322H0501",2015-02-17,2015,"Feb",17,"19:05",19,5,"Tuesday","Slight",1,"Slight","Cyclist","Driver or rider","Male",29,"A","Single carriageway",30,NA,"Not a Pedestrian","Not a Pedestrian",424346,437171,"E01011453",2,"Not at junction or within 20 metres","Darkness - lights lit","Fine no high winds","Dry","Cyclist"
"2164","20151322H1540",2015-02-17,2015,"Feb",17,"20:48",20,48,"Tuesday","Serious",2,"Serious","Pedestrian","Pedestrian","Female",19,"Unclassified","Single carriageway",30,NA,"In carriageway, crossing elsewhere","Crossing from driver's offside",425061,435708,"E01011326",1,"Not at junction or within 20 metres","Darkness - lights lit","Fine no high winds","Dry","Pedestrian"
"2165","20151322I0232",2015-02-18,2015,"Feb",18,"08:36",8,36,"Wednesday","Slight",1,"Slight","Motorcycle 125cc and under rider or passenger","Driver or rider","Male",25,"A","Dual carriageway",40,NA,"Not a Pedestrian","Not a Pedestrian",428783,433276,"E01033013",1,"Not at junction or within 20 metres","Daylight","Fine no high winds","Wet or damp","Motorcyclist and pillion"
"2166","20151322I0340",2015-02-18,2015,"Feb",18,"10:15",10,15,"Wednesday","Slight",1,"Slight","Cyclist","Driver or rider","Female",19,"A","Single carriageway",30,"Unclassified","Not a Pedestrian","Not a Pedestrian",427328,437198,"E01011690",2,"T or staggered junction","Daylight","Fine no high winds","Dry","Cyclist"
"2167","20151322I0889",2015-02-18,2015,"Feb",18,"15:15",15,15,"Wednesday","Slight",1,"Slight","Car occupant","Driver or rider","Male",29,"A","Dual carriageway",30,NA,"Not a Pedestrian","Not a Pedestrian",430188,436207,"E01011358",2,"Not at junction or within 20 metres","Daylight","Fine no high winds","Dry","Car occupant"
"2168","20151322I0966",2015-02-18,2015,"Feb",18,"15:47",15,47,"Wednesday","Slight",2,"Slight","Car occupant","Driver or rider","Male",26,"Unclassified","Single carriageway",20,NA,"Not a Pedestrian","Not a Pedestrian",432264,434593,"E01011344",2,"Not at junction or within 20 metres","Daylight","Fine no high winds","Dry","Car occupant"
"2169","20151322I1714",2015-02-18,2015,"Feb",18,"16:20",16,20,"Wednesday","Slight",1,"Slight","Bus or coach occupant (17 or more pass seats)","Passenger","Female",82,"Unclassified","Single carriageway",30,NA,"Not a Pedestrian","Not a Pedestrian",430814,438329,"E01011512",1,"Not at junction or within 20 metres","Daylight","Fine no high winds","Dry","Bus and goods vehicle occupant"
"2170","20151322I1162",2015-02-18,2015,"Feb",18,"17:25",17,25,"Wednesday","Serious",7,"Serious","Car occupant","Driver or rider","Male",52,"Unclassified","Single carriageway",60,NA,"Not a Pedestrian","Not a Pedestrian",443370,433250,"E01011298",2,"Not at junction or within 20 metres","Darkness - no lighting","Fine no high winds","Wet or damp","Car occupant"
"2171","20151322J0348",2015-02-19,2015,"Feb",19,"09:25",9,25,"Thursday","Serious",1,"Serious","Van / Goods vehicle (3.5 tonnes mgw or under) occupant","Driver or rider","Male",51,"B","Single carriageway",30,NA,"Not a Pedestrian","Not a Pedestrian",421154,433254,"E01011613",1,"Not at junction or within 20 metres","Daylight","Fine no high winds","Dry","Bus and goods vehicle occupant"
"2172","20151322J0379",2015-02-19,2015,"Feb",19,"09:42",9,42,"Thursday","Slight",3,"Slight","Car occupant","Driver or rider","Male",40,"A","Dual carriageway",40,"Unclassified","Not a Pedestrian","Not a Pedestrian",432279,432587,"E01011625",3,"Crossroads","Daylight","Fine no high winds","Dry","Car occupant"
"2173","20151322J0565",2015-02-19,2015,"Feb",19,"12:04",12,4,"Thursday","Slight",1,"Slight","Car occupant","Driver or rider","Male",39,"A(M)","Dual carriageway",70,NA,"Not a Pedestrian","Not a Pedestrian",442162,443341,"E01011712",1,"Not at junction or within 20 metres","Daylight","Raining no high winds","Flood over 3cm. deep","Car occupant"
"2174","20151322J0743",2015-02-19,2015,"Feb",19,"14:13",14,13,"Thursday","Slight",1,"Slight","Pedestrian","Pedestrian","Female",48,"Unclassified","Roundabout",30,"Unclassified","In carriageway, crossing elsewhere","Crossing from nearside - masked by parked or stationary vehicle",424558,439518,"E01011382",1,"T or staggered junction","Daylight","Raining no high winds","Wet or damp","Pedestrian"
"2175","20151322K0007",2015-02-20,2015,"Feb",20,"00:03",0,3,"Friday","Serious",1,"Serious","Cyclist","Driver or rider","Female",25,"Unclassified","Single carriageway",30,"Unclassified","Not a Pedestrian","Not a Pedestrian",430022,435539,"E01011670",2,"T or staggered junction","Darkness - lights lit","Fine no high winds","Wet or damp","Cyclist"
"2176","20151322K0381",2015-02-20,2015,"Feb",20,"10:10",10,10,"Friday","Slight",2,"Slight","Car occupant","Driver or rider","Female",40,"A","Single carriageway",40,"Unclassified","Not a Pedestrian","Not a Pedestrian",425654,443018,"E01032504",2,"T or staggered junction","Daylight","Fine no high winds","Dry","Car occupant"
"2177","20151322L1198",2015-02-21,2015,"Feb",21,"08:50",8,50,"Saturday","Slight",1,"Slight","Cyclist","Driver or rider","Female",67,"Unclassified","Single carriageway",30,"Unclassified","Not a Pedestrian","Not a Pedestrian",431194,438140,"E01011516",2,"T or staggered junction","Daylight","Fine no high winds","Dry","Cyclist"
"2178","20151322L0805",2015-02-21,2015,"Feb",21,"14:11",14,11,"Saturday","Slight",1,"Slight","Pedestrian","Pedestrian","Female",45,"Unclassified","Single carriageway",30,NA,"On footway or verge","Unknown or other",421043,434601,"E01011599",1,"Not at junction or within 20 metres","Daylight","Fine no high winds","Dry","Pedestrian"
"2179","20151322L1303",2015-02-21,2015,"Feb",21,"19:23",19,23,"Saturday","Serious",1,"Serious","Pedestrian","Pedestrian","Male",53,"A","Single carriageway",30,"Unclassified","In carriageway, crossing elsewhere","Unknown or other",424220,435597,"E01011323",1,"T or staggered junction","Darkness - lights lit","Fine no high winds","Wet or damp","Pedestrian"
"2180","20151322L1564",2015-02-21,2015,"Feb",21,"22:05",22,5,"Saturday","Serious",1,"Serious","Car occupant","Driver or rider","Female",28,"Motorway","Dual carriageway",70,NA,"Not a Pedestrian","Not a Pedestrian",439750,434129,"E01011296",2,"Not at junction or within 20 metres","Darkness - no lighting","Fine no high winds","Dry","Car occupant"
"2181","20151322M0335",2015-02-22,2015,"Feb",22,"07:02",7,2,"Sunday","Slight",1,"Slight","Van / Goods vehicle (3.5 tonnes mgw or under) occupant","Driver or rider","Male",45,"Unclassified","Single carriageway",30,"A","Not a Pedestrian","Not a Pedestrian",423841,434266,"E01011608",2,"Crossroads","Daylight","Fine no high winds","Dry","Bus and goods vehicle occupant"
"2182","20151322M0577",2015-02-22,2015,"Feb",22,"11:53",11,53,"Sunday","Slight",1,"Slight","Pedestrian","Pedestrian","Male",78,"Unclassified","Single carriageway",30,NA,"In carriageway, crossing elsewhere","Unknown or other",440434,448154,"E01011704",1,"Not at junction or within 20 metres","Daylight","Fine no high winds","Dry","Pedestrian"
"2183","20151322M0972",2015-02-22,2015,"Feb",22,"16:46",16,46,"Sunday","Slight",2,"Slight","Car occupant","Driver or rider","Male",26,"A","Slip road",40,NA,"Not a Pedestrian","Not a Pedestrian",431860,430424,"E01011469",1,"Not at junction or within 20 metres","Daylight","Fine no high winds","Wet or damp","Car occupant"
"2184","20151322N1218",2015-02-23,2015,"Feb",23,"18:19",18,19,"Monday","Slight",1,"Slight","Pedestrian","Pedestrian","Male",44,"Unclassified","Single carriageway",30,NA,"Crossing on pedestrian crossing facility","Crossing from driver's nearside",428385,436496,"E01011693",1,"Not at junction or within 20 metres","Darkness - lights lit","Fine no high winds","Dry","Pedestrian"
"2185","20151322N1481",2015-02-23,2015,"Feb",23,"21:10",21,10,"Monday","Slight",4,"Slight","Car occupant","Driver or rider","Male",53,"A","Single carriageway",50,"Unclassified","Not a Pedestrian","Not a Pedestrian",422226,441980,"E01032503",2,"Other junction","Darkness - lights lit","Raining no high winds","Wet or damp","Car occupant"
"2186","20151322Q0596",2015-02-24,2015,"Feb",24,"08:45",8,45,"Tuesday","Slight",2,"Slight","Van / Goods vehicle (3.5 tonnes mgw or under) occupant","Driver or rider","Male",24,"A","Dual carriageway",40,"Unclassified","Not a Pedestrian","Not a Pedestrian",429805,438917,"E01011558",2,"Crossroads","Daylight","Fine no high winds","Dry","Bus and goods vehicle occupant"
"2187","20151322O0219",2015-02-24,2015,"Feb",24,"08:50",8,50,"Tuesday","Slight",4,"Slight","Minibus (8 - 16 passenger seats) occupant","Driver or rider","Female",50,"A","Single carriageway",60,NA,"Not a Pedestrian","Not a Pedestrian",437634,438085,"E01011715",3,"Not at junction or within 20 metres","Daylight","Fine no high winds","Wet or damp","Bus and goods vehicle occupant"
"2188","20151322O0220",2015-02-24,2015,"Feb",24,"08:53",8,53,"Tuesday","Slight",1,"Slight","Car occupant","Driver or rider","Male",28,"Unclassified","Single carriageway",30,NA,"Not a Pedestrian","Not a Pedestrian",429101,431733,"E01011366",2,"Not at junction or within 20 metres","Daylight","Fine no high winds","Dry","Car occupant"
"2189","20151322O0431",2015-02-24,2015,"Feb",24,"11:26",11,26,"Tuesday","Slight",1,"Slight","Car occupant","Driver or rider","Male",46,"Unclassified","Single carriageway",30,"Unclassified","Not a Pedestrian","Not a Pedestrian",431899,434893,"E01011677",2,"T or staggered junction","Daylight","Fine no high winds","Dry","Car occupant"
"2190","20151322O0940",2015-02-24,2015,"Feb",24,"17:15",17,15,"Tuesday","Slight",1,"Slight","Pedestrian","Pedestrian","Female",24,"A","Dual carriageway",30,NA,"In carriageway, crossing elsewhere","Crossing from driver's nearside",428460,432444,"E01011363",1,"Not at junction or within 20 metres","Daylight","Fine no high winds","Dry","Pedestrian"
"2191","20151322O2000",2015-02-24,2015,"Feb",24,"20:00",20,0,"Tuesday","Serious",1,"Serious","Goods vehicle (over 3.5t. and under 7.5t.) occupant","Driver or rider","Male",39,"A","Dual carriageway",40,"Unclassified","Not a Pedestrian","Not a Pedestrian",428107,426675,"E01011540",1,"T or staggered junction","Darkness - lights lit","Fine no high winds","Dry","Bus and goods vehicle occupant"
"2192","20151322P0838",2015-02-25,2015,"Feb",25,"08:35",8,35,"Wednesday","Slight",2,"Slight","Car occupant","Driver or rider","Female",27,"Unclassified","Single carriageway",30,"Unclassified","Not a Pedestrian","Not a Pedestrian",435055,428912,"E01011627",2,"T or staggered junction","Daylight","Fine no high winds","Dry","Car occupant"
"2193","20151322P0597",2015-02-25,2015,"Feb",25,"08:50",8,50,"Wednesday","Slight",1,"Slight","Bus or coach occupant (17 or more pass seats)","Passenger","Female",44,"Unclassified","Single carriageway",30,NA,"Not a Pedestrian","Not a Pedestrian",426250,431949,"E01011737",2,"Not at junction or within 20 metres","Daylight","Fine no high winds","Dry","Bus and goods vehicle occupant"
"2194","20151322P1334",2015-02-25,2015,"Feb",25,"19:20",19,20,"Wednesday","Slight",6,"Slight","Car occupant","Driver or rider","Male",21,"Unclassified","Single carriageway",30,"Unclassified","Not a Pedestrian","Not a Pedestrian",428097,434507,"E01011481",2,"Crossroads","Darkness - lights lit","Fine no high winds","Wet or damp","Car occupant"
"2195","20151322Q0226",2015-02-26,2015,"Feb",26,"07:40",7,40,"Thursday","Slight",2,"Slight","Car occupant","Driver or rider","Male",20,"A","Single carriageway",30,"Unclassified","Not a Pedestrian","Not a Pedestrian",424177,430454,"E01011728",2,"T or staggered junction","Daylight","Fine no high winds","Wet or damp","Car occupant"
"2196","20151322Q0270",2015-02-26,2015,"Feb",26,"08:36",8,36,"Thursday","Slight",1,"Slight","Cyclist","Driver or rider","Male",45,"A","Single carriageway",30,"Unclassified","Not a Pedestrian","Not a Pedestrian",427996,436017,"E01011440",2,"T or staggered junction","Daylight","Fine no high winds","Wet or damp","Cyclist"
"2197","20151322Q0461",2015-02-26,2015,"Feb",26,"11:07",11,7,"Thursday","Serious",1,"Serious","Pedestrian","Pedestrian","Male",20,"Unclassified","Single carriageway",30,NA,"On footway or verge","In carriageway, stationary - not crossing  (standing or playing)",429562,433444,"E01033008",1,"Not at junction or within 20 metres","Daylight","Fine no high winds","Wet or damp","Pedestrian"
"2198","20151322Q0937",2015-02-26,2015,"Feb",26,"16:10",16,10,"Thursday","Slight",5,"Slight","Car occupant","Driver or rider","Male",20,"A","Dual carriageway",60,NA,"Not a Pedestrian","Not a Pedestrian",423521,434343,"E01011337",7,"Not at junction or within 20 metres","Daylight","Fine no high winds","Dry","Car occupant"
"2199","20151322Q1166",2015-02-26,2015,"Feb",26,"18:10",18,10,"Thursday","Slight",1,"Slight","Car occupant","Passenger","Male",6,"Unclassified","Single carriageway",30,"Unclassified","Not a Pedestrian","Not a Pedestrian",426260,427860,"E01011533",2,"Other junction","Darkness - lights lit","Fine no high winds","Dry","Car occupant"
"2200","20151322Q1260",2015-02-26,2015,"Feb",26,"19:06",19,6,"Thursday","Slight",1,"Slight","Car occupant","Driver or rider","Male",35,"Unclassified","Single carriageway",30,"Unclassified","Not a Pedestrian","Not a Pedestrian",431980,435603,"E01011428",2,"T or staggered junction","Darkness - lights lit","Fine no high winds","Wet or damp","Car occupant"
"2201","20151322R0286",2015-02-27,2015,"Feb",27,"08:41",8,41,"Friday","Slight",3,"Slight","Car occupant","Driver or rider","Female",45,"Motorway","Dual carriageway",70,NA,"Not a Pedestrian","Not a Pedestrian",427897,431335,"E01011369",3,"Not at junction or within 20 metres","Daylight","Fine no high winds","Dry","Car occupant"
"2202","20151322R1506",2015-02-27,2015,"Feb",27,"20:15",20,15,"Friday","Slight",1,"Slight","Cyclist","Driver or rider","Male",48,"Unclassified","Single carriageway",30,"Unclassified","Not a Pedestrian","Not a Pedestrian",430124,435390,"E01011670",1,"T or staggered junction","Darkness - lights lit","Fine no high winds","Dry","Cyclist"
"2203","20151322R1697",2015-02-27,2015,"Feb",27,"22:25",22,25,"Friday","Slight",1,"Slight","Car occupant","Driver or rider","Male",40,"A","Dual carriageway",70,"A","Not a Pedestrian","Not a Pedestrian",422487,433980,"E01011610",1,"Slip road","Darkness - lights lit","Fine no high winds","Dry","Car occupant"
"2204","20151322S0252",2015-02-28,2015,"Feb",28,"03:22",3,22,"Saturday","Slight",1,"Slight","Pedestrian","Pedestrian","Male",20,"Unclassified","Single carriageway",30,NA,"In carriageway, crossing elsewhere","Crossing from offside - masked by  parked or stationary vehicle",428371,435023,"E01011445",2,"Not at junction or within 20 metres","Darkness - lights lit","Fine no high winds","Dry","Pedestrian"
"2205","2015132310685",2015-02-28,2015,"Feb",28,"10:30",10,30,"Saturday","Serious",1,"Serious","Pedestrian","Pedestrian","Female",90,"Unclassified","Single carriageway",30,NA,"On footway or verge","Unknown or other",422478,434670,"E01011335",1,"Not at junction or within 20 metres","Daylight","Fine no high winds","Dry","Pedestrian"
"2206","20151322S0753",2015-02-28,2015,"Feb",28,"11:00",11,0,"Saturday","Slight",1,"Slight","Car occupant","Driver or rider","Male",36,"A","Dual carriageway",30,"Unclassified","Not a Pedestrian","Not a Pedestrian",430555,435102,"E01011361",2,"Crossroads","Daylight","Fine no high winds","Wet or damp","Car occupant"
"2207","20151322S0907",2015-02-28,2015,"Feb",28,"13:39",13,39,"Saturday","Slight",1,"Slight","Cyclist","Driver or rider","Female",20,"Unclassified","Single carriageway",30,"Unclassified","Not a Pedestrian","Not a Pedestrian",428465,435252,"E01011445",2,"Crossroads","Daylight","Fine no high winds","Dry","Cyclist"
"2208","2015132220546",2015-02-28,2015,"Feb",28,"21:00",21,0,"Saturday","Slight",1,"Slight","Cyclist","Driver or rider","Male",21,"Unclassified","Single carriageway",30,NA,"Not a Pedestrian","Not a Pedestrian",422495,434672,"E01011335",2,"Not at junction or within 20 metres","Darkness - lighting unknown","Fine no high winds","Dry","Cyclist"
"2209","2015132310171",2015-03-01,2015,"Mar",1,"01:53",1,53,"Sunday","Slight",2,"Slight","Car occupant","Driver or rider","Female",54,"Motorway","Dual carriageway",70,NA,"Not a Pedestrian","Not a Pedestrian",435763,425932,"E01011636",2,"Not at junction or within 20 metres","Darkness - lights lit","Fine + high winds","Dry","Car occupant"
"2210","2015132310434",2015-03-01,2015,"Mar",1,"08:02",8,2,"Sunday","Serious",1,"Serious","Cyclist","Driver or rider","Male",20,"A","Roundabout",40,"A","Not a Pedestrian","Not a Pedestrian",426798,438033,"E01011687",2,"Roundabout","Daylight","Raining + high winds","Wet or damp","Cyclist"
"2211","2015132310816",2015-03-01,2015,"Mar",1,"13:00",13,0,"Sunday","Slight",1,"Slight","Pedestrian","Pedestrian","Female",39,"Unclassified","Single carriageway",20,NA,"Unknown or other","Unknown or other",429996,428144,"E01032498",1,"Not at junction or within 20 metres","Daylight","Raining no high winds","Dry","Pedestrian"
"2212","2015132310981",2015-03-01,2015,"Mar",1,"15:20",15,20,"Sunday","Slight",2,"Slight","Car occupant","Driver or rider","Female",31,"B","Single carriageway",30,NA,"Not a Pedestrian","Not a Pedestrian",433996,433979,"E01011341",3,"Not at junction or within 20 metres","Daylight","Fine no high winds","Wet or damp","Car occupant"
"2213","2015132320180",2015-03-02,2015,"Mar",2,"07:45",7,45,"Monday","Slight",1,"Slight","Car occupant","Driver or rider","Female",38,"Unclassified","Single carriageway",60,NA,"Not a Pedestrian","Not a Pedestrian",440337,435756,"E01011296",1,"Not at junction or within 20 metres","Daylight","Snowing no high winds","Snow","Car occupant"
"2214","2015132320464",2015-03-02,2015,"Mar",2,"11:20",11,20,"Monday","Serious",4,"Slight","Car occupant","Driver or rider","Female",60,"A","Single carriageway",60,NA,"Not a Pedestrian","Not a Pedestrian",432531,443163,"E01011561",3,"Not at junction or within 20 metres","Daylight","Snowing + high winds","Snow","Car occupant"
"2215","2015132320601",2015-03-02,2015,"Mar",2,"12:41",12,41,"Monday","Slight",2,"Slight","Car occupant","Passenger","Male",2,"Unclassified","Single carriageway",30,"A","Not a Pedestrian","Not a Pedestrian",431804,435588,"E01011422",2,"T or staggered junction","Daylight","Fine no high winds","Dry","Car occupant"
"2216","2015132321341",2015-03-02,2015,"Mar",2,"19:30",19,30,"Monday","Slight",1,"Slight","Pedestrian","Pedestrian","Male",59,"Unclassified","Single carriageway",20,NA,"In carriageway, crossing elsewhere","Crossing from driver's nearside",430902,435952,"E01011357",1,"Not at junction or within 20 metres","Darkness - lights lit","Fine + high winds","Wet or damp","Pedestrian"
"2217","2015132320213",2015-03-03,2015,"Mar",3,"08:25",8,25,"Tuesday","Slight",2,"Slight","Taxi/Private hire car occupant","Passenger","Male",15,"Unclassified","Single carriageway",30,"Unclassified","Not a Pedestrian","Not a Pedestrian",429103,438857,"E01011560",2,"Crossroads","Daylight","Raining + high winds","Wet or damp","Car occupant"
"2218","2015132330259",2015-03-03,2015,"Mar",3,"09:09",9,9,"Tuesday","Slight",1,"Slight","Car occupant","Passenger","Male",19,"A","Dual carriageway",40,NA,"Not a Pedestrian","Not a Pedestrian",432580,433787,"E01011615",5,"Not at junction or within 20 metres","Daylight","Raining no high winds","Wet or damp","Car occupant"
"2219","2015132330307",2015-03-03,2015,"Mar",3,"09:40",9,40,"Tuesday","Slight",1,"Slight","Car occupant","Driver or rider","Male",24,"A","Dual carriageway",30,"Motorway","Not a Pedestrian","Not a Pedestrian",428526,431536,"E01011366",2,"Roundabout","Daylight","Fine no high winds","Dry","Car occupant"
"2220","2015132330617",2015-03-03,2015,"Mar",3,"13:03",13,3,"Tuesday","Slight",2,"Slight","Car occupant","Driver or rider","Female",42,"A","Dual carriageway",30,"A","Not a Pedestrian","Not a Pedestrian",430679,434587,"E01011671",2,"Crossroads","Daylight","Fine no high winds","Dry","Car occupant"
"2221","2015132340225",2015-03-03,2015,"Mar",3,"15:35",15,35,"Tuesday","Slight",1,"Slight","Car occupant","Driver or rider","Male",57,"Motorway","Slip road",70,"A","Not a Pedestrian","Not a Pedestrian",428609,431575,"E01011366",2,"Roundabout","Daylight","Raining no high winds","Wet or damp","Car occupant"
"2222","2015132330923",2015-03-03,2015,"Mar",3,"15:50",15,50,"Tuesday","Slight",1,"Slight","Car occupant","Passenger","Female",60,"Unclassified","Dual carriageway",30,NA,"Not a Pedestrian","Not a Pedestrian",429845,434638,"E01033005",2,"Not at junction or within 20 metres","Daylight","Fine no high winds","Dry","Car occupant"
"2223","2015132330970",2015-03-03,2015,"Mar",3,"16:36",16,36,"Tuesday","Slight",1,"Slight","Motorcycle 125cc and under rider or passenger","Driver or rider","Male",42,"A","Dual carriageway",40,"Unclassified","Not a Pedestrian","Not a Pedestrian",425685,434208,"E01011286",2,"T or staggered junction","Daylight","Fine no high winds","Dry","Motorcyclist and pillion"
"2224","20151323P0731",2015-03-03,2015,"Mar",3,"19:00",19,0,"Tuesday","Slight",3,"Slight","Car occupant","Driver or rider","Female",20,"Unclassified","Single carriageway",30,"Unclassified","Not a Pedestrian","Not a Pedestrian",428825,435232,"E01011444",2,"T or staggered junction","Darkness - lights lit","Fine no high winds","Dry","Car occupant"
"2225","2015132340188",2015-03-04,2015,"Mar",4,"07:08",7,8,"Wednesday","Slight",2,"Slight","Car occupant","Driver or rider","Male",62,"Motorway","Dual carriageway",70,NA,"Not a Pedestrian","Not a Pedestrian",436186,431165,"E01011420",3,"Not at junction or within 20 metres","Daylight","Fine no high winds","Dry","Car occupant"
"2226","2015132340457",2015-03-04,2015,"Mar",4,"11:05",11,5,"Wednesday","Slight",1,"Slight","Car occupant","Driver or rider","Male",82,"B","Single carriageway",30,NA,"Not a Pedestrian","Not a Pedestrian",421942,434350,"E01011587",3,"Not at junction or within 20 metres","Daylight","Fine no high winds","Dry","Car occupant"
"2227","2015132341058",2015-03-04,2015,"Mar",4,"16:45",16,45,"Wednesday","Slight",1,"Slight","Cyclist","Driver or rider","Male",26,"B","Single carriageway",30,"Unclassified","Not a Pedestrian","Not a Pedestrian",427824,436518,"E01011692",2,"T or staggered junction","Daylight","Fine no high winds","Dry","Cyclist"
"2228","2015132341183",2015-03-04,2015,"Mar",4,"17:52",17,52,"Wednesday","Slight",1,"Slight","Car occupant","Driver or rider","Female",43,"Unclassified","Single carriageway",30,NA,"Not a Pedestrian","Not a Pedestrian",426544,427134,"E01011541",2,"Not at junction or within 20 metres","Daylight","Fine no high winds","Dry","Car occupant"
"2229","2015132341625",2015-03-04,2015,"Mar",4,"22:16",22,16,"Wednesday","Slight",1,"Slight","Motorcycle 125cc and under rider or passenger","Driver or rider","Male",50,"B","Single carriageway",40,"Unclassified","Not a Pedestrian","Not a Pedestrian",434465,433702,"E01011616",2,"T or staggered junction","Darkness - lights lit","Fine no high winds","Dry","Motorcyclist and pillion"
"2230","2015132341666",2015-03-04,2015,"Mar",4,"22:45",22,45,"Wednesday","Slight",1,"Slight","Car occupant","Driver or rider","Female",23,"Unclassified","Dual carriageway",30,"Unclassified","Not a Pedestrian","Not a Pedestrian",429796,433924,"E01033010",2,"Crossroads","Daylight","Fine no high winds","Dry","Car occupant"
"2231","2015132350375",2015-03-05,2015,"Mar",5,"09:35",9,35,"Thursday","Slight",2,"Slight","Cyclist","Driver or rider","Male",20,"Unclassified","Dual carriageway",30,NA,"Not a Pedestrian","Not a Pedestrian",429198,435175,"E01033005",3,"Not at junction or within 20 metres","Daylight","Fine no high winds","Dry","Cyclist"
"2232","2015132351208",2015-03-05,2015,"Mar",5,"12:00",12,0,"Thursday","Slight",1,"Slight","Bus or coach occupant (17 or more pass seats)","Passenger","Female",60,"Unclassified","Single carriageway",30,NA,"Not a Pedestrian","Not a Pedestrian",429853,433793,"E01033008",1,"Not at junction or within 20 metres","Daylight","Fine no high winds","Dry","Bus and goods vehicle occupant"
"2233","2015132350803",2015-03-05,2015,"Mar",5,"13:30",13,30,"Thursday","Slight",1,"Slight","Car occupant","Driver or rider","Male",25,"A","Roundabout",40,"Unclassified","Not a Pedestrian","Not a Pedestrian",429793,438921,"E01011558",2,"Roundabout","Daylight","Fine no high winds","Dry","Car occupant"
"2234","2015132351575",2015-03-05,2015,"Mar",5,"17:15",17,15,"Thursday","Slight",1,"Slight","Bus or coach occupant (17 or more pass seats)","Passenger","Male",46,"Unclassified","Single carriageway",30,NA,"Not a Pedestrian","Not a Pedestrian",426963,439789,"E01011380",1,"Not at junction or within 20 metres","Daylight","Fine no high winds","Dry","Bus and goods vehicle occupant"
"2235","2015132351307",2015-03-05,2015,"Mar",5,"18:10",18,10,"Thursday","Slight",1,"Slight","Car occupant","Driver or rider","Female",60,"Unclassified","Single carriageway",30,NA,"Not a Pedestrian","Not a Pedestrian",423612,437965,"E01011459",1,"Not at junction or within 20 metres","Daylight","Fine no high winds","Dry","Car occupant"