"","accident_index","date","year","month","day","time","time_hour","time_minute","day_of_week","accident_severity","number_of_casualties","casualty_severity","casualty_type","casualty_class","sex_of_casualty","age_of_casualty","first_road_class","road_type","speed_limit","second_road_class","pedestrian_location","pedestrian_movement","location_easting_osgr","location_northing_osgr","lsoa_of_accident_location","number_of_vehicles","junction_detail","light_conditions","weather_conditions","road_surface_conditions","cas_type"
"2236","2015132351681",2015-03-05,2015,"Mar",5,"21:50",21,50,"Thursday","Slight",1,"Slight","Car occupant","Driver or rider","Female",39,"A","Single carriageway",30,NA,"Not a Pedestrian","Not a Pedestrian",422247,442024,"E01032503",2,"Not at junction or within 20 metres","Darkness - lights lit","Fine no high winds","Dry","Car occupant"
"2237","2015132360395",2015-03-06,2015,"Mar",6,"09:50",9,50,"Friday","Slight",2,"Slight","Car occupant","Driver or rider","Female",43,"Unclassified","Single carriageway",30,"Unclassified","Not a Pedestrian","Not a Pedestrian",432063,436089,"E01011642",2,"Crossroads","Daylight","Fine no high winds","Dry","Car occupant"
"2238","2015132360564",2015-03-06,2015,"Mar",6,"11:38",11,38,"Friday","Serious",2,"Serious","Car occupant","Driver or rider","Male",21,"Unclassified","Single carriageway",30,"B","Not a Pedestrian","Not a Pedestrian",423539,435419,"E01011330",2,"Crossroads","Daylight","Fine no high winds","Dry","Car occupant"
"2239","2015132361013",2015-03-06,2015,"Mar",6,"15:35",15,35,"Friday","Slight",1,"Slight","Pedestrian","Pedestrian","Female",3,"Unclassified","Single carriageway",30,"Unclassified","In carriageway, crossing elsewhere","Crossing from offside - masked by  parked or stationary vehicle",440880,447976,"E01011705",1,"T or staggered junction","Daylight","Fine no high winds","Dry","Pedestrian"
"2240","2015132361157",2015-03-06,2015,"Mar",6,"16:45",16,45,"Friday","Slight",1,"Slight","Van / Goods vehicle (3.5 tonnes mgw or under) occupant","Driver or rider","Male",38,"Unclassified","Single carriageway",30,"B","Not a Pedestrian","Not a Pedestrian",425635,433081,"E01011725",2,"T or staggered junction","Daylight","Fine no high winds","Dry","Bus and goods vehicle occupant"
"2241","2015132361483",2015-03-06,2015,"Mar",6,"19:26",19,26,"Friday","Slight",1,"Slight","Car occupant","Driver or rider","Male",26,"Unclassified","Single carriageway",30,NA,"Not a Pedestrian","Not a Pedestrian",428336,431507,"E01011366",2,"Not at junction or within 20 metres","Darkness - lights lit","Fine no high winds","Dry","Car occupant"
"2242","2015132361492",2015-03-06,2015,"Mar",6,"19:30",19,30,"Friday","Slight",1,"Slight","Pedestrian","Pedestrian","Male",20,"Unclassified","Single carriageway",30,"Unclassified","Crossing on pedestrian crossing facility","Crossing from driver's offside",430792,433466,"E01033011",1,"T or staggered junction","Darkness - lights lit","Fine no high winds","Dry","Pedestrian"
"2243","2015132371525",2015-03-07,2015,"Mar",7,"11:45",11,45,"Saturday","Slight",1,"Slight","Bus or coach occupant (17 or more pass seats)","Passenger","Female",84,"B","Single carriageway",30,NA,"Not a Pedestrian","Not a Pedestrian",420578,433838,"E01011599",1,"Not at junction or within 20 metres","Daylight","Fine no high winds","Dry","Bus and goods vehicle occupant"
"2244","2015132370884",2015-03-07,2015,"Mar",7,"13:50",13,50,"Saturday","Fatal",5,"Serious","Car occupant","Driver or rider","Male",21,"A","Single carriageway",40,NA,"Not a Pedestrian","Not a Pedestrian",424535,428612,"E01011522",1,"Not at junction or within 20 metres","Daylight","Fine no high winds","Dry","Car occupant"
"2245","2015132371243",2015-03-07,2015,"Mar",7,"17:00",17,0,"Saturday","Serious",1,"Serious","Motorcycle over 125cc and up to 500cc rider or  passenger","Driver or rider","Male",29,"A","Dual carriageway",40,NA,"Not a Pedestrian","Not a Pedestrian",431518,433635,"E01011338",2,"Not at junction or within 20 metres","Daylight","Fine no high winds","Dry","Motorcyclist and pillion"
"2246","2015132830719",2015-03-08,2015,"Mar",8,"12:30",12,30,"Sunday","Slight",1,"Slight","Car occupant","Driver or rider","Female",57,"Unclassified","Single carriageway",30,"Unclassified","Not a Pedestrian","Not a Pedestrian",425061,440530,"E01011377",2,"T or staggered junction","Daylight","Fine no high winds","Wet or damp","Car occupant"
"2247","2015132380771",2015-03-08,2015,"Mar",8,"13:20",13,20,"Sunday","Slight",1,"Slight","Car occupant","Driver or rider","Male",46,"A","Dual carriageway",40,NA,"Not a Pedestrian","Not a Pedestrian",419876,434085,"E01011597",2,"Not at junction or within 20 metres","Daylight","Fine + high winds","Dry","Car occupant"
"2248","2015132381544",2015-03-08,2015,"Mar",8,"21:35",21,35,"Sunday","Slight",1,"Slight","Car occupant","Driver or rider","Female",57,"Unclassified","Single carriageway",30,NA,"Not a Pedestrian","Not a Pedestrian",435747,435744,"E01011663",2,"Not at junction or within 20 metres","Darkness - lights lit","Fine no high winds","Dry","Car occupant"
"2249","2015132390864",2015-03-09,2015,"Mar",9,"15:25",15,25,"Monday","Slight",1,"Slight","Cyclist","Driver or rider","Female",28,"Unclassified","Single carriageway",30,"Unclassified","Not a Pedestrian","Not a Pedestrian",429560,431565,"E01011364",2,"T or staggered junction","Daylight","Fine no high winds","Dry","Cyclist"
"2250","2015132391439",2015-03-09,2015,"Mar",9,"20:20",20,20,"Monday","Slight",1,"Slight","Car occupant","Driver or rider","Male",49,"Unclassified","Single carriageway",30,"Unclassified","Not a Pedestrian","Not a Pedestrian",429129,432682,"E01033013",2,"T or staggered junction","Darkness - lights lit","Fine no high winds","Dry","Car occupant"
"2251","2015132391641",2015-03-09,2015,"Mar",9,"23:16",23,16,"Monday","Slight",1,"Slight","Car occupant","Passenger","Female",40,"Unclassified","Single carriageway",30,"Unclassified","Not a Pedestrian","Not a Pedestrian",429103,434722,"E01033006",4,"Crossroads","Darkness - lights lit","Fine no high winds","Dry","Car occupant"
"2252","20151323A0186",2015-03-10,2015,"Mar",10,"07:28",7,28,"Tuesday","Slight",1,"Slight","Cyclist","Driver or rider","Male",43,"Unclassified","Single carriageway",30,NA,"Not a Pedestrian","Not a Pedestrian",429604,432956,"E01033015",2,"Not at junction or within 20 metres","Daylight","Fine no high winds","Dry","Cyclist"
"2253","20151323V0449",2015-03-10,2015,"Mar",10,"08:30",8,30,"Tuesday","Slight",1,"Slight","Cyclist","Driver or rider","Female",23,"Unclassified","Single carriageway",30,"Unclassified","Not a Pedestrian","Not a Pedestrian",430954,435909,"E01011356",2,"Other junction","Daylight","Fine no high winds","Dry","Cyclist"
"2254","20151323A0602",2015-03-10,2015,"Mar",10,"11:15",11,15,"Tuesday","Slight",1,"Slight","Van / Goods vehicle (3.5 tonnes mgw or under) occupant","Driver or rider","Male",34,"A","Single carriageway",30,NA,"Not a Pedestrian","Not a Pedestrian",428808,432670,"E01033013",2,"Not at junction or within 20 metres","Daylight","Fine no high winds","Dry","Bus and goods vehicle occupant"
"2255","20151323A1062",2015-03-10,2015,"Mar",10,"16:25",16,25,"Tuesday","Slight",1,"Slight","Cyclist","Driver or rider","Male",28,"B","Single carriageway",30,"Unclassified","Not a Pedestrian","Not a Pedestrian",427942,427855,"E01011540",2,"T or staggered junction","Daylight","Fine no high winds","Dry","Cyclist"
"2256","20151323A1241",2015-03-10,2015,"Mar",10,"17:40",17,40,"Tuesday","Slight",1,"Slight","Cyclist","Driver or rider","Male",45,"A","Dual carriageway",30,"Unclassified","Not a Pedestrian","Not a Pedestrian",429999,434159,"E01033010",2,"Crossroads","Daylight","Fine no high winds","Dry","Cyclist"
"2257","20151323A1267",2015-03-10,2015,"Mar",10,"17:50",17,50,"Tuesday","Slight",1,"Slight","Cyclist","Driver or rider","Male",40,"A","Single carriageway",30,NA,"Not a Pedestrian","Not a Pedestrian",430104,431515,"E01011371",2,"Not at junction or within 20 metres","Darkness - lights lit","Fine no high winds","Dry","Cyclist"
"2258","20151323A1366",2015-03-10,2015,"Mar",10,"18:35",18,35,"Tuesday","Slight",1,"Slight","Motorcycle over 500cc rider or passenger","Driver or rider","Male",34,"B","Single carriageway",30,"A","Not a Pedestrian","Not a Pedestrian",426332,435595,"E01011477",2,"Crossroads","Darkness - lights lit","Fine no high winds","Dry","Motorcyclist and pillion"
"2259","20151323A1419",2015-03-10,2015,"Mar",10,"19:05",19,5,"Tuesday","Serious",1,"Serious","Pedestrian","Pedestrian","Male",32,"Unclassified","Single carriageway",30,NA,"Unknown or other","Unknown or other",431884,435185,"E01011434",1,"Not at junction or within 20 metres","Daylight","Fine no high winds","Dry","Pedestrian"
"2260","20151323A1457",2015-03-10,2015,"Mar",10,"19:28",19,28,"Tuesday","Slight",2,"Slight","Car occupant","Driver or rider","Female",37,"A","Single carriageway",30,"Unclassified","Not a Pedestrian","Not a Pedestrian",427139,433683,"E01011284",2,"T or staggered junction","Darkness - lights lit","Fine no high winds","Dry","Car occupant"
"2261","20151323A1605",2015-03-10,2015,"Mar",10,"21:28",21,28,"Tuesday","Slight",1,"Slight","Pedestrian","Pedestrian","Female",18,"B","Single carriageway",30,NA,"In carriageway, crossing elsewhere","Crossing from offside - masked by  parked or stationary vehicle",419064,441778,"E01011265",1,"Not at junction or within 20 metres","Darkness - lights lit","Fine no high winds","Dry","Pedestrian"
"2262","20151323B0168",2015-03-11,2015,"Mar",11,"07:00",7,0,"Wednesday","Slight",1,"Slight","Van / Goods vehicle (3.5 tonnes mgw or under) occupant","Driver or rider","Male",36,"A","Single carriageway",30,"Unclassified","Not a Pedestrian","Not a Pedestrian",425817,442891,"E01032504",2,"T or staggered junction","Daylight","Fine no high winds","Dry","Bus and goods vehicle occupant"
"2263","20151323B0494",2015-03-11,2015,"Mar",11,"11:10",11,10,"Wednesday","Slight",1,"Slight","Car occupant","Driver or rider","Female",37,"A","Single carriageway",30,NA,"Not a Pedestrian","Not a Pedestrian",429787,438924,"E01011558",2,"Not at junction or within 20 metres","Daylight","Fine no high winds","Dry","Car occupant"
"2264","20151323B0500",2015-03-11,2015,"Mar",11,"11:42",11,42,"Wednesday","Slight",1,"Slight","Pedestrian","Pedestrian","Male",14,"Unclassified","Single carriageway",30,NA,"In carriageway, crossing elsewhere","Unknown or other",429144,439793,"E01011567",1,"Not at junction or within 20 metres","Daylight","Fine no high winds","Dry","Pedestrian"
"2265","20151323B0696",2015-03-11,2015,"Mar",11,"13:13",13,13,"Wednesday","Slight",1,"Slight","Cyclist","Passenger","Male",33,"Unclassified","Single carriageway",30,NA,"Not a Pedestrian","Not a Pedestrian",421376,434608,"E01011587",1,"Not at junction or within 20 metres","Daylight","Fine no high winds","Dry","Cyclist"
"2266","20151323C0382",2015-03-12,2015,"Mar",12,"10:35",10,35,"Thursday","Slight",1,"Slight","Motorcycle over 125cc and up to 500cc rider or  passenger","Driver or rider","Male",17,"A","Dual carriageway",50,NA,"Not a Pedestrian","Not a Pedestrian",438786,432598,"E01011402",1,"Not at junction or within 20 metres","Daylight","Fine no high winds","Dry","Motorcyclist and pillion"
"2267","20151323C0479",2015-03-12,2015,"Mar",12,"11:33",11,33,"Thursday","Slight",1,"Slight","Car occupant","Driver or rider","Female",34,"Unclassified","Single carriageway",30,"Unclassified","Not a Pedestrian","Not a Pedestrian",423820,438292,"E01011459",2,"Crossroads","Daylight","Fine no high winds","Dry","Car occupant"
"2268","20151323C0612",2015-03-12,2015,"Mar",12,"12:20",12,20,"Thursday","Slight",2,"Slight","Car occupant","Driver or rider","Female",52,"A","Roundabout",30,"A","Not a Pedestrian","Not a Pedestrian",439405,432437,"E01011402",2,"Roundabout","Daylight","Fine no high winds","Dry","Car occupant"
"2269","20151323C1231",2015-03-12,2015,"Mar",12,"18:33",18,33,"Thursday","Slight",2,"Slight","Car occupant","Driver or rider","Male",43,"Unclassified","Single carriageway",30,"Unclassified","Not a Pedestrian","Not a Pedestrian",426560,437637,"E01011687",2,"Crossroads","Darkness - lights lit","Fine no high winds","Wet or damp","Car occupant"
"2270","20151323E0930",2015-03-13,2015,"Mar",13,"09:28",9,28,"Friday","Slight",1,"Slight","Car occupant","Driver or rider","Male",46,"A","Dual carriageway",30,NA,"Not a Pedestrian","Not a Pedestrian",428787,433276,"E01033013",4,"Not at junction or within 20 metres","Daylight","Fine no high winds","Dry","Car occupant"
"2271","20151323D0595",2015-03-13,2015,"Mar",13,"12:16",12,16,"Friday","Slight",1,"Slight","Pedestrian","Pedestrian","Female",26,"Unclassified","Single carriageway",30,NA,"In carriageway, crossing elsewhere","Crossing from driver's nearside",429881,433504,"E01033010",1,"Not at junction or within 20 metres","Daylight","Fine no high winds","Dry","Pedestrian"
"2272","20151323D0978",2015-03-13,2015,"Mar",13,"15:49",15,49,"Friday","Slight",1,"Slight","Pedestrian","Pedestrian","Male",7,"Unclassified","Single carriageway",30,NA,"In carriageway, crossing elsewhere","Crossing from driver's nearside",431105,428363,"E01011466",1,"Not at junction or within 20 metres","Daylight","Fine no high winds","Dry","Pedestrian"
"2273","20151323D1134",2015-03-13,2015,"Mar",13,"17:02",17,2,"Friday","Slight",2,"Slight","Car occupant","Driver or rider","Male",29,"Unclassified","Single carriageway",30,"Unclassified","Not a Pedestrian","Not a Pedestrian",431853,435790,"E01011422",3,"T or staggered junction","Daylight","Fine no high winds","Dry","Car occupant"
"2274","20151323D1408",2015-03-13,2015,"Mar",13,"19:33",19,33,"Friday","Serious",1,"Serious","Motorcycle 50cc and under rider or passenger","Driver or rider","Male",15,"Unclassified","Single carriageway",30,"Unclassified","Not a Pedestrian","Not a Pedestrian",430395,427898,"E01011490",2,"T or staggered junction","Darkness - lights lit","Fine no high winds","Dry","Motorcyclist and pillion"
"2275","20151323D1441",2015-03-13,2015,"Mar",13,"19:50",19,50,"Friday","Slight",1,"Slight","Pedestrian","Pedestrian","Male",30,"Unclassified","Single carriageway",30,"Unclassified","In carriageway, crossing elsewhere","Crossing from driver's nearside",429433,433471,"E01033008",1,"Crossroads","Darkness - lights lit","Fine no high winds","Dry","Pedestrian"
"2276","20151313E0037",2015-03-14,2015,"Mar",14,"00:22",0,22,"Saturday","Slight",1,"Slight","Car occupant","Driver or rider","Male",39,"Unclassified","Single carriageway",30,"Unclassified","Not a Pedestrian","Not a Pedestrian",429969,434187,"E01033010",2,"Other junction","Darkness - lights lit","Fine no high winds","Dry","Car occupant"
"2277","20151323G1056",2015-03-14,2015,"Mar",14,"03:15",3,15,"Saturday","Slight",1,"Slight","Taxi/Private hire car occupant","Passenger","Female",19,"Unclassified","Single carriageway",30,NA,"Not a Pedestrian","Not a Pedestrian",427203,437824,"E01032876",1,"Not at junction or within 20 metres","Darkness - lights lit","Fine no high winds","Dry","Car occupant"
"2278","20151323E1390",2015-03-14,2015,"Mar",14,"11:00",11,0,"Saturday","Slight",1,"Slight","Pedestrian","Pedestrian","Female",38,"Unclassified","Single carriageway",30,NA,"Unknown or other","Unknown or other",431020,438172,"E01011516",2,"Not at junction or within 20 metres","Daylight","Fine no high winds","Dry","Pedestrian"
"2279","20151323E0663",2015-03-14,2015,"Mar",14,"12:20",12,20,"Saturday","Slight",1,"Slight","Car occupant","Passenger","Male",22,"Unclassified","Single carriageway",30,"Unclassified","Not a Pedestrian","Not a Pedestrian",420457,436485,"E01011590",2,"T or staggered junction","Daylight","Fine no high winds","Dry","Car occupant"
"2280","20151323E1231",2015-03-14,2015,"Mar",14,"17:35",17,35,"Saturday","Slight",1,"Slight","Cyclist","Driver or rider","Male",43,"Unclassified","Single carriageway",30,NA,"Not a Pedestrian","Not a Pedestrian",415362,442992,"E01011270",2,"Not at junction or within 20 metres","Daylight","Fine no high winds","Dry","Cyclist"
"2281","20151323F0931",2015-03-15,2015,"Mar",15,"15:45",15,45,"Sunday","Serious",1,"Serious","Car occupant","Driver or rider","Male",72,"Unclassified","Single carriageway",30,NA,"Not a Pedestrian","Not a Pedestrian",426644,437611,"E01011685",2,"Not at junction or within 20 metres","Daylight","Fine no high winds","Dry","Car occupant"
"2282","20151323G0201",2015-03-16,2015,"Mar",16,"07:21",7,21,"Monday","Slight",1,"Slight","Motorcycle over 500cc rider or passenger","Driver or rider","Male",24,"A","Dual carriageway",70,NA,"Not a Pedestrian","Not a Pedestrian",420987,434338,"E01011595",2,"Not at junction or within 20 metres","Daylight","Fine no high winds","Wet or damp","Motorcyclist and pillion"
"2283","20151323G1275",2015-03-16,2015,"Mar",16,"18:55",18,55,"Monday","Slight",2,"Slight","Car occupant","Driver or rider","Female",54,"A","Dual carriageway",70,NA,"Not a Pedestrian","Not a Pedestrian",422553,437120,"E01011452",2,"Not at junction or within 20 metres","Darkness - lights lit","Fine no high winds","Dry","Car occupant"
"2284","20151323G1567",2015-03-16,2015,"Mar",16,"22:10",22,10,"Monday","Slight",2,"Slight","Car occupant","Driver or rider","Male",21,"Motorway","Dual carriageway",70,NA,"Not a Pedestrian","Not a Pedestrian",440299,434321,"E01011296",3,"Not at junction or within 20 metres","Darkness - no lighting","Fine no high winds","Dry","Car occupant"
"2285","20151323H0182",2015-03-17,2015,"Mar",17,"07:25",7,25,"Tuesday","Slight",1,"Slight","Cyclist","Driver or rider","Male",25,"Unclassified","Single carriageway",30,"Unclassified","Not a Pedestrian","Not a Pedestrian",428792,431807,"E01011366",2,"T or staggered junction","Daylight","Fine no high winds","Dry","Cyclist"
"2286","20151323H0230",2015-03-17,2015,"Mar",17,"08:25",8,25,"Tuesday","Slight",1,"Slight","Cyclist","Driver or rider","Male",58,"A","Single carriageway",40,"Unclassified","Not a Pedestrian","Not a Pedestrian",425137,436550,"E01032493",3,"T or staggered junction","Daylight","Fine no high winds","Dry","Cyclist"
"2287","20151323H0425",2015-03-17,2015,"Mar",17,"10:53",10,53,"Tuesday","Slight",1,"Slight","Motorcycle 125cc and under rider or passenger","Driver or rider","Male",17,"Unclassified","Single carriageway",30,"Unclassified","Not a Pedestrian","Not a Pedestrian",426472,435776,"E01011488",2,"T or staggered junction","Daylight","Fine no high winds","Dry","Motorcyclist and pillion"
"2288","20151323H0621",2015-03-17,2015,"Mar",17,"13:02",13,2,"Tuesday","Slight",1,"Slight","Motorcycle over 500cc rider or passenger","Driver or rider","Male",35,"C","Slip road",40,NA,"Not a Pedestrian","Not a Pedestrian",432362,436364,"E01011647",2,"Not at junction or within 20 metres","Daylight","Fine no high winds","Dry","Motorcyclist and pillion"
"2289","20151323H0399",2015-03-18,2015,"Mar",18,"09:05",9,5,"Wednesday","Slight",1,"Slight","Bus or coach occupant (17 or more pass seats)","Passenger","Female",40,"A","Dual carriageway",40,NA,"Not a Pedestrian","Not a Pedestrian",430303,435997,"E01011357",1,"Not at junction or within 20 metres","Daylight","Fine no high winds","Dry","Bus and goods vehicle occupant"
"2290","20151323I0977",2015-03-18,2015,"Mar",18,"15:34",15,34,"Wednesday","Serious",1,"Serious","Pedestrian","Pedestrian","Male",49,"A","Dual carriageway",40,NA,"Crossing on pedestrian crossing facility","Crossing from driver's nearside",435623,435067,"E01011666",1,"Not at junction or within 20 metres","Daylight","Fine no high winds","Dry","Pedestrian"
"2291","20151323J0112",2015-03-19,2015,"Mar",19,"03:36",3,36,"Thursday","Serious",1,"Serious","Van / Goods vehicle (3.5 tonnes mgw or under) occupant","Driver or rider","Male",48,"Unclassified","Single carriageway",20,"Unclassified","Not a Pedestrian","Not a Pedestrian",427941,435715,"E01011441",1,"T or staggered junction","Darkness - lights lit","Fine no high winds","Dry","Bus and goods vehicle occupant"
"2292","20151323J1051",2015-03-19,2015,"Mar",19,"16:39",16,39,"Thursday","Slight",1,"Slight","Cyclist","Driver or rider","Male",46,"Unclassified","Single carriageway",30,"Unclassified","Not a Pedestrian","Not a Pedestrian",430245,431070,"E01011312",2,"T or staggered junction","Daylight","Fine no high winds","Dry","Cyclist"
"2293","20151323J1121",2015-03-19,2015,"Mar",19,"17:05",17,5,"Thursday","Slight",1,"Slight","Pedestrian","Pedestrian","Female",6,"Unclassified","Single carriageway",30,NA,"Unknown or other","Crossing from driver's offside",425480,435758,"E01011324",1,"Not at junction or within 20 metres","Daylight","Fine no high winds","Dry","Pedestrian"
"2294","20151323J1312",2015-03-19,2015,"Mar",19,"18:40",18,40,"Thursday","Serious",1,"Serious","Motorcycle 125cc and under rider or passenger","Driver or rider","Male",23,"A","Dual carriageway",40,"Unclassified","Not a Pedestrian","Not a Pedestrian",426563,437724,"E01011685",2,"Other junction","Darkness - lights lit","Fine no high winds","Dry","Motorcyclist and pillion"
"2295","20151323J1597",2015-03-19,2015,"Mar",19,"22:13",22,13,"Thursday","Serious",6,"Slight","Car occupant","Driver or rider","Male",18,"A","Dual carriageway",40,"Unclassified","Not a Pedestrian","Not a Pedestrian",427506,425505,"E01011548",2,"Crossroads","Darkness - lights lit","Fine no high winds","Dry","Car occupant"
"2296","20151323K1013",2015-03-20,2015,"Mar",20,"14:40",14,40,"Friday","Slight",1,"Slight","Cyclist","Driver or rider","Male",39,"Unclassified","One way street",30,"Unclassified","Not a Pedestrian","Not a Pedestrian",430733,433238,"E01033011",2,"T or staggered junction","Daylight","Fine no high winds","Dry","Cyclist"
"2297","20151323K1172",2015-03-20,2015,"Mar",20,"16:25",16,25,"Friday","Slight",1,"Slight","Pedestrian","Pedestrian","Male",2,"Unclassified","Single carriageway",30,NA,"In carriageway, crossing elsewhere","Crossing from nearside - masked by parked or stationary vehicle",422443,433590,"E01011612",1,"Not at junction or within 20 metres","Daylight","Fine no high winds","Dry","Pedestrian"
"2298","20151323M0540",2015-03-20,2015,"Mar",20,"16:45",16,45,"Friday","Slight",1,"Slight","Cyclist","Driver or rider","Male",29,"B","Single carriageway",40,"Unclassified","Not a Pedestrian","Not a Pedestrian",423540,435419,"E01011330",2,"T or staggered junction","Daylight","Fine no high winds","Dry","Cyclist"
"2299","20151323K1292",2015-03-20,2015,"Mar",20,"17:20",17,20,"Friday","Slight",1,"Slight","Car occupant","Driver or rider","Female",46,"A(M)","Dual carriageway",70,NA,"Not a Pedestrian","Not a Pedestrian",443629,436629,"E01011297",2,"Not at junction or within 20 metres","Daylight","Fine no high winds","Dry","Car occupant"
"2300","20151323K1829",2015-03-20,2015,"Mar",20,"21:55",21,55,"Friday","Serious",2,"Serious","Pedestrian","Pedestrian","Male",75,"Unclassified","Single carriageway",30,"Unclassified","In carriageway, crossing elsewhere","Crossing from driver's nearside",422447,432853,"E01011604",1,"T or staggered junction","Darkness - lights lit","Fine no high winds","Dry","Pedestrian"
"2301","20151323K1840",2015-03-20,2015,"Mar",20,"22:04",22,4,"Friday","Slight",3,"Slight","Van / Goods vehicle (3.5 tonnes mgw or under) occupant","Driver or rider","Male",38,"Motorway","Dual carriageway",70,NA,"Not a Pedestrian","Not a Pedestrian",429568,423187,"E01011536",2,"Not at junction or within 20 metres","Darkness - no lighting","Fine no high winds","Dry","Bus and goods vehicle occupant"
"2302","20151323L0579",2015-03-21,2015,"Mar",21,"11:07",11,7,"Saturday","Slight",1,"Slight","Pedestrian","Pedestrian","Female",13,"Unclassified","Dual carriageway",30,NA,"Crossing on pedestrian crossing facility","Crossing from nearside - masked by parked or stationary vehicle",430911,433483,"E01033011",1,"Not at junction or within 20 metres","Daylight","Fine no high winds","Dry","Pedestrian"
"2303","20151323L1620",2015-03-21,2015,"Mar",21,"21:00",21,0,"Saturday","Serious",1,"Serious","Car occupant","Driver or rider","Female",74,"Unclassified","Single carriageway",30,"Unclassified","Not a Pedestrian","Not a Pedestrian",441157,433152,"E01011403",2,"T or staggered junction","Darkness - lights lit","Fine no high winds","Dry","Car occupant"
"2304","20151323L1712",2015-03-21,2015,"Mar",21,"22:05",22,5,"Saturday","Serious",1,"Serious","Pedestrian","Pedestrian","Male",39,"Unclassified","Dual carriageway",30,NA,"In carriageway, crossing elsewhere","Crossing from driver's offside",430337,433738,"E01033010",1,"Not at junction or within 20 metres","Darkness - lights lit","Fine no high winds","Dry","Pedestrian"
"2305","20151323M1113",2015-03-22,2015,"Mar",22,"16:00",16,0,"Sunday","Slight",1,"Slight","Motorcycle over 500cc rider or passenger","Driver or rider","Male",60,"A","Single carriageway",40,NA,"Not a Pedestrian","Not a Pedestrian",424748,444400,"E01011570",2,"Not at junction or within 20 metres","Daylight","Fine no high winds","Dry","Motorcyclist and pillion"
"2306","20151323O0636",2015-03-23,2015,"Mar",23,"00:30",0,30,"Monday","Serious",1,"Serious","Pedestrian","Pedestrian","Male",24,"Unclassified","Single carriageway",30,"Unclassified","Crossing on pedestrian crossing facility","Crossing from driver's nearside",429916,434261,"E01033008",1,"Crossroads","Darkness - lights lit","Fine no high winds","Dry","Pedestrian"
"2307","20151323N0374",2015-03-23,2015,"Mar",23,"09:30",9,30,"Monday","Slight",1,"Slight","Cyclist","Driver or rider","Female",27,"A","Single carriageway",30,"Unclassified","Not a Pedestrian","Not a Pedestrian",429386,434947,"E01033005",2,"T or staggered junction","Daylight","Fine no high winds","Dry","Cyclist"
"2308","20151323N0335",2015-03-23,2015,"Mar",23,"10:35",10,35,"Monday","Slight",1,"Slight","Cyclist","Passenger","Male",8,"Unclassified","Single carriageway",30,"Unclassified","Not a Pedestrian","Not a Pedestrian",425246,428923,"E01011522",2,"T or staggered junction","Daylight","Fine no high winds","Dry","Cyclist"
"2309","20151323N0837",2015-03-23,2015,"Mar",23,"13:50",13,50,"Monday","Slight",1,"Slight","Car occupant","Driver or rider","Female",33,"Motorway","Dual carriageway",70,NA,"Not a Pedestrian","Not a Pedestrian",432911,429583,"E01011470",2,"Not at junction or within 20 metres","Daylight","Fine no high winds","Dry","Car occupant"
"2310","20151323O0692",2015-03-24,2015,"Mar",24,"12:35",12,35,"Tuesday","Slight",2,"Slight","Car occupant","Driver or rider","Female",26,"Unclassified","Single carriageway",30,"B","Not a Pedestrian","Not a Pedestrian",428043,432831,"E01011362",2,"T or staggered junction","Daylight","Fine no high winds","Dry","Car occupant"
"2311","20151323O0903",2015-03-24,2015,"Mar",24,"15:50",15,50,"Tuesday","Slight",1,"Slight","Car occupant","Driver or rider","Male",39,"Unclassified","Single carriageway",30,"Unclassified","Not a Pedestrian","Not a Pedestrian",430747,435587,"E01011360",2,"Crossroads","Daylight","Fine no high winds","Dry","Car occupant"
"2312","20151323O1054",2015-03-24,2015,"Mar",24,"17:00",17,0,"Tuesday","Slight",1,"Slight","Car occupant","Driver or rider","Male",56,"Unclassified","Single carriageway",30,NA,"Not a Pedestrian","Not a Pedestrian",431063,430402,"E01011471",3,"Not at junction or within 20 metres","Daylight","Fine no high winds","Dry","Car occupant"
"2313","20151323P0419",2015-03-25,2015,"Mar",25,"10:30",10,30,"Wednesday","Slight",1,"Slight","Cyclist","Driver or rider","Male",30,"Unclassified","Single carriageway",30,"Unclassified","Not a Pedestrian","Not a Pedestrian",432473,440147,"E01011566",2,"T or staggered junction","Daylight","Fine no high winds","Dry","Cyclist"
"2314","20151323N0612",2015-03-25,2015,"Mar",25,"12:06",12,6,"Wednesday","Slight",3,"Slight","Car occupant","Driver or rider","Female",31,"A","Single carriageway",30,"Unclassified","Not a Pedestrian","Not a Pedestrian",423866,434265,"E01011608",2,"Slip road","Daylight","Fine no high winds","Dry","Car occupant"
"2315","20151323P0631",2015-03-25,2015,"Mar",25,"13:07",13,7,"Wednesday","Slight",2,"Slight","Taxi/Private hire car occupant","Driver or rider","Male",57,"Unclassified","Single carriageway",30,NA,"Not a Pedestrian","Not a Pedestrian",432467,436501,"E01011645",2,"Not at junction or within 20 metres","Daylight","Fine no high winds","Dry","Car occupant"
"2316","20151323P0647",2015-03-25,2015,"Mar",25,"13:15",13,15,"Wednesday","Serious",1,"Serious","Pedestrian","Pedestrian","Female",86,"Unclassified","Unknown",20,"Unclassified","Unknown or other","Unknown or other",440020,437467,"E01011309",1,"T or staggered junction","Daylight","Fine no high winds","Dry","Pedestrian"
"2317","20151323P1088",2015-03-25,2015,"Mar",25,"16:10",16,10,"Wednesday","Slight",1,"Slight","Cyclist","Driver or rider","Male",23,"Unclassified","Single carriageway",30,"Unclassified","Not a Pedestrian","Not a Pedestrian",432887,432128,"E01011621",2,"Private drive or entrance","Daylight","Fine no high winds","Dry","Cyclist"
"2318","20151323Q0531",2015-03-26,2015,"Mar",26,"11:35",11,35,"Thursday","Slight",1,"Slight","Car occupant","Driver or rider","Male",46,"Unclassified","Single carriageway",30,NA,"Not a Pedestrian","Not a Pedestrian",433645,432294,"E01011621",2,"Not at junction or within 20 metres","Daylight","Fine no high winds","Dry","Car occupant"