"","accident_index","date","year","month","day","time","time_hour","time_minute","day_of_week","accident_severity","number_of_casualties","casualty_severity","casualty_type","casualty_class","sex_of_casualty","age_of_casualty","first_road_class","road_type","speed_limit","second_road_class","pedestrian_location","pedestrian_movement","location_easting_osgr","location_northing_osgr","lsoa_of_accident_location","number_of_vehicles","junction_detail","light_conditions","weather_conditions","road_surface_conditions","cas_type"
"2319","20151323Q0577",2015-03-26,2015,"Mar",26,"12:00",12,0,"Thursday","Slight",1,"Slight","Cyclist","Driver or rider","Male",24,"A","Dual carriageway",30,NA,"Not a Pedestrian","Not a Pedestrian",430052,432661,"E01033016",2,"Not at junction or within 20 metres","Daylight","Fine no high winds","Dry","Cyclist"
"2320","20151323Q0780",2015-03-26,2015,"Mar",26,"14:07",14,7,"Thursday","Slight",1,"Slight","Car occupant","Driver or rider","Male",39,"Unclassified","Single carriageway",30,"Unclassified","Not a Pedestrian","Not a Pedestrian",427472,436004,"E01011435",3,"T or staggered junction","Daylight","Fine no high winds","Dry","Car occupant"
"2321","20151323Q0798",2015-03-26,2015,"Mar",26,"14:55",14,55,"Thursday","Slight",1,"Slight","Pedestrian","Pedestrian","Female",19,"Unclassified","Single carriageway",20,NA,"In carriageway, crossing elsewhere","Crossing from offside - masked by  parked or stationary vehicle",427762,434693,"E01011483",1,"Not at junction or within 20 metres","Daylight","Fine + high winds","Dry","Pedestrian"
"2322","20151323P1019",2015-03-26,2015,"Mar",26,"16:52",16,52,"Thursday","Slight",1,"Slight","Pedestrian","Pedestrian","Male",67,"Unclassified","Single carriageway",30,NA,"On footway or verge","Unknown or other",424226,438984,"E01011459",1,"Not at junction or within 20 metres","Daylight","Fine no high winds","Dry","Pedestrian"
"2323","20151323Q1449",2015-03-26,2015,"Mar",26,"19:35",19,35,"Thursday","Slight",1,"Slight","Car occupant","Driver or rider","Female",31,"Unclassified","Single carriageway",30,"Unclassified","Not a Pedestrian","Not a Pedestrian",431955,434831,"E01011433",2,"T or staggered junction","Darkness - lights lit","Fine no high winds","Dry","Car occupant"
"2324","20151323R1384",2015-03-27,2015,"Mar",27,"07:48",7,48,"Friday","Slight",2,"Slight","Motorcycle over 125cc and up to 500cc rider or  passenger","Driver or rider","Male",28,"Motorway","Single carriageway",30,"A","Not a Pedestrian","Not a Pedestrian",430565,431807,"E01011364",2,"Slip road","Daylight","Fine no high winds","Dry","Motorcyclist and pillion"
"2325","20151323R0238",2015-03-27,2015,"Mar",27,"08:10",8,10,"Friday","Serious",1,"Serious","Motorcycle 125cc and under rider or passenger","Driver or rider","Male",35,"Unclassified","Single carriageway",30,"Unclassified","Not a Pedestrian","Not a Pedestrian",427378,434918,"E01011482",2,"Crossroads","Daylight","Fine no high winds","Dry","Motorcyclist and pillion"
"2326","20151323R1537",2015-03-27,2015,"Mar",27,"20:30",20,30,"Friday","Serious",5,"Serious","Car occupant","Driver or rider","Male",68,"A","Single carriageway",60,"Unclassified","Not a Pedestrian","Not a Pedestrian",443109,433214,"E01011298",2,"T or staggered junction","Darkness - no lighting","Fine no high winds","Dry","Car occupant"
"2327","20151323S0535",2015-03-28,2015,"Mar",28,"10:15",10,15,"Saturday","Slight",1,"Slight","Motorcycle over 125cc and up to 500cc rider or  passenger","Driver or rider","Male",25,"Unclassified","Single carriageway",30,"Unclassified","Not a Pedestrian","Not a Pedestrian",433968,428869,"E01011639",2,"T or staggered junction","Daylight","Raining no high winds","Wet or damp","Motorcyclist and pillion"
"2328","20151323S0679",2015-03-28,2015,"Mar",28,"12:09",12,9,"Saturday","Slight",2,"Slight","Car occupant","Driver or rider","Female",30,"Unclassified","Single carriageway",20,"Unclassified","Not a Pedestrian","Not a Pedestrian",424419,438120,"E01011460",2,"Crossroads","Daylight","Fine no high winds","Dry","Car occupant"
"2329","20151323S0782",2015-03-28,2015,"Mar",28,"13:19",13,19,"Saturday","Slight",1,"Slight","Car occupant","Driver or rider","Male",28,"A","Single carriageway",40,"Unclassified","Not a Pedestrian","Not a Pedestrian",432959,439233,"E01011650",3,"Crossroads","Daylight","Fine no high winds","Dry","Car occupant"
"2330","20151323S1082",2015-03-28,2015,"Mar",28,"16:30",16,30,"Saturday","Slight",1,"Slight","Motorcycle over 500cc rider or passenger","Passenger","Male",16,"A","Dual carriageway",70,NA,"Not a Pedestrian","Not a Pedestrian",445458,431585,"E01011299",1,"Not at junction or within 20 metres","Daylight","Fine + high winds","Dry","Motorcyclist and pillion"
"2331","20151323S1440",2015-03-28,2015,"Mar",28,"20:15",20,15,"Saturday","Slight",2,"Slight","Motorcycle over 500cc rider or passenger","Driver or rider","Male",34,"A","Single carriageway",30,"Unclassified","Not a Pedestrian","Not a Pedestrian",428948,435472,"E01011444",2,"Crossroads","Darkness - lights lit","Fine no high winds","Dry","Motorcyclist and pillion"
"2332","20151323S1509",2015-03-28,2015,"Mar",28,"20:57",20,57,"Saturday","Slight",2,"Slight","Car occupant","Driver or rider","Male",39,"Unclassified","Single carriageway",30,NA,"Not a Pedestrian","Not a Pedestrian",421074,441342,"E01011269",2,"Not at junction or within 20 metres","Darkness - lights lit","Raining no high winds","Wet or damp","Car occupant"
"2333","20151323P0215",2015-03-29,2015,"Mar",29,"08:30",8,30,"Sunday","Slight",1,"Slight","Pedestrian","Pedestrian","Male",69,"Unclassified","Single carriageway",30,"Unclassified","On footway or verge","Unknown or other",429949,424945,"E01011537",2,"T or staggered junction","Daylight","Fine no high winds","Dry","Pedestrian"
"2334","20151323T0510",2015-03-29,2015,"Mar",29,"11:40",11,40,"Sunday","Slight",4,"Slight","Car occupant","Passenger","Female",18,"Unclassified","Single carriageway",20,NA,"Not a Pedestrian","Not a Pedestrian",425264,432128,"E01011738",2,"Not at junction or within 20 metres","Daylight","Raining no high winds","Wet or damp","Car occupant"
"2335","20151323T0535",2015-03-29,2015,"Mar",29,"12:15",12,15,"Sunday","Slight",1,"Slight","Cyclist","Driver or rider","Male",19,"Unclassified","Single carriageway",30,NA,"Not a Pedestrian","Not a Pedestrian",429104,432391,"E01033013",2,"Not at junction or within 20 metres","Daylight","Raining no high winds","Wet or damp","Cyclist"
"2336","20151323T0572",2015-03-29,2015,"Mar",29,"12:50",12,50,"Sunday","Slight",1,"Slight","Cyclist","Driver or rider","Male",40,"Unclassified","Single carriageway",30,"Unclassified","Not a Pedestrian","Not a Pedestrian",430683,432922,"E01033018",2,"T or staggered junction","Daylight","Raining no high winds","Wet or damp","Cyclist"
"2337","20151323T0873",2015-03-29,2015,"Mar",29,"16:20",16,20,"Sunday","Slight",1,"Slight","Cyclist","Driver or rider","Male",4,"Unclassified","Single carriageway",30,"Unclassified","Not a Pedestrian","Not a Pedestrian",432784,435395,"E01011431",2,"Crossroads","Daylight","Fine + high winds","Dry","Cyclist"
"2338","20151323T1348",2015-03-29,2015,"Mar",29,"22:41",22,41,"Sunday","Slight",1,"Slight","Cyclist","Driver or rider","Male",16,"Unclassified","Single carriageway",30,"Unclassified","Not a Pedestrian","Not a Pedestrian",428486,434449,"E01011681",2,"T or staggered junction","Daylight","Fine no high winds","Dry","Cyclist"
"2339","20151323U0260",2015-03-30,2015,"Mar",30,"09:00",9,0,"Monday","Slight",1,"Slight","Pedestrian","Pedestrian","Female",22,"Unclassified","Single carriageway",30,NA,"In carriageway, crossing elsewhere","Crossing from driver's nearside",426034,439482,"E01011388",1,"Not at junction or within 20 metres","Daylight","Fine no high winds","Dry","Pedestrian"
"2340","20151323U0437",2015-03-30,2015,"Mar",30,"11:00",11,0,"Monday","Slight",1,"Slight","Cyclist","Driver or rider","Male",20,"Unclassified","Single carriageway",30,NA,"Not a Pedestrian","Not a Pedestrian",431042,436500,"E01011356",2,"Not at junction or within 20 metres","Daylight","Fine no high winds","Dry","Cyclist"
"2341","20151323U0452",2015-03-30,2015,"Mar",30,"11:10",11,10,"Monday","Slight",1,"Slight","Van / Goods vehicle (3.5 tonnes mgw or under) occupant","Driver or rider","Male",25,"A(M)","Dual carriageway",70,NA,"Not a Pedestrian","Not a Pedestrian",444763,432446,"E01011297",2,"Not at junction or within 20 metres","Daylight","Fine no high winds","Dry","Bus and goods vehicle occupant"
"2342","20151323U1433",2015-03-30,2015,"Mar",30,"18:25",18,25,"Monday","Slight",1,"Slight","Cyclist","Driver or rider","Male",56,"Unclassified","Single carriageway",30,"Unclassified","Not a Pedestrian","Not a Pedestrian",428014,435482,"E01011442",2,"T or staggered junction","Daylight","Raining no high winds","Wet or damp","Cyclist"
"2343","20151323V0433",2015-03-30,2015,"Mar",30,"21:20",21,20,"Monday","Slight",1,"Slight","Cyclist","Driver or rider","Male",31,"Unclassified","Single carriageway",30,"Unclassified","Not a Pedestrian","Not a Pedestrian",430868,436344,"E01011356",2,"T or staggered junction","Darkness - lights lit","Raining no high winds","Wet or damp","Cyclist"
"2344","20151323V0060",2015-03-31,2015,"Mar",31,"01:04",1,4,"Tuesday","Slight",4,"Slight","Car occupant","Passenger","Male",47,"Unclassified","Single carriageway",30,NA,"Not a Pedestrian","Not a Pedestrian",432175,435631,"E01011427",2,"Not at junction or within 20 metres","Darkness - lights lit","Raining + high winds","Wet or damp","Car occupant"
"2345","20151323V0122",2015-03-31,2015,"Mar",31,"02:24",2,24,"Tuesday","Slight",2,"Slight","Car occupant","Driver or rider","Female",41,"A","Dual carriageway",40,"A","Not a Pedestrian","Not a Pedestrian",432021,435878,"E01011647",1,"T or staggered junction","Darkness - lights lit","Raining + high winds","Wet or damp","Car occupant"
"2346","20151323V1162",2015-03-31,2015,"Mar",31,"12:00",12,0,"Tuesday","Slight",1,"Slight","Pedestrian","Pedestrian","Male",39,"Unclassified","Single carriageway",30,NA,"Unknown or other","Crossing from driver's nearside",430113,434139,"E01033010",1,"Not at junction or within 20 metres","Daylight","Fine no high winds","Dry","Pedestrian"
"2347","20151323V1374",2015-03-31,2015,"Mar",31,"19:35",19,35,"Tuesday","Serious",1,"Serious","Pedestrian","Pedestrian","Male",54,"Unclassified","Single carriageway",30,NA,"In carriageway, not crossing","Unknown or other",420537,441180,"E01011269",2,"Not at junction or within 20 metres","Daylight","Fine + high winds","Wet or damp","Pedestrian"
"2348","20151323V1543",2015-03-31,2015,"Mar",31,"20:10",20,10,"Tuesday","Slight",1,"Slight","Car occupant","Driver or rider","Male",32,"Unclassified","Single carriageway",30,"Unclassified","Not a Pedestrian","Not a Pedestrian",432672,436912,"E01011645",2,"More than 4 arms (not roundabout)","Darkness - lights lit","Raining no high winds","Wet or damp","Car occupant"
"2349","2015132410323",2015-04-01,2015,"Apr",1,"07:20",7,20,"Wednesday","Slight",1,"Slight","Car occupant","Driver or rider","Female",19,"Unclassified","Single carriageway",30,NA,"Not a Pedestrian","Not a Pedestrian",429939,427156,"E01011492",2,"Not at junction or within 20 metres","Daylight","Fine no high winds","Dry","Car occupant"
"2350","2015132410244",2015-04-01,2015,"Apr",1,"08:37",8,37,"Wednesday","Serious",1,"Serious","Pedestrian","Pedestrian","Male",29,"Unclassified","Single carriageway",30,NA,"In carriageway, crossing elsewhere","Crossing from driver's nearside",428947,431095,"E01011370",1,"Not at junction or within 20 metres","Daylight","Raining no high winds","Wet or damp","Pedestrian"
"2351","2015132410297",2015-04-01,2015,"Apr",1,"09:18",9,18,"Wednesday","Slight",1,"Slight","Car occupant","Driver or rider","Female",27,"Unclassified","Single carriageway",30,NA,"Not a Pedestrian","Not a Pedestrian",430954,435909,"E01011356",2,"Not at junction or within 20 metres","Daylight","Fine no high winds","Dry","Car occupant"
"2352","2015132410505",2015-04-01,2015,"Apr",1,"11:50",11,50,"Wednesday","Slight",3,"Slight","Car occupant","Driver or rider","Female",36,"A","Single carriageway",60,NA,"Not a Pedestrian","Not a Pedestrian",440579,426178,"E01011395",1,"Not at junction or within 20 metres","Daylight","Fine + high winds","Dry","Car occupant"
"2353","2015132410581",2015-04-01,2015,"Apr",1,"12:29",12,29,"Wednesday","Serious",1,"Serious","Pedestrian","Pedestrian","Female",75,"Unclassified","Single carriageway",30,"B","Crossing on pedestrian crossing facility","Crossing from driver's nearside",423426,437612,"E01011465",1,"T or staggered junction","Daylight","Fine no high winds","Dry","Pedestrian"
"2354","2015132410639",2015-04-01,2015,"Apr",1,"13:11",13,11,"Wednesday","Slight",2,"Slight","Car occupant","Driver or rider","Male",25,"A","Single carriageway",40,"Unclassified","Not a Pedestrian","Not a Pedestrian",422974,443050,"E01032503",3,"Crossroads","Daylight","Raining no high winds","Wet or damp","Car occupant"
"2355","2015132411078",2015-04-01,2015,"Apr",1,"17:10",17,10,"Wednesday","Slight",1,"Slight","Car occupant","Driver or rider","Male",65,"Unclassified","Single carriageway",30,"Unclassified","Not a Pedestrian","Not a Pedestrian",426560,437636,"E01011687",2,"Crossroads","Daylight","Fine no high winds","Dry","Car occupant"
"2356","2015132420907",2015-04-01,2015,"Apr",1,"17:30",17,30,"Wednesday","Slight",1,"Slight","Cyclist","Driver or rider","Male",22,"Unclassified","Single carriageway",30,"Unclassified","Not a Pedestrian","Not a Pedestrian",433387,436914,"E01011643",2,"T or staggered junction","Daylight","Fine no high winds","Dry","Cyclist"
"2357","20151324U1189",2015-04-01,2015,"Apr",1,"18:25",18,25,"Wednesday","Slight",1,"Slight","Cyclist","Driver or rider","Male",50,"A","Single carriageway",30,"Unclassified","Not a Pedestrian","Not a Pedestrian",418020,442669,"E01011266",2,"T or staggered junction","Daylight","Fine no high winds","Dry","Cyclist"
"2358","2015132411225",2015-04-01,2015,"Apr",1,"18:29",18,29,"Wednesday","Slight",2,"Slight","Car occupant","Passenger","Male",8,"Unclassified","Single carriageway",30,"Unclassified","Not a Pedestrian","Not a Pedestrian",433313,426326,"E01011500",2,"Crossroads","Daylight","Raining no high winds","Wet or damp","Car occupant"
"2359","2015132411393",2015-04-01,2015,"Apr",1,"20:05",20,5,"Wednesday","Slight",2,"Slight","Car occupant","Driver or rider","Male",24,"Unclassified","Single carriageway",30,"Unclassified","Not a Pedestrian","Not a Pedestrian",431402,435029,"E01011673",3,"Crossroads","Darkness - lights lit","Fine no high winds","Wet or damp","Car occupant"
"2360","2015132420258",2015-04-02,2015,"Apr",2,"08:30",8,30,"Thursday","Slight",1,"Slight","Cyclist","Driver or rider","Male",34,"Unclassified","Dual carriageway",30,"Unclassified","Not a Pedestrian","Not a Pedestrian",432060,435967,"E01011647",2,"T or staggered junction","Daylight","Fine no high winds","Dry","Cyclist"
"2361","2015132420283",2015-04-02,2015,"Apr",2,"08:48",8,48,"Thursday","Slight",1,"Slight","Pedestrian","Pedestrian","Female",20,"Unclassified","Single carriageway",20,"Unclassified","In carriageway, crossing elsewhere","Crossing from driver's offside",427505,435442,"E01011480",1,"T or staggered junction","Daylight","Fine no high winds","Dry","Pedestrian"
"2362","2015132421224",2015-04-02,2015,"Apr",2,"16:45",16,45,"Thursday","Slight",1,"Slight","Cyclist","Driver or rider","Male",29,"Unclassified","Single carriageway",30,"Unclassified","Not a Pedestrian","Not a Pedestrian",430849,434069,"E01033031",2,"Private drive or entrance","Daylight","Fine no high winds","Dry","Cyclist"
"2363","2015132421638",2015-04-02,2015,"Apr",2,"20:30",20,30,"Thursday","Slight",1,"Slight","Cyclist","Driver or rider","Male",38,"Unclassified","Single carriageway",30,"B","Not a Pedestrian","Not a Pedestrian",423192,434656,"E01011337",2,"Crossroads","Darkness - lights lit","Fine no high winds","Dry","Cyclist"
"2364","2015132421679",2015-04-02,2015,"Apr",2,"21:00",21,0,"Thursday","Serious",1,"Serious","Pedestrian","Pedestrian","Male",48,"A","Single carriageway",30,NA,"In carriageway, crossing elsewhere","Crossing from driver's nearside",431916,435768,"E01011422",1,"Not at junction or within 20 metres","Darkness - lights lit","Fine no high winds","Dry","Pedestrian"
"2365","2015132430623",2015-04-03,2015,"Apr",3,"12:36",12,36,"Friday","Slight",1,"Slight","Car occupant","Driver or rider","Male",37,"B","Single carriageway",30,NA,"Not a Pedestrian","Not a Pedestrian",432139,435308,"E01011432",2,"Not at junction or within 20 metres","Daylight","Fine no high winds","Wet or damp","Car occupant"
"2366","2015132441311",2015-04-04,2015,"Apr",4,"19:10",19,10,"Saturday","Slight",1,"Slight","Car occupant","Driver or rider","Male",44,"Unclassified","Single carriageway",30,"Unclassified","Not a Pedestrian","Not a Pedestrian",430801,435344,"E01011360",2,"Crossroads","Daylight","Fine no high winds","Dry","Car occupant"
"2367","2015132441585",2015-04-04,2015,"Apr",4,"21:29",21,29,"Saturday","Serious",4,"Slight","Car occupant","Driver or rider","Male",25,"Unclassified","Single carriageway",30,"Unclassified","Not a Pedestrian","Not a Pedestrian",430486,437095,"E01011352",3,"T or staggered junction","Darkness - lights lit","Fine no high winds","Dry","Car occupant"
"2368","2015132450877",2015-04-05,2015,"Apr",5,"03:00",3,0,"Sunday","Slight",1,"Slight","Pedestrian","Pedestrian","Male",29,"Unclassified","One way street",30,NA,"Unknown or other","Unknown or other",430333,433353,"E01033010",1,"Not at junction or within 20 metres","Darkness - lighting unknown","Fine no high winds","Wet or damp","Pedestrian"
"2369","2015132450446",2015-04-05,2015,"Apr",5,"09:15",9,15,"Sunday","Slight",1,"Slight","Cyclist","Driver or rider","Male",44,"A","Roundabout",40,"A","Not a Pedestrian","Not a Pedestrian",426807,438051,"E01011687",2,"Roundabout","Daylight","Fine no high winds","Dry","Cyclist"
"2370","2015132460843",2015-04-06,2015,"Apr",6,"14:35",14,35,"Monday","Slight",1,"Slight","Car occupant","Passenger","Male",4,"A","Dual carriageway",40,NA,"Not a Pedestrian","Not a Pedestrian",436044,436625,"E01011720",3,"Not at junction or within 20 metres","Daylight","Fine no high winds","Dry","Car occupant"
"2371","2015132460978",2015-04-06,2015,"Apr",6,"15:00",15,0,"Monday","Slight",5,"Slight","Car occupant","Driver or rider","Male",66,"A","Single carriageway",50,"Unclassified","Not a Pedestrian","Not a Pedestrian",442804,430043,"E01011303",2,"Private drive or entrance","Daylight","Fine no high winds","Dry","Car occupant"
"2372","2015132460974",2015-04-06,2015,"Apr",6,"15:45",15,45,"Monday","Slight",1,"Slight","Pedestrian","Pedestrian","Female",26,"A","Single carriageway",30,"Unclassified","In carriageway, not crossing","In carriageway, stationary - not crossing  (standing or playing)",430667,433033,"E01033019",1,"T or staggered junction","Daylight","Fine no high winds","Dry","Pedestrian"
"2373","2015132461335",2015-04-06,2015,"Apr",6,"19:04",19,4,"Monday","Slight",2,"Slight","Car occupant","Driver or rider","Male",19,"Unclassified","Single carriageway",30,"Unclassified","Not a Pedestrian","Not a Pedestrian",435316,433760,"E01011417",3,"Private drive or entrance","Daylight","Fine no high winds","Dry","Car occupant"
"2374","2015132461649",2015-04-06,2015,"Apr",6,"20:35",20,35,"Monday","Slight",1,"Slight","Car occupant","Driver or rider","Male",18,"Unclassified","Dual carriageway",30,NA,"Not a Pedestrian","Not a Pedestrian",433143,436137,"E01011648",2,"Not at junction or within 20 metres","Daylight","Fine no high winds","Dry","Car occupant"
"2375","2015132461835",2015-04-06,2015,"Apr",6,"23:35",23,35,"Monday","Slight",2,"Slight","Car occupant","Driver or rider","Male",40,"Unclassified","Single carriageway",30,"Unclassified","Not a Pedestrian","Not a Pedestrian",431328,435459,"E01011361",2,"T or staggered junction","Darkness - lights lit","Fine no high winds","Dry","Car occupant"
"2376","2015132470212",2015-04-07,2015,"Apr",7,"06:50",6,50,"Tuesday","Serious",5,"Slight","Minibus (8 - 16 passenger seats) occupant","Driver or rider","Male",74,"Unclassified","Single carriageway",60,NA,"Not a Pedestrian","Not a Pedestrian",428477,440937,"E01011554",3,"Not at junction or within 20 metres","Daylight","Fine no high winds","Dry","Bus and goods vehicle occupant"
"2377","2015132470302",2015-04-07,2015,"Apr",7,"08:50",8,50,"Tuesday","Slight",1,"Slight","Car occupant","Driver or rider","Female",25,"A","Roundabout",70,"Unclassified","Not a Pedestrian","Not a Pedestrian",428408,428707,"E01011531",3,"Roundabout","Daylight","Fine no high winds","Dry","Car occupant"
"2378","2015132471090",2015-04-07,2015,"Apr",7,"15:45",15,45,"Tuesday","Slight",1,"Slight","Pedestrian","Pedestrian","Female",20,"Unclassified","Single carriageway",20,NA,"Crossing on pedestrian crossing facility","Crossing from driver's nearside",428333,429426,"E01011531",1,"Not at junction or within 20 metres","Daylight","Fine no high winds","Dry","Pedestrian"
"2379","2015132471402",2015-04-07,2015,"Apr",7,"17:10",17,10,"Tuesday","Slight",1,"Slight","Bus or coach occupant (17 or more pass seats)","Passenger","Male",55,"A","Dual carriageway",30,"B","Not a Pedestrian","Not a Pedestrian",420360,434249,"E01011595",1,"Roundabout","Daylight","Fine no high winds","Dry","Bus and goods vehicle occupant"
"2380","2015132481294",2015-04-08,2015,"Apr",8,"08:00",8,0,"Wednesday","Slight",1,"Slight","Cyclist","Driver or rider","Male",31,"A","Dual carriageway",30,"Unclassified","Not a Pedestrian","Not a Pedestrian",428376,434061,"E01011681",2,"T or staggered junction","Daylight","Fine no high winds","Dry","Cyclist"
"2381","2015132480598",2015-04-08,2015,"Apr",8,"12:26",12,26,"Wednesday","Slight",1,"Slight","Cyclist","Driver or rider","Male",32,"A","Single carriageway",30,"Unclassified","Not a Pedestrian","Not a Pedestrian",431430,435108,"E01011429",2,"T or staggered junction","Daylight","Fine no high winds","Dry","Cyclist"
"2382","2015132480749",2015-04-08,2015,"Apr",8,"13:52",13,52,"Wednesday","Serious",2,"Serious","Car occupant","Driver or rider","Female",18,"Motorway","Dual carriageway",70,NA,"Not a Pedestrian","Not a Pedestrian",434883,431172,"E01011624",3,"Not at junction or within 20 metres","Daylight","Fine no high winds","Dry","Car occupant"
"2383","2015132480885",2015-04-08,2015,"Apr",8,"14:50",14,50,"Wednesday","Slight",1,"Slight","Motorcycle over 125cc and up to 500cc rider or  passenger","Driver or rider","Male",76,"A","Single carriageway",40,"Unclassified","Not a Pedestrian","Not a Pedestrian",441176,448799,"E01011700",1,"Roundabout","Daylight","Fine no high winds","Dry","Motorcyclist and pillion"
"2384","2015132481330",2015-04-08,2015,"Apr",8,"18:14",18,14,"Wednesday","Serious",1,"Serious","Motorcycle 125cc and under rider or passenger","Driver or rider","Male",28,"Unclassified","Single carriageway",30,"Unclassified","Not a Pedestrian","Not a Pedestrian",427964,435659,"E01011442",2,"Private drive or entrance","Daylight","Fine no high winds","Dry","Motorcyclist and pillion"
"2385","2015132481683",2015-04-08,2015,"Apr",8,"20:50",20,50,"Wednesday","Slight",1,"Slight","Motorcycle over 500cc rider or passenger","Driver or rider","Male",43,"A","Single carriageway",40,NA,"Not a Pedestrian","Not a Pedestrian",439524,426178,"E01011395",1,"Not at junction or within 20 metres","Darkness - lights lit","Fine no high winds","Dry","Motorcyclist and pillion"
"2386","2015132491283",2015-04-09,2015,"Apr",9,"18:30",18,30,"Thursday","Slight",1,"Slight","Car occupant","Passenger","Female",26,"A","Single carriageway",40,NA,"Not a Pedestrian","Not a Pedestrian",424390,428121,"E01011523",2,"Not at junction or within 20 metres","Daylight","Fine no high winds","Dry","Car occupant"
"2387","20151324B0407",2015-04-10,2015,"Apr",10,"12:40",12,40,"Friday","Slight",1,"Slight","Cyclist","Driver or rider","Male",38,"A","Dual carriageway",30,NA,"Not a Pedestrian","Not a Pedestrian",430715,433742,"E01033011",2,"Not at junction or within 20 metres","Daylight","Fine no high winds","Dry","Cyclist"
"2388","20151324A1196",2015-04-10,2015,"Apr",10,"17:24",17,24,"Friday","Slight",1,"Slight","Motorcycle over 125cc and up to 500cc rider or  passenger","Driver or rider","Female",48,"Unclassified","Single carriageway",30,"Unclassified","Not a Pedestrian","Not a Pedestrian",443052,445597,"E01011711",1,"T or staggered junction","Daylight","Fine no high winds","Dry","Motorcyclist and pillion"
"2389","20151324A1424",2015-04-10,2015,"Apr",10,"19:00",19,0,"Friday","Serious",1,"Serious","Car occupant","Driver or rider","Male",41,"A","Dual carriageway",70,NA,"Not a Pedestrian","Not a Pedestrian",421067,434231,"E01011599",1,"Not at junction or within 20 metres","Daylight","Fine no high winds","Dry","Car occupant"
"2390","20151324A1503",2015-04-10,2015,"Apr",10,"19:37",19,37,"Friday","Slight",1,"Slight","Motorcycle over 125cc and up to 500cc rider or  passenger","Driver or rider","Male",58,"Unclassified","Single carriageway",30,NA,"Not a Pedestrian","Not a Pedestrian",425962,434813,"E01011281",2,"Not at junction or within 20 metres","Daylight","Fine no high winds","Dry","Motorcyclist and pillion"
"2391","20151324A1627",2015-04-10,2015,"Apr",10,"20:43",20,43,"Friday","Slight",1,"Slight","Pedestrian","Pedestrian","Male",35,"Unclassified","Single carriageway",30,NA,"In carriageway, crossing elsewhere","Crossing from nearside - masked by parked or stationary vehicle",433797,434675,"E01011346",1,"Not at junction or within 20 metres","Darkness - lights lit","Fine no high winds","Dry","Pedestrian"
"2392","20151324B0116",2015-04-11,2015,"Apr",11,"01:21",1,21,"Saturday","Slight",2,"Slight","Taxi/Private hire car occupant","Passenger","Female",18,"A","One way street",30,"Unclassified","Not a Pedestrian","Not a Pedestrian",430033,431028,"E01011312",2,"Crossroads","Darkness - lights lit","Fine no high winds","Dry","Car occupant"
"2393","20151324B0765",2015-04-11,2015,"Apr",11,"14:10",14,10,"Saturday","Slight",1,"Slight","Car occupant","Driver or rider","Female",23,"Unclassified","Single carriageway",30,NA,"Not a Pedestrian","Not a Pedestrian",428111,435240,"E01011446",2,"Not at junction or within 20 metres","Daylight","Fine no high winds","Dry","Car occupant"
"2394","20151324C0720",2015-04-12,2015,"Apr",12,"13:20",13,20,"Sunday","Slight",1,"Slight","Car occupant","Driver or rider","Female",23,"A(M)","Dual carriageway",70,NA,"Not a Pedestrian","Not a Pedestrian",440671,446022,"E01011707",1,"Not at junction or within 20 metres","Daylight","Raining + high winds","Wet or damp","Car occupant"
"2395","20151324D0142",2015-04-13,2015,"Apr",13,"06:10",6,10,"Monday","Slight",2,"Slight","Taxi/Private hire car occupant","Driver or rider","Male",37,"Unclassified","Slip road",30,"A","Not a Pedestrian","Not a Pedestrian",435790,436358,"E01011661",2,"Roundabout","Daylight","Fine no high winds","Dry","Car occupant"
"2396","20151324D0548",2015-04-13,2015,"Apr",13,"12:15",12,15,"Monday","Slight",2,"Slight","Car occupant","Driver or rider","Female",82,"A","Dual carriageway",70,NA,"Not a Pedestrian","Not a Pedestrian",429653,438791,"E01011559",2,"Not at junction or within 20 metres","Daylight","Fine no high winds","Dry","Car occupant"
"2397","20151324D1285",2015-04-13,2015,"Apr",13,"18:40",18,40,"Monday","Serious",1,"Serious","Cyclist","Driver or rider","Male",58,"A","Single carriageway",30,NA,"Not a Pedestrian","Not a Pedestrian",418050,442626,"E01011280",2,"Not at junction or within 20 metres","Daylight","Fine no high winds","Dry","Cyclist"
"2398","20151324E0244",2015-04-14,2015,"Apr",14,"08:25",8,25,"Tuesday","Slight",4,"Slight","Van / Goods vehicle (3.5 tonnes mgw or under) occupant","Driver or rider","Male",26,"A","Single carriageway",40,NA,"Not a Pedestrian","Not a Pedestrian",422811,437414,"E01011452",4,"Not at junction or within 20 metres","Daylight","Fine no high winds","Dry","Bus and goods vehicle occupant"
"2399","20151324E0669",2015-04-14,2015,"Apr",14,"13:30",13,30,"Tuesday","Slight",2,"Slight","Van / Goods vehicle (3.5 tonnes mgw or under) occupant","Driver or rider","Male",78,"A","Single carriageway",40,NA,"Not a Pedestrian","Not a Pedestrian",420804,439746,"E01011278",3,"Not at junction or within 20 metres","Daylight","Fine no high winds","Dry","Bus and goods vehicle occupant"
"2400","20151324E1093",2015-04-14,2015,"Apr",14,"17:10",17,10,"Tuesday","Slight",1,"Slight","Car occupant","Passenger","Male",9,"Unclassified","Single carriageway",20,"B","Not a Pedestrian","Not a Pedestrian",427019,433118,"E01011292",2,"T or staggered junction","Daylight","Fine no high winds","Dry","Car occupant"
"2401","20151324E1213",2015-04-14,2015,"Apr",14,"18:10",18,10,"Tuesday","Slight",2,"Slight","Car occupant","Driver or rider","Female",25,"A","Dual carriageway",40,NA,"Not a Pedestrian","Not a Pedestrian",433867,436536,"E01011646",2,"Not at junction or within 20 metres","Daylight","Fine no high winds","Dry","Car occupant"