"","accident_index","date","year","month","day","time","time_hour","time_minute","day_of_week","accident_severity","number_of_casualties","casualty_severity","casualty_type","casualty_class","sex_of_casualty","age_of_casualty","first_road_class","road_type","speed_limit","second_road_class","pedestrian_location","pedestrian_movement","location_easting_osgr","location_northing_osgr","lsoa_of_accident_location","number_of_vehicles","junction_detail","light_conditions","weather_conditions","road_surface_conditions","cas_type"
"2402","20151324F0250",2015-04-15,2015,"Apr",15,"08:41",8,41,"Wednesday","Slight",1,"Slight","Car occupant","Driver or rider","Female",42,"A","Roundabout",40,"Unclassified","Not a Pedestrian","Not a Pedestrian",430550,431104,"E01011468",2,"Roundabout","Daylight","Fine no high winds","Dry","Car occupant"
"2403","20151324G0374",2015-04-15,2015,"Apr",15,"10:00",10,0,"Wednesday","Slight",1,"Slight","Car occupant","Passenger","Female",20,"Unclassified","Single carriageway",30,"Unclassified","Not a Pedestrian","Not a Pedestrian",430397,437894,"E01011515",2,"T or staggered junction","Daylight","Fine no high winds","Dry","Car occupant"
"2404","20151324F0417",2015-04-15,2015,"Apr",15,"10:53",10,53,"Wednesday","Slight",1,"Slight","Cyclist","Driver or rider","Male",25,"Unclassified","Single carriageway",30,"Unclassified","Not a Pedestrian","Not a Pedestrian",432713,438564,"E01011653",2,"T or staggered junction","Daylight","Fine no high winds","Dry","Cyclist"
"2405","20151324F1130",2015-04-15,2015,"Apr",15,"17:31",17,31,"Wednesday","Slight",1,"Slight","Car occupant","Driver or rider","Female",37,"Unclassified","Single carriageway",60,NA,"Not a Pedestrian","Not a Pedestrian",423698,442160,"E01032503",1,"Not at junction or within 20 metres","Daylight","Fine no high winds","Dry","Car occupant"
"2406","20151324G0531",2015-04-16,2015,"Apr",16,"11:38",11,38,"Thursday","Slight",2,"Slight","Car occupant","Driver or rider","Male",27,"A","Single carriageway",30,"Unclassified","Not a Pedestrian","Not a Pedestrian",428067,431126,"E01011369",3,"Crossroads","Daylight","Fine no high winds","Dry","Car occupant"
"2407","20151324G0760",2015-04-16,2015,"Apr",16,"13:58",13,58,"Thursday","Slight",1,"Slight","Cyclist","Driver or rider","Female",51,"A","Single carriageway",30,"A","Not a Pedestrian","Not a Pedestrian",434791,437966,"E01011650",2,"Roundabout","Daylight","Fine no high winds","Dry","Cyclist"
"2408","20151324G1173",2015-04-16,2015,"Apr",16,"14:15",14,15,"Thursday","Slight",1,"Slight","Car occupant","Passenger","Female",87,"Unclassified","Single carriageway",30,NA,"Not a Pedestrian","Not a Pedestrian",431034,437896,"E01011517",1,"Not at junction or within 20 metres","Daylight","Fine no high winds","Dry","Car occupant"
"2409","20151324G1083",2015-04-16,2015,"Apr",16,"14:45",14,45,"Thursday","Slight",2,"Slight","Bus or coach occupant (17 or more pass seats)","Passenger","Male",2,"Unclassified","Dual carriageway",40,"A(M)","Not a Pedestrian","Not a Pedestrian",428934,433424,"E01033015",2,"Slip road","Daylight","Fine no high winds","Dry","Bus and goods vehicle occupant"
"2410","20151324G0886",2015-04-16,2015,"Apr",16,"14:55",14,55,"Thursday","Slight",1,"Slight","Car occupant","Driver or rider","Female",47,"A","Single carriageway",30,"Unclassified","Not a Pedestrian","Not a Pedestrian",424393,445320,"E01011570",2,"T or staggered junction","Daylight","Fine no high winds","Dry","Car occupant"
"2411","20151324G1091",2015-04-16,2015,"Apr",16,"16:35",16,35,"Thursday","Slight",1,"Slight","Car occupant","Driver or rider","Male",32,"Unclassified","Single carriageway",60,NA,"Not a Pedestrian","Not a Pedestrian",418483,443818,"E01011279",1,"Not at junction or within 20 metres","Daylight","Fine no high winds","Dry","Car occupant"
"2412","20151324G1597",2015-04-16,2015,"Apr",16,"20:30",20,30,"Thursday","Slight",1,"Slight","Car occupant","Passenger","Female",17,"A","Dual carriageway",40,"Unclassified","Not a Pedestrian","Not a Pedestrian",434696,434565,"E01011341",2,"T or staggered junction","Daylight","Fine no high winds","Dry","Car occupant"
"2413","20151324H1185",2015-04-17,2015,"Apr",17,"10:45",10,45,"Friday","Slight",1,"Slight","Car occupant","Driver or rider","Female",34,"Unclassified","Single carriageway",30,NA,"Not a Pedestrian","Not a Pedestrian",429330,433810,"E01011678",2,"Not at junction or within 20 metres","Daylight","Fine no high winds","Dry","Car occupant"
"2414","20151324H0684",2015-04-17,2015,"Apr",17,"13:15",13,15,"Friday","Slight",1,"Slight","Car occupant","Driver or rider","Female",67,"Unclassified","Single carriageway",30,NA,"Not a Pedestrian","Not a Pedestrian",422230,435514,"E01011593",2,"Not at junction or within 20 metres","Daylight","Fine no high winds","Dry","Car occupant"
"2415","20151324H1400",2015-04-17,2015,"Apr",17,"13:30",13,30,"Friday","Slight",1,"Slight","Cyclist","Driver or rider","Female",12,"A","Single carriageway",30,"Unclassified","Not a Pedestrian","Not a Pedestrian",432700,433838,"E01011615",2,"Private drive or entrance","Daylight","Fine no high winds","Dry","Cyclist"
"2416","20151324H0925",2015-04-17,2015,"Apr",17,"14:30",14,30,"Friday","Slight",1,"Slight","Car occupant","Driver or rider","Female",33,"A","Single carriageway",30,"A","Not a Pedestrian","Not a Pedestrian",428893,425994,"E01011538",3,"Crossroads","Daylight","Fine no high winds","Dry","Car occupant"
"2417","20151324H0866",2015-04-17,2015,"Apr",17,"14:42",14,42,"Friday","Slight",2,"Slight","Car occupant","Driver or rider","Female",25,"A","Roundabout",40,"A","Not a Pedestrian","Not a Pedestrian",428116,426280,"E01011550",2,"Roundabout","Daylight","Fine no high winds","Dry","Car occupant"
"2418","20151324H1015",2015-04-17,2015,"Apr",17,"15:53",15,53,"Friday","Serious",3,"Serious","Car occupant","Driver or rider","Male",37,"A","Single carriageway",30,"Unclassified","Not a Pedestrian","Not a Pedestrian",438495,430408,"E01011390",2,"T or staggered junction","Daylight","Fine no high winds","Dry","Car occupant"
"2419","20151324H1115",2015-04-17,2015,"Apr",17,"16:40",16,40,"Friday","Slight",1,"Slight","Motorcycle over 500cc rider or passenger","Driver or rider","Male",61,"Unclassified","Single carriageway",30,NA,"Not a Pedestrian","Not a Pedestrian",424732,434896,"E01011282",2,"Not at junction or within 20 metres","Daylight","Fine no high winds","Dry","Motorcyclist and pillion"
"2420","20151324H1125",2015-04-17,2015,"Apr",17,"16:47",16,47,"Friday","Slight",1,"Slight","Pedestrian","Pedestrian","Female",31,"Unclassified","Single carriageway",30,NA,"In carriageway, crossing elsewhere","Crossing from driver's nearside",424586,434644,"E01011336",1,"Not at junction or within 20 metres","Daylight","Fine no high winds","Dry","Pedestrian"
"2421","20151324H1280",2015-04-17,2015,"Apr",17,"17:57",17,57,"Friday","Slight",1,"Slight","Car occupant","Driver or rider","Female",33,"Unclassified","Single carriageway",30,"Unclassified","Not a Pedestrian","Not a Pedestrian",436054,428299,"E01011635",2,"T or staggered junction","Daylight","Fine no high winds","Dry","Car occupant"
"2422","20151324I1142",2015-04-18,2015,"Apr",18,"16:56",16,56,"Saturday","Slight",1,"Slight","Pedestrian","Pedestrian","Male",3,"Unclassified","One way street",30,NA,"Crossing on pedestrian crossing facility","Crossing from driver's nearside",430479,433954,"E01033002",1,"Not at junction or within 20 metres","Daylight","Fine no high winds","Dry","Pedestrian"
"2423","20151324J0248",2015-04-19,2015,"Apr",19,"02:55",2,55,"Sunday","Slight",1,"Slight","Car occupant","Driver or rider","Male",32,"Unclassified","Single carriageway",30,NA,"Not a Pedestrian","Not a Pedestrian",433446,426578,"E01011634",1,"Not at junction or within 20 metres","Darkness - lights lit","Fine no high winds","Dry","Car occupant"
"2424","20151324J1015",2015-04-19,2015,"Apr",19,"15:30",15,30,"Sunday","Slight",1,"Slight","Pedestrian","Pedestrian","Male",3,"Unclassified","Single carriageway",30,NA,"In carriageway, not crossing","In carriageway, stationary - not crossing  (standing or playing) - masked by parked or stationary vehicle",430231,439102,"E01011510",1,"Not at junction or within 20 metres","Daylight","Fine no high winds","Dry","Pedestrian"
"2425","20151324J1094",2015-04-19,2015,"Apr",19,"16:41",16,41,"Sunday","Serious",1,"Serious","Pedestrian","Pedestrian","Male",7,"Unclassified","Single carriageway",30,NA,"In carriageway, crossing elsewhere","Crossing from driver's nearside",424010,433985,"E01011608",1,"Not at junction or within 20 metres","Daylight","Fine no high winds","Dry","Pedestrian"
"2426","20151324K1671",2015-04-20,2015,"Apr",20,"17:20",17,20,"Monday","Slight",3,"Slight","Bus or coach occupant (17 or more pass seats)","Passenger","Male",35,"Unclassified","Dual carriageway",30,NA,"Not a Pedestrian","Not a Pedestrian",429938,433392,"E01033010",1,"Not at junction or within 20 metres","Daylight","Fine no high winds","Dry","Bus and goods vehicle occupant"
"2427","20151324K1310",2015-04-20,2015,"Apr",20,"18:35",18,35,"Monday","Slight",1,"Slight","Car occupant","Passenger","Female",12,"B","Single carriageway",30,"Unclassified","Not a Pedestrian","Not a Pedestrian",428621,436944,"E01011693",2,"T or staggered junction","Daylight","Fine no high winds","Dry","Car occupant"
"2428","20151324K1326",2015-04-20,2015,"Apr",20,"18:46",18,46,"Monday","Slight",1,"Slight","Cyclist","Driver or rider","Male",38,"A","Single carriageway",30,"Unclassified","Not a Pedestrian","Not a Pedestrian",428437,435708,"E01032946",2,"T or staggered junction","Daylight","Fine no high winds","Dry","Cyclist"
"2429","20151324L0295",2015-04-21,2015,"Apr",21,"06:45",6,45,"Tuesday","Slight",1,"Slight","Cyclist","Driver or rider","Male",55,"Unclassified","Single carriageway",30,"Unclassified","Not a Pedestrian","Not a Pedestrian",433814,433502,"E01011622",2,"T or staggered junction","Daylight","Fine no high winds","Dry","Cyclist"
"2430","20151324L0178",2015-04-21,2015,"Apr",21,"07:25",7,25,"Tuesday","Slight",1,"Slight","Car occupant","Driver or rider","Male",63,"Unclassified","Dual carriageway",30,"Unclassified","Not a Pedestrian","Not a Pedestrian",433168,435237,"E01011339",2,"Crossroads","Daylight","Fine no high winds","Dry","Car occupant"
"2431","20151324L0653",2015-04-21,2015,"Apr",21,"12:41",12,41,"Tuesday","Slight",1,"Slight","Car occupant","Driver or rider","Male",30,"A","Single carriageway",40,NA,"Not a Pedestrian","Not a Pedestrian",425435,431280,"E01011738",2,"Not at junction or within 20 metres","Daylight","Fine no high winds","Dry","Car occupant"
"2432","20151324L0986",2015-04-21,2015,"Apr",21,"15:42",15,42,"Tuesday","Slight",1,"Slight","Cyclist","Driver or rider","Male",42,"A","Single carriageway",40,"A","Not a Pedestrian","Not a Pedestrian",424254,445392,"E01011570",2,"T or staggered junction","Daylight","Fine no high winds","Dry","Cyclist"
"2433","20151324L1279",2015-04-21,2015,"Apr",21,"17:50",17,50,"Tuesday","Slight",1,"Slight","Car occupant","Driver or rider","Female",51,"Unclassified","Single carriageway",30,"Unclassified","Not a Pedestrian","Not a Pedestrian",424049,435490,"E01011329",2,"T or staggered junction","Daylight","Fine no high winds","Dry","Car occupant"
"2434","20151324L1298",2015-04-21,2015,"Apr",21,"17:58",17,58,"Tuesday","Serious",1,"Serious","Pedestrian","Pedestrian","Male",11,"Unclassified","Single carriageway",20,NA,"In carriageway, crossing elsewhere","Crossing from driver's nearside",421539,433443,"E01011602",1,"Not at junction or within 20 metres","Daylight","Fine no high winds","Dry","Pedestrian"
"2435","20151324M0203",2015-04-22,2015,"Apr",22,"07:30",7,30,"Wednesday","Serious",1,"Serious","Pedestrian","Pedestrian","Female",53,"Unclassified","Single carriageway",30,"Unclassified","In carriageway, crossing elsewhere","Crossing from driver's nearside",428354,437572,"E01011689",1,"T or staggered junction","Daylight","Fine no high winds","Dry","Pedestrian"
"2436","20151324M0220",2015-04-22,2015,"Apr",22,"07:59",7,59,"Wednesday","Slight",1,"Slight","Bus or coach occupant (17 or more pass seats)","Passenger","Female",51,"Unclassified","Dual carriageway",40,"Unclassified","Not a Pedestrian","Not a Pedestrian",435674,434799,"E01011343",2,"Crossroads","Daylight","Fine no high winds","Dry","Bus and goods vehicle occupant"
"2437","20151324M0233",2015-04-22,2015,"Apr",22,"08:40",8,40,"Wednesday","Slight",3,"Slight","Car occupant","Driver or rider","Female",23,"Unclassified","Single carriageway",40,NA,"Not a Pedestrian","Not a Pedestrian",435683,437259,"E01011720",3,"Not at junction or within 20 metres","Daylight","Fine no high winds","Dry","Car occupant"
"2438","20151324M0559",2015-04-22,2015,"Apr",22,"12:30",12,30,"Wednesday","Slight",1,"Slight","Motorcycle 125cc and under rider or passenger","Driver or rider","Male",18,"Unclassified","Single carriageway",30,NA,"Not a Pedestrian","Not a Pedestrian",429610,435877,"E01011669",2,"Not at junction or within 20 metres","Daylight","Fine no high winds","Dry","Motorcyclist and pillion"
"2439","20151324M0937",2015-04-22,2015,"Apr",22,"15:10",15,10,"Wednesday","Slight",2,"Slight","Car occupant","Driver or rider","Female",19,"A","Single carriageway",30,NA,"Not a Pedestrian","Not a Pedestrian",431175,431860,"E01011467",2,"Not at junction or within 20 metres","Daylight","Fine no high winds","Dry","Car occupant"
"2440","20151324M1106",2015-04-22,2015,"Apr",22,"16:30",16,30,"Wednesday","Slight",2,"Slight","Car occupant","Driver or rider","Female",31,"Unclassified","Single carriageway",30,"Unclassified","Not a Pedestrian","Not a Pedestrian",427125,432791,"E01011732",3,"T or staggered junction","Daylight","Fine no high winds","Dry","Car occupant"
"2441","20151324M1346",2015-04-22,2015,"Apr",22,"17:34",17,34,"Wednesday","Slight",1,"Slight","Bus or coach occupant (17 or more pass seats)","Passenger","Female",44,"B","Single carriageway",30,NA,"Not a Pedestrian","Not a Pedestrian",427148,433087,"E01011292",1,"Not at junction or within 20 metres","Daylight","Fine no high winds","Dry","Bus and goods vehicle occupant"
"2442","20151324M1338",2015-04-22,2015,"Apr",22,"18:15",18,15,"Wednesday","Serious",1,"Serious","Cyclist","Driver or rider","Male",59,"Unclassified","Single carriageway",30,"Unclassified","Not a Pedestrian","Not a Pedestrian",423921,434305,"E01011287",2,"Other junction","Daylight","Fine no high winds","Dry","Cyclist"
"2443","20151324M1388",2015-04-22,2015,"Apr",22,"18:40",18,40,"Wednesday","Serious",1,"Serious","Motorcycle 125cc and under rider or passenger","Driver or rider","Male",20,"Unclassified","Single carriageway",30,NA,"Not a Pedestrian","Not a Pedestrian",419976,446751,"E01011583",1,"Not at junction or within 20 metres","Daylight","Fine no high winds","Dry","Motorcyclist and pillion"
"2444","20151324N0184",2015-04-23,2015,"Apr",23,"07:20",7,20,"Thursday","Slight",1,"Slight","Van / Goods vehicle (3.5 tonnes mgw or under) occupant","Driver or rider","Male",49,"A","Dual carriageway",30,NA,"Not a Pedestrian","Not a Pedestrian",428864,433733,"E01011678",2,"Not at junction or within 20 metres","Daylight","Fine no high winds","Dry","Bus and goods vehicle occupant"
"2445","20151324N1046",2015-04-23,2015,"Apr",23,"08:17",8,17,"Thursday","Slight",2,"Slight","Bus or coach occupant (17 or more pass seats)","Driver or rider","Male",37,"Unclassified","Dual carriageway",30,"Unclassified","Not a Pedestrian","Not a Pedestrian",430267,433745,"E01033010",1,"T or staggered junction","Daylight","Fog or mist","Dry","Bus and goods vehicle occupant"
"2446","20151324N0512",2015-04-23,2015,"Apr",23,"11:25",11,25,"Thursday","Slight",2,"Slight","Bus or coach occupant (17 or more pass seats)","Passenger","Female",53,"Unclassified","Single carriageway",30,"Unclassified","Not a Pedestrian","Not a Pedestrian",429185,431924,"E01011368",2,"T or staggered junction","Daylight","Fine no high winds","Dry","Bus and goods vehicle occupant"
"2447","20151324N0570",2015-04-23,2015,"Apr",23,"11:59",11,59,"Thursday","Slight",1,"Slight","Car occupant","Driver or rider","Female",83,"Unclassified","Roundabout",30,"Unclassified","Not a Pedestrian","Not a Pedestrian",424345,429253,"E01011519",3,"Roundabout","Daylight","Fine no high winds","Dry","Car occupant"
"2448","20151324N0936",2015-04-23,2015,"Apr",23,"13:12",13,12,"Thursday","Slight",1,"Slight","Pedestrian","Pedestrian","Male",55,"Unclassified","Single carriageway",30,"Unclassified","In carriageway, crossing elsewhere","Crossing from driver's nearside",429863,428116,"E01032498",1,"Roundabout","Daylight","Fine no high winds","Dry","Pedestrian"
"2449","20151324N0821",2015-04-23,2015,"Apr",23,"14:25",14,25,"Thursday","Serious",1,"Serious","Cyclist","Driver or rider","Male",16,"Unclassified","Single carriageway",30,"B","Not a Pedestrian","Not a Pedestrian",425062,433367,"E01011739",2,"Roundabout","Daylight","Fine no high winds","Dry","Cyclist"
"2450","20151324N0835",2015-04-23,2015,"Apr",23,"14:30",14,30,"Thursday","Slight",2,"Slight","Car occupant","Driver or rider","Male",54,"Unclassified","Single carriageway",30,"Unclassified","Not a Pedestrian","Not a Pedestrian",431449,434180,"E01033035",3,"Other junction","Daylight","Fine no high winds","Dry","Car occupant"
"2451","20151324N1112",2015-04-23,2015,"Apr",23,"15:00",15,0,"Thursday","Serious",1,"Serious","Cyclist","Driver or rider","Male",42,"A","Single carriageway",40,"Unclassified","Not a Pedestrian","Not a Pedestrian",424524,437059,"E01011453",2,"T or staggered junction","Daylight","Fine no high winds","Dry","Cyclist"
"2452","20151324N0964",2015-04-23,2015,"Apr",23,"15:46",15,46,"Thursday","Slight",1,"Slight","Pedestrian","Pedestrian","Male",4,"Unclassified","Single carriageway",30,NA,"In carriageway, crossing elsewhere","Crossing from driver's nearside",427491,434943,"E01011478",1,"Not at junction or within 20 metres","Daylight","Fine no high winds","Dry","Pedestrian"
"2453","20151324N0973",2015-04-23,2015,"Apr",23,"15:50",15,50,"Thursday","Serious",2,"Serious","Car occupant","Driver or rider","Male",84,"A","Dual carriageway",40,"Unclassified","Not a Pedestrian","Not a Pedestrian",426766,438353,"E01011684",2,"T or staggered junction","Daylight","Fine no high winds","Dry","Car occupant"
"2454","20151324N1293",2015-04-23,2015,"Apr",23,"18:22",18,22,"Thursday","Slight",1,"Slight","Motorcycle 125cc and under rider or passenger","Driver or rider","Male",17,"Unclassified","Single carriageway",30,NA,"Not a Pedestrian","Not a Pedestrian",430550,431065,"E01011468",2,"Not at junction or within 20 metres","Daylight","Fine no high winds","Dry","Motorcyclist and pillion"
"2455","20151324O0302",2015-04-24,2015,"Apr",24,"08:30",8,30,"Friday","Slight",1,"Slight","Cyclist","Driver or rider","Female",28,"A","Single carriageway",30,"Unclassified","Not a Pedestrian","Not a Pedestrian",428140,435853,"E01032946",2,"T or staggered junction","Daylight","Fine no high winds","Dry","Cyclist"
"2456","20151324O0419",2015-04-24,2015,"Apr",24,"08:45",8,45,"Friday","Slight",1,"Slight","Car occupant","Driver or rider","Female",39,"Unclassified","Dual carriageway",40,"A","Not a Pedestrian","Not a Pedestrian",428948,433432,"E01033015",2,"Slip road","Daylight","Fine no high winds","Dry","Car occupant"
"2457","20151324O0818",2015-04-24,2015,"Apr",24,"13:43",13,43,"Friday","Slight",3,"Slight","Pedestrian","Pedestrian","Female",32,"Unclassified","Single carriageway",30,NA,"Unknown or other","Unknown or other",435890,434756,"E01011345",1,"Not at junction or within 20 metres","Daylight","Fine no high winds","Dry","Pedestrian"
"2458","20151324O1100",2015-04-24,2015,"Apr",24,"16:15",16,15,"Friday","Slight",1,"Slight","Cyclist","Driver or rider","Male",24,"A","Single carriageway",30,NA,"Not a Pedestrian","Not a Pedestrian",424623,435090,"E01011331",2,"Not at junction or within 20 metres","Daylight","Fine no high winds","Dry","Cyclist"
"2459","20151324O1206",2015-04-24,2015,"Apr",24,"17:03",17,3,"Friday","Slight",1,"Slight","Pedestrian","Pedestrian","Male",23,"A","Single carriageway",40,"Unclassified","In carriageway, crossing elsewhere","Crossing from offside - masked by  parked or stationary vehicle",425162,429001,"E01011522",1,"Crossroads","Daylight","Fine no high winds","Dry","Pedestrian"
"2460","20151324O1732",2015-04-24,2015,"Apr",24,"21:28",21,28,"Friday","Slight",1,"Slight","Car occupant","Driver or rider","Female",59,"A","Single carriageway",30,"Unclassified","Not a Pedestrian","Not a Pedestrian",432524,427558,"E01011496",2,"Crossroads","Darkness - lights lit","Fine no high winds","Dry","Car occupant"
"2461","20151324O1880",2015-04-24,2015,"Apr",24,"22:52",22,52,"Friday","Slight",1,"Slight","Car occupant","Driver or rider","Male",30,"A","Single carriageway",30,NA,"Not a Pedestrian","Not a Pedestrian",427124,429470,"E01011524",2,"Not at junction or within 20 metres","Darkness - lights lit","Fine no high winds","Dry","Car occupant"
"2462","20151324P0442",2015-04-25,2015,"Apr",25,"09:40",9,40,"Saturday","Slight",1,"Slight","Car occupant","Passenger","Female",10,"A","Single carriageway",30,"Unclassified","Not a Pedestrian","Not a Pedestrian",427604,434514,"E01011482",2,"T or staggered junction","Daylight","Fine no high winds","Dry","Car occupant"
"2463","20151324P0494",2015-04-25,2015,"Apr",25,"10:10",10,10,"Saturday","Slight",2,"Slight","Bus or coach occupant (17 or more pass seats)","Passenger","Male",83,"A","Single carriageway",30,"Unclassified","Not a Pedestrian","Not a Pedestrian",426821,434975,"E01011482",2,"T or staggered junction","Daylight","Fine no high winds","Dry","Bus and goods vehicle occupant"
"2464","20151324P0664",2015-04-25,2015,"Apr",25,"12:12",12,12,"Saturday","Slight",1,"Slight","Pedestrian","Pedestrian","Male",73,"Unclassified","Single carriageway",30,NA,"Crossing elsewhere within 50m. of pedestrian crossing","Crossing from driver's offside",430865,435481,"E01011360",1,"Not at junction or within 20 metres","Daylight","Fine no high winds","Dry","Pedestrian"
"2465","20151324P1241",2015-04-25,2015,"Apr",25,"17:15",17,15,"Saturday","Slight",1,"Slight","Taxi/Private hire car occupant","Passenger","Female",43,"Unclassified","Single carriageway",30,NA,"Not a Pedestrian","Not a Pedestrian",434901,436714,"E01011660",1,"Not at junction or within 20 metres","Daylight","Fine no high winds","Dry","Car occupant"
"2466","20151324P1619",2015-04-25,2015,"Apr",25,"22:00",22,0,"Saturday","Slight",3,"Slight","Car occupant","Driver or rider","Male",44,"Motorway","Dual carriageway",50,NA,"Not a Pedestrian","Not a Pedestrian",430511,431199,"E01011468",2,"Not at junction or within 20 metres","Darkness - lights lit","Fine no high winds","Dry","Car occupant"
"2467","20151324Q0502",2015-04-26,2015,"Apr",26,"10:30",10,30,"Sunday","Slight",1,"Slight","Cyclist","Driver or rider","Male",25,"A","Single carriageway",50,NA,"Not a Pedestrian","Not a Pedestrian",432275,445684,"E01011561",1,"Not at junction or within 20 metres","Daylight","Fine no high winds","Dry","Cyclist"
"2468","20151324Q0922",2015-04-26,2015,"Apr",26,"11:50",11,50,"Sunday","Slight",1,"Slight","Pedestrian","Pedestrian","Female",35,"Unclassified","Single carriageway",30,NA,"In carriageway, crossing elsewhere","Crossing from driver's offside",427593,430848,"E01011318",1,"Not at junction or within 20 metres","Daylight","Fine no high winds","Dry","Pedestrian"
"2469","20151324Q0773",2015-04-26,2015,"Apr",26,"13:30",13,30,"Sunday","Slight",2,"Slight","Car occupant","Driver or rider","Male",40,"Unclassified","Single carriageway",30,"Unclassified","Not a Pedestrian","Not a Pedestrian",424083,435508,"E01011329",2,"T or staggered junction","Daylight","Fine no high winds","Dry","Car occupant"
"2470","20151324Q1198",2015-04-26,2015,"Apr",26,"17:54",17,54,"Sunday","Serious",1,"Serious","Cyclist","Driver or rider","Male",27,"A","Single carriageway",30,NA,"Not a Pedestrian","Not a Pedestrian",429428,434925,"E01033005",2,"Not at junction or within 20 metres","Daylight","Fine no high winds","Dry","Cyclist"
"2471","20151324Q1317",2015-04-26,2015,"Apr",26,"19:00",19,0,"Sunday","Slight",1,"Slight","Pedestrian","Pedestrian","Male",5,"Unclassified","Single carriageway",30,NA,"In carriageway, crossing elsewhere","Crossing from nearside - masked by parked or stationary vehicle",426622,435290,"E01011477",1,"Not at junction or within 20 metres","Daylight","Fine no high winds","Dry","Pedestrian"
"2472","20151324R0153",2015-04-27,2015,"Apr",27,"06:59",6,59,"Monday","Slight",1,"Slight","Car occupant","Driver or rider","Female",21,"Unclassified","Single carriageway",30,"Unclassified","Not a Pedestrian","Not a Pedestrian",428098,434518,"E01011481",2,"Crossroads","Daylight","Fine no high winds","Dry","Car occupant"
"2473","20151324R0819",2015-04-27,2015,"Apr",27,"14:31",14,31,"Monday","Serious",1,"Serious","Pedestrian","Pedestrian","Female",28,"A","Dual carriageway",40,"B","On refuge, central island or central reservation","Crossing from driver's offside",433086,434019,"E01011340",1,"T or staggered junction","Daylight","Fine no high winds","Dry","Pedestrian"
"2474","20151324R0884",2015-04-27,2015,"Apr",27,"15:04",15,4,"Monday","Slight",1,"Slight","Pedestrian","Pedestrian","Male",12,"B","Single carriageway",30,"Unclassified","On footway or verge","Walking along in carriageway, back to traffic",418925,441708,"E01011265",1,"Other junction","Daylight","Fine no high winds","Dry","Pedestrian"
"2475","20151324R0971",2015-04-27,2015,"Apr",27,"15:40",15,40,"Monday","Serious",1,"Serious","Motorcycle over 125cc and up to 500cc rider or  passenger","Driver or rider","Male",44,"A","Single carriageway",30,"Unclassified","Not a Pedestrian","Not a Pedestrian",427524,436945,"E01011690",2,"T or staggered junction","Daylight","Fine no high winds","Dry","Motorcyclist and pillion"
"2476","20151324R1093",2015-04-27,2015,"Apr",27,"16:35",16,35,"Monday","Slight",1,"Slight","Car occupant","Passenger","Male",38,"Unclassified","Single carriageway",30,"Unclassified","Not a Pedestrian","Not a Pedestrian",432549,434329,"E01011347",2,"Crossroads","Daylight","Fine no high winds","Dry","Car occupant"
"2477","20151324R1071",2015-04-27,2015,"Apr",27,"16:40",16,40,"Monday","Serious",1,"Serious","Pedestrian","Pedestrian","Male",12,"Unclassified","Single carriageway",30,"Unclassified","Unknown or other","Crossing from driver's offside",427688,436414,"E01011694",1,"Private drive or entrance","Daylight","Fine no high winds","Dry","Pedestrian"
"2478","20151324R1762",2015-04-27,2015,"Apr",27,"23:10",23,10,"Monday","Slight",1,"Slight","Pedestrian","Pedestrian","Male",19,"Unclassified","Single carriageway",30,"Unclassified","In carriageway, crossing elsewhere","Crossing from driver's offside",427443,436155,"E01032945",1,"T or staggered junction","Darkness - lights lit","Fine no high winds","Dry","Pedestrian"
"2479","20151324S1642",2015-04-28,2015,"Apr",28,"09:15",9,15,"Tuesday","Slight",1,"Slight","Cyclist","Driver or rider","Male",57,"Unclassified","Single carriageway",30,NA,"Not a Pedestrian","Not a Pedestrian",429474,435975,"E01011669",2,"Not at junction or within 20 metres","Daylight","Fine no high winds","Dry","Cyclist"
"2480","20151324S0758",2015-04-28,2015,"Apr",28,"11:42",11,42,"Tuesday","Slight",1,"Slight","Bus or coach occupant (17 or more pass seats)","Passenger","Female",26,"A","Single carriageway",30,"Unclassified","Not a Pedestrian","Not a Pedestrian",426269,434031,"E01032499",1,"T or staggered junction","Daylight","Fine no high winds","Dry","Bus and goods vehicle occupant"
"2481","20151324S1523",2015-04-28,2015,"Apr",28,"12:23",12,23,"Tuesday","Slight",1,"Slight","Pedestrian","Pedestrian","Female",70,"Unclassified","Single carriageway",20,NA,"Unknown or other","Unknown or other",440470,448181,"E01011704",1,"Not at junction or within 20 metres","Daylight","Fine no high winds","Dry","Pedestrian"
"2482","20151324S0932",2015-04-28,2015,"Apr",28,"15:55",15,55,"Tuesday","Slight",1,"Slight","Car occupant","Passenger","Female",47,"A","Single carriageway",30,NA,"Not a Pedestrian","Not a Pedestrian",419931,441028,"E01011275",3,"Not at junction or within 20 metres","Daylight","Fine no high winds","Dry","Car occupant"
"2483","20151324S1202",2015-04-28,2015,"Apr",28,"17:20",17,20,"Tuesday","Slight",1,"Slight","Cyclist","Driver or rider","Female",44,"A","Single carriageway",30,NA,"Not a Pedestrian","Not a Pedestrian",426379,435440,"E01011477",2,"Not at junction or within 20 metres","Daylight","Fine no high winds","Dry","Cyclist"
"2484","20151324S1184",2015-04-28,2015,"Apr",28,"17:54",17,54,"Tuesday","Slight",1,"Slight","Cyclist","Driver or rider","Male",34,"Unclassified","Single carriageway",30,"A","Not a Pedestrian","Not a Pedestrian",427871,436243,"E01011451",2,"T or staggered junction","Daylight","Fine no high winds","Dry","Cyclist"