"","accident_index","date","year","month","day","time","time_hour","time_minute","day_of_week","accident_severity","number_of_casualties","casualty_severity","casualty_type","casualty_class","sex_of_casualty","age_of_casualty","first_road_class","road_type","speed_limit","second_road_class","pedestrian_location","pedestrian_movement","location_easting_osgr","location_northing_osgr","lsoa_of_accident_location","number_of_vehicles","junction_detail","light_conditions","weather_conditions","road_surface_conditions","cas_type"
"2485","20151324S1267",2015-04-28,2015,"Apr",28,"18:33",18,33,"Tuesday","Slight",1,"Slight","Cyclist","Driver or rider","Male",21,"A","Single carriageway",30,NA,"Not a Pedestrian","Not a Pedestrian",427610,434519,"E01011482",2,"Not at junction or within 20 metres","Daylight","Fine no high winds","Dry","Cyclist"
"2486","20151324T0286",2015-04-29,2015,"Apr",29,"09:00",9,0,"Wednesday","Slight",1,"Slight","Pedestrian","Pedestrian","Female",33,"Unclassified","Single carriageway",30,NA,"Unknown or other","Unknown or other",432000,439731,"E01011568",1,"Not at junction or within 20 metres","Daylight","Fine no high winds","Dry","Pedestrian"
"2487","20151324T0569",2015-04-29,2015,"Apr",29,"11:24",11,24,"Wednesday","Slight",1,"Slight","Bus or coach occupant (17 or more pass seats)","Passenger","Female",39,"A","Single carriageway",30,NA,"Not a Pedestrian","Not a Pedestrian",430088,431259,"E01011371",1,"Not at junction or within 20 metres","Daylight","Fine no high winds","Dry","Bus and goods vehicle occupant"
"2488","20151324T1020",2015-04-29,2015,"Apr",29,"14:45",14,45,"Wednesday","Slight",1,"Slight","Cyclist","Passenger","Male",24,"Unclassified","Single carriageway",30,"Unclassified","Not a Pedestrian","Not a Pedestrian",429748,433787,"E01033008",2,"T or staggered junction","Daylight","Fine no high winds","Dry","Cyclist"
"2489","20151324T0938",2015-04-29,2015,"Apr",29,"16:07",16,7,"Wednesday","Slight",1,"Slight","Bus or coach occupant (17 or more pass seats)","Driver or rider","Male",44,"Unclassified","Single carriageway",30,NA,"Not a Pedestrian","Not a Pedestrian",435274,433701,"E01011417",2,"Not at junction or within 20 metres","Daylight","Fine no high winds","Dry","Bus and goods vehicle occupant"
"2490","20151324U0430",2015-04-30,2015,"Apr",30,"08:15",8,15,"Thursday","Slight",2,"Slight","Pedestrian","Pedestrian","Female",43,"Unclassified","Single carriageway",30,NA,"In carriageway, not crossing","Unknown or other",426234,438305,"E01011684",1,"Not at junction or within 20 metres","Daylight","Fine no high winds","Dry","Pedestrian"
"2491","20151324U0781",2015-04-30,2015,"Apr",30,"15:15",15,15,"Thursday","Slight",1,"Slight","Pedestrian","Pedestrian","Male",14,"Unclassified","Single carriageway",30,"Unclassified","In carriageway, crossing elsewhere","Crossing from driver's nearside",431461,433557,"E01033021",1,"T or staggered junction","Daylight","Fine no high winds","Dry","Pedestrian"
"2492","20151324U1280",2015-04-30,2015,"Apr",30,"19:29",19,29,"Thursday","Slight",1,"Slight","Car occupant","Passenger","Female",23,"Unclassified","Single carriageway",30,NA,"Not a Pedestrian","Not a Pedestrian",430828,435454,"E01011360",2,"Not at junction or within 20 metres","Daylight","Fine no high winds","Dry","Car occupant"
"2493","2015132510160",2015-05-01,2015,"May",1,"05:35",5,35,"Friday","Slight",1,"Slight","Car occupant","Driver or rider","Male",53,"A","Single carriageway",30,NA,"Not a Pedestrian","Not a Pedestrian",420714,439902,"E01011278",2,"Not at junction or within 20 metres","Daylight","Fine no high winds","Dry","Car occupant"
"2494","2015132510187",2015-05-01,2015,"May",1,"06:35",6,35,"Friday","Slight",1,"Slight","Car occupant","Driver or rider","Male",57,"A(M)","Dual carriageway",70,NA,"Not a Pedestrian","Not a Pedestrian",443215,439689,"E01011309",2,"Not at junction or within 20 metres","Daylight","Fine no high winds","Dry","Car occupant"
"2495","2015132510478",2015-05-01,2015,"May",1,"11:05",11,5,"Friday","Slight",2,"Slight","Car occupant","Driver or rider","Female",27,"Unclassified","Single carriageway",30,"Unclassified","Not a Pedestrian","Not a Pedestrian",430872,436583,"E01011356",5,"T or staggered junction","Daylight","Fine no high winds","Dry","Car occupant"
"2496","2015132510811",2015-05-01,2015,"May",1,"13:25",13,25,"Friday","Slight",1,"Slight","Car occupant","Driver or rider","Female",38,"A","Single carriageway",30,"Unclassified","Not a Pedestrian","Not a Pedestrian",425636,426884,"E01011534",2,"T or staggered junction","Daylight","Fine no high winds","Dry","Car occupant"
"2497","20151325V0802",2015-05-01,2015,"May",1,"13:50",13,50,"Friday","Slight",1,"Slight","Car occupant","Passenger","Female",12,"A","Single carriageway",40,"Unclassified","Not a Pedestrian","Not a Pedestrian",429493,430250,"E01011319",2,"T or staggered junction","Daylight","Fine no high winds","Dry","Car occupant"
"2498","2015132510795",2015-05-01,2015,"May",1,"14:15",14,15,"Friday","Slight",1,"Slight","Cyclist","Driver or rider","Male",25,"A","Single carriageway",30,"Unclassified","Not a Pedestrian","Not a Pedestrian",427996,436017,"E01011440",2,"T or staggered junction","Daylight","Fine no high winds","Dry","Cyclist"
"2499","2015132530817",2015-05-01,2015,"May",1,"18:18",18,18,"Friday","Slight",1,"Slight","Cyclist","Driver or rider","Female",27,"Unclassified","Dual carriageway",30,"Unclassified","Not a Pedestrian","Not a Pedestrian",427878,434391,"E01011483",2,"T or staggered junction","Daylight","Fine no high winds","Dry","Cyclist"
"2500","2015132511452",2015-05-01,2015,"May",1,"19:54",19,54,"Friday","Slight",1,"Slight","Bus or coach occupant (17 or more pass seats)","Passenger","Female",21,"Unclassified","Single carriageway",30,NA,"Not a Pedestrian","Not a Pedestrian",433746,434946,"E01011339",1,"Not at junction or within 20 metres","Daylight","Fine no high winds","Dry","Bus and goods vehicle occupant"
"2501","2015132520250",2015-05-02,2015,"May",2,"06:10",6,10,"Saturday","Slight",1,"Slight","Car occupant","Driver or rider","Male",44,"Motorway","Dual carriageway",70,NA,"Not a Pedestrian","Not a Pedestrian",434582,425889,"E01011636",2,"Not at junction or within 20 metres","Daylight","Fine no high winds","Dry","Car occupant"
"2502","2015132521015",2015-05-02,2015,"May",2,"16:20",16,20,"Saturday","Slight",1,"Slight","Car occupant","Driver or rider","Male",52,"Unclassified","Single carriageway",20,NA,"Not a Pedestrian","Not a Pedestrian",419801,432809,"E01011606",3,"Not at junction or within 20 metres","Daylight","Fine no high winds","Wet or damp","Car occupant"
"2503","20151325B0983",2015-05-02,2015,"May",2,"19:10",19,10,"Saturday","Slight",1,"Slight","Car occupant","Driver or rider","Female",34,"Unclassified","Single carriageway",30,"Unclassified","Not a Pedestrian","Not a Pedestrian",421583,433059,"E01011605",2,"T or staggered junction","Daylight","Fine no high winds","Dry","Car occupant"
"2504","2015132530022",2015-05-03,2015,"May",3,"00:15",0,15,"Sunday","Slight",2,"Slight","Pedestrian","Pedestrian","Male",52,"B","Single carriageway",30,"Unclassified","On footway or verge","Unknown or other",421551,434731,"E01011598",1,"T or staggered junction","Darkness - lights lit","Fine no high winds","Wet or damp","Pedestrian"
"2505","2015132530101",2015-05-03,2015,"May",3,"01:10",1,10,"Sunday","Serious",1,"Serious","Car occupant","Passenger","Male",34,"A","Dual carriageway",70,NA,"Not a Pedestrian","Not a Pedestrian",436082,435693,"E01011724",1,"Not at junction or within 20 metres","Darkness - lighting unknown","Fine no high winds","Dry","Car occupant"
"2506","2015132533382",2015-05-03,2015,"May",3,"08:50",8,50,"Sunday","Serious",2,"Serious","Cyclist","Driver or rider","Male",42,"Unclassified","Single carriageway",30,"Unclassified","Not a Pedestrian","Not a Pedestrian",420546,444956,"E01011569",2,"T or staggered junction","Daylight","Raining no high winds","Wet or damp","Cyclist"
"2507","2015132530839",2015-05-03,2015,"May",3,"15:00",15,0,"Sunday","Slight",2,"Slight","Car occupant","Passenger","Female",54,"Motorway","Dual carriageway",70,NA,"Not a Pedestrian","Not a Pedestrian",437660,431541,"E01011402",1,"Not at junction or within 20 metres","Daylight","Fine no high winds","Wet or damp","Car occupant"
"2508","2015132530358",2015-05-03,2015,"May",3,"16:22",16,22,"Sunday","Slight",1,"Slight","Pedestrian","Pedestrian","Female",23,"Unclassified","Single carriageway",60,NA,"In carriageway, not crossing","Unknown or other",421847,444071,"E01011569",1,"Not at junction or within 20 metres","Daylight","Unknown","Wet or damp","Pedestrian"
"2509","2015132531016",2015-05-03,2015,"May",3,"17:07",17,7,"Sunday","Slight",1,"Slight","Pedestrian","Pedestrian","Male",5,"Unclassified","Single carriageway",30,NA,"In carriageway, crossing elsewhere","Crossing from nearside - masked by parked or stationary vehicle",434881,433557,"E01011415",1,"Not at junction or within 20 metres","Daylight","Fine no high winds","Dry","Pedestrian"
"2510","2015132550632",2015-05-03,2015,"May",3,"17:15",17,15,"Sunday","Slight",1,"Slight","Cyclist","Driver or rider","Male",49,"A","Single carriageway",30,"Unclassified","Not a Pedestrian","Not a Pedestrian",431522,435149,"E01011429",2,"Other junction","Daylight","Fine no high winds","Dry","Cyclist"
"2511","2015132540536",2015-05-04,2015,"May",4,"11:00",11,0,"Monday","Slight",1,"Slight","Cyclist","Driver or rider","Female",50,"A","Single carriageway",30,"Unclassified","Not a Pedestrian","Not a Pedestrian",438997,446045,"E01011706",2,"T or staggered junction","Daylight","Fine no high winds","Dry","Cyclist"
"2512","2015132540603",2015-05-04,2015,"May",4,"11:45",11,45,"Monday","Slight",1,"Slight","Car occupant","Driver or rider","Female",22,"A(M)","Dual carriageway",70,"Motorway","Not a Pedestrian","Not a Pedestrian",443629,436911,"E01011297",2,"Slip road","Daylight","Fine no high winds","Dry","Car occupant"
"2513","20151325D0260",2015-05-04,2015,"May",4,"13:10",13,10,"Monday","Serious",1,"Serious","Pedestrian","Pedestrian","Female",54,"Unclassified","Single carriageway",20,NA,"In carriageway, crossing elsewhere","Crossing from driver's nearside",426240,435394,"E01011477",1,"Not at junction or within 20 metres","Daylight","Fine no high winds","Dry","Pedestrian"
"2514","2015132540782",2015-05-04,2015,"May",4,"13:20",13,20,"Monday","Serious",1,"Serious","Motorcycle over 500cc rider or passenger","Driver or rider","Male",55,"A","Dual carriageway",40,NA,"Not a Pedestrian","Not a Pedestrian",427394,431458,"E01011369",2,"Not at junction or within 20 metres","Daylight","Fine no high winds","Dry","Motorcyclist and pillion"
"2515","2015132541576",2015-05-04,2015,"May",4,"20:35",20,35,"Monday","Fatal",2,"Fatal","Motorcycle over 500cc rider or passenger","Driver or rider","Male",38,"B","Dual carriageway",40,"Unclassified","Not a Pedestrian","Not a Pedestrian",434451,433699,"E01011616",2,"Crossroads","Darkness - lights lit","Fine no high winds","Dry","Motorcyclist and pillion"
"2516","2015132550074",2015-05-05,2015,"May",5,"02:00",2,0,"Tuesday","Serious",1,"Serious","Pedestrian","Pedestrian","Male",20,"A","Dual carriageway",40,NA,"Unknown or other","Unknown or other",435207,437595,"E01011657",1,"Not at junction or within 20 metres","Darkness - lights lit","Raining no high winds","Wet or damp","Pedestrian"
"2517","2015132550265",2015-05-05,2015,"May",5,"08:40",8,40,"Tuesday","Slight",1,"Slight","Motorcycle 125cc and under rider or passenger","Driver or rider","Female",21,"A","Single carriageway",30,"Unclassified","Not a Pedestrian","Not a Pedestrian",424274,428351,"E01011523",2,"Crossroads","Daylight","Raining no high winds","Wet or damp","Motorcyclist and pillion"
"2518","2015132550406",2015-05-05,2015,"May",5,"10:00",10,0,"Tuesday","Serious",2,"Serious","Car occupant","Driver or rider","Female",19,"Motorway","Dual carriageway",70,NA,"Not a Pedestrian","Not a Pedestrian",432242,427028,"E01011499",3,"Not at junction or within 20 metres","Daylight","Fine no high winds","Wet or damp","Car occupant"
"2519","2015132551157",2015-05-05,2015,"May",5,"17:00",17,0,"Tuesday","Slight",1,"Slight","Pedestrian","Pedestrian","Female",9,"Unclassified","Single carriageway",30,NA,"Crossing elsewhere within 50m. of pedestrian crossing","Crossing from nearside - masked by parked or stationary vehicle",436324,434706,"E01011408",1,"Not at junction or within 20 metres","Daylight","Fine no high winds","Dry","Pedestrian"
"2520","2015132551278",2015-05-05,2015,"May",5,"18:10",18,10,"Tuesday","Slight",5,"Slight","Car occupant","Driver or rider","Male",56,"A","Dual carriageway",40,NA,"Not a Pedestrian","Not a Pedestrian",434363,434362,"E01011346",2,"Not at junction or within 20 metres","Daylight","Fine no high winds","Dry","Car occupant"
"2521","2015132551283",2015-05-05,2015,"May",5,"18:10",18,10,"Tuesday","Serious",2,"Serious","Motorcycle 125cc and under rider or passenger","Passenger","Male",17,"Unclassified","Single carriageway",30,NA,"Not a Pedestrian","Not a Pedestrian",430220,427189,"E01011492",2,"Not at junction or within 20 metres","Daylight","Fine no high winds","Dry","Motorcyclist and pillion"
"2522","2015132551323",2015-05-05,2015,"May",5,"18:35",18,35,"Tuesday","Slight",1,"Slight","Car occupant","Driver or rider","Female",40,"Unclassified","Single carriageway",30,"Unclassified","Not a Pedestrian","Not a Pedestrian",428927,438124,"E01011513",2,"T or staggered junction","Daylight","Fine no high winds","Dry","Car occupant"
"2523","2015132560221",2015-05-06,2015,"May",6,"08:04",8,4,"Wednesday","Slight",4,"Slight","Car occupant","Driver or rider","Male",54,"Motorway","Dual carriageway",70,NA,"Not a Pedestrian","Not a Pedestrian",432997,425921,"E01011500",5,"Not at junction or within 20 metres","Daylight","Fine no high winds","Dry","Car occupant"
"2524","2015132560367",2015-05-06,2015,"May",6,"08:45",8,45,"Wednesday","Slight",1,"Slight","Car occupant","Driver or rider","Male",45,"A","Single carriageway",30,NA,"Not a Pedestrian","Not a Pedestrian",434047,427722,"E01011633",2,"Not at junction or within 20 metres","Daylight","Fine no high winds","Dry","Car occupant"
"2525","2015132560685",2015-05-06,2015,"May",6,"13:15",13,15,"Wednesday","Slight",1,"Slight","Car occupant","Driver or rider","Female",41,"Unclassified","Single carriageway",30,NA,"Not a Pedestrian","Not a Pedestrian",429167,437678,"E01011505",2,"Not at junction or within 20 metres","Daylight","Fine no high winds","Wet or damp","Car occupant"
"2526","2015132561091",2015-05-06,2015,"May",6,"17:00",17,0,"Wednesday","Slight",1,"Slight","Car occupant","Driver or rider","Male",45,"Unclassified","Roundabout",30,NA,"Not a Pedestrian","Not a Pedestrian",427649,434442,"E01011483",2,"Not at junction or within 20 metres","Daylight","Fine no high winds","Dry","Car occupant"
"2527","2015132561154",2015-05-06,2015,"May",6,"17:40",17,40,"Wednesday","Slight",2,"Slight","Car occupant","Driver or rider","Male",24,"C","Single carriageway",30,"Unclassified","Not a Pedestrian","Not a Pedestrian",430724,438280,"E01011515",3,"T or staggered junction","Daylight","Fine no high winds","Dry","Car occupant"
"2528","2015132561491",2015-05-06,2015,"May",6,"20:55",20,55,"Wednesday","Slight",1,"Slight","Pedestrian","Pedestrian","Male",15,"Unclassified","Single carriageway",30,"Unclassified","In carriageway, crossing elsewhere","Crossing from driver's nearside",432631,434927,"E01011433",1,"T or staggered junction","Darkness - lights lit","Fine no high winds","Dry","Pedestrian"
"2529","2015132470236",2015-05-07,2015,"May",7,"07:35",7,35,"Thursday","Slight",1,"Slight","Van / Goods vehicle (3.5 tonnes mgw or under) occupant","Driver or rider","Female",49,"Motorway","Dual carriageway",70,NA,"Not a Pedestrian","Not a Pedestrian",431541,425123,"E01011551",4,"Not at junction or within 20 metres","Daylight","Fine no high winds","Dry","Bus and goods vehicle occupant"
"2530","2015132570328",2015-05-07,2015,"May",7,"09:25",9,25,"Thursday","Slight",1,"Slight","Motorcycle 125cc and under rider or passenger","Driver or rider","Male",31,"A","Single carriageway",30,NA,"Not a Pedestrian","Not a Pedestrian",431261,435015,"E01011361",2,"Not at junction or within 20 metres","Daylight","Fine no high winds","Dry","Motorcyclist and pillion"
"2531","2015132570638",2015-05-07,2015,"May",7,"13:01",13,1,"Thursday","Slight",1,"Slight","Motorcycle 125cc and under rider or passenger","Driver or rider","Male",23,"Unclassified","Single carriageway",30,NA,"Not a Pedestrian","Not a Pedestrian",429193,436402,"E01011450",2,"Not at junction or within 20 metres","Daylight","Fine no high winds","Dry","Motorcyclist and pillion"
"2532","2015132571116",2015-05-07,2015,"May",7,"17:09",17,9,"Thursday","Slight",1,"Slight","Cyclist","Driver or rider","Male",39,"A","Dual carriageway",40,"Unclassified","Not a Pedestrian","Not a Pedestrian",433765,434059,"E01011346",2,"T or staggered junction","Daylight","Fine no high winds","Dry","Cyclist"
"2533","2015132580388",2015-05-07,2015,"May",7,"17:30",17,30,"Thursday","Slight",1,"Slight","Cyclist","Driver or rider","Male",37,"A","Single carriageway",30,"Unclassified","Not a Pedestrian","Not a Pedestrian",419603,445164,"E01011571",2,"T or staggered junction","Daylight","Fine no high winds","Dry","Cyclist"
"2534","2015132571193",2015-05-07,2015,"May",7,"17:45",17,45,"Thursday","Slight",1,"Slight","Car occupant","Driver or rider","Male",34,"Unclassified","Single carriageway",20,"Unclassified","Not a Pedestrian","Not a Pedestrian",432436,435042,"E01011432",3,"T or staggered junction","Daylight","Fine no high winds","Dry","Car occupant"
"2535","2015132571680",2015-05-07,2015,"May",7,"21:30",21,30,"Thursday","Slight",2,"Slight","Car occupant","Driver or rider","Female",20,"A","Dual carriageway",40,"Unclassified","Not a Pedestrian","Not a Pedestrian",427791,425855,"E01011550",2,"Crossroads","Darkness - lights lit","Fine no high winds","Dry","Car occupant"
"2536","2015132581135",2015-05-08,2015,"May",8,"17:00",17,0,"Friday","Slight",1,"Slight","Pedestrian","Pedestrian","Female",12,"Unclassified","Single carriageway",30,NA,"In carriageway, crossing elsewhere","Crossing from driver's offside",442480,444657,"E01011710",1,"Not at junction or within 20 metres","Daylight","Raining no high winds","Wet or damp","Pedestrian"
"2537","2015132581478",2015-05-08,2015,"May",8,"20:45",20,45,"Friday","Slight",1,"Slight","Cyclist","Driver or rider","Female",25,"Unclassified","Single carriageway",20,"Unclassified","Not a Pedestrian","Not a Pedestrian",427470,436001,"E01032945",3,"T or staggered junction","Darkness - lights lit","Raining no high winds","Wet or damp","Cyclist"
"2538","2015132590649",2015-05-09,2015,"May",9,"13:24",13,24,"Saturday","Slight",1,"Slight","Car occupant","Driver or rider","Female",70,"A","Dual carriageway",40,"Unclassified","Not a Pedestrian","Not a Pedestrian",430345,435929,"E01011358",2,"T or staggered junction","Daylight","Fine no high winds","Dry","Car occupant"
"2539","2015132590845",2015-05-09,2015,"May",9,"15:29",15,29,"Saturday","Slight",2,"Slight","Car occupant","Driver or rider","Male",53,"A","Dual carriageway",30,"A","Not a Pedestrian","Not a Pedestrian",431004,432045,"E01011467",3,"Crossroads","Daylight","Fine no high winds","Dry","Car occupant"
"2540","2015132590972",2015-05-09,2015,"May",9,"16:38",16,38,"Saturday","Slight",1,"Slight","Pedestrian","Pedestrian","Male",11,"Unclassified","Single carriageway",30,NA,"In carriageway, crossing elsewhere","Crossing from driver's nearside",438522,446067,"E01011706",1,"Not at junction or within 20 metres","Daylight","Fine no high winds","Dry","Pedestrian"
"2541","2015132591384",2015-05-09,2015,"May",9,"20:20",20,20,"Saturday","Slight",4,"Slight","Car occupant","Driver or rider","Female",27,"Unclassified","Single carriageway",30,"A","Not a Pedestrian","Not a Pedestrian",428964,429795,"E01011320",2,"More than 4 arms (not roundabout)","Daylight","Fine no high winds","Dry","Car occupant"
"2542","20151325A0047",2015-05-10,2015,"May",10,"00:32",0,32,"Sunday","Slight",1,"Slight","Car occupant","Driver or rider","Male",33,"A","Dual carriageway",40,"Motorway","Not a Pedestrian","Not a Pedestrian",428066,426570,"E01011540",1,"Roundabout","Darkness - lights lit","Fine no high winds","Dry","Car occupant"
"2543","20151325A0748",2015-05-10,2015,"May",10,"12:55",12,55,"Sunday","Serious",1,"Serious","Pedestrian","Pedestrian","Female",6,"Unclassified","Single carriageway",30,NA,"In carriageway, crossing elsewhere","Crossing from driver's nearside",432841,438289,"E01011650",1,"Not at junction or within 20 metres","Daylight","Fine no high winds","Dry","Pedestrian"
"2544","20151325A0852",2015-05-10,2015,"May",10,"13:55",13,55,"Sunday","Slight",1,"Slight","Car occupant","Passenger","Male",43,"A","Single carriageway",30,"Unclassified","Not a Pedestrian","Not a Pedestrian",419983,440944,"E01011275",2,"T or staggered junction","Daylight","Fine no high winds","Dry","Car occupant"
"2545","20151325B0257",2015-05-11,2015,"May",11,"08:02",8,2,"Monday","Slight",1,"Slight","Car occupant","Driver or rider","Female",23,"A","Dual carriageway",40,"Unclassified","Not a Pedestrian","Not a Pedestrian",430081,431195,"E01011371",3,"Crossroads","Daylight","Fine no high winds","Dry","Car occupant"
"2546","20151325B0719",2015-05-11,2015,"May",11,"12:40",12,40,"Monday","Slight",2,"Slight","Car occupant","Driver or rider","Male",55,"A","Single carriageway",30,"Unclassified","Not a Pedestrian","Not a Pedestrian",431748,431422,"E01011468",2,"T or staggered junction","Daylight","Fine no high winds","Dry","Car occupant"
"2547","20151325B0867",2015-05-11,2015,"May",11,"14:00",14,0,"Monday","Slight",1,"Slight","Pedestrian","Pedestrian","Male",55,"Unclassified","Single carriageway",30,NA,"Unknown or other","Unknown or other",431358,435036,"E01011673",1,"Not at junction or within 20 metres","Daylight","Fine no high winds","Dry","Pedestrian"
"2548","20151325B1156",2015-05-11,2015,"May",11,"17:37",17,37,"Monday","Slight",1,"Slight","Motorcycle 125cc and under rider or passenger","Driver or rider","Male",55,"A","Roundabout",30,"Unclassified","Not a Pedestrian","Not a Pedestrian",429786,438921,"E01011558",2,"Roundabout","Daylight","Fine no high winds","Dry","Motorcyclist and pillion"
"2549","20151325C0289",2015-05-12,2015,"May",12,"08:41",8,41,"Tuesday","Slight",1,"Slight","Bus or coach occupant (17 or more pass seats)","Passenger","Female",51,"A","Roundabout",40,"A","Not a Pedestrian","Not a Pedestrian",428305,429607,"E01011321",2,"Roundabout","Daylight","Fine no high winds","Dry","Bus and goods vehicle occupant"
"2550","20151325C0744",2015-05-12,2015,"May",12,"14:37",14,37,"Tuesday","Slight",1,"Slight","Car occupant","Driver or rider","Male",27,"A","Dual carriageway",30,"A","Not a Pedestrian","Not a Pedestrian",431957,430494,"E01011469",2,"Roundabout","Daylight","Fine no high winds","Dry","Car occupant"
"2551","20151325C1146",2015-05-12,2015,"May",12,"17:50",17,50,"Tuesday","Slight",1,"Slight","Car occupant","Driver or rider","Female",43,"Unclassified","One way street",20,"Unclassified","Not a Pedestrian","Not a Pedestrian",431792,428918,"E01011466",2,"Crossroads","Daylight","Fine no high winds","Dry","Car occupant"
"2552","20151325C1135",2015-05-12,2015,"May",12,"17:51",17,51,"Tuesday","Slight",1,"Slight","Motorcycle 125cc and under rider or passenger","Driver or rider","Male",21,"Unclassified","Single carriageway",30,"Unclassified","Not a Pedestrian","Not a Pedestrian",429601,432563,"E01033032",2,"Crossroads","Daylight","Fine no high winds","Dry","Motorcyclist and pillion"
"2553","20151325D0183",2015-05-13,2015,"May",13,"06:59",6,59,"Wednesday","Serious",1,"Serious","Cyclist","Driver or rider","Male",29,"A","Roundabout",40,"Unclassified","Not a Pedestrian","Not a Pedestrian",421032,444996,"E01011569",2,"Roundabout","Daylight","Fine no high winds","Dry","Cyclist"
"2554","20151325D0214",2015-05-13,2015,"May",13,"07:39",7,39,"Wednesday","Slight",1,"Slight","Cyclist","Driver or rider","Male",47,"Unclassified","Single carriageway",30,"Unclassified","Not a Pedestrian","Not a Pedestrian",422224,435647,"E01011593",2,"T or staggered junction","Daylight","Fine no high winds","Dry","Cyclist"
"2555","20151325D0444",2015-05-13,2015,"May",13,"07:55",7,55,"Wednesday","Slight",1,"Slight","Car occupant","Driver or rider","Male",30,"B","Single carriageway",30,NA,"Not a Pedestrian","Not a Pedestrian",426487,433099,"E01011729",2,"Not at junction or within 20 metres","Daylight","Fine no high winds","Dry","Car occupant"
"2556","20151325D0284",2015-05-13,2015,"May",13,"08:52",8,52,"Wednesday","Slight",1,"Slight","Cyclist","Driver or rider","Male",27,"Unclassified","Single carriageway",30,NA,"Not a Pedestrian","Not a Pedestrian",428493,434486,"E01011483",2,"Not at junction or within 20 metres","Daylight","Fine no high winds","Dry","Cyclist"
"2557","20151325D0337",2015-05-13,2015,"May",13,"09:30",9,30,"Wednesday","Serious",1,"Serious","Car occupant","Driver or rider","Male",27,"A","Single carriageway",60,"Unclassified","Not a Pedestrian","Not a Pedestrian",435428,439801,"E01011311",2,"Crossroads","Daylight","Fine no high winds","Dry","Car occupant"
"2558","20151325D0931",2015-05-13,2015,"May",13,"14:42",14,42,"Wednesday","Slight",1,"Slight","Car occupant","Driver or rider","Male",58,"A","Single carriageway",40,"Unclassified","Not a Pedestrian","Not a Pedestrian",434998,438402,"E01011714",2,"Crossroads","Daylight","Fine no high winds","Dry","Car occupant"
"2559","20151325D1127",2015-05-13,2015,"May",13,"17:00",17,0,"Wednesday","Slight",1,"Slight","Car occupant","Passenger","Female",14,"Unclassified","Single carriageway",30,"Unclassified","Not a Pedestrian","Not a Pedestrian",431990,436033,"E01011422",2,"T or staggered junction","Daylight","Fine no high winds","Dry","Car occupant"
"2560","20151325D1231",2015-05-13,2015,"May",13,"17:20",17,20,"Wednesday","Slight",1,"Slight","Car occupant","Driver or rider","Female",31,"Unclassified","Single carriageway",30,"Unclassified","Not a Pedestrian","Not a Pedestrian",432063,436089,"E01011642",2,"Crossroads","Daylight","Fine no high winds","Dry","Car occupant"
"2561","20151325E0072",2015-05-14,2015,"May",14,"01:12",1,12,"Thursday","Serious",1,"Serious","Car occupant","Driver or rider","Female",35,"A","Dual carriageway",40,NA,"Not a Pedestrian","Not a Pedestrian",428093,430036,"E01011321",1,"Not at junction or within 20 metres","Darkness - lights lit","Fine no high winds","Dry","Car occupant"
"2562","20151325E0099",2015-05-14,2015,"May",14,"02:17",2,17,"Thursday","Slight",1,"Slight","Car occupant","Driver or rider","Male",23,"A","Dual carriageway",40,NA,"Not a Pedestrian","Not a Pedestrian",428574,432162,"E01011366",1,"Not at junction or within 20 metres","Darkness - lights lit","Fine no high winds","Dry","Car occupant"
"2563","20151325E0191",2015-05-14,2015,"May",14,"07:00",7,0,"Thursday","Slight",1,"Slight","Car occupant","Driver or rider","Male",53,"Motorway","Dual carriageway",70,NA,"Not a Pedestrian","Not a Pedestrian",443286,434764,"E01011298",2,"Not at junction or within 20 metres","Daylight","Fine no high winds","Dry","Car occupant"
"2564","20151325E0369",2015-05-14,2015,"May",14,"09:59",9,59,"Thursday","Slight",1,"Slight","Goods vehicle (7.5 tonnes mgw and over) occupant","Driver or rider","Male",39,"Unclassified","Single carriageway",30,NA,"Not a Pedestrian","Not a Pedestrian",424697,437654,"E01011463",1,"Not at junction or within 20 metres","Daylight","Fine no high winds","Dry","Bus and goods vehicle occupant"
"2565","20151325E0537",2015-05-14,2015,"May",14,"11:49",11,49,"Thursday","Slight",1,"Slight","Cyclist","Driver or rider","Male",46,"A","Single carriageway",30,"Unclassified","Not a Pedestrian","Not a Pedestrian",428794,435575,"E01032946",2,"Other junction","Daylight","Fine no high winds","Dry","Cyclist"
"2566","20151325E0944",2015-05-14,2015,"May",14,"15:41",15,41,"Thursday","Slight",1,"Slight","Pedestrian","Pedestrian","Male",16,"A","Dual carriageway",30,NA,"Crossing elsewhere within 50m. of pedestrian crossing","Crossing from driver's nearside",434183,433876,"E01011341",1,"Not at junction or within 20 metres","Daylight","Fine no high winds","Dry","Pedestrian"
"2567","20151325E1184",2015-05-14,2015,"May",14,"17:43",17,43,"Thursday","Slight",1,"Slight","Van / Goods vehicle (3.5 tonnes mgw or under) occupant","Driver or rider","Male",50,"Unclassified","Single carriageway",30,"Unclassified","Not a Pedestrian","Not a Pedestrian",429767,435444,"E01011670",2,"T or staggered junction","Daylight","Fine no high winds","Dry","Bus and goods vehicle occupant"
"2568","20151325E1361",2015-05-14,2015,"May",14,"19:10",19,10,"Thursday","Slight",1,"Slight","Car occupant","Driver or rider","Male",72,"Unclassified","Single carriageway",30,"Unclassified","Not a Pedestrian","Not a Pedestrian",426990,433440,"E01011293",2,"T or staggered junction","Daylight","Fine no high winds","Dry","Car occupant"