"","accident_index","date","year","month","day","time","time_hour","time_minute","day_of_week","accident_severity","number_of_casualties","casualty_severity","casualty_type","casualty_class","sex_of_casualty","age_of_casualty","first_road_class","road_type","speed_limit","second_road_class","pedestrian_location","pedestrian_movement","location_easting_osgr","location_northing_osgr","lsoa_of_accident_location","number_of_vehicles","junction_detail","light_conditions","weather_conditions","road_surface_conditions","cas_type"
"2569","20151325E1610",2015-05-14,2015,"May",14,"21:34",21,34,"Thursday","Slight",2,"Slight","Car occupant","Driver or rider","Male",39,"Unclassified","Single carriageway",30,NA,"Not a Pedestrian","Not a Pedestrian",427407,433760,"E01011284",2,"Not at junction or within 20 metres","Darkness - lights lit","Fine no high winds","Dry","Car occupant"
"2570","20151325F0267",2015-05-15,2015,"May",15,"08:45",8,45,"Friday","Slight",1,"Slight","Cyclist","Driver or rider","Female",19,"A","Single carriageway",30,"Unclassified","Not a Pedestrian","Not a Pedestrian",428719,435612,"E01032946",2,"T or staggered junction","Daylight","Fine no high winds","Dry","Cyclist"
"2571","20151325F0511",2015-05-15,2015,"May",15,"10:15",10,15,"Friday","Serious",1,"Serious","Bus or coach occupant (17 or more pass seats)","Passenger","Female",47,"Unclassified","Unknown",20,NA,"Not a Pedestrian","Not a Pedestrian",430701,433470,"E01033011",1,"Not at junction or within 20 metres","Daylight","Fine no high winds","Dry","Bus and goods vehicle occupant"
"2572","20151325F0662",2015-05-15,2015,"May",15,"13:15",13,15,"Friday","Slight",1,"Slight","Car occupant","Passenger","Female",42,"A","Dual carriageway",40,"Unclassified","Not a Pedestrian","Not a Pedestrian",433170,434034,"E01011340",2,"T or staggered junction","Daylight","Fine no high winds","Dry","Car occupant"
"2573","20151325F0733",2015-05-15,2015,"May",15,"14:06",14,6,"Friday","Slight",2,"Slight","Car occupant","Driver or rider","Female",34,"Unclassified","Single carriageway",30,"Unclassified","Not a Pedestrian","Not a Pedestrian",429889,435204,"E01033005",2,"T or staggered junction","Daylight","Fine no high winds","Dry","Car occupant"
"2574","20151325F1329",2015-05-15,2015,"May",15,"18:55",18,55,"Friday","Serious",2,"Serious","Motorcycle 50cc and under rider or passenger","Driver or rider","Male",25,"Unclassified","Single carriageway",30,"B","Not a Pedestrian","Not a Pedestrian",430896,436565,"E01011356",2,"Other junction","Daylight","Fine no high winds","Dry","Motorcyclist and pillion"
"2575","20151325G1059",2015-05-15,2015,"May",15,"19:20",19,20,"Friday","Slight",1,"Slight","Bus or coach occupant (17 or more pass seats)","Passenger","Female",68,"A","Dual carriageway",40,NA,"Not a Pedestrian","Not a Pedestrian",434609,434506,"E01011341",1,"Not at junction or within 20 metres","Daylight","Fine no high winds","Dry","Bus and goods vehicle occupant"
"2576","20151325G0010",2015-05-16,2015,"May",16,"00:03",0,3,"Saturday","Slight",1,"Slight","Car occupant","Driver or rider","Male",35,"A","Single carriageway",30,NA,"Not a Pedestrian","Not a Pedestrian",422489,429072,"E01011521",2,"Not at junction or within 20 metres","Darkness - lights lit","Fine no high winds","Dry","Car occupant"
"2577","20151325G1009",2015-05-16,2015,"May",16,"09:30",9,30,"Saturday","Slight",1,"Slight","Cyclist","Driver or rider","Female",36,"A","Dual carriageway",30,NA,"Not a Pedestrian","Not a Pedestrian",428588,433884,"E01011363",2,"Not at junction or within 20 metres","Daylight","Fine no high winds","Dry","Cyclist"
"2578","20151325G1025",2015-05-16,2015,"May",16,"13:39",13,39,"Saturday","Slight",3,"Slight","Bus or coach occupant (17 or more pass seats)","Passenger","Female",56,"A","Single carriageway",30,NA,"Not a Pedestrian","Not a Pedestrian",429492,434884,"E01033006",1,"Not at junction or within 20 metres","Daylight","Fine no high winds","Dry","Bus and goods vehicle occupant"
"2579","20151325G0958",2015-05-16,2015,"May",16,"15:03",15,3,"Saturday","Slight",1,"Slight","Pedestrian","Pedestrian","Male",35,"Unclassified","Single carriageway",30,"Unclassified","On footway or verge","Unknown or other",430079,433930,"E01033010",1,"T or staggered junction","Daylight","Fine no high winds","Dry","Pedestrian"
"2580","20151325G1123",2015-05-16,2015,"May",16,"16:30",16,30,"Saturday","Slight",1,"Slight","Car occupant","Passenger","Female",20,"Unclassified","Single carriageway",30,NA,"Not a Pedestrian","Not a Pedestrian",431499,433411,"E01033021",2,"Not at junction or within 20 metres","Daylight","Fine no high winds","Dry","Car occupant"
"2581","20151325G1501",2015-05-16,2015,"May",16,"16:35",16,35,"Saturday","Slight",1,"Slight","Bus or coach occupant (17 or more pass seats)","Passenger","Female",30,"A","Dual carriageway",30,"A","Not a Pedestrian","Not a Pedestrian",431178,433690,"E01033011",1,"T or staggered junction","Daylight","Fine no high winds","Dry","Bus and goods vehicle occupant"
"2582","20151325G2075",2015-05-16,2015,"May",16,"23:55",23,55,"Saturday","Slight",1,"Slight","Taxi/Private hire car occupant","Driver or rider","Male",33,"B","Single carriageway",40,NA,"Not a Pedestrian","Not a Pedestrian",423337,434643,"E01011335",2,"Not at junction or within 20 metres","Darkness - lights lit","Fine no high winds","Dry","Car occupant"
"2583","20151325H0790",2015-05-17,2015,"May",17,"13:40",13,40,"Sunday","Slight",2,"Slight","Car occupant","Driver or rider","Male",38,"Unclassified","Single carriageway",30,NA,"Not a Pedestrian","Not a Pedestrian",428577,425388,"E01011535",2,"Not at junction or within 20 metres","Daylight","Fine no high winds","Dry","Car occupant"
"2584","20151325H1098",2015-05-17,2015,"May",17,"16:52",16,52,"Sunday","Slight",2,"Slight","Car occupant","Passenger","Female",37,"Unclassified","Single carriageway",30,"Unclassified","Not a Pedestrian","Not a Pedestrian",425899,435499,"E01011324",3,"T or staggered junction","Daylight","Fine no high winds","Dry","Car occupant"
"2585","20151325I0249",2015-05-18,2015,"May",18,"08:43",8,43,"Monday","Slight",1,"Slight","Car occupant","Driver or rider","Female",65,"Unclassified","Single carriageway",30,"Unclassified","Not a Pedestrian","Not a Pedestrian",431944,433274,"E01011623",2,"Crossroads","Daylight","Raining no high winds","Wet or damp","Car occupant"
"2586","20151325I0243",2015-05-18,2015,"May",18,"08:48",8,48,"Monday","Slight",1,"Slight","Car occupant","Driver or rider","Male",23,"A","Single carriageway",60,"Unclassified","Not a Pedestrian","Not a Pedestrian",438413,445932,"E01011706",2,"T or staggered junction","Daylight","Fine no high winds","Dry","Car occupant"
"2587","20151325I0280",2015-05-18,2015,"May",18,"09:11",9,11,"Monday","Slight",2,"Slight","Car occupant","Driver or rider","Female",30,"B","Single carriageway",30,"Unclassified","Not a Pedestrian","Not a Pedestrian",422668,428763,"E01011521",3,"T or staggered junction","Daylight","Raining no high winds","Wet or damp","Car occupant"
"2588","20151325I0464",2015-05-18,2015,"May",18,"11:26",11,26,"Monday","Slight",1,"Slight","Pedestrian","Pedestrian","Male",86,"Unclassified","Single carriageway",30,"Unclassified","In centre of carriageway - not on refuge, island or central reservation","Walking along in carriageway, back to traffic",440468,448359,"E01011704",1,"Other junction","Daylight","Fine no high winds","Dry","Pedestrian"
"2589","20151325I0612",2015-05-18,2015,"May",18,"13:09",13,9,"Monday","Slight",1,"Slight","Car occupant","Driver or rider","Female",46,"Motorway","Dual carriageway",70,NA,"Not a Pedestrian","Not a Pedestrian",436983,425881,"E01011636",2,"Not at junction or within 20 metres","Daylight","Fine no high winds","Dry","Car occupant"
"2590","20151325I0622",2015-05-18,2015,"May",18,"13:15",13,15,"Monday","Slight",2,"Slight","Car occupant","Driver or rider","Male",85,"A","Single carriageway",30,"Unclassified","Not a Pedestrian","Not a Pedestrian",430700,434587,"E01033003",2,"Crossroads","Daylight","Fine no high winds","Wet or damp","Car occupant"
"2591","20151325I0669",2015-05-18,2015,"May",18,"13:51",13,51,"Monday","Slight",1,"Slight","Motorcycle 125cc and under rider or passenger","Driver or rider","Male",46,"A","Dual carriageway",30,NA,"Not a Pedestrian","Not a Pedestrian",428386,426124,"E01011553",2,"Not at junction or within 20 metres","Daylight","Raining no high winds","Wet or damp","Motorcyclist and pillion"
"2592","20151325I0846",2015-05-18,2015,"May",18,"15:46",15,46,"Monday","Slight",1,"Slight","Pedestrian","Pedestrian","Male",6,"Unclassified","Single carriageway",30,"Unclassified","In carriageway, crossing elsewhere","Crossing from driver's nearside",431543,434330,"E01033035",1,"T or staggered junction","Daylight","Fine no high winds","Dry","Pedestrian"
"2593","20151325I1018",2015-05-18,2015,"May",18,"17:05",17,5,"Monday","Slight",1,"Slight","Pedestrian","Pedestrian","Male",16,"Unclassified","Single carriageway",30,NA,"In carriageway, not crossing","In carriageway, stationary - not crossing  (standing or playing)",432229,435572,"E01011430",1,"Not at junction or within 20 metres","Daylight","Fine no high winds","Dry","Pedestrian"
"2594","20151325J0225",2015-05-19,2015,"May",19,"08:50",8,50,"Tuesday","Slight",1,"Slight","Car occupant","Driver or rider","Female",31,"Unclassified","Single carriageway",30,NA,"Not a Pedestrian","Not a Pedestrian",421957,434243,"E01011587",1,"Not at junction or within 20 metres","Daylight","Raining no high winds","Wet or damp","Car occupant"
"2595","20151325J0935",2015-05-19,2015,"May",19,"16:35",16,35,"Tuesday","Slight",1,"Slight","Motorcycle 125cc and under rider or passenger","Driver or rider","Male",22,"Unclassified","Roundabout",30,"Unclassified","Not a Pedestrian","Not a Pedestrian",431289,432078,"E01011467",1,"Roundabout","Daylight","Raining no high winds","Wet or damp","Motorcyclist and pillion"
"2596","20151325J1174",2015-05-19,2015,"May",19,"17:00",17,0,"Tuesday","Slight",1,"Slight","Cyclist","Driver or rider","Male",59,"A","Single carriageway",30,"Unclassified","Not a Pedestrian","Not a Pedestrian",426313,435519,"E01011477",2,"T or staggered junction","Daylight","Fine no high winds","Dry","Cyclist"
"2597","20151325J1004",2015-05-19,2015,"May",19,"17:05",17,5,"Tuesday","Serious",1,"Serious","Pedestrian","Pedestrian","Male",15,"Unclassified","Single carriageway",30,"Unclassified","In carriageway, crossing elsewhere","Crossing from nearside - masked by parked or stationary vehicle",428578,434733,"E01011448",1,"T or staggered junction","Daylight","Fine no high winds","Wet or damp","Pedestrian"
"2598","20151325J1099",2015-05-19,2015,"May",19,"18:00",18,0,"Tuesday","Slight",1,"Slight","Pedestrian","Pedestrian","Female",21,"A","Dual carriageway",30,NA,"In carriageway, crossing elsewhere","Crossing from nearside - masked by parked or stationary vehicle",429360,434964,"E01033005",1,"Not at junction or within 20 metres","Daylight","Fine no high winds","Dry","Pedestrian"
"2599","20151325J1336",2015-05-19,2015,"May",19,"20:31",20,31,"Tuesday","Slight",2,"Slight","Car occupant","Passenger","Female",8,"Unclassified","Single carriageway",30,"Unclassified","Not a Pedestrian","Not a Pedestrian",432960,435673,"E01011424",2,"Crossroads","Daylight","Fine no high winds","Dry","Car occupant"
"2600","2015132610654",2015-05-20,2015,"May",20,"07:00",7,0,"Wednesday","Slight",1,"Slight","Pedestrian","Pedestrian","Female",26,"A","Dual carriageway",30,NA,"In carriageway, crossing elsewhere","Crossing from driver's nearside",430724,433594,"E01033011",1,"Not at junction or within 20 metres","Daylight","Fine no high winds","Dry","Pedestrian"
"2601","20151325M0803",2015-05-20,2015,"May",20,"08:20",8,20,"Wednesday","Slight",1,"Slight","Bus or coach occupant (17 or more pass seats)","Passenger","Female",34,"A","Dual carriageway",40,NA,"Not a Pedestrian","Not a Pedestrian",427453,425472,"E01011548",2,"Not at junction or within 20 metres","Daylight","Unknown","Dry","Bus and goods vehicle occupant"
"2602","20151325K0724",2015-05-20,2015,"May",20,"14:22",14,22,"Wednesday","Slight",2,"Slight","Car occupant","Passenger","Female",45,"Unclassified","Single carriageway",30,"A","Not a Pedestrian","Not a Pedestrian",428463,431349,"E01011369",2,"Crossroads","Daylight","Fine no high winds","Dry","Car occupant"
"2603","20151325K0986",2015-05-20,2015,"May",20,"16:23",16,23,"Wednesday","Slight",1,"Slight","Car occupant","Driver or rider","Male",40,"A","Single carriageway",30,NA,"Not a Pedestrian","Not a Pedestrian",438312,430243,"E01011391",4,"Not at junction or within 20 metres","Daylight","Fine no high winds","Dry","Car occupant"
"2604","20151325K0995",2015-05-20,2015,"May",20,"16:25",16,25,"Wednesday","Slight",3,"Slight","Car occupant","Passenger","Female",6,"Unclassified","Single carriageway",30,"Unclassified","Not a Pedestrian","Not a Pedestrian",432376,433723,"E01011348",5,"Roundabout","Daylight","Fine no high winds","Dry","Car occupant"
"2605","20151325K1283",2015-05-20,2015,"May",20,"19:02",19,2,"Wednesday","Fatal",2,"Fatal","Car occupant","Driver or rider","Male",25,"Unclassified","Single carriageway",30,"Unclassified","Not a Pedestrian","Not a Pedestrian",431511,435138,"E01011429",3,"T or staggered junction","Daylight","Fine no high winds","Dry","Car occupant"
"2606","20151325K1317",2015-05-20,2015,"May",20,"19:20",19,20,"Wednesday","Slight",1,"Slight","Motorcycle 125cc and under rider or passenger","Driver or rider","Male",29,"A","Single carriageway",30,"Unclassified","Not a Pedestrian","Not a Pedestrian",428940,429856,"E01011320",3,"T or staggered junction","Daylight","Fine no high winds","Dry","Motorcyclist and pillion"
"2607","20151325K1442",2015-05-20,2015,"May",20,"21:35",21,35,"Wednesday","Serious",1,"Serious","Motorcycle over 500cc rider or passenger","Driver or rider","Male",21,"Unclassified","Single carriageway",60,NA,"Not a Pedestrian","Not a Pedestrian",445306,427942,"E01011299",2,"Not at junction or within 20 metres","Darkness - no lighting","Fine no high winds","Dry","Motorcyclist and pillion"
"2608","20151325K1537",2015-05-20,2015,"May",20,"21:35",21,35,"Wednesday","Slight",2,"Slight","Car occupant","Driver or rider","Male",19,"A","Dual carriageway",40,NA,"Not a Pedestrian","Not a Pedestrian",430620,434640,"E01011671",2,"Not at junction or within 20 metres","Darkness - lights lit","Unknown","Wet or damp","Car occupant"
"2609","20151325L0017",2015-05-21,2015,"May",21,"00:14",0,14,"Thursday","Slight",1,"Slight","Car occupant","Driver or rider","Male",27,"A","Single carriageway",30,"B","Not a Pedestrian","Not a Pedestrian",420237,439506,"E01011278",2,"T or staggered junction","Darkness - lights lit","Fine no high winds","Dry","Car occupant"
"2610","20151325L0189",2015-05-21,2015,"May",21,"07:25",7,25,"Thursday","Slight",1,"Slight","Car occupant","Driver or rider","Male",24,"Motorway","Dual carriageway",70,NA,"Not a Pedestrian","Not a Pedestrian",430174,426446,"E01011538",2,"Not at junction or within 20 metres","Daylight","Fine no high winds","Dry","Car occupant"
"2611","20151325L0207",2015-05-21,2015,"May",21,"07:50",7,50,"Thursday","Slight",1,"Slight","Car occupant","Driver or rider","Female",60,"A","Dual carriageway",40,NA,"Not a Pedestrian","Not a Pedestrian",428490,431578,"E01011366",2,"Not at junction or within 20 metres","Daylight","Fine no high winds","Dry","Car occupant"
"2612","20151325L0873",2015-05-21,2015,"May",21,"15:15",15,15,"Thursday","Slight",1,"Slight","Car occupant","Driver or rider","Male",27,"A","Single carriageway",40,"Unclassified","Not a Pedestrian","Not a Pedestrian",427008,440071,"E01011381",2,"T or staggered junction","Daylight","Fine no high winds","Dry","Car occupant"
"2613","20151325L0908",2015-05-21,2015,"May",21,"15:41",15,41,"Thursday","Slight",1,"Slight","Motorcycle 50cc and under rider or passenger","Driver or rider","Male",23,"A","Dual carriageway",40,"A","Not a Pedestrian","Not a Pedestrian",428139,426248,"E01011550",1,"Roundabout","Daylight","Fine no high winds","Dry","Motorcyclist and pillion"
"2614","20151325L1017",2015-05-21,2015,"May",21,"15:41",15,41,"Thursday","Slight",1,"Slight","Car occupant","Driver or rider","Female",55,"A","Roundabout",40,"A","Not a Pedestrian","Not a Pedestrian",427991,430310,"E01011317",2,"Roundabout","Daylight","Fine no high winds","Dry","Car occupant"
"2615","20151325L1075",2015-05-21,2015,"May",21,"16:45",16,45,"Thursday","Slight",1,"Slight","Motorcycle 50cc and under rider or passenger","Driver or rider","Female",31,"Unclassified","Single carriageway",30,NA,"Not a Pedestrian","Not a Pedestrian",432749,434340,"E01011347",1,"Not at junction or within 20 metres","Daylight","Fine no high winds","Dry","Motorcyclist and pillion"
"2616","20151325L1071",2015-05-21,2015,"May",21,"16:48",16,48,"Thursday","Slight",2,"Slight","Van / Goods vehicle (3.5 tonnes mgw or under) occupant","Driver or rider","Male",63,"Motorway","Unknown",70,NA,"Not a Pedestrian","Not a Pedestrian",432940,425954,"E01011500",2,"Not at junction or within 20 metres","Daylight","Fine no high winds","Dry","Bus and goods vehicle occupant"
"2617","20151325M0962",2015-05-22,2015,"May",22,"15:57",15,57,"Friday","Serious",1,"Serious","Pedestrian","Pedestrian","Female",34,"Unclassified","Single carriageway",30,"Unclassified","Crossing on pedestrian crossing facility","Crossing from driver's nearside",430369,433493,"E01033010",1,"Other junction","Daylight","Fine no high winds","Dry","Pedestrian"
"2618","20151325M1131",2015-05-22,2015,"May",22,"17:35",17,35,"Friday","Slight",4,"Slight","Car occupant","Driver or rider","Male",17,"A","Single carriageway",30,NA,"Not a Pedestrian","Not a Pedestrian",431672,435366,"E01011429",4,"Not at junction or within 20 metres","Daylight","Fine no high winds","Dry","Car occupant"
"2619","20151325N0970",2015-05-22,2015,"May",22,"21:00",21,0,"Friday","Serious",1,"Serious","Van / Goods vehicle (3.5 tonnes mgw or under) occupant","Driver or rider","Male",37,"Unclassified","Single carriageway",30,"Unclassified","Not a Pedestrian","Not a Pedestrian",427411,435856,"E01032945",2,"T or staggered junction","Daylight","Fine no high winds","Dry","Bus and goods vehicle occupant"
"2620","20151325N0442",2015-05-23,2015,"May",23,"09:32",9,32,"Saturday","Serious",1,"Serious","Car occupant","Driver or rider","Male",28,"B","Single carriageway",30,NA,"Not a Pedestrian","Not a Pedestrian",425806,433073,"E01011725",6,"Not at junction or within 20 metres","Daylight","Fine no high winds","Dry","Car occupant"
"2621","20151325N0803",2015-05-23,2015,"May",23,"13:40",13,40,"Saturday","Slight",1,"Slight","Cyclist","Driver or rider","Male",30,"Unclassified","Single carriageway",40,NA,"Not a Pedestrian","Not a Pedestrian",431827,436440,"E01011642",1,"Not at junction or within 20 metres","Daylight","Fine no high winds","Dry","Cyclist"
"2622","20151325N0964",2015-05-23,2015,"May",23,"15:15",15,15,"Saturday","Slight",2,"Slight","Cyclist","Driver or rider","Male",64,"A","Single carriageway",60,NA,"Not a Pedestrian","Not a Pedestrian",441742,439869,"E01011309",2,"Not at junction or within 20 metres","Daylight","Fine no high winds","Dry","Cyclist"
"2623","20151325O0406",2015-05-24,2015,"May",24,"05:36",5,36,"Sunday","Serious",1,"Serious","Car occupant","Driver or rider","Male",24,"A","Dual carriageway",30,"Unclassified","Not a Pedestrian","Not a Pedestrian",428303,429632,"E01011321",1,"Roundabout","Darkness - lights lit","Fine no high winds","Dry","Car occupant"
"2624","20151325O0515",2015-05-24,2015,"May",24,"09:15",9,15,"Sunday","Slight",1,"Slight","Cyclist","Driver or rider","Male",44,"A","Single carriageway",30,NA,"Not a Pedestrian","Not a Pedestrian",424729,445090,"E01011570",2,"Not at junction or within 20 metres","Daylight","Fine no high winds","Dry","Cyclist"
"2625","20151325O0779",2015-05-24,2015,"May",24,"12:58",12,58,"Sunday","Slight",1,"Slight","Car occupant","Driver or rider","Female",65,"B","Single carriageway",30,"Unclassified","Not a Pedestrian","Not a Pedestrian",428758,437153,"E01011691",2,"T or staggered junction","Daylight","Fine no high winds","Dry","Car occupant"
"2626","20151325O0866",2015-05-24,2015,"May",24,"14:00",14,0,"Sunday","Slight",1,"Slight","Car occupant","Passenger","Female",50,"A","Dual carriageway",30,"Unclassified","Not a Pedestrian","Not a Pedestrian",432188,445001,"E01011561",3,"T or staggered junction","Daylight","Fine no high winds","Dry","Car occupant"
"2627","20151325O1593",2015-05-24,2015,"May",24,"21:00",21,0,"Sunday","Serious",3,"Slight","Car occupant","Driver or rider","Male",20,"Unclassified","Single carriageway",30,NA,"Not a Pedestrian","Not a Pedestrian",435195,442112,"E01011713",1,"Not at junction or within 20 metres","Daylight","Fine no high winds","Dry","Car occupant"
"2628","20151325Q0587",2015-05-25,2015,"May",25,"00:30",0,30,"Monday","Slight",1,"Slight","Taxi/Private hire car occupant","Passenger","Female",23,"Unclassified","Single carriageway",30,NA,"Not a Pedestrian","Not a Pedestrian",430065,433812,"E01033010",1,"Not at junction or within 20 metres","Darkness - lights lit","Fine no high winds","Dry","Car occupant"
"2629","20151325P1005",2015-05-25,2015,"May",25,"15:59",15,59,"Monday","Slight",1,"Slight","Cyclist","Driver or rider","Female",24,"Unclassified","Single carriageway",30,"Unclassified","Not a Pedestrian","Not a Pedestrian",428582,437045,"E01011689",2,"Other junction","Daylight","Fine no high winds","Dry","Cyclist"
"2630","20151325P1198",2015-05-25,2015,"May",25,"17:35",17,35,"Monday","Slight",1,"Slight","Cyclist","Driver or rider","Male",43,"Unclassified","Roundabout",40,"A","Not a Pedestrian","Not a Pedestrian",436088,434818,"E01011666",2,"Roundabout","Daylight","Fine no high winds","Dry","Cyclist"
"2631","20151325P1670",2015-05-25,2015,"May",25,"22:50",22,50,"Monday","Serious",1,"Serious","Car occupant","Passenger","Male",24,"B","Single carriageway",30,"Unclassified","Not a Pedestrian","Not a Pedestrian",422569,434703,"E01011335",1,"T or staggered junction","Darkness - lights lit","Fine no high winds","Dry","Car occupant"
"2632","20151325Q0144",2015-05-26,2015,"May",26,"03:51",3,51,"Tuesday","Slight",1,"Slight","Pedestrian","Pedestrian","Male",24,"Unclassified","Dual carriageway",30,NA,"In carriageway, crossing elsewhere","Crossing from driver's offside",429218,433496,"E01033015",1,"Not at junction or within 20 metres","Daylight","Fine no high winds","Dry","Pedestrian"
"2633","2015132640405",2015-05-26,2015,"May",26,"06:32",6,32,"Tuesday","Serious",1,"Serious","Cyclist","Driver or rider","Male",25,"B","Roundabout",30,"Unclassified","Not a Pedestrian","Not a Pedestrian",432780,430385,"E01011468",2,"Roundabout","Daylight","Fine no high winds","Dry","Cyclist"
"2634","20151325Q0385",2015-05-26,2015,"May",26,"10:26",10,26,"Tuesday","Slight",1,"Slight","Van / Goods vehicle (3.5 tonnes mgw or under) occupant","Driver or rider","Male",62,"Unclassified","Single carriageway",30,"Unclassified","Not a Pedestrian","Not a Pedestrian",427354,434825,"E01011482",2,"Crossroads","Daylight","Fine no high winds","Dry","Bus and goods vehicle occupant"
"2635","20151325Q0540",2015-05-26,2015,"May",26,"10:53",10,53,"Tuesday","Slight",1,"Slight","Car occupant","Driver or rider","Male",52,"Unclassified","Single carriageway",30,"Unclassified","Not a Pedestrian","Not a Pedestrian",431914,434804,"E01011677",2,"T or staggered junction","Daylight","Fine no high winds","Dry","Car occupant"
"2636","20151325Q0557",2015-05-26,2015,"May",26,"12:16",12,16,"Tuesday","Slight",1,"Slight","Pedestrian","Pedestrian","Male",7,"Unclassified","Single carriageway",30,NA,"In carriageway, crossing elsewhere","Crossing from driver's nearside",432219,434956,"E01011434",1,"Not at junction or within 20 metres","Daylight","Fine no high winds","Dry","Pedestrian"
"2637","20151325Q1525",2015-05-26,2015,"May",26,"15:10",15,10,"Tuesday","Slight",2,"Slight","Car occupant","Driver or rider","Female",24,"Unclassified","Single carriageway",30,"Unclassified","Not a Pedestrian","Not a Pedestrian",435825,435763,"E01011665",2,"T or staggered junction","Daylight","Fine no high winds","Dry","Car occupant"
"2638","20151325Q1087",2015-05-26,2015,"May",26,"16:00",16,0,"Tuesday","Serious",1,"Serious","Pedestrian","Pedestrian","Female",2,"Unclassified","Single carriageway",30,NA,"Unknown or other","Unknown or other",429529,430760,"E01011375",1,"Not at junction or within 20 metres","Daylight","Fine no high winds","Dry","Pedestrian"
"2639","20151325Q1104",2015-05-26,2015,"May",26,"17:00",17,0,"Tuesday","Slight",4,"Slight","Car occupant","Driver or rider","Male",56,"Unclassified","Single carriageway",30,"Unclassified","Not a Pedestrian","Not a Pedestrian",429556,431562,"E01011364",2,"T or staggered junction","Daylight","Fine no high winds","Dry","Car occupant"
"2640","20151325Q1233",2015-05-26,2015,"May",26,"18:00",18,0,"Tuesday","Slight",1,"Slight","Cyclist","Driver or rider","Male",29,"A","Single carriageway",30,"Unclassified","Not a Pedestrian","Not a Pedestrian",427569,434540,"E01011482",2,"T or staggered junction","Daylight","Fine no high winds","Dry","Cyclist"
"2641","20151325Q1662",2015-05-26,2015,"May",26,"22:45",22,45,"Tuesday","Slight",1,"Slight","Motorcycle 125cc and under rider or passenger","Driver or rider","Male",51,"Unclassified","Single carriageway",40,"Unclassified","Not a Pedestrian","Not a Pedestrian",436277,445443,"E01011708",2,"T or staggered junction","Darkness - no lighting","Fine no high winds","Dry","Motorcyclist and pillion"
"2642","20151325R0871",2015-05-27,2015,"May",27,"15:00",15,0,"Wednesday","Slight",1,"Slight","Car occupant","Driver or rider","Female",38,"A(M)","Dual carriageway",70,NA,"Not a Pedestrian","Not a Pedestrian",443282,439110,"E01011309",1,"Not at junction or within 20 metres","Daylight","Fine no high winds","Dry","Car occupant"
"2643","20151325R1167",2015-05-27,2015,"May",27,"15:44",15,44,"Wednesday","Slight",1,"Slight","Pedestrian","Pedestrian","Male",31,"Unclassified","Single carriageway",20,"Unclassified","In carriageway, crossing elsewhere","Crossing from driver's nearside",432585,434916,"E01011433",1,"T or staggered junction","Daylight","Fine no high winds","Dry","Pedestrian"
"2644","20151325R0982",2015-05-27,2015,"May",27,"15:45",15,45,"Wednesday","Slight",1,"Slight","Pedestrian","Pedestrian","Male",21,"Unclassified","Single carriageway",30,NA,"In centre of carriageway - not on refuge, island or central reservation","Unknown or other",422694,432251,"E01011607",1,"Not at junction or within 20 metres","Daylight","Fine no high winds","Dry","Pedestrian"
"2645","20151325R1039",2015-05-27,2015,"May",27,"16:25",16,25,"Wednesday","Slight",1,"Slight","Cyclist","Driver or rider","Male",24,"A","Single carriageway",30,"Unclassified","Not a Pedestrian","Not a Pedestrian",427392,434635,"E01011482",2,"T or staggered junction","Daylight","Fine no high winds","Dry","Cyclist"
"2646","20151325R1247",2015-05-27,2015,"May",27,"18:05",18,5,"Wednesday","Slight",1,"Slight","Motorcycle over 500cc rider or passenger","Driver or rider","Male",35,"Unclassified","Single carriageway",30,NA,"Not a Pedestrian","Not a Pedestrian",432124,432883,"E01011625",1,"Not at junction or within 20 metres","Daylight","Fine no high winds","Dry","Motorcyclist and pillion"
"2647","20151325R1226",2015-05-27,2015,"May",27,"18:09",18,9,"Wednesday","Slight",2,"Slight","Car occupant","Driver or rider","Female",32,"A","Dual carriageway",40,NA,"Not a Pedestrian","Not a Pedestrian",424985,434254,"E01032606",3,"Not at junction or within 20 metres","Daylight","Fine no high winds","Dry","Car occupant"
"2648","20151325R1340",2015-05-27,2015,"May",27,"19:22",19,22,"Wednesday","Serious",1,"Serious","Goods vehicle (7.5 tonnes mgw and over) occupant","Driver or rider","Male",55,"Motorway","Slip road",50,NA,"Not a Pedestrian","Not a Pedestrian",431767,430481,"E01011469",1,"Not at junction or within 20 metres","Daylight","Other","Wet or damp","Bus and goods vehicle occupant"
"2649","20151325S0382",2015-05-28,2015,"May",28,"10:40",10,40,"Thursday","Slight",1,"Slight","Car occupant","Driver or rider","Female",52,"A","Single carriageway",30,"Unclassified","Not a Pedestrian","Not a Pedestrian",429743,434519,"E01033005",2,"Crossroads","Daylight","Fine no high winds","Dry","Car occupant"
"2650","20151325S0610",2015-05-28,2015,"May",28,"10:58",10,58,"Thursday","Slight",1,"Slight","Bus or coach occupant (17 or more pass seats)","Passenger","Female",53,"A","Single carriageway",30,"Unclassified","Not a Pedestrian","Not a Pedestrian",430867,436266,"E01011356",1,"T or staggered junction","Daylight","Fine no high winds","Dry","Bus and goods vehicle occupant"
"2651","20151325S0655",2015-05-28,2015,"May",28,"13:50",13,50,"Thursday","Slight",1,"Slight","Cyclist","Driver or rider","Male",12,"Unclassified","Roundabout",60,NA,"Not a Pedestrian","Not a Pedestrian",428232,440385,"E01011554",2,"Not at junction or within 20 metres","Daylight","Fine no high winds","Dry","Cyclist"