"","accident_index","date","year","month","day","time","time_hour","time_minute","day_of_week","accident_severity","number_of_casualties","casualty_severity","casualty_type","casualty_class","sex_of_casualty","age_of_casualty","first_road_class","road_type","speed_limit","second_road_class","pedestrian_location","pedestrian_movement","location_easting_osgr","location_northing_osgr","lsoa_of_accident_location","number_of_vehicles","junction_detail","light_conditions","weather_conditions","road_surface_conditions","cas_type"
"2652","20151325S0964",2015-05-28,2015,"May",28,"16:32",16,32,"Thursday","Slight",1,"Slight","Motorcycle 125cc and under rider or passenger","Driver or rider","Male",20,"B","Single carriageway",30,"Unclassified","Not a Pedestrian","Not a Pedestrian",421572,434397,"E01011587",2,"Private drive or entrance","Daylight","Fine no high winds","Dry","Motorcyclist and pillion"
"2653","20151325S1123",2015-05-28,2015,"May",28,"17:40",17,40,"Thursday","Slight",2,"Slight","Car occupant","Driver or rider","Male",29,"B","Single carriageway",40,"Unclassified","Not a Pedestrian","Not a Pedestrian",438025,425861,"E01011395",2,"T or staggered junction","Daylight","Fine no high winds","Dry","Car occupant"
"2654","20151325T0653",2015-05-29,2015,"May",29,"12:20",12,20,"Friday","Slight",1,"Slight","Bus or coach occupant (17 or more pass seats)","Passenger","Female",85,"A","Single carriageway",30,NA,"Not a Pedestrian","Not a Pedestrian",424108,435492,"E01011323",1,"Not at junction or within 20 metres","Daylight","Fine no high winds","Dry","Bus and goods vehicle occupant"
"2655","20151325T1379",2015-05-29,2015,"May",29,"20:30",20,30,"Friday","Slight",1,"Slight","Car occupant","Driver or rider","Male",27,"Unclassified","Single carriageway",30,"Unclassified","Not a Pedestrian","Not a Pedestrian",428937,434211,"E01033006",2,"Crossroads","Daylight","Fine no high winds","Dry","Car occupant"
"2656","20151325U0270",2015-05-30,2015,"May",30,"04:00",4,0,"Saturday","Slight",2,"Slight","Taxi/Private hire car occupant","Passenger","Female",25,"A","Dual carriageway",40,"B","Not a Pedestrian","Not a Pedestrian",433113,434026,"E01011340",2,"Crossroads","Darkness - lights lit","Fine no high winds","Dry","Car occupant"
"2657","20151325U0408",2015-05-30,2015,"May",30,"08:35",8,35,"Saturday","Slight",1,"Slight","Pedestrian","Pedestrian","Male",28,"Unclassified","Single carriageway",30,"Unclassified","In carriageway, crossing elsewhere","Crossing from driver's nearside",434006,428850,"E01011639",1,"T or staggered junction","Daylight","Fine no high winds","Dry","Pedestrian"
"2658","20151325U0618",2015-05-30,2015,"May",30,"11:50",11,50,"Saturday","Serious",1,"Serious","Pedestrian","Pedestrian","Male",9,"Unclassified","Single carriageway",30,"Unclassified","In carriageway, crossing elsewhere","Crossing from driver's nearside",431831,432885,"E01011626",1,"T or staggered junction","Daylight","Fine no high winds","Dry","Pedestrian"
"2659","20151325U0766",2015-05-30,2015,"May",30,"13:35",13,35,"Saturday","Serious",1,"Serious","Pedestrian","Pedestrian","Male",17,"A","Single carriageway",40,"Unclassified","In carriageway, crossing elsewhere","Crossing from driver's offside",436731,433817,"E01011412",1,"T or staggered junction","Daylight","Fine no high winds","Dry","Pedestrian"
"2660","20151325U1125",2015-05-30,2015,"May",30,"16:05",16,5,"Saturday","Slight",1,"Slight","Bus or coach occupant (17 or more pass seats)","Passenger","Female",79,"Unclassified","Single carriageway",30,NA,"Not a Pedestrian","Not a Pedestrian",429783,433404,"E01033016",1,"Not at junction or within 20 metres","Daylight","Fine no high winds","Dry","Bus and goods vehicle occupant"
"2661","20151325U1409",2015-05-30,2015,"May",30,"19:50",19,50,"Saturday","Serious",1,"Serious","Pedestrian","Pedestrian","Male",56,"A","Dual carriageway",30,"Unclassified","Crossing elsewhere within 50m. of pedestrian crossing","Crossing from driver's offside",430950,433295,"E01033033",1,"Crossroads","Daylight","Fine no high winds","Dry","Pedestrian"
"2662","20151325V0422",2015-05-31,2015,"May",31,"08:28",8,28,"Sunday","Slight",1,"Slight","Car occupant","Driver or rider","Male",57,"Motorway","Dual carriageway",30,NA,"Not a Pedestrian","Not a Pedestrian",431790,430472,"E01011469",1,"Not at junction or within 20 metres","Daylight","Raining no high winds","Wet or damp","Car occupant"
"2663","20151325V0514",2015-05-31,2015,"May",31,"10:17",10,17,"Sunday","Slight",1,"Slight","Car occupant","Passenger","Female",72,"B","Single carriageway",30,"Unclassified","Not a Pedestrian","Not a Pedestrian",426351,433095,"E01011729",2,"T or staggered junction","Daylight","Fine no high winds","Dry","Car occupant"
"2664","20151325V0520",2015-05-31,2015,"May",31,"10:20",10,20,"Sunday","Slight",1,"Slight","Cyclist","Driver or rider","Male",41,"A","Dual carriageway",40,NA,"Not a Pedestrian","Not a Pedestrian",420780,434394,"E01011595",2,"Not at junction or within 20 metres","Daylight","Fine no high winds","Dry","Cyclist"
"2665","20151325V0900",2015-05-31,2015,"May",31,"14:55",14,55,"Sunday","Slight",1,"Slight","Motorcycle over 500cc rider or passenger","Driver or rider","Male",63,"A","Dual carriageway",40,"Unclassified","Not a Pedestrian","Not a Pedestrian",428825,433309,"E01033013",1,"T or staggered junction","Daylight","Fine + high winds","Dry","Motorcyclist and pillion"
"2666","20151325V0929",2015-05-31,2015,"May",31,"15:17",15,17,"Sunday","Slight",1,"Slight","Car occupant","Driver or rider","Female",22,"Motorway","Dual carriageway",70,"Motorway","Not a Pedestrian","Not a Pedestrian",432200,427231,"E01032495",2,"Slip road","Daylight","Fine no high winds","Dry","Car occupant"
"2667","2015132610127",2015-06-01,2015,"Jun",1,"03:50",3,50,"Monday","Slight",1,"Slight","Car occupant","Passenger","Female",41,"Unclassified","Single carriageway",30,"Unclassified","Not a Pedestrian","Not a Pedestrian",427373,438212,"E01032876",1,"T or staggered junction","Darkness - lights lit","Fine no high winds","Wet or damp","Car occupant"
"2668","2015132610539",2015-06-01,2015,"Jun",1,"12:30",12,30,"Monday","Slight",2,"Slight","Car occupant","Driver or rider","Male",66,"Motorway","Roundabout",70,"Motorway","Not a Pedestrian","Not a Pedestrian",432241,426275,"E01011499",2,"Roundabout","Daylight","Fine no high winds","Dry","Car occupant"
"2669","2015132611091",2015-06-01,2015,"Jun",1,"17:30",17,30,"Monday","Slight",1,"Slight","Car occupant","Driver or rider","Male",51,"A","Dual carriageway",30,"Unclassified","Not a Pedestrian","Not a Pedestrian",428370,428740,"E01011531",2,"Roundabout","Daylight","Fine no high winds","Dry","Car occupant"
"2670","2015132620223",2015-06-02,2015,"Jun",2,"07:39",7,39,"Tuesday","Slight",2,"Slight","Car occupant","Driver or rider","Male",56,"A","Dual carriageway",50,NA,"Not a Pedestrian","Not a Pedestrian",433503,429762,"E01011639",4,"Not at junction or within 20 metres","Daylight","Fine no high winds","Dry","Car occupant"
"2671","2015132620299",2015-06-02,2015,"Jun",2,"08:00",8,0,"Tuesday","Slight",1,"Slight","Cyclist","Driver or rider","Male",29,"Unclassified","Single carriageway",30,NA,"Not a Pedestrian","Not a Pedestrian",430188,433398,"E01033010",2,"Not at junction or within 20 metres","Daylight","Fine no high winds","Dry","Cyclist"
"2672","2015132620256",2015-06-02,2015,"Jun",2,"08:10",8,10,"Tuesday","Slight",1,"Slight","Cyclist","Driver or rider","Male",48,"A","Single carriageway",40,"Unclassified","Not a Pedestrian","Not a Pedestrian",424078,437278,"E01011465",2,"T or staggered junction","Daylight","Fine no high winds","Dry","Cyclist"
"2673","2015132621257",2015-06-02,2015,"Jun",2,"17:48",17,48,"Tuesday","Slight",2,"Slight","Car occupant","Driver or rider","Female",43,"A","Single carriageway",30,"A","Not a Pedestrian","Not a Pedestrian",441102,445725,"E01011707",2,"Roundabout","Daylight","Fine + high winds","Dry","Car occupant"
"2674","2015132621363",2015-06-02,2015,"Jun",2,"18:30",18,30,"Tuesday","Slight",2,"Slight","Car occupant","Driver or rider","Female",24,"Unclassified","Slip road",30,"A","Not a Pedestrian","Not a Pedestrian",429405,433925,"E01011678",2,"Slip road","Daylight","Raining + high winds","Wet or damp","Car occupant"
"2675","2015132630303",2015-06-03,2015,"Jun",3,"08:57",8,57,"Wednesday","Slight",1,"Slight","Cyclist","Driver or rider","Male",40,"Unclassified","Single carriageway",30,"Unclassified","Not a Pedestrian","Not a Pedestrian",432055,435968,"E01011647",2,"T or staggered junction","Daylight","Fine no high winds","Dry","Cyclist"
"2676","2015132631535",2015-06-03,2015,"Jun",3,"20:35",20,35,"Wednesday","Serious",4,"Slight","Taxi/Private hire car occupant","Driver or rider","Male",49,"B","Single carriageway",30,"C","Not a Pedestrian","Not a Pedestrian",428712,436506,"E01011691",2,"T or staggered junction","Daylight","Fine no high winds","Dry","Car occupant"
"2677","2015132631660",2015-06-03,2015,"Jun",3,"21:55",21,55,"Wednesday","Slight",1,"Slight","Motorcycle over 500cc rider or passenger","Driver or rider","Male",27,"A","Single carriageway",30,NA,"Not a Pedestrian","Not a Pedestrian",421658,440889,"E01011578",2,"Not at junction or within 20 metres","Daylight","Fine no high winds","Dry","Motorcyclist and pillion"
"2678","2015132640243",2015-06-04,2015,"Jun",4,"07:40",7,40,"Thursday","Slight",1,"Slight","Van / Goods vehicle (3.5 tonnes mgw or under) occupant","Driver or rider","Male",52,"Unclassified","Single carriageway",30,NA,"Not a Pedestrian","Not a Pedestrian",427468,433763,"E01011284",1,"Not at junction or within 20 metres","Daylight","Fine no high winds","Dry","Bus and goods vehicle occupant"
"2679","2015132640274",2015-06-04,2015,"Jun",4,"08:26",8,26,"Thursday","Slight",2,"Slight","Car occupant","Driver or rider","Female",22,"Unclassified","Single carriageway",30,"Unclassified","Not a Pedestrian","Not a Pedestrian",422183,428747,"E01011521",2,"Crossroads","Daylight","Fine no high winds","Dry","Car occupant"
"2680","2015132640378",2015-06-04,2015,"Jun",4,"10:03",10,3,"Thursday","Slight",1,"Slight","Car occupant","Driver or rider","Male",65,"Unclassified","Single carriageway",30,NA,"Not a Pedestrian","Not a Pedestrian",427438,432800,"E01011732",2,"Not at junction or within 20 metres","Daylight","Fine no high winds","Dry","Car occupant"
"2681","2015132640593",2015-06-04,2015,"Jun",4,"12:14",12,14,"Thursday","Serious",1,"Serious","Cyclist","Driver or rider","Male",67,"A","Single carriageway",30,NA,"Not a Pedestrian","Not a Pedestrian",439602,433042,"E01011399",2,"Not at junction or within 20 metres","Daylight","Fine no high winds","Dry","Cyclist"
"2682","2015132640864",2015-06-04,2015,"Jun",4,"14:44",14,44,"Thursday","Slight",1,"Slight","Car occupant","Passenger","Male",21,"A","Roundabout",30,"Unclassified","Not a Pedestrian","Not a Pedestrian",430756,434758,"E01011671",2,"T or staggered junction","Daylight","Fine no high winds","Dry","Car occupant"
"2683","2015132641217",2015-06-04,2015,"Jun",4,"18:00",18,0,"Thursday","Slight",1,"Slight","Car occupant","Driver or rider","Female",25,"A","Dual carriageway",40,"A","Not a Pedestrian","Not a Pedestrian",428274,429627,"E01011518",2,"Roundabout","Daylight","Fine no high winds","Dry","Car occupant"
"2684","2015132641336",2015-06-04,2015,"Jun",4,"18:37",18,37,"Thursday","Slight",1,"Slight","Pedestrian","Pedestrian","Female",14,"Unclassified","Dual carriageway",30,NA,"Crossing elsewhere within 50m. of pedestrian crossing","Crossing from driver's nearside",430844,433468,"E01033011",1,"Not at junction or within 20 metres","Daylight","Fine no high winds","Dry","Pedestrian"
"2685","2015132641511",2015-06-04,2015,"Jun",4,"19:40",19,40,"Thursday","Slight",1,"Slight","Goods vehicle (over 3.5t. and under 7.5t.) occupant","Driver or rider","Male",24,"Unclassified","Single carriageway",30,NA,"Not a Pedestrian","Not a Pedestrian",430405,437057,"E01011352",1,"Not at junction or within 20 metres","Daylight","Fine no high winds","Dry","Bus and goods vehicle occupant"
"2686","2015132650776",2015-06-05,2015,"Jun",5,"13:30",13,30,"Friday","Serious",4,"Serious","Bus or coach occupant (17 or more pass seats)","Passenger","Male",78,"Unclassified","Single carriageway",30,"A","Not a Pedestrian","Not a Pedestrian",419603,445164,"E01011571",3,"T or staggered junction","Daylight","Fine no high winds","Dry","Bus and goods vehicle occupant"
"2687","2015132651157",2015-06-05,2015,"Jun",5,"13:30",13,30,"Friday","Slight",1,"Slight","Pedestrian","Pedestrian","Male",49,"Unclassified","Single carriageway",30,"Unclassified","In carriageway, not crossing","Unknown or other",432064,436090,"E01011642",1,"T or staggered junction","Daylight","Fine no high winds","Dry","Pedestrian"
"2688","2015132651032",2015-06-05,2015,"Jun",5,"15:22",15,22,"Friday","Serious",1,"Serious","Cyclist","Driver or rider","Male",27,"B","Single carriageway",30,"Unclassified","Not a Pedestrian","Not a Pedestrian",426351,433095,"E01011729",2,"T or staggered junction","Daylight","Fine no high winds","Dry","Cyclist"
"2689","2015132651363",2015-06-05,2015,"Jun",5,"17:36",17,36,"Friday","Slight",1,"Slight","Pedestrian","Pedestrian","Male",10,"Unclassified","Single carriageway",20,"Unclassified","In carriageway, crossing elsewhere","Crossing from driver's offside",431783,435035,"E01011677",1,"Crossroads","Daylight","Fine no high winds","Dry","Pedestrian"
"2690","2015132651458",2015-06-05,2015,"Jun",5,"18:47",18,47,"Friday","Slight",1,"Slight","Cyclist","Driver or rider","Male",19,"Unclassified","Single carriageway",30,"Unclassified","Not a Pedestrian","Not a Pedestrian",440163,448323,"E01011704",2,"T or staggered junction","Daylight","Fine no high winds","Dry","Cyclist"
"2691","2015132660240",2015-06-06,2015,"Jun",6,"04:10",4,10,"Saturday","Slight",1,"Slight","Car occupant","Passenger","Female",19,"A(M)","Dual carriageway",40,NA,"Not a Pedestrian","Not a Pedestrian",429356,433714,"E01033008",1,"Not at junction or within 20 metres","Daylight","Fine no high winds","Dry","Car occupant"
"2692","2015132660776",2015-06-06,2015,"Jun",6,"04:30",4,30,"Saturday","Slight",1,"Slight","Taxi/Private hire car occupant","Passenger","Female",33,"Unclassified","One way street",30,NA,"Not a Pedestrian","Not a Pedestrian",430236,433914,"E01033010",1,"Not at junction or within 20 metres","Daylight","Fine no high winds","Dry","Car occupant"
"2693","2015132660836",2015-06-06,2015,"Jun",6,"14:12",14,12,"Saturday","Slight",3,"Slight","Car occupant","Driver or rider","Female",40,"Unclassified","Single carriageway",50,"A","Not a Pedestrian","Not a Pedestrian",436506,441865,"E01011310",2,"Crossroads","Daylight","Fine no high winds","Dry","Car occupant"
"2694","2015132660932",2015-06-06,2015,"Jun",6,"15:15",15,15,"Saturday","Slight",1,"Slight","Motorcycle 125cc and under rider or passenger","Driver or rider","Male",21,"B","Single carriageway",30,"Unclassified","Not a Pedestrian","Not a Pedestrian",422982,428624,"E01011521",2,"T or staggered junction","Daylight","Fine no high winds","Dry","Motorcyclist and pillion"
"2695","2015132661053",2015-06-06,2015,"Jun",6,"16:24",16,24,"Saturday","Slight",1,"Slight","Car occupant","Driver or rider","Male",20,"Unclassified","Single carriageway",30,NA,"Not a Pedestrian","Not a Pedestrian",431597,435556,"E01011429",2,"Not at junction or within 20 metres","Daylight","Fine no high winds","Dry","Car occupant"
"2696","2015132670487",2015-06-06,2015,"Jun",6,"18:18",18,18,"Saturday","Slight",1,"Slight","Cyclist","Driver or rider","Male",48,"A","Single carriageway",30,NA,"Not a Pedestrian","Not a Pedestrian",427305,434679,"E01011482",2,"Not at junction or within 20 metres","Daylight","Fine no high winds","Dry","Cyclist"
"2697","2015132661532",2015-06-06,2015,"Jun",6,"21:00",21,0,"Saturday","Slight",1,"Slight","Pedestrian","Pedestrian","Female",13,"A","Dual carriageway",30,"Unclassified","Crossing on pedestrian crossing facility","Crossing from driver's nearside",430710,431924,"E01011364",1,"T or staggered junction","Daylight","Fine no high winds","Dry","Pedestrian"
"2698","2015132671254",2015-06-07,2015,"Jun",7,"18:53",18,53,"Sunday","Serious",1,"Serious","Cyclist","Driver or rider","Male",21,"A","Single carriageway",30,"Unclassified","Not a Pedestrian","Not a Pedestrian",427608,436802,"E01011694",2,"T or staggered junction","Daylight","Fine no high winds","Dry","Cyclist"
"2699","2015132680601",2015-06-08,2015,"Jun",8,"11:35",11,35,"Monday","Slight",1,"Slight","Bus or coach occupant (17 or more pass seats)","Passenger","Female",87,"Unclassified","Single carriageway",30,NA,"Not a Pedestrian","Not a Pedestrian",428441,432955,"E01011363",2,"Not at junction or within 20 metres","Daylight","Fine no high winds","Dry","Bus and goods vehicle occupant"
"2700","2015132681107",2015-06-08,2015,"Jun",8,"17:02",17,2,"Monday","Slight",1,"Slight","Van / Goods vehicle (3.5 tonnes mgw or under) occupant","Passenger","Male",30,"Unclassified","Single carriageway",30,"Unclassified","Not a Pedestrian","Not a Pedestrian",431396,435449,"E01011361",3,"T or staggered junction","Daylight","Fine no high winds","Dry","Bus and goods vehicle occupant"
"2701","2015132681475",2015-06-08,2015,"Jun",8,"20:15",20,15,"Monday","Serious",1,"Serious","Pedestrian","Pedestrian","Male",63,"A","Dual carriageway",40,"Unclassified","In centre of carriageway - not on refuge, island or central reservation","Crossing from driver's offside",425019,433163,"E01011727",1,"Roundabout","Daylight","Fine no high winds","Dry","Pedestrian"
"2702","2015132690217",2015-06-09,2015,"Jun",9,"07:22",7,22,"Tuesday","Serious",1,"Serious","Motorcycle over 500cc rider or passenger","Driver or rider","Male",28,"A","Dual carriageway",40,"A","Not a Pedestrian","Not a Pedestrian",428698,433115,"E01033013",2,"Roundabout","Daylight","Fine no high winds","Dry","Motorcyclist and pillion"
"2703","2015132690225",2015-06-09,2015,"Jun",9,"07:51",7,51,"Tuesday","Slight",1,"Slight","Cyclist","Driver or rider","Male",27,"A","Single carriageway",30,"B","Not a Pedestrian","Not a Pedestrian",426279,435586,"E01011488",2,"Crossroads","Daylight","Fine no high winds","Dry","Cyclist"
"2704","2015132690265",2015-06-09,2015,"Jun",9,"08:20",8,20,"Tuesday","Slight",1,"Slight","Pedestrian","Pedestrian","Male",48,"A","Dual carriageway",30,"Unclassified","In centre of carriageway - not on refuge, island or central reservation","Crossing from driver's nearside",430879,433361,"E01033033",2,"Crossroads","Daylight","Fine no high winds","Dry","Pedestrian"
"2705","2015132690372",2015-06-09,2015,"Jun",9,"09:50",9,50,"Tuesday","Serious",1,"Serious","Pedestrian","Pedestrian","Female",85,"A","Single carriageway",30,NA,"Unknown or other","Unknown or other",430794,438656,"E01011512",1,"Not at junction or within 20 metres","Daylight","Fine no high winds","Dry","Pedestrian"
"2706","2015132690697",2015-06-09,2015,"Jun",9,"13:26",13,26,"Tuesday","Slight",1,"Slight","Pedestrian","Pedestrian","Male",25,"Unclassified","Single carriageway",30,"Unclassified","In carriageway, crossing elsewhere","Crossing from driver's offside",431880,435770,"E01011422",1,"Crossroads","Daylight","Fine no high winds","Dry","Pedestrian"
"2707","2015132690793",2015-06-09,2015,"Jun",9,"14:28",14,28,"Tuesday","Slight",1,"Slight","Car occupant","Driver or rider","Male",32,"A","One way street",50,"Unclassified","Not a Pedestrian","Not a Pedestrian",436761,437359,"E01011714",2,"T or staggered junction","Daylight","Fine no high winds","Dry","Car occupant"
"2708","2015132690906",2015-06-09,2015,"Jun",9,"14:30",14,30,"Tuesday","Slight",1,"Slight","Van / Goods vehicle (3.5 tonnes mgw or under) occupant","Driver or rider","Male",49,"Unclassified","Single carriageway",30,NA,"Not a Pedestrian","Not a Pedestrian",430214,427370,"E01011492",1,"Not at junction or within 20 metres","Daylight","Fine no high winds","Dry","Bus and goods vehicle occupant"
"2709","2015132691088",2015-06-09,2015,"Jun",9,"15:10",15,10,"Tuesday","Slight",1,"Slight","Car occupant","Driver or rider","Male",53,"Unclassified","Single carriageway",30,"Unclassified","Not a Pedestrian","Not a Pedestrian",421576,440732,"E01011578",2,"Other junction","Daylight","Fine no high winds","Dry","Car occupant"
"2710","2015132691050",2015-06-09,2015,"Jun",9,"16:45",16,45,"Tuesday","Slight",1,"Slight","Pedestrian","Pedestrian","Female",34,"Unclassified","Single carriageway",30,NA,"On footway or verge","Unknown or other",441137,445742,"E01011707",1,"Not at junction or within 20 metres","Daylight","Fine no high winds","Dry","Pedestrian"
"2711","2015132691300",2015-06-09,2015,"Jun",9,"17:50",17,50,"Tuesday","Slight",1,"Slight","Car occupant","Driver or rider","Female",28,"A","Single carriageway",30,"A","Not a Pedestrian","Not a Pedestrian",436167,427712,"E01011635",3,"Roundabout","Daylight","Fine no high winds","Dry","Car occupant"
"2712","2015132691318",2015-06-09,2015,"Jun",9,"18:50",18,50,"Tuesday","Serious",1,"Serious","Cyclist","Driver or rider","Male",44,"A","Single carriageway",30,NA,"Not a Pedestrian","Not a Pedestrian",428897,429815,"E01011320",1,"Not at junction or within 20 metres","Daylight","Fine no high winds","Dry","Cyclist"
"2713","2015132691313",2015-06-09,2015,"Jun",9,"19:17",19,17,"Tuesday","Slight",4,"Slight","Car occupant","Driver or rider","Male",39,"Unclassified","Single carriageway",30,"Unclassified","Not a Pedestrian","Not a Pedestrian",431218,433711,"E01011338",2,"T or staggered junction","Daylight","Fine no high winds","Dry","Car occupant"
"2714","20151326B1663",2015-06-10,2015,"Jun",10,"10:30",10,30,"Wednesday","Slight",2,"Slight","Car occupant","Driver or rider","Female",29,"A","Single carriageway",30,"Unclassified","Not a Pedestrian","Not a Pedestrian",430083,431215,"E01011371",2,"T or staggered junction","Daylight","Unknown","Dry","Car occupant"
"2715","20151326A0960",2015-06-10,2015,"Jun",10,"15:20",15,20,"Wednesday","Serious",1,"Serious","Cyclist","Driver or rider","Male",47,"A","Single carriageway",30,"Unclassified","Not a Pedestrian","Not a Pedestrian",420345,440471,"E01011277",2,"T or staggered junction","Daylight","Fine no high winds","Dry","Cyclist"
"2716","20151326A1276",2015-06-10,2015,"Jun",10,"17:55",17,55,"Wednesday","Slight",3,"Slight","Car occupant","Driver or rider","Male",58,"Motorway","Dual carriageway",70,NA,"Not a Pedestrian","Not a Pedestrian",435102,425903,"E01011636",3,"Not at junction or within 20 metres","Daylight","Fine no high winds","Dry","Car occupant"
"2717","20151326A1295",2015-06-10,2015,"Jun",10,"18:08",18,8,"Wednesday","Slight",2,"Slight","Car occupant","Driver or rider","Female",46,"A","Dual carriageway",40,NA,"Not a Pedestrian","Not a Pedestrian",432255,435796,"E01011647",4,"Not at junction or within 20 metres","Daylight","Fine no high winds","Dry","Car occupant"
"2718","20151326A1409",2015-06-10,2015,"Jun",10,"19:20",19,20,"Wednesday","Slight",1,"Slight","Goods vehicle (7.5 tonnes mgw and over) occupant","Passenger","Male",20,"Unclassified","Single carriageway",30,"Unclassified","Not a Pedestrian","Not a Pedestrian",428237,436527,"E01011692",2,"Crossroads","Daylight","Fine no high winds","Dry","Bus and goods vehicle occupant"
"2719","20151326A1434",2015-06-10,2015,"Jun",10,"19:20",19,20,"Wednesday","Slight",1,"Slight","Cyclist","Driver or rider","Male",12,"Unclassified","Single carriageway",30,"Unclassified","Not a Pedestrian","Not a Pedestrian",425032,434745,"E01011282",2,"T or staggered junction","Daylight","Fine no high winds","Dry","Cyclist"
"2720","20151326B1713",2015-06-10,2015,"Jun",10,"20:30",20,30,"Wednesday","Slight",1,"Slight","Cyclist","Driver or rider","Female",44,"Unclassified","Single carriageway",30,"Unclassified","Not a Pedestrian","Not a Pedestrian",440552,448563,"E01011704",2,"Crossroads","Daylight","Fine no high winds","Dry","Cyclist"
"2721","20151326A1659",2015-06-10,2015,"Jun",10,"21:15",21,15,"Wednesday","Slight",1,"Slight","Pedestrian","Pedestrian","Male",36,"Unclassified","Single carriageway",30,NA,"In carriageway, not crossing","Unknown or other",420676,445650,"E01011569",1,"Not at junction or within 20 metres","Daylight","Fine no high winds","Dry","Pedestrian"
"2722","20151326B0597",2015-06-11,2015,"Jun",11,"10:41",10,41,"Thursday","Slight",1,"Slight","Bus or coach occupant (17 or more pass seats)","Passenger","Female",3,"A","Dual carriageway",40,NA,"Not a Pedestrian","Not a Pedestrian",420141,434179,"E01011597",1,"Not at junction or within 20 metres","Daylight","Fine no high winds","Dry","Bus and goods vehicle occupant"
"2723","20151326B0948",2015-06-11,2015,"Jun",11,"12:30",12,30,"Thursday","Slight",1,"Slight","Pedestrian","Pedestrian","Female",28,"Unclassified","Single carriageway",30,NA,"In carriageway, crossing elsewhere","Crossing from driver's nearside",430344,433430,"E01033010",1,"Not at junction or within 20 metres","Daylight","Fine no high winds","Dry","Pedestrian"
"2724","20151326B1004",2015-06-11,2015,"Jun",11,"16:00",16,0,"Thursday","Slight",1,"Slight","Pedestrian","Pedestrian","Male",11,"B","Single carriageway",30,NA,"In carriageway, crossing elsewhere","Crossing from driver's offside",432476,434793,"E01011344",1,"Not at junction or within 20 metres","Daylight","Fine no high winds","Dry","Pedestrian"
"2725","20151326B1121",2015-06-11,2015,"Jun",11,"17:00",17,0,"Thursday","Slight",1,"Slight","Cyclist","Driver or rider","Male",11,"A","Single carriageway",30,NA,"Not a Pedestrian","Not a Pedestrian",438308,430239,"E01011391",2,"Not at junction or within 20 metres","Daylight","Fine no high winds","Dry","Cyclist"
"2726","20151326B1200",2015-06-11,2015,"Jun",11,"17:30",17,30,"Thursday","Slight",2,"Slight","Car occupant","Passenger","Female",89,"Unclassified","Single carriageway",40,NA,"Not a Pedestrian","Not a Pedestrian",432494,436612,"E01011645",3,"Not at junction or within 20 metres","Daylight","Fine no high winds","Dry","Car occupant"
"2727","20151326B1678",2015-06-11,2015,"Jun",11,"21:10",21,10,"Thursday","Slight",1,"Slight","Car occupant","Driver or rider","Female",43,"Unclassified","Single carriageway",30,NA,"Not a Pedestrian","Not a Pedestrian",432698,438584,"E01011653",1,"Not at junction or within 20 metres","Daylight","Fine no high winds","Dry","Car occupant"
"2728","20151326F1417",2015-06-11,2015,"Jun",11,"22:15",22,15,"Thursday","Slight",2,"Slight","Car occupant","Driver or rider","Female",18,"Unclassified","Dual carriageway",40,NA,"Not a Pedestrian","Not a Pedestrian",435939,434817,"E01011666",2,"Not at junction or within 20 metres","Darkness - lights lit","Fine no high winds","Dry","Car occupant"
"2729","20151326C0245",2015-06-12,2015,"Jun",12,"07:25",7,25,"Friday","Serious",1,"Serious","Motorcycle over 500cc rider or passenger","Driver or rider","Male",43,"A","Dual carriageway",40,"A","Not a Pedestrian","Not a Pedestrian",439263,432415,"E01011402",1,"Roundabout","Daylight","Fine no high winds","Dry","Motorcyclist and pillion"
"2730","20151326C0738",2015-06-12,2015,"Jun",12,"12:55",12,55,"Friday","Slight",1,"Slight","Goods vehicle (7.5 tonnes mgw and over) occupant","Driver or rider","Male",47,"Motorway","Dual carriageway",50,NA,"Not a Pedestrian","Not a Pedestrian",431023,424688,"E01011537",3,"Not at junction or within 20 metres","Daylight","Fine no high winds","Dry","Bus and goods vehicle occupant"
"2731","20151326C0763",2015-06-12,2015,"Jun",12,"13:11",13,11,"Friday","Slight",1,"Slight","Car occupant","Driver or rider","Female",28,"B","Dual carriageway",30,"Unclassified","Not a Pedestrian","Not a Pedestrian",428628,436976,"E01011693",2,"T or staggered junction","Daylight","Fine no high winds","Dry","Car occupant"
"2732","20151326C0867",2015-06-12,2015,"Jun",12,"14:30",14,30,"Friday","Slight",1,"Slight","Car occupant","Driver or rider","Female",34,"A","Single carriageway",30,NA,"Not a Pedestrian","Not a Pedestrian",430062,431110,"E01011371",3,"Not at junction or within 20 metres","Daylight","Fine no high winds","Dry","Car occupant"
"2733","20151326C1198",2015-06-12,2015,"Jun",12,"17:14",17,14,"Friday","Slight",1,"Slight","Car occupant","Driver or rider","Male",44,"Unclassified","Single carriageway",20,"Unclassified","Not a Pedestrian","Not a Pedestrian",428921,430406,"E01011315",2,"T or staggered junction","Daylight","Fine no high winds","Dry","Car occupant"
"2734","20151326C1509",2015-06-12,2015,"Jun",12,"19:26",19,26,"Friday","Slight",2,"Slight","Car occupant","Passenger","Male",5,"Unclassified","Single carriageway",30,NA,"Not a Pedestrian","Not a Pedestrian",434653,435165,"E01011667",1,"Not at junction or within 20 metres","Daylight","Fine no high winds","Dry","Car occupant"
"2735","20151326D0053",2015-06-13,2015,"Jun",13,"00:30",0,30,"Saturday","Slight",1,"Slight","Pedestrian","Pedestrian","Male",26,"Unclassified","Single carriageway",30,NA,"On footway or verge","Unknown or other",430381,433427,"E01033011",1,"Not at junction or within 20 metres","Darkness - lights lit","Fine no high winds","Dry","Pedestrian"