"","accident_index","date","year","month","day","time","time_hour","time_minute","day_of_week","accident_severity","number_of_casualties","casualty_severity","casualty_type","casualty_class","sex_of_casualty","age_of_casualty","first_road_class","road_type","speed_limit","second_road_class","pedestrian_location","pedestrian_movement","location_easting_osgr","location_northing_osgr","lsoa_of_accident_location","number_of_vehicles","junction_detail","light_conditions","weather_conditions","road_surface_conditions","cas_type"
"2736","20151326D0197",2015-06-13,2015,"Jun",13,"02:00",2,0,"Saturday","Slight",1,"Slight","Pedestrian","Pedestrian","Female",19,"A","Single carriageway",30,NA,"In carriageway, crossing elsewhere","Crossing from driver's offside",427963,436086,"E01011451",1,"Not at junction or within 20 metres","Darkness - lights lit","Fine no high winds","Dry","Pedestrian"
"2737","20151326D0672",2015-06-13,2015,"Jun",13,"12:40",12,40,"Saturday","Slight",1,"Slight","Car occupant","Driver or rider","Female",47,"B","Single carriageway",30,"Unclassified","Not a Pedestrian","Not a Pedestrian",421490,433086,"E01011605",1,"T or staggered junction","Daylight","Fine no high winds","Wet or damp","Car occupant"
"2738","20151326D0695",2015-06-13,2015,"Jun",13,"13:01",13,1,"Saturday","Serious",1,"Serious","Motorcycle 125cc and under rider or passenger","Driver or rider","Male",24,"Unclassified","Single carriageway",30,NA,"Not a Pedestrian","Not a Pedestrian",427349,430725,"E01011318",1,"Not at junction or within 20 metres","Daylight","Fine no high winds","Dry","Motorcyclist and pillion"
"2739","20151326D0838",2015-06-13,2015,"Jun",13,"14:31",14,31,"Saturday","Slight",1,"Slight","Cyclist","Driver or rider","Male",23,"A","Single carriageway",30,"Unclassified","Not a Pedestrian","Not a Pedestrian",427615,436707,"E01011694",2,"T or staggered junction","Daylight","Fine no high winds","Dry","Cyclist"
"2740","20151326D0996",2015-06-13,2015,"Jun",13,"16:00",16,0,"Saturday","Slight",1,"Slight","Pedestrian","Pedestrian","Male",8,"Unclassified","Single carriageway",30,"Unclassified","In carriageway, crossing elsewhere","Crossing from nearside - masked by parked or stationary vehicle",417459,441468,"E01011270",1,"T or staggered junction","Daylight","Fine no high winds","Wet or damp","Pedestrian"
"2741","20151326D1022",2015-06-13,2015,"Jun",13,"16:20",16,20,"Saturday","Slight",1,"Slight","Motorcycle over 500cc rider or passenger","Driver or rider","Male",48,"B","Slip road",30,"Unclassified","Not a Pedestrian","Not a Pedestrian",433310,426330,"E01011500",2,"Crossroads","Daylight","Fine no high winds","Dry","Motorcyclist and pillion"
"2742","20151326D1157",2015-06-13,2015,"Jun",13,"17:25",17,25,"Saturday","Slight",2,"Slight","Car occupant","Driver or rider","Female",28,"Motorway","Slip road",50,NA,"Not a Pedestrian","Not a Pedestrian",429199,431930,"E01011368",2,"Not at junction or within 20 metres","Daylight","Fine no high winds","Dry","Car occupant"
"2743","20151326D1230",2015-06-13,2015,"Jun",13,"17:45",17,45,"Saturday","Slight",1,"Slight","Car occupant","Driver or rider","Male",30,"A","Dual carriageway",40,"Unclassified","Not a Pedestrian","Not a Pedestrian",429396,433845,"E01011678",1,"T or staggered junction","Daylight","Fine no high winds","Dry","Car occupant"
"2744","20151326E0844",2015-06-14,2015,"Jun",14,"14:14",14,14,"Sunday","Slight",2,"Slight","Car occupant","Driver or rider","Male",51,"Unclassified","Single carriageway",30,NA,"Not a Pedestrian","Not a Pedestrian",421399,434070,"E01011587",1,"Not at junction or within 20 metres","Daylight","Fine no high winds","Wet or damp","Car occupant"
"2745","20151326E1022",2015-06-14,2015,"Jun",14,"16:03",16,3,"Sunday","Slight",1,"Slight","Pedestrian","Pedestrian","Male",36,"Unclassified","One way street",30,NA,"On footway or verge","Unknown or other",428598,431156,"E01011369",3,"Not at junction or within 20 metres","Daylight","Fine no high winds","Dry","Pedestrian"
"2746","20151326E1453",2015-06-14,2015,"Jun",14,"20:15",20,15,"Sunday","Slight",1,"Slight","Pedestrian","Pedestrian","Male",84,"Unclassified","Single carriageway",30,NA,"In carriageway, crossing elsewhere","Crossing from driver's nearside",429958,433327,"E01033016",1,"Not at junction or within 20 metres","Daylight","Fine no high winds","Dry","Pedestrian"
"2747","20151326F0205",2015-06-15,2015,"Jun",15,"07:20",7,20,"Monday","Slight",1,"Slight","Car occupant","Driver or rider","Female",48,"Unclassified","Single carriageway",30,"Unclassified","Not a Pedestrian","Not a Pedestrian",422850,433733,"E01011610",2,"T or staggered junction","Daylight","Fine no high winds","Dry","Car occupant"
"2748","20151326F0254",2015-06-15,2015,"Jun",15,"08:20",8,20,"Monday","Slight",1,"Slight","Cyclist","Driver or rider","Male",39,"A","Dual carriageway",30,"Unclassified","Not a Pedestrian","Not a Pedestrian",430840,434004,"E01033031",2,"T or staggered junction","Daylight","Fine no high winds","Dry","Cyclist"
"2749","20151326F0268",2015-06-15,2015,"Jun",15,"08:36",8,36,"Monday","Slight",1,"Slight","Cyclist","Driver or rider","Male",26,"Unclassified","Single carriageway",30,NA,"Not a Pedestrian","Not a Pedestrian",430674,434359,"E01033002",2,"Not at junction or within 20 metres","Daylight","Fine no high winds","Dry","Cyclist"
"2750","20151326F0665",2015-06-15,2015,"Jun",15,"12:50",12,50,"Monday","Serious",1,"Serious","Motorcycle over 125cc and up to 500cc rider or  passenger","Driver or rider","Male",51,"Unclassified","Single carriageway",20,NA,"Not a Pedestrian","Not a Pedestrian",428655,429774,"E01011321",2,"Not at junction or within 20 metres","Daylight","Fine no high winds","Dry","Motorcyclist and pillion"
"2751","20151326F0808",2015-06-15,2015,"Jun",15,"14:14",14,14,"Monday","Slight",1,"Slight","Bus or coach occupant (17 or more pass seats)","Passenger","Female",73,"A","Dual carriageway",40,NA,"Not a Pedestrian","Not a Pedestrian",425225,436513,"E01032493",2,"Not at junction or within 20 metres","Daylight","Fine no high winds","Dry","Bus and goods vehicle occupant"
"2752","20151326F0826",2015-06-15,2015,"Jun",15,"14:25",14,25,"Monday","Serious",1,"Serious","Pedestrian","Pedestrian","Male",43,"Unclassified","Dual carriageway",30,NA,"In carriageway, crossing elsewhere","Crossing from driver's offside",429334,433483,"E01033015",1,"Not at junction or within 20 metres","Daylight","Fine no high winds","Dry","Pedestrian"
"2753","20151326F1272",2015-06-15,2015,"Jun",15,"17:55",17,55,"Monday","Slight",1,"Slight","Car occupant","Driver or rider","Female",41,"A","Roundabout",30,"A","Not a Pedestrian","Not a Pedestrian",423019,437676,"E01011452",2,"Roundabout","Daylight","Fine no high winds","Dry","Car occupant"
"2754","20151326F1396",2015-06-15,2015,"Jun",15,"18:00",18,0,"Monday","Slight",2,"Slight","Car occupant","Driver or rider","Female",21,"Unclassified","Single carriageway",30,NA,"Not a Pedestrian","Not a Pedestrian",427069,435702,"E01011477",2,"Not at junction or within 20 metres","Daylight","Fine no high winds","Dry","Car occupant"
"2755","20151326G0512",2015-06-16,2015,"Jun",16,"11:22",11,22,"Tuesday","Slight",1,"Slight","Car occupant","Driver or rider","Female",39,"Motorway","Slip road",70,"Motorway","Not a Pedestrian","Not a Pedestrian",431999,425550,"E01011499",2,"Slip road","Daylight","Fine no high winds","Dry","Car occupant"
"2756","20151326G0960",2015-06-16,2015,"Jun",16,"15:14",15,14,"Tuesday","Serious",1,"Serious","Car occupant","Passenger","Female",30,"Unclassified","Roundabout",30,"Unclassified","Not a Pedestrian","Not a Pedestrian",431413,428535,"E01011466",2,"Roundabout","Daylight","Fine no high winds","Dry","Car occupant"
"2757","20151326G1531",2015-06-16,2015,"Jun",16,"20:05",20,5,"Tuesday","Slight",5,"Slight","Car occupant","Driver or rider","Female",36,"Motorway","Slip road",50,NA,"Not a Pedestrian","Not a Pedestrian",428248,431552,"E01011369",2,"Not at junction or within 20 metres","Daylight","Fine no high winds","Dry","Car occupant"
"2758","20151326G1667",2015-06-16,2015,"Jun",16,"21:13",21,13,"Tuesday","Slight",1,"Slight","Pedestrian","Pedestrian","Male",20,"Unclassified","Single carriageway",20,"Unclassified","In carriageway, crossing elsewhere","Crossing from driver's offside",429219,431646,"E01011368",1,"T or staggered junction","Daylight","Fine no high winds","Dry","Pedestrian"
"2759","20151326H0327",2015-06-17,2015,"Jun",17,"07:55",7,55,"Wednesday","Slight",1,"Slight","Cyclist","Driver or rider","Male",14,"Unclassified","Single carriageway",30,NA,"Not a Pedestrian","Not a Pedestrian",436655,436203,"E01011723",2,"Not at junction or within 20 metres","Daylight","Fine no high winds","Dry","Cyclist"
"2760","20151326H0686",2015-06-17,2015,"Jun",17,"13:19",13,19,"Wednesday","Slight",3,"Slight","Car occupant","Passenger","Female",17,"Unclassified","Single carriageway",20,"Unclassified","Not a Pedestrian","Not a Pedestrian",431380,428527,"E01011502",2,"Other junction","Daylight","Raining no high winds","Wet or damp","Car occupant"
"2761","20151326H0907",2015-06-17,2015,"Jun",17,"15:31",15,31,"Wednesday","Slight",1,"Slight","Cyclist","Driver or rider","Male",11,"Unclassified","Single carriageway",30,"Unclassified","Not a Pedestrian","Not a Pedestrian",432399,434430,"E01011347",2,"T or staggered junction","Daylight","Fine no high winds","Dry","Cyclist"
"2762","20151326H1237",2015-06-17,2015,"Jun",17,"18:00",18,0,"Wednesday","Slight",1,"Slight","Pedestrian","Pedestrian","Male",3,"Unclassified","Single carriageway",30,NA,"Crossing on pedestrian crossing facility","Crossing from driver's nearside",433561,435941,"E01011421",1,"Not at junction or within 20 metres","Daylight","Fine no high winds","Dry","Pedestrian"
"2763","20151326I0282",2015-06-18,2015,"Jun",18,"08:35",8,35,"Thursday","Serious",1,"Serious","Cyclist","Driver or rider","Male",33,"A","Single carriageway",30,"Unclassified","Not a Pedestrian","Not a Pedestrian",427322,437205,"E01011690",2,"T or staggered junction","Daylight","Fine no high winds","Dry","Cyclist"
"2764","20151326I0374",2015-06-18,2015,"Jun",18,"09:55",9,55,"Thursday","Slight",1,"Slight","Car occupant","Driver or rider","Male",64,"Motorway","Dual carriageway",70,NA,"Not a Pedestrian","Not a Pedestrian",431569,425150,"E01011551",2,"Not at junction or within 20 metres","Daylight","Fine no high winds","Dry","Car occupant"
"2765","20151326H0965",2015-06-18,2015,"Jun",18,"15:45",15,45,"Thursday","Slight",1,"Slight","Bus or coach occupant (17 or more pass seats)","Passenger","Female",67,"Unclassified","One way street",20,"Unclassified","Not a Pedestrian","Not a Pedestrian",430683,433601,"E01033011",2,"Slip road","Daylight","Fine no high winds","Dry","Bus and goods vehicle occupant"
"2766","20151326I0602",2015-06-18,2015,"Jun",18,"15:45",15,45,"Thursday","Slight",1,"Slight","Cyclist","Driver or rider","Male",14,"A","Single carriageway",30,"Unclassified","Not a Pedestrian","Not a Pedestrian",425081,427745,"E01011530",2,"T or staggered junction","Daylight","Fine no high winds","Dry","Cyclist"
"2767","20151326I0292",2015-06-19,2015,"Jun",19,"08:45",8,45,"Friday","Slight",1,"Slight","Motorcycle 125cc and under rider or passenger","Driver or rider","Male",49,"A","Single carriageway",30,NA,"Not a Pedestrian","Not a Pedestrian",426968,437466,"E01011685",2,"Not at junction or within 20 metres","Daylight","Fine no high winds","Dry","Motorcyclist and pillion"
"2768","20151326J0461",2015-06-19,2015,"Jun",19,"10:30",10,30,"Friday","Slight",11,"Slight","Car occupant","Driver or rider","Female",30,"Unclassified","Dual carriageway",30,"Unclassified","Not a Pedestrian","Not a Pedestrian",430875,433474,"E01033011",3,"T or staggered junction","Daylight","Fine no high winds","Dry","Car occupant"
"2769","20151326J0691",2015-06-19,2015,"Jun",19,"13:10",13,10,"Friday","Serious",1,"Serious","Bus or coach occupant (17 or more pass seats)","Passenger","Female",93,"Unclassified","Single carriageway",30,NA,"Not a Pedestrian","Not a Pedestrian",425363,437476,"E01032494",1,"Not at junction or within 20 metres","Daylight","Fine no high winds","Dry","Bus and goods vehicle occupant"
"2770","20151326J1182",2015-06-19,2015,"Jun",19,"13:30",13,30,"Friday","Slight",1,"Slight","Bus or coach occupant (17 or more pass seats)","Passenger","Male",53,"Unclassified","Unknown",20,NA,"Not a Pedestrian","Not a Pedestrian",428140,429437,"E01011531",1,"Not at junction or within 20 metres","Daylight","Fine no high winds","Dry","Bus and goods vehicle occupant"
"2771","20151326J1509",2015-06-19,2015,"Jun",19,"14:00",14,0,"Friday","Slight",2,"Slight","Bus or coach occupant (17 or more pass seats)","Passenger","Female",21,"A","Dual carriageway",30,"A","Not a Pedestrian","Not a Pedestrian",428330,429611,"E01011321",1,"Roundabout","Daylight","Fine no high winds","Dry","Bus and goods vehicle occupant"
"2772","20151326J0404",2015-06-19,2015,"Jun",19,"14:30",14,30,"Friday","Slight",1,"Slight","Car occupant","Driver or rider","Female",38,"A","Single carriageway",40,"A","Not a Pedestrian","Not a Pedestrian",429405,433918,"E01011678",2,"Slip road","Daylight","Fine no high winds","Dry","Car occupant"
"2773","20151326J0996",2015-06-19,2015,"Jun",19,"15:30",15,30,"Friday","Slight",1,"Slight","Pedestrian","Pedestrian","Female",16,"Unclassified","Single carriageway",30,NA,"In carriageway, not crossing","Unknown or other",433752,433788,"E01011617",1,"Not at junction or within 20 metres","Daylight","Fine no high winds","Dry","Pedestrian"
"2774","20151326J1049",2015-06-19,2015,"Jun",19,"15:45",15,45,"Friday","Serious",1,"Serious","Cyclist","Driver or rider","Male",37,"Unclassified","Single carriageway",30,"Unclassified","Not a Pedestrian","Not a Pedestrian",422397,432685,"E01011604",2,"T or staggered junction","Daylight","Fine no high winds","Dry","Cyclist"
"2775","20151326J1155",2015-06-19,2015,"Jun",19,"16:46",16,46,"Friday","Slight",1,"Slight","Cyclist","Driver or rider","Male",44,"A","Roundabout",30,"A","Not a Pedestrian","Not a Pedestrian",426703,431764,"E01011736",2,"Roundabout","Daylight","Fine no high winds","Dry","Cyclist"
"2776","20151326J1367",2015-06-19,2015,"Jun",19,"18:24",18,24,"Friday","Slight",2,"Slight","Car occupant","Driver or rider","Male",26,"Unclassified","Single carriageway",20,NA,"Not a Pedestrian","Not a Pedestrian",427416,436000,"E01032945",2,"Not at junction or within 20 metres","Daylight","Fine no high winds","Dry","Car occupant"
"2777","20151326K0228",2015-06-20,2015,"Jun",20,"02:54",2,54,"Saturday","Serious",1,"Serious","Car occupant","Passenger","Male",22,"Unclassified","Single carriageway",30,"Unclassified","Not a Pedestrian","Not a Pedestrian",430532,440750,"E01011563",1,"T or staggered junction","Darkness - lights lit","Fine no high winds","Wet or damp","Car occupant"
"2778","20151326K0533",2015-06-20,2015,"Jun",20,"10:40",10,40,"Saturday","Slight",1,"Slight","Motorcycle 125cc and under rider or passenger","Driver or rider","Male",19,"Unclassified","Single carriageway",30,"Unclassified","Not a Pedestrian","Not a Pedestrian",428843,430208,"E01011320",2,"T or staggered junction","Daylight","Fine no high winds","Dry","Motorcyclist and pillion"
"2779","20151326K0580",2015-06-20,2015,"Jun",20,"11:25",11,25,"Saturday","Slight",1,"Slight","Cyclist","Driver or rider","Male",30,"Unclassified","Single carriageway",30,"Unclassified","Not a Pedestrian","Not a Pedestrian",426711,433480,"E01032500",2,"Private drive or entrance","Daylight","Fine no high winds","Wet or damp","Cyclist"
"2780","20151326K0659",2015-06-20,2015,"Jun",20,"12:00",12,0,"Saturday","Slight",1,"Slight","Cyclist","Driver or rider","Male",12,"Unclassified","Single carriageway",30,NA,"Not a Pedestrian","Not a Pedestrian",429104,436720,"E01011450",2,"Not at junction or within 20 metres","Daylight","Fine no high winds","Wet or damp","Cyclist"
"2781","20151326K0953",2015-06-20,2015,"Jun",20,"16:30",16,30,"Saturday","Slight",1,"Slight","Taxi/Private hire car occupant","Passenger","Female",54,"A","Single carriageway",30,"Unclassified","Not a Pedestrian","Not a Pedestrian",429137,433091,"E01033013",2,"T or staggered junction","Daylight","Fine no high winds","Dry","Car occupant"
"2782","20151326K1148",2015-06-20,2015,"Jun",20,"17:01",17,1,"Saturday","Slight",1,"Slight","Motorcycle over 500cc rider or passenger","Driver or rider","Male",40,"A","Dual carriageway",30,"A","Not a Pedestrian","Not a Pedestrian",430651,434685,"E01011671",2,"T or staggered junction","Daylight","Fine no high winds","Dry","Motorcyclist and pillion"
"2783","20151326K1191",2015-06-20,2015,"Jun",20,"17:15",17,15,"Saturday","Slight",3,"Slight","Car occupant","Driver or rider","Male",48,"Unclassified","Single carriageway",30,"Unclassified","Not a Pedestrian","Not a Pedestrian",429542,431239,"E01011373",2,"Crossroads","Daylight","Fine no high winds","Dry","Car occupant"
"2784","20151326L0021",2015-06-21,2015,"Jun",21,"00:15",0,15,"Sunday","Serious",1,"Serious","Pedestrian","Pedestrian","Male",42,"Unclassified","Single carriageway",20,NA,"In centre of carriageway - not on refuge, island or central reservation","Walking along in carriageway, facing traffic",430925,433950,"E01033031",2,"Not at junction or within 20 metres","Darkness - lights unlit","Fine no high winds","Dry","Pedestrian"
"2785","20151326L0484",2015-06-21,2015,"Jun",21,"09:56",9,56,"Sunday","Slight",2,"Slight","Van / Goods vehicle (3.5 tonnes mgw or under) occupant","Driver or rider","Male",26,"Unclassified","Single carriageway",30,"Unclassified","Not a Pedestrian","Not a Pedestrian",431157,438378,"E01011512",2,"T or staggered junction","Daylight","Fine no high winds","Dry","Bus and goods vehicle occupant"
"2786","20151326L0730",2015-06-21,2015,"Jun",21,"13:10",13,10,"Sunday","Slight",1,"Slight","Car occupant","Passenger","Male",55,"Motorway","Single carriageway",60,"A","Not a Pedestrian","Not a Pedestrian",435788,425981,"E01011636",2,"Roundabout","Daylight","Fine no high winds","Dry","Car occupant"
"2787","20151326L1046",2015-06-21,2015,"Jun",21,"14:55",14,55,"Sunday","Slight",2,"Slight","Bus or coach occupant (17 or more pass seats)","Passenger","Female",78,"Unclassified","Single carriageway",30,"Unclassified","Not a Pedestrian","Not a Pedestrian",429889,435204,"E01033005",1,"T or staggered junction","Daylight","Fine no high winds","Dry","Bus and goods vehicle occupant"
"2788","20151326L0939",2015-06-21,2015,"Jun",21,"15:27",15,27,"Sunday","Slight",1,"Slight","Motorcycle over 125cc and up to 500cc rider or  passenger","Driver or rider","Male",58,"A","Dual carriageway",30,"Unclassified","Not a Pedestrian","Not a Pedestrian",428737,433251,"E01011363",2,"T or staggered junction","Daylight","Fine no high winds","Dry","Motorcyclist and pillion"
"2789","20151326L1146",2015-06-21,2015,"Jun",21,"17:15",17,15,"Sunday","Slight",1,"Slight","Car occupant","Driver or rider","Male",17,"Unclassified","Single carriageway",20,NA,"Not a Pedestrian","Not a Pedestrian",431497,436592,"E01011353",3,"Not at junction or within 20 metres","Daylight","Fine no high winds","Dry","Car occupant"
"2790","20151326L1283",2015-06-21,2015,"Jun",21,"18:43",18,43,"Sunday","Serious",1,"Serious","Cyclist","Driver or rider","Male",45,"Unclassified","Single carriageway",30,NA,"Not a Pedestrian","Not a Pedestrian",431717,434548,"E01011677",2,"Not at junction or within 20 metres","Daylight","Fine no high winds","Dry","Cyclist"
"2791","20151326L1645",2015-06-21,2015,"Jun",21,"22:35",22,35,"Sunday","Slight",1,"Slight","Car occupant","Driver or rider","Male",19,"A","Dual carriageway",70,NA,"Not a Pedestrian","Not a Pedestrian",427434,438600,"E01032876",1,"Not at junction or within 20 metres","Darkness - lights lit","Raining no high winds","Wet or damp","Car occupant"
"2792","20151326L1698",2015-06-21,2015,"Jun",21,"23:30",23,30,"Sunday","Slight",1,"Slight","Pedestrian","Pedestrian","Male",28,"Unclassified","Single carriageway",30,"Unclassified","In carriageway, not crossing","Walking along in carriageway, back to traffic",438510,430220,"E01011390",1,"Crossroads","Darkness - no lighting","Raining no high winds","Wet or damp","Pedestrian"
"2793","20151326M0246",2015-06-22,2015,"Jun",22,"08:00",8,0,"Monday","Serious",1,"Serious","Cyclist","Driver or rider","Female",33,"Unclassified","Single carriageway",30,"Unclassified","Not a Pedestrian","Not a Pedestrian",432055,435968,"E01011647",2,"T or staggered junction","Daylight","Fine no high winds","Dry","Cyclist"
"2794","20151326M0766",2015-06-22,2015,"Jun",22,"14:01",14,1,"Monday","Slight",1,"Slight","Car occupant","Driver or rider","Female",55,"Unclassified","Single carriageway",30,NA,"Not a Pedestrian","Not a Pedestrian",429927,427548,"E01011497",2,"Not at junction or within 20 metres","Daylight","Fine no high winds","Dry","Car occupant"
"2795","20151326M0785",2015-06-22,2015,"Jun",22,"14:14",14,14,"Monday","Slight",1,"Slight","Car occupant","Driver or rider","Male",39,"Motorway","Unknown",70,NA,"Not a Pedestrian","Not a Pedestrian",429105,426413,"E01011538",2,"Not at junction or within 20 metres","Daylight","Fine no high winds","Dry","Car occupant"
"2796","20151326M1114",2015-06-22,2015,"Jun",22,"17:05",17,5,"Monday","Slight",1,"Slight","Car occupant","Driver or rider","Female",72,"A","Single carriageway",40,NA,"Not a Pedestrian","Not a Pedestrian",439077,446067,"E01011706",2,"Not at junction or within 20 metres","Daylight","Fine no high winds","Dry","Car occupant"
"2797","20151326N0240",2015-06-23,2015,"Jun",23,"08:35",8,35,"Tuesday","Slight",1,"Slight","Car occupant","Driver or rider","Female",30,"A","Roundabout",70,"Motorway","Not a Pedestrian","Not a Pedestrian",435904,425849,"E01011636",2,"Roundabout","Daylight","Fine no high winds","Dry","Car occupant"
"2798","20151326N0594",2015-06-23,2015,"Jun",23,"12:39",12,39,"Tuesday","Serious",1,"Serious","Bus or coach occupant (17 or more pass seats)","Passenger","Female",79,"B","Single carriageway",30,"Unclassified","Not a Pedestrian","Not a Pedestrian",428622,436968,"E01011693",2,"Other junction","Daylight","Fine no high winds","Dry","Bus and goods vehicle occupant"
"2799","20151326N0764",2015-06-23,2015,"Jun",23,"14:51",14,51,"Tuesday","Slight",1,"Slight","Car occupant","Driver or rider","Male",26,"A","Single carriageway",30,NA,"Not a Pedestrian","Not a Pedestrian",420950,436847,"E01011589",2,"Not at junction or within 20 metres","Daylight","Fine no high winds","Dry","Car occupant"
"2800","20151326N0954",2015-06-23,2015,"Jun",23,"16:18",16,18,"Tuesday","Slight",1,"Slight","Bus or coach occupant (17 or more pass seats)","Driver or rider","Female",34,"Unclassified","Single carriageway",30,NA,"Not a Pedestrian","Not a Pedestrian",420312,445410,"E01011569",2,"Not at junction or within 20 metres","Daylight","Fine no high winds","Dry","Bus and goods vehicle occupant"
"2801","20151326N0994",2015-06-23,2015,"Jun",23,"16:30",16,30,"Tuesday","Slight",1,"Slight","Car occupant","Driver or rider","Male",68,"A","Single carriageway",60,NA,"Not a Pedestrian","Not a Pedestrian",431229,445931,"E01011561",2,"Not at junction or within 20 metres","Daylight","Fine no high winds","Dry","Car occupant"
"2802","20151326N1257",2015-06-23,2015,"Jun",23,"18:40",18,40,"Tuesday","Slight",1,"Slight","Car occupant","Driver or rider","Male",44,"A","Single carriageway",30,"Unclassified","Not a Pedestrian","Not a Pedestrian",431951,431235,"E01011468",1,"Crossroads","Daylight","Fine no high winds","Dry","Car occupant"
"2803","20151326N1347",2015-06-23,2015,"Jun",23,"19:00",19,0,"Tuesday","Slight",1,"Slight","Cyclist","Driver or rider","Female",26,"A","Roundabout",30,"A","Not a Pedestrian","Not a Pedestrian",420924,434425,"E01011595",2,"Roundabout","Daylight","Fine no high winds","Dry","Cyclist"
"2804","20151326N1521",2015-06-23,2015,"Jun",23,"20:40",20,40,"Tuesday","Serious",1,"Serious","Cyclist","Driver or rider","Male",11,"Unclassified","Single carriageway",30,"Unclassified","Not a Pedestrian","Not a Pedestrian",430960,428233,"E01011490",2,"Roundabout","Daylight","Fine no high winds","Dry","Cyclist"
"2805","20151326N1577",2015-06-23,2015,"Jun",23,"21:15",21,15,"Tuesday","Serious",1,"Serious","Motorcycle over 500cc rider or passenger","Driver or rider","Male",60,"Unclassified","Single carriageway",60,"Unclassified","Not a Pedestrian","Not a Pedestrian",422027,440633,"E01011580",2,"T or staggered junction","Daylight","Fine no high winds","Dry","Motorcyclist and pillion"
"2806","20151326N1703",2015-06-23,2015,"Jun",23,"22:33",22,33,"Tuesday","Slight",3,"Slight","Car occupant","Passenger","Female",68,"Motorway","Dual carriageway",50,NA,"Not a Pedestrian","Not a Pedestrian",431149,424771,"E01011537",2,"Not at junction or within 20 metres","Darkness - no lighting","Fine no high winds","Dry","Car occupant"
"2807","20151326N1743",2015-06-23,2015,"Jun",23,"22:58",22,58,"Tuesday","Slight",1,"Slight","Cyclist","Driver or rider","Male",51,"A","Single carriageway",40,NA,"Not a Pedestrian","Not a Pedestrian",423653,443836,"E01032503",2,"Not at junction or within 20 metres","Daylight","Fine no high winds","Dry","Cyclist"
"2808","20151326O0315",2015-06-24,2015,"Jun",24,"08:50",8,50,"Wednesday","Slight",1,"Slight","Car occupant","Driver or rider","Male",31,"Unclassified","Single carriageway",30,"Unclassified","Not a Pedestrian","Not a Pedestrian",431758,434889,"E01011677",2,"Crossroads","Daylight","Fine no high winds","Dry","Car occupant"
"2809","20151326O0318",2015-06-24,2015,"Jun",24,"08:54",8,54,"Wednesday","Slight",1,"Slight","Cyclist","Driver or rider","Female",24,"Unclassified","Single carriageway",30,NA,"Not a Pedestrian","Not a Pedestrian",425697,432088,"E01011735",2,"Not at junction or within 20 metres","Daylight","Fine no high winds","Dry","Cyclist"
"2810","20151326O0447",2015-06-24,2015,"Jun",24,"10:34",10,34,"Wednesday","Slight",1,"Slight","Car occupant","Driver or rider","Male",87,"Unclassified","Single carriageway",20,NA,"Not a Pedestrian","Not a Pedestrian",429074,439892,"E01011567",3,"Not at junction or within 20 metres","Daylight","Fine no high winds","Dry","Car occupant"
"2811","20151326O0739",2015-06-24,2015,"Jun",24,"13:30",13,30,"Wednesday","Slight",2,"Slight","Car occupant","Driver or rider","Female",32,"Motorway","Roundabout",50,"Motorway","Not a Pedestrian","Not a Pedestrian",432173,426122,"E01011499",2,"Roundabout","Daylight","Fine no high winds","Dry","Car occupant"
"2812","20151326O0772",2015-06-24,2015,"Jun",24,"13:55",13,55,"Wednesday","Slight",1,"Slight","Car occupant","Driver or rider","Male",53,"A","Single carriageway",50,NA,"Not a Pedestrian","Not a Pedestrian",426087,430014,"E01011522",1,"Not at junction or within 20 metres","Daylight","Fine no high winds","Dry","Car occupant"
"2813","20151326O0552",2015-06-24,2015,"Jun",24,"15:10",15,10,"Wednesday","Slight",1,"Slight","Cyclist","Driver or rider","Male",27,"Unclassified","Single carriageway",30,NA,"Not a Pedestrian","Not a Pedestrian",429907,434006,"E01033010",2,"Not at junction or within 20 metres","Daylight","Fine no high winds","Dry","Cyclist"
"2814","20151326O0987",2015-06-24,2015,"Jun",24,"15:50",15,50,"Wednesday","Slight",1,"Slight","Cyclist","Driver or rider","Male",25,"Unclassified","Single carriageway",30,"Unclassified","Not a Pedestrian","Not a Pedestrian",427404,434903,"E01011478",2,"T or staggered junction","Daylight","Fine no high winds","Dry","Cyclist"
"2815","20151326O1142",2015-06-24,2015,"Jun",24,"17:00",17,0,"Wednesday","Slight",3,"Slight","Car occupant","Driver or rider","Female",31,"Unclassified","Single carriageway",60,"Unclassified","Not a Pedestrian","Not a Pedestrian",434619,441230,"E01011713",2,"Crossroads","Daylight","Fine no high winds","Dry","Car occupant"
"2816","20151326O1434",2015-06-24,2015,"Jun",24,"19:24",19,24,"Wednesday","Slight",1,"Slight","Cyclist","Driver or rider","Male",24,"Unclassified","Dual carriageway",30,NA,"Not a Pedestrian","Not a Pedestrian",430018,434081,"E01033010",1,"Not at junction or within 20 metres","Daylight","Fine no high winds","Dry","Cyclist"
"2817","20151326P0028",2015-06-25,2015,"Jun",25,"00:13",0,13,"Thursday","Slight",1,"Slight","Cyclist","Driver or rider","Male",38,"Unclassified","Single carriageway",30,NA,"Not a Pedestrian","Not a Pedestrian",423775,435718,"E01011330",2,"Not at junction or within 20 metres","Darkness - lights lit","Fine no high winds","Dry","Cyclist"
"2818","20151326P0292",2015-06-25,2015,"Jun",25,"08:30",8,30,"Thursday","Slight",2,"Slight","Car occupant","Driver or rider","Male",37,"Motorway","Dual carriageway",70,NA,"Not a Pedestrian","Not a Pedestrian",426914,430193,"E01011734",4,"Not at junction or within 20 metres","Daylight","Fine no high winds","Dry","Car occupant"