"","accident_index","date","year","month","day","time","time_hour","time_minute","day_of_week","accident_severity","number_of_casualties","casualty_severity","casualty_type","casualty_class","sex_of_casualty","age_of_casualty","first_road_class","road_type","speed_limit","second_road_class","pedestrian_location","pedestrian_movement","location_easting_osgr","location_northing_osgr","lsoa_of_accident_location","number_of_vehicles","junction_detail","light_conditions","weather_conditions","road_surface_conditions","cas_type"
"3153","20151328M0706",2015-08-24,2015,"Aug",24,"11:30",11,30,"Monday","Serious",1,"Serious","Motorcycle 125cc and under rider or passenger","Driver or rider","Male",20,"A","Single carriageway",30,"Unclassified","Not a Pedestrian","Not a Pedestrian",424791,434815,"E01011282",2,"T or staggered junction","Daylight","Fine no high winds","Dry","Motorcyclist and pillion"
"3154","20151328P1694",2015-08-24,2015,"Aug",24,"14:00",14,0,"Monday","Slight",1,"Slight","Car occupant","Driver or rider","Male",26,"Unclassified","Single carriageway",30,NA,"Not a Pedestrian","Not a Pedestrian",427259,433586,"E01011293",2,"Not at junction or within 20 metres","Daylight","Fine no high winds","Dry","Car occupant"
"3155","20151328O1194",2015-08-24,2015,"Aug",24,"17:30",17,30,"Monday","Slight",1,"Slight","Car occupant","Driver or rider","Female",65,"Unclassified","Single carriageway",60,NA,"Not a Pedestrian","Not a Pedestrian",443241,428077,"E01011299",2,"Not at junction or within 20 metres","Daylight","Fine no high winds","Dry","Car occupant"
"3156","20151328O1239",2015-08-24,2015,"Aug",24,"17:40",17,40,"Monday","Slight",1,"Slight","Cyclist","Driver or rider","Male",12,"Unclassified","Single carriageway",30,NA,"Not a Pedestrian","Not a Pedestrian",432889,435852,"E01011424",2,"Not at junction or within 20 metres","Daylight","Fine no high winds","Dry","Cyclist"
"3157","20151328O1407",2015-08-24,2015,"Aug",24,"19:24",19,24,"Monday","Slight",1,"Slight","Taxi/Private hire car occupant","Passenger","Female",9,"Unclassified","Single carriageway",20,NA,"Not a Pedestrian","Not a Pedestrian",428531,437059,"E01011689",1,"Not at junction or within 20 metres","Daylight","Fine no high winds","Dry","Car occupant"
"3158","20151328P0237",2015-08-25,2015,"Aug",25,"07:15",7,15,"Tuesday","Slight",1,"Slight","Cyclist","Driver or rider","Male",23,"A","Single carriageway",30,"Unclassified","Not a Pedestrian","Not a Pedestrian",422543,429121,"E01011521",2,"T or staggered junction","Daylight","Fine no high winds","Dry","Cyclist"
"3159","20151328P0248",2015-08-25,2015,"Aug",25,"08:14",8,14,"Tuesday","Slight",1,"Slight","Cyclist","Driver or rider","Male",41,"Unclassified","Single carriageway",30,"Unclassified","Not a Pedestrian","Not a Pedestrian",432052,439745,"E01011568",2,"T or staggered junction","Daylight","Fine no high winds","Dry","Cyclist"
"3160","20151328P1592",2015-08-25,2015,"Aug",25,"08:40",8,40,"Tuesday","Serious",1,"Serious","Motorcycle 125cc and under rider or passenger","Driver or rider","Male",40,"A","Dual carriageway",40,"A","Not a Pedestrian","Not a Pedestrian",430747,439249,"E01011556",2,"Roundabout","Daylight","Fine no high winds","Dry","Motorcyclist and pillion"
"3161","20151328P0542",2015-08-25,2015,"Aug",25,"11:30",11,30,"Tuesday","Slight",1,"Slight","Bus or coach occupant (17 or more pass seats)","Passenger","Female",21,"Unclassified","Single carriageway",30,NA,"Not a Pedestrian","Not a Pedestrian",430922,433485,"E01033011",1,"Not at junction or within 20 metres","Daylight","Fine no high winds","Dry","Bus and goods vehicle occupant"
"3162","20151328P0644",2015-08-25,2015,"Aug",25,"12:30",12,30,"Tuesday","Slight",1,"Slight","Cyclist","Driver or rider","Female",50,"Unclassified","Single carriageway",30,"Unclassified","Not a Pedestrian","Not a Pedestrian",418968,446441,"E01011582",2,"T or staggered junction","Daylight","Fine no high winds","Dry","Cyclist"
"3163","20151328P1035",2015-08-25,2015,"Aug",25,"13:00",13,0,"Tuesday","Slight",1,"Slight","Bus or coach occupant (17 or more pass seats)","Passenger","Female",78,"Unclassified","Single carriageway",40,NA,"Not a Pedestrian","Not a Pedestrian",423042,443001,"E01032503",1,"Not at junction or within 20 metres","Daylight","Fine no high winds","Dry","Bus and goods vehicle occupant"
"3164","20151328P1194",2015-08-25,2015,"Aug",25,"17:00",17,0,"Tuesday","Slight",1,"Slight","Car occupant","Driver or rider","Male",24,"Unclassified","Single carriageway",30,"Unclassified","Not a Pedestrian","Not a Pedestrian",426143,437279,"E01011484",2,"T or staggered junction","Daylight","Fine no high winds","Dry","Car occupant"
"3165","20151328P1682",2015-08-25,2015,"Aug",25,"21:20",21,20,"Tuesday","Slight",2,"Slight","Car occupant","Passenger","Male",23,"Unclassified","Single carriageway",30,NA,"Not a Pedestrian","Not a Pedestrian",430360,433457,"E01033010",2,"Not at junction or within 20 metres","Darkness - lights lit","Fine no high winds","Dry","Car occupant"
"3166","20151328Q0414",2015-08-26,2015,"Aug",26,"07:30",7,30,"Wednesday","Slight",1,"Slight","Car occupant","Driver or rider","Male",33,"A","Single carriageway",60,"A","Not a Pedestrian","Not a Pedestrian",431246,445733,"E01011561",2,"T or staggered junction","Daylight","Raining no high winds","Wet or damp","Car occupant"
"3167","20151328Q0269",2015-08-26,2015,"Aug",26,"08:45",8,45,"Wednesday","Slight",1,"Slight","Cyclist","Driver or rider","Male",26,"Unclassified","Single carriageway",30,"Unclassified","Not a Pedestrian","Not a Pedestrian",431749,435501,"E01011429",2,"T or staggered junction","Daylight","Fine no high winds","Dry","Cyclist"
"3168","20151328Q0934",2015-08-26,2015,"Aug",26,"15:29",15,29,"Wednesday","Slight",1,"Slight","Cyclist","Driver or rider","Male",29,"A","Single carriageway",30,"Unclassified","Not a Pedestrian","Not a Pedestrian",427569,436873,"E01011694",2,"T or staggered junction","Daylight","Fine no high winds","Dry","Cyclist"
"3169","20151328R0800",2015-08-27,2015,"Aug",27,"13:45",13,45,"Thursday","Slight",1,"Slight","Motorcycle 50cc and under rider or passenger","Driver or rider","Male",18,"B","Single carriageway",30,NA,"Not a Pedestrian","Not a Pedestrian",418669,441467,"E01011271",1,"Not at junction or within 20 metres","Daylight","Fine no high winds","Dry","Motorcyclist and pillion"
"3170","20151328R1320",2015-08-27,2015,"Aug",27,"18:10",18,10,"Thursday","Slight",1,"Slight","Cyclist","Driver or rider","Female",20,"Unclassified","Single carriageway",30,"Unclassified","Not a Pedestrian","Not a Pedestrian",428690,434948,"E01033006",2,"Crossroads","Daylight","Fine no high winds","Dry","Cyclist"
"3171","20151328R1455",2015-08-27,2015,"Aug",27,"19:22",19,22,"Thursday","Slight",1,"Slight","Car occupant","Passenger","Female",65,"A","Single carriageway",40,"Unclassified","Not a Pedestrian","Not a Pedestrian",432532,443146,"E01011561",2,"T or staggered junction","Daylight","Fine no high winds","Dry","Car occupant"
"3172","20151328S0308",2015-08-28,2015,"Aug",28,"08:26",8,26,"Friday","Slight",2,"Slight","Car occupant","Driver or rider","Male",47,"Unclassified","Single carriageway",30,"Unclassified","Not a Pedestrian","Not a Pedestrian",428097,434512,"E01011481",2,"Crossroads","Daylight","Fine no high winds","Dry","Car occupant"
"3173","20151328S0333",2015-08-28,2015,"Aug",28,"08:30",8,30,"Friday","Slight",2,"Slight","Car occupant","Driver or rider","Female",34,"Unclassified","Single carriageway",30,"Unclassified","Not a Pedestrian","Not a Pedestrian",427832,435806,"E01011435",2,"Crossroads","Daylight","Fine no high winds","Dry","Car occupant"
"3174","20151328S1024",2015-08-28,2015,"Aug",28,"16:18",16,18,"Friday","Slight",2,"Slight","Car occupant","Driver or rider","Female",31,"Motorway","Dual carriageway",50,NA,"Not a Pedestrian","Not a Pedestrian",430273,431943,"E01011364",3,"Not at junction or within 20 metres","Daylight","Fine no high winds","Dry","Car occupant"
"3175","20151328S1153",2015-08-28,2015,"Aug",28,"17:30",17,30,"Friday","Slight",1,"Slight","Car occupant","Driver or rider","Female",33,"A","Single carriageway",30,NA,"Not a Pedestrian","Not a Pedestrian",431555,435193,"E01011429",2,"Not at junction or within 20 metres","Daylight","Fine no high winds","Dry","Car occupant"
"3176","20151328S1305",2015-08-28,2015,"Aug",28,"18:25",18,25,"Friday","Slight",2,"Slight","Car occupant","Driver or rider","Female",18,"B","Dual carriageway",40,NA,"Not a Pedestrian","Not a Pedestrian",434686,433571,"E01011415",2,"Not at junction or within 20 metres","Daylight","Fine no high winds","Dry","Car occupant"
"3177","20151328S1405",2015-08-28,2015,"Aug",28,"19:49",19,49,"Friday","Slight",1,"Slight","Motorcycle 125cc and under rider or passenger","Driver or rider","Male",23,"Unclassified","Single carriageway",30,"Unclassified","Not a Pedestrian","Not a Pedestrian",425105,434211,"E01032606",2,"T or staggered junction","Daylight","Fine no high winds","Dry","Motorcyclist and pillion"
"3178","20151328S1653",2015-08-28,2015,"Aug",28,"21:15",21,15,"Friday","Serious",1,"Serious","Cyclist","Driver or rider","Male",29,"Unclassified","Roundabout",30,"Unclassified","Not a Pedestrian","Not a Pedestrian",433650,435307,"E01011339",2,"Roundabout","Darkness - lights lit","Fine no high winds","Dry","Cyclist"
"3179","20151328S1821",2015-08-28,2015,"Aug",28,"23:01",23,1,"Friday","Slight",1,"Slight","Van / Goods vehicle (3.5 tonnes mgw or under) occupant","Driver or rider","Female",33,"Motorway","Dual carriageway",70,NA,"Not a Pedestrian","Not a Pedestrian",425498,428680,"E01011522",1,"Not at junction or within 20 metres","Darkness - lights lit","Fine no high winds","Dry","Bus and goods vehicle occupant"
"3180","20151328T0569",2015-08-29,2015,"Aug",29,"10:20",10,20,"Saturday","Slight",3,"Slight","Car occupant","Driver or rider","Female",62,"A","Dual carriageway",30,"Unclassified","Not a Pedestrian","Not a Pedestrian",436184,434391,"E01011408",2,"T or staggered junction","Daylight","Fine no high winds","Dry","Car occupant"
"3181","20151328T1552",2015-08-29,2015,"Aug",29,"19:45",19,45,"Saturday","Serious",1,"Serious","Cyclist","Driver or rider","Male",71,"Unclassified","Single carriageway",60,NA,"Not a Pedestrian","Not a Pedestrian",442464,447890,"E01011697",2,"Not at junction or within 20 metres","Daylight","Fine no high winds","Dry","Cyclist"
"3182","20151328T2037",2015-08-29,2015,"Aug",29,"23:40",23,40,"Saturday","Slight",3,"Slight","Car occupant","Driver or rider","Male",21,"A","Dual carriageway",30,NA,"Not a Pedestrian","Not a Pedestrian",429080,433631,"E01011678",1,"Not at junction or within 20 metres","Darkness - lights lit","Fine no high winds","Dry","Car occupant"
"3183","20151328U0680",2015-08-30,2015,"Aug",30,"12:33",12,33,"Sunday","Slight",1,"Slight","Pedestrian","Pedestrian","Female",30,"Unclassified","Single carriageway",30,"Unclassified","In carriageway, crossing elsewhere","Crossing from driver's nearside",426219,427803,"E01011541",1,"T or staggered junction","Daylight","Fine no high winds","Dry","Pedestrian"
"3184","20151328U0756",2015-08-30,2015,"Aug",30,"13:28",13,28,"Sunday","Slight",1,"Slight","Motorcycle over 500cc rider or passenger","Driver or rider","Male",57,"A","Roundabout",40,"Unclassified","Not a Pedestrian","Not a Pedestrian",420308,434268,"E01011597",2,"Other junction","Daylight","Fine no high winds","Dry","Motorcyclist and pillion"
"3185","20151328U0864",2015-08-30,2015,"Aug",30,"14:15",14,15,"Sunday","Slight",2,"Slight","Car occupant","Passenger","Female",31,"A","Dual carriageway",40,"Unclassified","Not a Pedestrian","Not a Pedestrian",434438,434385,"E01011341",2,"Slip road","Daylight","Fine no high winds","Dry","Car occupant"
"3186","20151328U1212",2015-08-30,2015,"Aug",30,"17:50",17,50,"Sunday","Serious",2,"Serious","Motorcycle over 500cc rider or passenger","Driver or rider","Male",36,"Unclassified","Single carriageway",30,NA,"Not a Pedestrian","Not a Pedestrian",429152,429305,"E01011493",1,"Not at junction or within 20 metres","Daylight","Fine no high winds","Dry","Motorcyclist and pillion"
"3187","20151328U1232",2015-08-30,2015,"Aug",30,"18:05",18,5,"Sunday","Slight",3,"Slight","Car occupant","Driver or rider","Male",57,"Unclassified","Dual carriageway",30,"A","Not a Pedestrian","Not a Pedestrian",429008,433567,"E01011678",2,"T or staggered junction","Daylight","Fine no high winds","Dry","Car occupant"
"3188","20151328V0788",2015-08-31,2015,"Aug",31,"13:31",13,31,"Monday","Slight",1,"Slight","Car occupant","Driver or rider","Male",24,"Unclassified","Single carriageway",30,NA,"Not a Pedestrian","Not a Pedestrian",424870,437363,"E01011464",4,"Not at junction or within 20 metres","Daylight","Fine no high winds","Dry","Car occupant"
"3189","2015132910178",2015-09-01,2015,"Sep",1,"06:15",6,15,"Tuesday","Fatal",1,"Fatal","Motorcycle 125cc and under rider or passenger","Driver or rider","Male",44,"A","Dual carriageway",40,"A","Not a Pedestrian","Not a Pedestrian",427529,426263,"E01011550",2,"Other junction","Daylight","Fine no high winds","Wet or damp","Motorcyclist and pillion"
"3190","2015132910295",2015-09-01,2015,"Sep",1,"09:13",9,13,"Tuesday","Slight",1,"Slight","Pedestrian","Pedestrian","Male",35,"A","Dual carriageway",40,NA,"In carriageway, not crossing","Unknown or other",425627,434251,"E01011283",1,"Not at junction or within 20 metres","Daylight","Fine no high winds","Dry","Pedestrian"
"3191","2015132911520",2015-09-01,2015,"Sep",1,"15:20",15,20,"Tuesday","Slight",1,"Slight","Minibus (8 - 16 passenger seats) occupant","Driver or rider","Female",42,"A","Single carriageway",30,"Unclassified","Not a Pedestrian","Not a Pedestrian",426275,435799,"E01011488",2,"T or staggered junction","Daylight","Fine no high winds","Dry","Bus and goods vehicle occupant"
"3192","2015132911181",2015-09-01,2015,"Sep",1,"17:57",17,57,"Tuesday","Slight",1,"Slight","Car occupant","Driver or rider","Female",18,"Unclassified","Single carriageway",30,"Unclassified","Not a Pedestrian","Not a Pedestrian",428160,430064,"E01011317",2,"T or staggered junction","Daylight","Fine no high winds","Dry","Car occupant"
"3193","2015132911358",2015-09-01,2015,"Sep",1,"19:24",19,24,"Tuesday","Slight",1,"Slight","Pedestrian","Pedestrian","Male",68,"B","Unknown",30,NA,"Unknown or other","Walking along in carriageway, back to traffic",428750,437049,"E01011691",1,"Not at junction or within 20 metres","Darkness - lights lit","Raining no high winds","Wet or damp","Pedestrian"
"3194","2015132911428",2015-09-01,2015,"Sep",1,"20:33",20,33,"Tuesday","Serious",1,"Serious","Motorcycle over 500cc rider or passenger","Driver or rider","Male",46,"Unclassified","Single carriageway",30,"Unclassified","Not a Pedestrian","Not a Pedestrian",432581,434909,"E01011433",2,"T or staggered junction","Darkness - lights lit","Fine no high winds","Wet or damp","Motorcyclist and pillion"
"3195","2015132911470",2015-09-01,2015,"Sep",1,"20:55",20,55,"Tuesday","Slight",1,"Slight","Cyclist","Driver or rider","Male",22,"Unclassified","Single carriageway",30,NA,"Not a Pedestrian","Not a Pedestrian",431317,433910,"E01033031",2,"Not at junction or within 20 metres","Darkness - lights lit","Fine no high winds","Wet or damp","Cyclist"
"3196","2015132920325",2015-09-02,2015,"Sep",2,"07:04",7,4,"Wednesday","Slight",1,"Slight","Cyclist","Driver or rider","Female",25,"A","Single carriageway",30,"Unclassified","Not a Pedestrian","Not a Pedestrian",428576,434242,"E01011681",2,"T or staggered junction","Daylight","Fine no high winds","Dry","Cyclist"
"3197","2015132920290",2015-09-02,2015,"Sep",2,"08:32",8,32,"Wednesday","Serious",1,"Serious","Cyclist","Driver or rider","Male",27,"B","Single carriageway",30,NA,"Not a Pedestrian","Not a Pedestrian",426265,433084,"E01011729",2,"Not at junction or within 20 metres","Daylight","Fine no high winds","Dry","Cyclist"
"3198","2015132920513",2015-09-02,2015,"Sep",2,"11:30",11,30,"Wednesday","Slight",1,"Slight","Car occupant","Driver or rider","Female",37,"A","Roundabout",40,"Motorway","Not a Pedestrian","Not a Pedestrian",428539,431538,"E01011366",2,"Roundabout","Daylight","Fine no high winds","Dry","Car occupant"
"3199","2015132921626",2015-09-02,2015,"Sep",2,"16:31",16,31,"Wednesday","Slight",1,"Slight","Car occupant","Passenger","Female",58,"Unclassified","Single carriageway",30,NA,"Not a Pedestrian","Not a Pedestrian",427867,437283,"E01011690",1,"Not at junction or within 20 metres","Daylight","Fine no high winds","Dry","Car occupant"
"3200","2015132921170",2015-09-02,2015,"Sep",2,"17:35",17,35,"Wednesday","Slight",1,"Slight","Pedestrian","Pedestrian","Male",27,"Unclassified","Single carriageway",30,NA,"In carriageway, not crossing","Walking along in carriageway, back to traffic",431962,435043,"E01011434",1,"Not at junction or within 20 metres","Daylight","Fine no high winds","Dry","Pedestrian"
"3201","2015132921255",2015-09-02,2015,"Sep",2,"18:00",18,0,"Wednesday","Slight",1,"Slight","Cyclist","Driver or rider","Male",49,"Unclassified","Single carriageway",30,"Unclassified","Not a Pedestrian","Not a Pedestrian",423447,437675,"E01011465",2,"Other junction","Daylight","Raining no high winds","Wet or damp","Cyclist"
"3202","2015132921225",2015-09-02,2015,"Sep",2,"18:13",18,13,"Wednesday","Slight",1,"Slight","Pedestrian","Pedestrian","Male",27,"Unclassified","Single carriageway",30,NA,"In carriageway, crossing elsewhere","Crossing from nearside - masked by parked or stationary vehicle",430184,433397,"E01033010",1,"Not at junction or within 20 metres","Daylight","Fine no high winds","Dry","Pedestrian"
"3203","2015132921300",2015-09-02,2015,"Sep",2,"18:30",18,30,"Wednesday","Slight",1,"Slight","Car occupant","Driver or rider","Male",20,"Unclassified","Single carriageway",30,"A","Not a Pedestrian","Not a Pedestrian",427062,431803,"E01011736",2,"Crossroads","Daylight","Fine no high winds","Dry","Car occupant"
"3204","2015132921318",2015-09-02,2015,"Sep",2,"19:10",19,10,"Wednesday","Slight",1,"Slight","Bus or coach occupant (17 or more pass seats)","Passenger","Female",47,"Unclassified","Single carriageway",30,"Unclassified","Not a Pedestrian","Not a Pedestrian",423552,433923,"E01011611",2,"T or staggered junction","Daylight","Fine no high winds","Dry","Bus and goods vehicle occupant"
"3205","2015132930390",2015-09-03,2015,"Sep",3,"10:15",10,15,"Thursday","Slight",1,"Slight","Car occupant","Driver or rider","Female",38,"A","Single carriageway",40,NA,"Not a Pedestrian","Not a Pedestrian",422351,436905,"E01011452",2,"Not at junction or within 20 metres","Daylight","Fine no high winds","Dry","Car occupant"
"3206","2015132930529",2015-09-03,2015,"Sep",3,"11:56",11,56,"Thursday","Slight",1,"Slight","Motorcycle 125cc and under rider or passenger","Driver or rider","Male",17,"A","Single carriageway",30,NA,"Not a Pedestrian","Not a Pedestrian",431228,432845,"E01033034",2,"Not at junction or within 20 metres","Daylight","Fine no high winds","Dry","Motorcyclist and pillion"
"3207","2015132930587",2015-09-03,2015,"Sep",3,"12:23",12,23,"Thursday","Slight",4,"Slight","Car occupant","Driver or rider","Female",35,"A","Dual carriageway",30,"B","Not a Pedestrian","Not a Pedestrian",428568,427785,"E01011540",2,"Roundabout","Daylight","Fine no high winds","Dry","Car occupant"
"3208","2015132940397",2015-09-03,2015,"Sep",3,"16:45",16,45,"Thursday","Slight",1,"Slight","Cyclist","Driver or rider","Male",41,"Unclassified","Single carriageway",30,NA,"Not a Pedestrian","Not a Pedestrian",430718,433603,"E01033011",2,"Not at junction or within 20 metres","Daylight","Fine no high winds","Dry","Cyclist"
"3209","2015132961012",2015-09-04,2015,"Sep",4,"15:56",15,56,"Friday","Slight",1,"Slight","Car occupant","Driver or rider","Female",22,"Unclassified","Single carriageway",30,"Unclassified","Not a Pedestrian","Not a Pedestrian",433502,434028,"E01011617",2,"Other junction","Daylight","Fine no high winds","Dry","Car occupant"
"3210","2015132941054",2015-09-04,2015,"Sep",4,"16:54",16,54,"Friday","Slight",1,"Slight","Car occupant","Driver or rider","Female",60,"A","Single carriageway",40,NA,"Not a Pedestrian","Not a Pedestrian",425498,436398,"E01011485",3,"Not at junction or within 20 metres","Daylight","Fine no high winds","Dry","Car occupant"
"3211","2015132941227",2015-09-04,2015,"Sep",4,"18:34",18,34,"Friday","Slight",1,"Slight","Car occupant","Passenger","Female",41,"A","Dual carriageway",40,NA,"Not a Pedestrian","Not a Pedestrian",426507,433928,"E01032608",2,"Not at junction or within 20 metres","Daylight","Fine no high winds","Dry","Car occupant"
"3212","2015132931234",2015-09-04,2015,"Sep",4,"18:43",18,43,"Friday","Serious",1,"Serious","Pedestrian","Pedestrian","Female",9,"Unclassified","Single carriageway",20,NA,"In carriageway, crossing elsewhere","Crossing from nearside - masked by parked or stationary vehicle",434904,437073,"E01011657",1,"Not at junction or within 20 metres","Daylight","Fine no high winds","Dry","Pedestrian"
"3213","2015132941276",2015-09-04,2015,"Sep",4,"19:10",19,10,"Friday","Serious",3,"Slight","Car occupant","Driver or rider","Female",28,"Unclassified","Single carriageway",30,"Unclassified","Not a Pedestrian","Not a Pedestrian",426432,433303,"E01032607",2,"T or staggered junction","Daylight","Fine no high winds","Dry","Car occupant"
"3214","2015132941759",2015-09-04,2015,"Sep",4,"23:53",23,53,"Friday","Slight",1,"Slight","Car occupant","Driver or rider","Female",37,"A","Single carriageway",30,"Unclassified","Not a Pedestrian","Not a Pedestrian",421635,440843,"E01011578",2,"Crossroads","Daylight","Fine no high winds","Dry","Car occupant"
"3215","2015132950323",2015-09-05,2015,"Sep",5,"07:00",7,0,"Saturday","Slight",1,"Slight","Motorcycle over 500cc rider or passenger","Driver or rider","Male",23,"A(M)","Dual carriageway",70,"Motorway","Not a Pedestrian","Not a Pedestrian",443613,435496,"E01011297",1,"Other junction","Daylight","Fine no high winds","Wet or damp","Motorcyclist and pillion"
"3216","2015132950836",2015-09-05,2015,"Sep",5,"13:56",13,56,"Saturday","Slight",1,"Slight","Car occupant","Passenger","Female",24,"Unclassified","Single carriageway",30,"Unclassified","Not a Pedestrian","Not a Pedestrian",431089,435718,"E01011361",2,"Crossroads","Daylight","Fine no high winds","Dry","Car occupant"
"3217","2015132951290",2015-09-05,2015,"Sep",5,"15:05",15,5,"Saturday","Serious",1,"Serious","Bus or coach occupant (17 or more pass seats)","Passenger","Female",74,"Unclassified","Single carriageway",30,NA,"Not a Pedestrian","Not a Pedestrian",424263,439001,"E01011459",2,"Not at junction or within 20 metres","Daylight","Fine no high winds","Dry","Bus and goods vehicle occupant"
"3218","2015132951011",2015-09-05,2015,"Sep",5,"15:45",15,45,"Saturday","Serious",1,"Serious","Cyclist","Driver or rider","Male",44,"Unclassified","Dual carriageway",30,"A(M)","Not a Pedestrian","Not a Pedestrian",429002,433564,"E01011363",2,"Slip road","Daylight","Fine no high winds","Dry","Cyclist"
"3219","2015132951293",2015-09-05,2015,"Sep",5,"17:50",17,50,"Saturday","Slight",1,"Slight","Car occupant","Driver or rider","Male",39,"Unclassified","Single carriageway",30,NA,"Not a Pedestrian","Not a Pedestrian",429701,434344,"E01033008",2,"Not at junction or within 20 metres","Daylight","Fine no high winds","Dry","Car occupant"
"3220","2015132951501",2015-09-05,2015,"Sep",5,"20:55",20,55,"Saturday","Serious",1,"Serious","Car occupant","Driver or rider","Male",34,"Motorway","Dual carriageway",70,NA,"Not a Pedestrian","Not a Pedestrian",427969,426432,"E01011550",2,"Not at junction or within 20 metres","Darkness - lights lit","Fine no high winds","Dry","Car occupant"
"3221","2015132951528",2015-09-05,2015,"Sep",5,"22:00",22,0,"Saturday","Serious",3,"Serious","Car occupant","Driver or rider","Male",25,"A","Unknown",30,NA,"Not a Pedestrian","Not a Pedestrian",432600,428270,"E01011496",2,"Not at junction or within 20 metres","Darkness - lights unlit","Fine no high winds","Dry","Car occupant"
"3222","2015132951660",2015-09-05,2015,"Sep",5,"22:30",22,30,"Saturday","Serious",4,"Slight","Car occupant","Driver or rider","Male",18,"B","Single carriageway",30,"Unclassified","Not a Pedestrian","Not a Pedestrian",423855,429475,"E01011520",2,"Other junction","Darkness - lights lit","Fine no high winds","Dry","Car occupant"
"3223","2015132960386",2015-09-06,2015,"Sep",6,"07:20",7,20,"Sunday","Slight",1,"Slight","Cyclist","Driver or rider","Male",27,"A","Roundabout",40,"Unclassified","Not a Pedestrian","Not a Pedestrian",429775,438891,"E01011558",2,"Roundabout","Daylight","Fine no high winds","Dry","Cyclist"
"3224","2015132980881",2015-09-06,2015,"Sep",6,"18:06",18,6,"Sunday","Slight",4,"Slight","Car occupant","Driver or rider","Male",23,"A","Dual carriageway",40,"B","Not a Pedestrian","Not a Pedestrian",440006,432388,"E01011402",2,"T or staggered junction","Daylight","Fine no high winds","Dry","Car occupant"
"3225","2015132961648",2015-09-06,2015,"Sep",6,"21:33",21,33,"Sunday","Slight",1,"Slight","Car occupant","Driver or rider","Female",48,"Unclassified","Single carriageway",30,"Unclassified","Not a Pedestrian","Not a Pedestrian",429922,427806,"E01011494",2,"Mini-roundabout","Darkness - lights lit","Fine no high winds","Dry","Car occupant"
"3226","2015132961690",2015-09-06,2015,"Sep",6,"22:00",22,0,"Sunday","Slight",6,"Slight","Car occupant","Driver or rider","Female",24,"Unclassified","Dual carriageway",30,"A","Not a Pedestrian","Not a Pedestrian",429369,433782,"E01011678",2,"Crossroads","Darkness - lights lit","Fine no high winds","Wet or damp","Car occupant"
"3227","2015132970351",2015-09-07,2015,"Sep",7,"06:45",6,45,"Monday","Slight",1,"Slight","Cyclist","Driver or rider","Female",34,"Unclassified","Roundabout",30,"Unclassified","Not a Pedestrian","Not a Pedestrian",426191,437503,"E01011687",2,"Roundabout","Daylight","Fine no high winds","Dry","Cyclist"
"3228","2015132970690",2015-09-07,2015,"Sep",7,"13:53",13,53,"Monday","Slight",1,"Slight","Car occupant","Driver or rider","Female",39,"A","Dual carriageway",40,"Unclassified","Not a Pedestrian","Not a Pedestrian",429788,430628,"E01011322",3,"T or staggered junction","Daylight","Fine no high winds","Dry","Car occupant"
"3229","2015132971431",2015-09-07,2015,"Sep",7,"20:25",20,25,"Monday","Slight",1,"Slight","Car occupant","Passenger","Female",50,"Unclassified","Single carriageway",30,NA,"Not a Pedestrian","Not a Pedestrian",429613,433801,"E01033008",2,"Not at junction or within 20 metres","Darkness - lights lit","Fine no high winds","Dry","Car occupant"
"3230","2015132981012",2015-09-08,2015,"Sep",8,"08:55",8,55,"Tuesday","Slight",1,"Slight","Taxi/Private hire car occupant","Passenger","Female",24,"Unclassified","Single carriageway",30,"Unclassified","Not a Pedestrian","Not a Pedestrian",431483,435011,"E01011673",2,"T or staggered junction","Daylight","Fine no high winds","Dry","Car occupant"
"3231","2015132980475",2015-09-08,2015,"Sep",8,"11:24",11,24,"Tuesday","Slight",1,"Slight","Car occupant","Driver or rider","Male",84,"Unclassified","Single carriageway",30,NA,"Not a Pedestrian","Not a Pedestrian",440208,432953,"E01011396",1,"Not at junction or within 20 metres","Daylight","Fine no high winds","Dry","Car occupant"
"3232","2015132980756",2015-09-08,2015,"Sep",8,"14:40",14,40,"Tuesday","Serious",2,"Slight","Car occupant","Driver or rider","Male",21,"Unclassified","Single carriageway",60,NA,"Not a Pedestrian","Not a Pedestrian",415382,443006,"E01011270",2,"Not at junction or within 20 metres","Daylight","Fine no high winds","Dry","Car occupant"
"3233","2015132981412",2015-09-08,2015,"Sep",8,"20:20",20,20,"Tuesday","Slight",1,"Slight","Car occupant","Driver or rider","Female",20,"A","One way street",30,"Unclassified","Not a Pedestrian","Not a Pedestrian",430059,433940,"E01033010",3,"Crossroads","Darkness - lights lit","Fine no high winds","Dry","Car occupant"
"3234","2015132990248",2015-09-09,2015,"Sep",9,"08:20",8,20,"Wednesday","Slight",1,"Slight","Car occupant","Driver or rider","Female",22,"A","Dual carriageway",70,NA,"Not a Pedestrian","Not a Pedestrian",428435,428631,"E01011540",3,"Not at junction or within 20 metres","Daylight","Fine no high winds","Dry","Car occupant"
"3235","2015132990960",2015-09-09,2015,"Sep",9,"10:30",10,30,"Wednesday","Slight",1,"Slight","Car occupant","Driver or rider","Female",31,"A","Dual carriageway",30,"Unclassified","Not a Pedestrian","Not a Pedestrian",428056,434296,"E01011483",2,"Crossroads","Daylight","Fine no high winds","Dry","Car occupant"
"3236","2015132990494",2015-09-09,2015,"Sep",9,"11:11",11,11,"Wednesday","Slight",1,"Slight","Car occupant","Driver or rider","Female",23,"A","Dual carriageway",40,NA,"Not a Pedestrian","Not a Pedestrian",425373,434324,"E01011286",3,"Not at junction or within 20 metres","Daylight","Fine no high winds","Dry","Car occupant"