"","accident_index","date","year","month","day","time","time_hour","time_minute","day_of_week","accident_severity","number_of_casualties","casualty_severity","casualty_type","casualty_class","sex_of_casualty","age_of_casualty","first_road_class","road_type","speed_limit","second_road_class","pedestrian_location","pedestrian_movement","location_easting_osgr","location_northing_osgr","lsoa_of_accident_location","number_of_vehicles","junction_detail","light_conditions","weather_conditions","road_surface_conditions","cas_type"
"3403","2015132A61395",2015-10-06,2015,"Oct",6,"19:30",19,30,"Tuesday","Serious",2,"Serious","Pedestrian","Pedestrian","Female",66,"Unclassified","Single carriageway",30,"B","In carriageway, crossing elsewhere","Crossing from driver's nearside",421719,432926,"E01011602",1,"T or staggered junction","Darkness - lights lit","Raining no high winds","Wet or damp","Pedestrian"
"3404","2015132A61452",2015-10-06,2015,"Oct",6,"20:00",20,0,"Tuesday","Slight",2,"Slight","Car occupant","Driver or rider","Male",43,"Unclassified","Single carriageway",30,NA,"Not a Pedestrian","Not a Pedestrian",428601,430771,"E01011369",2,"Not at junction or within 20 metres","Darkness - lights lit","Fine no high winds","Wet or damp","Car occupant"
"3405","2015132A70269",2015-10-07,2015,"Oct",7,"08:35",8,35,"Wednesday","Slight",1,"Slight","Cyclist","Driver or rider","Male",51,"Unclassified","Single carriageway",30,"Unclassified","Not a Pedestrian","Not a Pedestrian",426105,433597,"E01032608",3,"T or staggered junction","Daylight","Fine no high winds","Wet or damp","Cyclist"
"3406","2015132A70698",2015-10-07,2015,"Oct",7,"09:45",9,45,"Wednesday","Slight",1,"Slight","Pedestrian","Pedestrian","Male",39,"Unclassified","Single carriageway",30,NA,"Unknown or other","Unknown or other",424547,429015,"E01011523",1,"Not at junction or within 20 metres","Daylight","Raining no high winds","Wet or damp","Pedestrian"
"3407","2015132A70703",2015-10-07,2015,"Oct",7,"13:40",13,40,"Wednesday","Slight",3,"Slight","Car occupant","Driver or rider","Male",27,"Unclassified","Single carriageway",40,"Unclassified","Not a Pedestrian","Not a Pedestrian",431292,437138,"E01011504",2,"Crossroads","Daylight","Raining no high winds","Wet or damp","Car occupant"
"3408","2015132A70752",2015-10-07,2015,"Oct",7,"14:00",14,0,"Wednesday","Serious",4,"Serious","Car occupant","Driver or rider","Female",76,"A","Single carriageway",40,NA,"Not a Pedestrian","Not a Pedestrian",438488,427256,"E01011393",2,"Not at junction or within 20 metres","Daylight","Raining no high winds","Wet or damp","Car occupant"
"3409","2015132A71031",2015-10-07,2015,"Oct",7,"16:47",16,47,"Wednesday","Slight",2,"Slight","Cyclist","Driver or rider","Male",14,"Unclassified","Single carriageway",30,NA,"Not a Pedestrian","Not a Pedestrian",423267,434694,"E01011335",2,"Not at junction or within 20 metres","Daylight","Fine no high winds","Dry","Cyclist"
"3410","2015132A71118",2015-10-07,2015,"Oct",7,"17:24",17,24,"Wednesday","Slight",1,"Slight","Car occupant","Driver or rider","Female",36,"Motorway","Dual carriageway",50,NA,"Not a Pedestrian","Not a Pedestrian",430464,431103,"E01011468",2,"Not at junction or within 20 metres","Daylight","Fine no high winds","Dry","Car occupant"
"3411","2015132A91554",2015-10-07,2015,"Oct",7,"18:44",18,44,"Wednesday","Slight",1,"Slight","Pedestrian","Pedestrian","Male",14,"A","Dual carriageway",40,NA,"In carriageway, crossing elsewhere","Crossing from driver's offside",419828,434056,"E01011597",1,"Not at junction or within 20 metres","Darkness - lights lit","Fine no high winds","Dry","Pedestrian"
"3412","2015132A80044",2015-10-07,2015,"Oct",7,"22:43",22,43,"Wednesday","Serious",1,"Serious","Cyclist","Driver or rider","Male",44,"A","Single carriageway",30,"Unclassified","Not a Pedestrian","Not a Pedestrian",420467,440317,"E01011278",2,"T or staggered junction","Darkness - lights lit","Fine no high winds","Dry","Cyclist"
"3413","2015132A80237",2015-10-08,2015,"Oct",8,"08:26",8,26,"Thursday","Slight",1,"Slight","Minibus (8 - 16 passenger seats) occupant","Driver or rider","Male",51,"Motorway","Dual carriageway",70,NA,"Not a Pedestrian","Not a Pedestrian",434561,425892,"E01011636",3,"Not at junction or within 20 metres","Daylight","Fine no high winds","Dry","Bus and goods vehicle occupant"
"3414","2015132A80246",2015-10-08,2015,"Oct",8,"08:30",8,30,"Thursday","Slight",1,"Slight","Car occupant","Driver or rider","Male",26,"Unclassified","Single carriageway",40,"Unclassified","Not a Pedestrian","Not a Pedestrian",438293,432224,"E01011402",2,"T or staggered junction","Daylight","Fine no high winds","Dry","Car occupant"
"3415","2015132A80670",2015-10-08,2015,"Oct",8,"12:55",12,55,"Thursday","Slight",1,"Slight","Pedestrian","Pedestrian","Female",88,"Unclassified","Single carriageway",30,"Unclassified","In carriageway, crossing elsewhere","Unknown or other",426289,427273,"E01011541",1,"T or staggered junction","Daylight","Fine no high winds","Dry","Pedestrian"
"3416","2015132A81559",2015-10-08,2015,"Oct",8,"20:25",20,25,"Thursday","Serious",1,"Serious","Motorcycle 125cc and under rider or passenger","Driver or rider","Male",19,"Unclassified","Single carriageway",30,"A","Not a Pedestrian","Not a Pedestrian",436377,428379,"E01032487",2,"T or staggered junction","Darkness - lights lit","Fine no high winds","Wet or damp","Motorcyclist and pillion"
"3417","2015132A90714",2015-10-09,2015,"Oct",9,"10:31",10,31,"Friday","Slight",1,"Slight","Bus or coach occupant (17 or more pass seats)","Passenger","Female",59,"A","Dual carriageway",40,"Unclassified","Not a Pedestrian","Not a Pedestrian",433179,434013,"E01011617",2,"T or staggered junction","Daylight","Fine no high winds","Dry","Bus and goods vehicle occupant"
"3418","2015132A90876",2015-10-09,2015,"Oct",9,"11:30",11,30,"Friday","Slight",1,"Slight","Pedestrian","Pedestrian","Male",11,"Unclassified","Single carriageway",30,NA,"Crossing on pedestrian crossing facility","Crossing from driver's nearside",440389,433345,"E01011396",1,"Not at junction or within 20 metres","Daylight","Fine no high winds","Dry","Pedestrian"
"3419","2015132A90632",2015-10-09,2015,"Oct",9,"12:05",12,5,"Friday","Slight",1,"Slight","Cyclist","Driver or rider","Male",21,"A","Single carriageway",30,"Unclassified","Not a Pedestrian","Not a Pedestrian",427996,436017,"E01011440",2,"T or staggered junction","Daylight","Fine no high winds","Dry","Cyclist"
"3420","2015132A90651",2015-10-09,2015,"Oct",9,"12:20",12,20,"Friday","Slight",1,"Slight","Agricultural vehicle occupant","Driver or rider","Male",38,"Unclassified","Single carriageway",30,"Unclassified","Not a Pedestrian","Not a Pedestrian",429832,439181,"E01011559",2,"Crossroads","Daylight","Fine no high winds","Dry","Others"
"3421","2015132A90740",2015-10-09,2015,"Oct",9,"13:21",13,21,"Friday","Serious",1,"Serious","Taxi/Private hire car occupant","Driver or rider","Male",51,"Unclassified","Single carriageway",30,NA,"Not a Pedestrian","Not a Pedestrian",436268,435078,"E01011408",2,"Not at junction or within 20 metres","Daylight","Fine no high winds","Dry","Car occupant"
"3422","2015132A90950",2015-10-09,2015,"Oct",9,"15:00",15,0,"Friday","Slight",2,"Slight","Car occupant","Driver or rider","Female",86,"A","Single carriageway",30,"Unclassified","Not a Pedestrian","Not a Pedestrian",442020,445791,"E01011707",2,"T or staggered junction","Daylight","Fine no high winds","Dry","Car occupant"
"3423","2015132A91011",2015-10-09,2015,"Oct",9,"15:30",15,30,"Friday","Slight",1,"Slight","Car occupant","Driver or rider","Female",64,"Unclassified","Single carriageway",30,"A","Not a Pedestrian","Not a Pedestrian",434798,429057,"E01011628",3,"Other junction","Daylight","Fine no high winds","Dry","Car occupant"
"3424","2015132A91513",2015-10-09,2015,"Oct",9,"19:25",19,25,"Friday","Serious",1,"Serious","Motorcycle over 500cc rider or passenger","Driver or rider","Male",45,"Unclassified","Single carriageway",30,"A","Not a Pedestrian","Not a Pedestrian",424916,434422,"E01032606",2,"Roundabout","Darkness - lights lit","Fine no high winds","Dry","Motorcyclist and pillion"
"3425","2015132AA0285",2015-10-10,2015,"Oct",10,"08:32",8,32,"Saturday","Slight",1,"Slight","Pedestrian","Pedestrian","Female",2,"Unclassified","Single carriageway",30,NA,"Crossing on pedestrian crossing facility","Crossing from driver's nearside",423164,433823,"E01011609",1,"Not at junction or within 20 metres","Daylight","Fine no high winds","Dry","Pedestrian"
"3426","2015132AA0712",2015-10-10,2015,"Oct",10,"09:40",9,40,"Saturday","Slight",1,"Slight","Bus or coach occupant (17 or more pass seats)","Passenger","Female",28,"Unclassified","Single carriageway",30,NA,"Not a Pedestrian","Not a Pedestrian",430040,431778,"E01011364",1,"Not at junction or within 20 metres","Daylight","Fine no high winds","Dry","Bus and goods vehicle occupant"
"3427","2015132AA0651",2015-10-10,2015,"Oct",10,"11:00",11,0,"Saturday","Slight",2,"Slight","Car occupant","Driver or rider","Male",70,"A","Single carriageway",30,"Unclassified","Not a Pedestrian","Not a Pedestrian",442622,426481,"E01011299",2,"Other junction","Daylight","Fine no high winds","Dry","Car occupant"
"3428","2015132AA0734",2015-10-10,2015,"Oct",10,"12:10",12,10,"Saturday","Slight",1,"Slight","Cyclist","Driver or rider","Male",39,"Unclassified","Single carriageway",30,"Unclassified","Not a Pedestrian","Not a Pedestrian",419912,445376,"E01011574",2,"T or staggered junction","Daylight","Fine no high winds","Dry","Cyclist"
"3429","2015132AB0107",2015-10-11,2015,"Oct",11,"01:09",1,9,"Sunday","Slight",1,"Slight","Pedestrian","Pedestrian","Male",19,"A","Single carriageway",30,"Unclassified","Unknown or other","Unknown or other",428337,435747,"E01011442",1,"T or staggered junction","Darkness - lights lit","Fine no high winds","Dry","Pedestrian"
"3430","2015132AB0401",2015-10-11,2015,"Oct",11,"06:50",6,50,"Sunday","Slight",1,"Slight","Car occupant","Driver or rider","Male",23,"A","Dual carriageway",40,NA,"Not a Pedestrian","Not a Pedestrian",424567,433733,"E01011739",1,"Not at junction or within 20 metres","Daylight","Fine no high winds","Wet or damp","Car occupant"
"3431","2015132AB0929",2015-10-11,2015,"Oct",11,"15:10",15,10,"Sunday","Slight",1,"Slight","Car occupant","Driver or rider","Male",24,"A","Single carriageway",40,"A","Not a Pedestrian","Not a Pedestrian",427479,431311,"E01011318",2,"Crossroads","Daylight","Fine no high winds","Dry","Car occupant"
"3432","2015132AB1240",2015-10-11,2015,"Oct",11,"18:33",18,33,"Sunday","Serious",2,"Serious","Car occupant","Driver or rider","Male",39,"Unclassified","Roundabout",30,"A","Not a Pedestrian","Not a Pedestrian",441091,433567,"E01011400",2,"Roundabout","Daylight","Fine no high winds","Dry","Car occupant"
"3433","2015132AC1053",2015-10-12,2015,"Oct",12,"08:30",8,30,"Monday","Serious",1,"Serious","Cyclist","Driver or rider","Male",53,"Unclassified","Single carriageway",30,"Unclassified","Not a Pedestrian","Not a Pedestrian",431248,429667,"E01011473",2,"Crossroads","Daylight","Fine no high winds","Dry","Cyclist"
"3434","2015132AC0875",2015-10-12,2015,"Oct",12,"14:55",14,55,"Monday","Serious",1,"Serious","Cyclist","Driver or rider","Male",11,"Unclassified","Single carriageway",20,NA,"Not a Pedestrian","Not a Pedestrian",429130,429517,"E01011322",2,"Not at junction or within 20 metres","Daylight","Fine no high winds","Dry","Cyclist"
"3435","2015132AC1023",2015-10-12,2015,"Oct",12,"16:09",16,9,"Monday","Slight",1,"Slight","Car occupant","Passenger","Female",58,"A","Single carriageway",30,NA,"Not a Pedestrian","Not a Pedestrian",429586,434728,"E01033006",2,"Not at junction or within 20 metres","Daylight","Fine no high winds","Dry","Car occupant"
"3436","2015132AC1034",2015-10-12,2015,"Oct",12,"16:13",16,13,"Monday","Slight",1,"Slight","Car occupant","Driver or rider","Male",34,"Motorway","Dual carriageway",70,NA,"Not a Pedestrian","Not a Pedestrian",434637,425891,"E01011636",5,"Not at junction or within 20 metres","Daylight","Fine no high winds","Dry","Car occupant"
"3437","2015132AC1190",2015-10-12,2015,"Oct",12,"17:45",17,45,"Monday","Slight",2,"Slight","Car occupant","Driver or rider","Female",48,"Motorway","Roundabout",40,"A","Not a Pedestrian","Not a Pedestrian",431954,430321,"E01011469",3,"Roundabout","Daylight","Fine no high winds","Dry","Car occupant"
"3438","2015132AC1188",2015-10-12,2015,"Oct",12,"17:50",17,50,"Monday","Slight",2,"Slight","Car occupant","Driver or rider","Female",41,"Unclassified","Single carriageway",30,"Unclassified","Not a Pedestrian","Not a Pedestrian",429965,435402,"E01011670",2,"T or staggered junction","Daylight","Fine no high winds","Dry","Car occupant"
"3439","2015132AC1253",2015-10-12,2015,"Oct",12,"18:20",18,20,"Monday","Slight",2,"Slight","Car occupant","Driver or rider","Male",38,"A","Roundabout",40,"A","Not a Pedestrian","Not a Pedestrian",435899,436390,"E01011720",1,"Roundabout","Daylight","Fine no high winds","Dry","Car occupant"
"3440","2015132AD0104",2015-10-13,2015,"Oct",13,"03:15",3,15,"Tuesday","Slight",1,"Slight","Car occupant","Driver or rider","Male",24,"A","Roundabout",30,"Unclassified","Not a Pedestrian","Not a Pedestrian",427934,426303,"E01011550",2,"Roundabout","Darkness - lights lit","Fine no high winds","Dry","Car occupant"
"3441","2015132AD0298",2015-10-13,2015,"Oct",13,"09:30",9,30,"Tuesday","Slight",3,"Slight","Car occupant","Driver or rider","Female",65,"A","Dual carriageway",40,"Unclassified","Not a Pedestrian","Not a Pedestrian",434708,434566,"E01011341",3,"T or staggered junction","Daylight","Fine no high winds","Dry","Car occupant"
"3442","2015132AD0524",2015-10-13,2015,"Oct",13,"12:05",12,5,"Tuesday","Slight",1,"Slight","Car occupant","Driver or rider","Female",29,"A","Dual carriageway",40,NA,"Not a Pedestrian","Not a Pedestrian",434023,429403,"E01011639",2,"Not at junction or within 20 metres","Daylight","Fine no high winds","Dry","Car occupant"
"3443","2015132AD1171",2015-10-13,2015,"Oct",13,"17:40",17,40,"Tuesday","Slight",1,"Slight","Motorcycle 125cc and under rider or passenger","Driver or rider","Male",23,"A","Single carriageway",30,"B","Not a Pedestrian","Not a Pedestrian",427895,436199,"E01011451",2,"Crossroads","Daylight","Fine no high winds","Dry","Motorcyclist and pillion"
"3444","2015132AD1570",2015-10-13,2015,"Oct",13,"21:15",21,15,"Tuesday","Slight",3,"Slight","Car occupant","Driver or rider","Male",23,"A","Dual carriageway",60,"Unclassified","Not a Pedestrian","Not a Pedestrian",420535,434324,"E01011595",1,"T or staggered junction","Darkness - lights lit","Fine no high winds","Dry","Car occupant"
"3445","2015132AD1760",2015-10-13,2015,"Oct",13,"23:45",23,45,"Tuesday","Slight",1,"Slight","Car occupant","Driver or rider","Male",26,"A","Dual carriageway",40,NA,"Not a Pedestrian","Not a Pedestrian",428445,428687,"E01011493",1,"Not at junction or within 20 metres","Darkness - lights lit","Fine no high winds","Dry","Car occupant"
"3446","2015132AE0178",2015-10-14,2015,"Oct",14,"07:15",7,15,"Wednesday","Slight",4,"Slight","Car occupant","Driver or rider","Male",32,"Motorway","Slip road",50,"A","Not a Pedestrian","Not a Pedestrian",430263,431974,"E01011364",4,"Slip road","Daylight","Fine no high winds","Dry","Car occupant"
"3447","2015132AE0206",2015-10-14,2015,"Oct",14,"08:00",8,0,"Wednesday","Slight",1,"Slight","Pedestrian","Pedestrian","Female",41,"A","Single carriageway",40,NA,"Crossing on pedestrian crossing facility","Crossing from driver's nearside",428475,426079,"E01011553",1,"Not at junction or within 20 metres","Daylight","Fine no high winds","Dry","Pedestrian"
"3448","2015132AE0251",2015-10-14,2015,"Oct",14,"08:30",8,30,"Wednesday","Slight",1,"Slight","Cyclist","Driver or rider","Female",35,"Unclassified","Single carriageway",30,NA,"Not a Pedestrian","Not a Pedestrian",436155,435548,"E01011406",2,"Not at junction or within 20 metres","Daylight","Fine no high winds","Dry","Cyclist"
"3449","2015132AE0799",2015-10-14,2015,"Oct",14,"14:34",14,34,"Wednesday","Serious",1,"Serious","Pedestrian","Pedestrian","Female",54,"A","Single carriageway",40,"Unclassified","Crossing elsewhere within 50m. of pedestrian crossing","Crossing from driver's nearside",423489,437599,"E01011465",1,"T or staggered junction","Daylight","Fine no high winds","Dry","Pedestrian"
"3450","2015132AE0804",2015-10-14,2015,"Oct",14,"14:35",14,35,"Wednesday","Slight",1,"Slight","Car occupant","Driver or rider","Female",52,"A","Single carriageway",30,NA,"Not a Pedestrian","Not a Pedestrian",426281,435634,"E01011488",2,"Not at junction or within 20 metres","Daylight","Fine no high winds","Dry","Car occupant"
"3451","2015132AE0900",2015-10-14,2015,"Oct",14,"15:30",15,30,"Wednesday","Serious",1,"Serious","Pedestrian","Pedestrian","Male",5,"Unclassified","Single carriageway",30,"Unclassified","Crossing on pedestrian crossing facility","Crossing from driver's nearside",428650,430793,"E01011369",1,"T or staggered junction","Daylight","Fine no high winds","Dry","Pedestrian"
"3452","2015132AK0404",2015-10-14,2015,"Oct",14,"16:31",16,31,"Wednesday","Slight",1,"Slight","Car occupant","Driver or rider","Female",58,"Motorway","Dual carriageway",70,NA,"Not a Pedestrian","Not a Pedestrian",443626,435548,"E01011297",3,"Not at junction or within 20 metres","Daylight","Fine no high winds","Dry","Car occupant"
"3453","2015132AE1073",2015-10-14,2015,"Oct",14,"16:51",16,51,"Wednesday","Slight",1,"Slight","Pedestrian","Pedestrian","Female",44,"Unclassified","Single carriageway",30,NA,"Unknown or other","Unknown or other",431293,434132,"E01033035",1,"Not at junction or within 20 metres","Daylight","Fine no high winds","Dry","Pedestrian"
"3454","2015132AG1095",2015-10-14,2015,"Oct",14,"19:00",19,0,"Wednesday","Slight",1,"Slight","Pedestrian","Pedestrian","Female",24,"Unclassified","Single carriageway",30,NA,"On footway or verge","Unknown or other",427039,435697,"E01011477",1,"Not at junction or within 20 metres","Darkness - lights lit","Fine no high winds","Dry","Pedestrian"
"3455","2015132AF0300",2015-10-15,2015,"Oct",15,"09:15",9,15,"Thursday","Serious",1,"Serious","Motorcycle 125cc and under rider or passenger","Driver or rider","Male",19,"A","Dual carriageway",70,NA,"Not a Pedestrian","Not a Pedestrian",427369,438564,"E01032876",1,"Not at junction or within 20 metres","Daylight","Raining no high winds","Wet or damp","Motorcyclist and pillion"
"3456","2015132AF0324",2015-10-15,2015,"Oct",15,"09:36",9,36,"Thursday","Serious",2,"Serious","Car occupant","Driver or rider","Male",30,"Unclassified","Single carriageway",30,"Unclassified","Not a Pedestrian","Not a Pedestrian",430517,427594,"E01011492",1,"Crossroads","Daylight","Raining + high winds","Wet or damp","Car occupant"
"3457","2015132AF0371",2015-10-15,2015,"Oct",15,"10:09",10,9,"Thursday","Slight",1,"Slight","Car occupant","Driver or rider","Female",44,"Motorway","Dual carriageway",70,NA,"Not a Pedestrian","Not a Pedestrian",443465,434991,"E01011297",1,"Not at junction or within 20 metres","Daylight","Raining no high winds","Wet or damp","Car occupant"
"3458","2015132AF0910",2015-10-15,2015,"Oct",15,"15:30",15,30,"Thursday","Serious",2,"Serious","Pedestrian","Pedestrian","Female",42,"Unclassified","Single carriageway",30,NA,"In carriageway, not crossing","In carriageway, stationary - not crossing  (standing or playing)",426864,435189,"E01011480",2,"Not at junction or within 20 metres","Daylight","Fine no high winds","Dry","Pedestrian"
"3459","2015132AF1595",2015-10-15,2015,"Oct",15,"16:30",16,30,"Thursday","Slight",1,"Slight","Cyclist","Driver or rider","Male",41,"A","Single carriageway",30,"Unclassified","Not a Pedestrian","Not a Pedestrian",430839,434003,"E01033031",2,"T or staggered junction","Daylight","Fine no high winds","Dry","Cyclist"
"3460","2015132AF1281",2015-10-15,2015,"Oct",15,"18:36",18,36,"Thursday","Slight",1,"Slight","Cyclist","Driver or rider","Male",23,"A","One way street",30,"Unclassified","Not a Pedestrian","Not a Pedestrian",428194,435790,"E01032946",2,"T or staggered junction","Darkness - lights lit","Fine no high winds","Wet or damp","Cyclist"
"3461","2015132AG0029",2015-10-16,2015,"Oct",16,"00:09",0,9,"Friday","Slight",1,"Slight","Cyclist","Driver or rider","Male",23,"Unclassified","Single carriageway",40,"Unclassified","Not a Pedestrian","Not a Pedestrian",432368,436367,"E01011647",2,"T or staggered junction","Darkness - lights lit","Fine no high winds","Dry","Cyclist"
"3462","2015132AG1083",2015-10-16,2015,"Oct",16,"16:21",16,21,"Friday","Slight",1,"Slight","Car occupant","Driver or rider","Female",50,"A","Single carriageway",30,"Unclassified","Not a Pedestrian","Not a Pedestrian",425020,433161,"E01011727",3,"Roundabout","Daylight","Fine no high winds","Dry","Car occupant"
"3463","2015132AG1407",2015-10-16,2015,"Oct",16,"19:00",19,0,"Friday","Slight",1,"Slight","Motorcycle 125cc and under rider or passenger","Driver or rider","Male",26,"A","Dual carriageway",30,NA,"Not a Pedestrian","Not a Pedestrian",428864,429785,"E01011320",2,"Not at junction or within 20 metres","Darkness - lighting unknown","Fine no high winds","Dry","Motorcyclist and pillion"
"3464","2015132AG1456",2015-10-16,2015,"Oct",16,"19:30",19,30,"Friday","Slight",1,"Slight","Car occupant","Driver or rider","Female",29,"Motorway","Dual carriageway",70,"Motorway","Not a Pedestrian","Not a Pedestrian",432199,427256,"E01032495",2,"Other junction","Daylight","Fine no high winds","Dry","Car occupant"
"3465","2015132AG1546",2015-10-16,2015,"Oct",16,"20:20",20,20,"Friday","Serious",1,"Serious","Pedestrian","Pedestrian","Female",64,"Unclassified","Single carriageway",30,"Unclassified","In centre of carriageway - not on refuge, island or central reservation","Crossing from driver's nearside",420261,445051,"E01011574",1,"Other junction","Darkness - no lighting","Fine no high winds","Dry","Pedestrian"
"3466","2015132AH0626",2015-10-17,2015,"Oct",17,"06:45",6,45,"Saturday","Slight",1,"Slight","Car occupant","Driver or rider","Female",27,"Unclassified","Roundabout",30,"A","Not a Pedestrian","Not a Pedestrian",428510,433053,"E01011363",2,"Roundabout","Daylight","Fine no high winds","Dry","Car occupant"
"3467","2015132AH0439",2015-10-17,2015,"Oct",17,"08:35",8,35,"Saturday","Fatal",1,"Fatal","Pedestrian","Pedestrian","Female",82,"A","Single carriageway",40,"Unclassified","On footway or verge","Unknown or other",441634,431830,"E01011302",1,"T or staggered junction","Daylight","Fine no high winds","Wet or damp","Pedestrian"
"3468","2015132AH1152",2015-10-17,2015,"Oct",17,"17:20",17,20,"Saturday","Slight",1,"Slight","Pedestrian","Pedestrian","Male",36,"Unclassified","Single carriageway",30,NA,"Unknown or other","Walking along in carriageway, facing traffic",428827,431592,"E01011366",1,"Not at junction or within 20 metres","Daylight","Fine no high winds","Dry","Pedestrian"
"3469","2015132AI1048",2015-10-17,2015,"Oct",17,"19:10",19,10,"Saturday","Slight",1,"Slight","Car occupant","Driver or rider","Female",21,"Unclassified","Single carriageway",30,NA,"Not a Pedestrian","Not a Pedestrian",428955,433877,"E01011678",2,"Not at junction or within 20 metres","Darkness - lights lit","Raining no high winds","Wet or damp","Car occupant"
"3470","2015132AI0023",2015-10-18,2015,"Oct",18,"00:13",0,13,"Sunday","Slight",1,"Slight","Pedestrian","Pedestrian","Male",26,"Unclassified","Single carriageway",30,NA,"Crossing on pedestrian crossing facility","Crossing from driver's offside",429970,433307,"E01033016",1,"Not at junction or within 20 metres","Darkness - lights lit","Fine no high winds","Dry","Pedestrian"
"3471","2015132AI0037",2015-10-18,2015,"Oct",18,"00:21",0,21,"Sunday","Serious",1,"Serious","Pedestrian","Pedestrian","Male",19,"A","Dual carriageway",30,NA,"Crossing on pedestrian crossing facility","Crossing from driver's offside",430477,433951,"E01033002",1,"Not at junction or within 20 metres","Darkness - lights lit","Fine no high winds","Dry","Pedestrian"
"3472","2015132AI0163",2015-10-18,2015,"Oct",18,"01:27",1,27,"Sunday","Slight",1,"Slight","Car occupant","Driver or rider","Female",18,"Unclassified","Single carriageway",30,"Unclassified","Not a Pedestrian","Not a Pedestrian",430065,433775,"E01033010",2,"Crossroads","Darkness - lights lit","Fine no high winds","Dry","Car occupant"
"3473","2015132AI0812",2015-10-18,2015,"Oct",18,"13:22",13,22,"Sunday","Slight",2,"Slight","Car occupant","Driver or rider","Female",24,"Unclassified","Single carriageway",30,NA,"Not a Pedestrian","Not a Pedestrian",427861,435837,"E01011435",3,"Not at junction or within 20 metres","Daylight","Fine no high winds","Dry","Car occupant"
"3474","2015132AI1359",2015-10-18,2015,"Oct",18,"18:30",18,30,"Sunday","Slight",1,"Slight","Pedestrian","Pedestrian","Male",33,"Unclassified","Single carriageway",20,NA,"In carriageway, crossing elsewhere","Crossing from driver's offside",434656,435482,"E01011662",1,"Not at junction or within 20 metres","Darkness - lights lit","Fine no high winds","Dry","Pedestrian"
"3475","2015132AI1422",2015-10-18,2015,"Oct",18,"19:00",19,0,"Sunday","Slight",1,"Slight","Cyclist","Driver or rider","Male",22,"Unclassified","Single carriageway",30,NA,"Not a Pedestrian","Not a Pedestrian",427744,434081,"E01011284",2,"Not at junction or within 20 metres","Darkness - no lighting","Fine no high winds","Dry","Cyclist"
"3476","2015132AJ1602",2015-10-19,2015,"Oct",19,"05:25",5,25,"Monday","Slight",1,"Slight","Cyclist","Driver or rider","Male",44,"Unclassified","Single carriageway",30,"Unclassified","Not a Pedestrian","Not a Pedestrian",429381,433470,"E01033015",2,"T or staggered junction","Darkness - lights lit","Fine no high winds","Dry","Cyclist"
"3477","2015132AJ0230",2015-10-19,2015,"Oct",19,"08:20",8,20,"Monday","Slight",1,"Slight","Motorcycle 125cc and under rider or passenger","Driver or rider","Female",25,"B","Single carriageway",30,"Unclassified","Not a Pedestrian","Not a Pedestrian",425652,435732,"E01011324",2,"T or staggered junction","Daylight","Fine no high winds","Dry","Motorcyclist and pillion"
"3478","2015132AJ0618",2015-10-19,2015,"Oct",19,"12:20",12,20,"Monday","Slight",1,"Slight","Motorcycle over 500cc rider or passenger","Driver or rider","Male",45,"A","Single carriageway",60,NA,"Not a Pedestrian","Not a Pedestrian",432919,444983,"E01011561",1,"Not at junction or within 20 metres","Daylight","Fine no high winds","Wet or damp","Motorcyclist and pillion"
"3479","2015132AK0270",2015-10-20,2015,"Oct",20,"08:30",8,30,"Tuesday","Slight",1,"Slight","Pedestrian","Pedestrian","Female",15,"Unclassified","Single carriageway",30,"Unclassified","In carriageway, crossing elsewhere","Crossing from nearside - masked by parked or stationary vehicle",426017,437500,"E01011686",1,"T or staggered junction","Daylight","Fine no high winds","Dry","Pedestrian"
"3480","2015132AK0412",2015-10-20,2015,"Oct",20,"10:03",10,3,"Tuesday","Slight",1,"Slight","Car occupant","Driver or rider","Female",56,"A","Single carriageway",30,NA,"Not a Pedestrian","Not a Pedestrian",434513,445062,"E01011708",2,"Not at junction or within 20 metres","Daylight","Fine no high winds","Dry","Car occupant"
"3481","2015132AK0624",2015-10-20,2015,"Oct",20,"12:15",12,15,"Tuesday","Slight",2,"Slight","Car occupant","Driver or rider","Female",32,"Motorway","Dual carriageway",70,NA,"Not a Pedestrian","Not a Pedestrian",434144,425871,"E01011634",2,"Not at junction or within 20 metres","Daylight","Fine no high winds","Dry","Car occupant"
"3482","2015132AK0631",2015-10-20,2015,"Oct",20,"12:19",12,19,"Tuesday","Slight",2,"Slight","Car occupant","Driver or rider","Male",23,"Motorway","Dual carriageway",70,NA,"Not a Pedestrian","Not a Pedestrian",434023,425868,"E01011634",2,"Not at junction or within 20 metres","Daylight","Fine no high winds","Dry","Car occupant"
"3483","2015132AK0748",2015-10-20,2015,"Oct",20,"13:20",13,20,"Tuesday","Slight",2,"Slight","Car occupant","Driver or rider","Male",49,"Unclassified","Single carriageway",30,"Unclassified","Not a Pedestrian","Not a Pedestrian",432587,434442,"E01011347",3,"T or staggered junction","Daylight","Fine no high winds","Dry","Car occupant"
"3484","2015132AK0796",2015-10-20,2015,"Oct",20,"14:00",14,0,"Tuesday","Slight",1,"Slight","Car occupant","Driver or rider","Female",52,"A","Single carriageway",30,"Unclassified","Not a Pedestrian","Not a Pedestrian",423666,437574,"E01011465",2,"T or staggered junction","Daylight","Fine no high winds","Dry","Car occupant"
"3485","2015132AK0961",2015-10-20,2015,"Oct",20,"15:20",15,20,"Tuesday","Serious",1,"Serious","Cyclist","Driver or rider","Male",15,"A","Dual carriageway",30,NA,"Not a Pedestrian","Not a Pedestrian",424906,427696,"E01011530",2,"Not at junction or within 20 metres","Daylight","Fine no high winds","Dry","Cyclist"