"","accident_index","date","year","month","day","time","time_hour","time_minute","day_of_week","accident_severity","number_of_casualties","casualty_severity","casualty_type","casualty_class","sex_of_casualty","age_of_casualty","first_road_class","road_type","speed_limit","second_road_class","pedestrian_location","pedestrian_movement","location_easting_osgr","location_northing_osgr","lsoa_of_accident_location","number_of_vehicles","junction_detail","light_conditions","weather_conditions","road_surface_conditions","cas_type"
"3486","2015132AK1084",2015-10-20,2015,"Oct",20,"16:15",16,15,"Tuesday","Slight",2,"Slight","Car occupant","Driver or rider","Female",40,"A","Dual carriageway",30,NA,"Not a Pedestrian","Not a Pedestrian",437175,433462,"E01011418",5,"Not at junction or within 20 metres","Daylight","Fine no high winds","Dry","Car occupant"
"3487","2015132AE0404",2015-10-20,2015,"Oct",20,"16:30",16,30,"Tuesday","Slight",1,"Slight","Car occupant","Driver or rider","Female",30,"Motorway","Dual carriageway",50,NA,"Not a Pedestrian","Not a Pedestrian",431999,428440,"E01011502",3,"Not at junction or within 20 metres","Daylight","Fine no high winds","Dry","Car occupant"
"3488","2015132AS0994",2015-10-20,2015,"Oct",20,"17:30",17,30,"Tuesday","Serious",1,"Serious","Pedestrian","Pedestrian","Male",20,"Unclassified","Single carriageway",30,NA,"In carriageway, not crossing","Unknown or other",430002,433384,"E01033010",1,"Not at junction or within 20 metres","Darkness - lights lit","Fine no high winds","Dry","Pedestrian"
"3489","2015132AL0121",2015-10-21,2015,"Oct",21,"04:00",4,0,"Wednesday","Slight",2,"Slight","Car occupant","Passenger","Female",53,"A","Roundabout",40,"A","Not a Pedestrian","Not a Pedestrian",426801,438043,"E01011687",2,"Roundabout","Darkness - lights lit","Fine no high winds","Dry","Car occupant"
"3490","2015132AL0728",2015-10-21,2015,"Oct",21,"13:45",13,45,"Wednesday","Slight",1,"Slight","Motorcycle 125cc and under rider or passenger","Driver or rider","Male",27,"Unclassified","Single carriageway",30,"Unclassified","Not a Pedestrian","Not a Pedestrian",428791,435161,"E01011444",3,"T or staggered junction","Daylight","Fine no high winds","Dry","Motorcyclist and pillion"
"3491","2015132AL1191",2015-10-21,2015,"Oct",21,"16:18",16,18,"Wednesday","Serious",1,"Serious","Motorcycle over 500cc rider or passenger","Driver or rider","Male",62,"Motorway","Dual carriageway",50,NA,"Not a Pedestrian","Not a Pedestrian",427928,431350,"E01011369",1,"Not at junction or within 20 metres","Daylight","Fine no high winds","Dry","Motorcyclist and pillion"
"3492","2015132AL1245",2015-10-21,2015,"Oct",21,"18:00",18,0,"Wednesday","Slight",2,"Slight","Car occupant","Driver or rider","Female",23,"A","Dual carriageway",60,NA,"Not a Pedestrian","Not a Pedestrian",421813,436319,"E01011588",2,"Not at junction or within 20 metres","Darkness - lights lit","Fine no high winds","Dry","Car occupant"
"3493","2015132AM0246",2015-10-22,2015,"Oct",22,"07:35",7,35,"Thursday","Serious",1,"Serious","Cyclist","Driver or rider","Male",48,"A","Single carriageway",40,NA,"Not a Pedestrian","Not a Pedestrian",424608,437003,"E01032494",1,"Not at junction or within 20 metres","Daylight","Fine no high winds","Dry","Cyclist"
"3494","2015132AM0849",2015-10-22,2015,"Oct",22,"14:00",14,0,"Thursday","Slight",1,"Slight","Car occupant","Driver or rider","Male",26,"Unclassified","Unknown",20,NA,"Not a Pedestrian","Not a Pedestrian",419642,433866,"E01011597",2,"Not at junction or within 20 metres","Daylight","Fine no high winds","Dry","Car occupant"
"3495","2015132AM0942",2015-10-22,2015,"Oct",22,"14:45",14,45,"Thursday","Serious",1,"Serious","Car occupant","Driver or rider","Female",27,"Unclassified","Single carriageway",30,NA,"Not a Pedestrian","Not a Pedestrian",424172,438671,"E01011459",3,"Not at junction or within 20 metres","Daylight","Fine no high winds","Dry","Car occupant"
"3496","2015132AM1211",2015-10-22,2015,"Oct",22,"16:30",16,30,"Thursday","Slight",1,"Slight","Car occupant","Driver or rider","Female",42,"C","Single carriageway",30,"Unclassified","Not a Pedestrian","Not a Pedestrian",428501,434555,"E01011448",2,"T or staggered junction","Daylight","Fine no high winds","Dry","Car occupant"
"3497","2015132AM1432",2015-10-22,2015,"Oct",22,"19:02",19,2,"Thursday","Slight",1,"Slight","Cyclist","Driver or rider","Male",37,"Unclassified","Dual carriageway",40,NA,"Not a Pedestrian","Not a Pedestrian",434263,433849,"E01011341",3,"Not at junction or within 20 metres","Darkness - lights lit","Fine no high winds","Dry","Cyclist"
"3498","2015132AN0465",2015-10-23,2015,"Oct",23,"10:56",10,56,"Friday","Slight",1,"Slight","Car occupant","Passenger","Female",28,"Unclassified","Single carriageway",30,NA,"Not a Pedestrian","Not a Pedestrian",429907,433957,"E01033010",2,"Not at junction or within 20 metres","Daylight","Fine no high winds","Dry","Car occupant"
"3499","2015132AN0938",2015-10-23,2015,"Oct",23,"15:15",15,15,"Friday","Slight",2,"Slight","Bus or coach occupant (17 or more pass seats)","Passenger","Female",35,"Unclassified","Single carriageway",30,NA,"Not a Pedestrian","Not a Pedestrian",430044,434041,"E01033010",3,"Not at junction or within 20 metres","Daylight","Fine no high winds","Dry","Bus and goods vehicle occupant"
"3500","2015132AN0992",2015-10-23,2015,"Oct",23,"15:35",15,35,"Friday","Slight",1,"Slight","Car occupant","Passenger","Female",44,"A","Dual carriageway",30,NA,"Not a Pedestrian","Not a Pedestrian",425217,437871,"E01011464",3,"Not at junction or within 20 metres","Daylight","Fine no high winds","Dry","Car occupant"
"3501","2015132AN1235",2015-10-23,2015,"Oct",23,"17:35",17,35,"Friday","Slight",1,"Slight","Cyclist","Driver or rider","Female",31,"Unclassified","Single carriageway",30,"Unclassified","Not a Pedestrian","Not a Pedestrian",429147,433846,"E01011678",2,"T or staggered junction","Darkness - lights lit","Fine no high winds","Dry","Cyclist"
"3502","2015132AN1475",2015-10-23,2015,"Oct",23,"19:30",19,30,"Friday","Slight",2,"Slight","Car occupant","Driver or rider","Male",26,"Unclassified","Single carriageway",30,"Unclassified","Not a Pedestrian","Not a Pedestrian",430951,427707,"E01032495",2,"T or staggered junction","Darkness - lights lit","Fine no high winds","Dry","Car occupant"
"3503","2015132AN1780",2015-10-23,2015,"Oct",23,"22:11",22,11,"Friday","Slight",1,"Slight","Cyclist","Driver or rider","Female",50,"Unclassified","Single carriageway",30,"Unclassified","Not a Pedestrian","Not a Pedestrian",429474,433665,"E01033008",2,"Other junction","Darkness - lights lit","Fine no high winds","Dry","Cyclist"
"3504","2015132AO0245",2015-10-24,2015,"Oct",24,"02:42",2,42,"Saturday","Slight",1,"Slight","Van / Goods vehicle (3.5 tonnes mgw or under) occupant","Driver or rider","Male",32,"A","Single carriageway",30,"Unclassified","Not a Pedestrian","Not a Pedestrian",421765,439066,"E01011457",1,"T or staggered junction","Darkness - lights lit","Fine no high winds","Dry","Bus and goods vehicle occupant"
"3505","2015132AO0398",2015-10-24,2015,"Oct",24,"06:35",6,35,"Saturday","Serious",1,"Serious","Motorcycle 125cc and under rider or passenger","Driver or rider","Male",22,"A","Single carriageway",40,"Unclassified","Not a Pedestrian","Not a Pedestrian",423419,437626,"E01011465",2,"T or staggered junction","Darkness - lights lit","Fine no high winds","Wet or damp","Motorcyclist and pillion"
"3506","2015132AO0536",2015-10-24,2015,"Oct",24,"09:57",9,57,"Saturday","Slight",1,"Slight","Pedestrian","Pedestrian","Female",85,"Unclassified","Single carriageway",30,"Unclassified","In carriageway, crossing elsewhere","Crossing from driver's nearside",431525,440091,"E01011562",1,"T or staggered junction","Daylight","Raining no high winds","Wet or damp","Pedestrian"
"3507","2015132AO1520",2015-10-24,2015,"Oct",24,"22:00",22,0,"Saturday","Slight",1,"Slight","Pedestrian","Pedestrian","Female",51,"Unclassified","Single carriageway",30,"Unclassified","Crossing elsewhere within 50m. of pedestrian crossing","Crossing from driver's offside",427089,433506,"E01011293",1,"T or staggered junction","Darkness - lights lit","Fine no high winds","Dry","Pedestrian"
"3508","2015132AP0422",2015-10-25,2015,"Oct",25,"07:35",7,35,"Sunday","Slight",3,"Slight","Car occupant","Driver or rider","Female",56,"Unclassified","Single carriageway",30,"Unclassified","Not a Pedestrian","Not a Pedestrian",430372,437936,"E01011515",2,"T or staggered junction","Daylight","Fine no high winds","Dry","Car occupant"
"3509","2015132AP0599",2015-10-25,2015,"Oct",25,"10:43",10,43,"Sunday","Slight",2,"Slight","Pedestrian","Pedestrian","Female",18,"Unclassified","Single carriageway",30,NA,"On footway or verge","Unknown or other",430314,433056,"E01033016",1,"Not at junction or within 20 metres","Daylight","Fine no high winds","Dry","Pedestrian"
"3510","2015132AP0933",2015-10-25,2015,"Oct",25,"14:00",14,0,"Sunday","Slight",1,"Slight","Motorcycle 50cc and under rider or passenger","Driver or rider","Male",16,"Unclassified","Single carriageway",30,NA,"Not a Pedestrian","Not a Pedestrian",423779,434893,"E01011337",2,"Not at junction or within 20 metres","Daylight","Fine no high winds","Dry","Motorcyclist and pillion"
"3511","2015132AP1028",2015-10-25,2015,"Oct",25,"15:02",15,2,"Sunday","Serious",1,"Serious","Motorcycle over 500cc rider or passenger","Driver or rider","Male",49,"Unclassified","Roundabout",30,"Unclassified","Not a Pedestrian","Not a Pedestrian",430591,431123,"E01011468",2,"Roundabout","Daylight","Fine no high winds","Dry","Motorcyclist and pillion"
"3512","2015132AP1151",2015-10-25,2015,"Oct",25,"16:13",16,13,"Sunday","Slight",1,"Slight","Car occupant","Passenger","Female",27,"A","Dual carriageway",30,NA,"Not a Pedestrian","Not a Pedestrian",431098,433562,"E01033011",3,"Not at junction or within 20 metres","Daylight","Fine no high winds","Dry","Car occupant"
"3513","2015132AP1898",2015-10-25,2015,"Oct",25,"23:14",23,14,"Sunday","Slight",4,"Slight","Car occupant","Driver or rider","Male",46,"Unclassified","One way street",30,"Unclassified","Not a Pedestrian","Not a Pedestrian",429782,433926,"E01033010",6,"Crossroads","Darkness - lights lit","Fine no high winds","Dry","Car occupant"
"3514","2015132AQ0078",2015-10-26,2015,"Oct",26,"01:55",1,55,"Monday","Slight",3,"Slight","Taxi/Private hire car occupant","Driver or rider","Male",33,"Unclassified","Single carriageway",30,"B","Not a Pedestrian","Not a Pedestrian",428138,432794,"E01011363",2,"T or staggered junction","Darkness - lights lit","Fine no high winds","Flood over 3cm. deep","Car occupant"
"3515","2015132AQ1110",2015-10-26,2015,"Oct",26,"11:10",11,10,"Monday","Slight",1,"Slight","Car occupant","Driver or rider","Female",40,"A(M)","Dual carriageway",70,NA,"Not a Pedestrian","Not a Pedestrian",441159,445445,"E01011707",3,"Not at junction or within 20 metres","Daylight","Fine no high winds","Dry","Car occupant"
"3516","2015132AQ0480",2015-10-26,2015,"Oct",26,"11:13",11,13,"Monday","Slight",1,"Slight","Cyclist","Driver or rider","Male",17,"Unclassified","Single carriageway",30,"Unclassified","Not a Pedestrian","Not a Pedestrian",430216,434924,"E01011671",3,"T or staggered junction","Daylight","Fine no high winds","Dry","Cyclist"
"3517","2015132AQ0522",2015-10-26,2015,"Oct",26,"11:33",11,33,"Monday","Serious",1,"Serious","Pedestrian","Pedestrian","Female",27,"Unclassified","Single carriageway",30,NA,"Crossing elsewhere within 50m. of pedestrian crossing","Crossing from driver's nearside",430653,434281,"E01033002",1,"Not at junction or within 20 metres","Daylight","Fine no high winds","Dry","Pedestrian"
"3518","2015132AQ1086",2015-10-26,2015,"Oct",26,"14:50",14,50,"Monday","Slight",1,"Slight","Car occupant","Driver or rider","Male",50,"Unclassified","Single carriageway",30,"Unclassified","Not a Pedestrian","Not a Pedestrian",424075,434514,"E01011334",2,"Crossroads","Daylight","Fine no high winds","Dry","Car occupant"
"3519","2015132AR0304",2015-10-27,2015,"Oct",27,"08:40",8,40,"Tuesday","Slight",1,"Slight","Car occupant","Passenger","Male",4,"Unclassified","Single carriageway",30,"Unclassified","Not a Pedestrian","Not a Pedestrian",440554,448563,"E01011704",2,"Crossroads","Daylight","Fine no high winds","Wet or damp","Car occupant"
"3520","2015132AR0762",2015-10-27,2015,"Oct",27,"12:05",12,5,"Tuesday","Slight",1,"Slight","Pedestrian","Pedestrian","Male",68,"Unclassified","Single carriageway",30,NA,"Unknown or other","Unknown or other",420317,445472,"E01011569",1,"Not at junction or within 20 metres","Daylight","Fine no high winds","Dry","Pedestrian"
"3521","2015132AR0752",2015-10-27,2015,"Oct",27,"13:55",13,55,"Tuesday","Slight",1,"Slight","Car occupant","Driver or rider","Female",82,"B","Single carriageway",30,"Unclassified","Not a Pedestrian","Not a Pedestrian",423855,435738,"E01011330",2,"T or staggered junction","Daylight","Fine no high winds","Dry","Car occupant"
"3522","2015132AR0878",2015-10-27,2015,"Oct",27,"15:04",15,4,"Tuesday","Slight",2,"Slight","Car occupant","Driver or rider","Male",24,"Unclassified","Single carriageway",30,NA,"Not a Pedestrian","Not a Pedestrian",430786,431375,"E01011468",2,"Not at junction or within 20 metres","Daylight","Fine no high winds","Dry","Car occupant"
"3523","2015132AR1157",2015-10-27,2015,"Oct",27,"17:25",17,25,"Tuesday","Slight",5,"Slight","Car occupant","Driver or rider","Female",55,"Unclassified","One way street",30,"Unclassified","Not a Pedestrian","Not a Pedestrian",431081,434211,"E01033031",2,"T or staggered junction","Daylight","Fine no high winds","Wet or damp","Car occupant"
"3524","2015132AR1216",2015-10-27,2015,"Oct",27,"17:56",17,56,"Tuesday","Slight",3,"Slight","Car occupant","Driver or rider","Female",18,"Unclassified","Single carriageway",30,NA,"Not a Pedestrian","Not a Pedestrian",432713,429624,"E01011470",2,"Not at junction or within 20 metres","Daylight","Fine no high winds","Wet or damp","Car occupant"
"3525","2015132AR1244",2015-10-27,2015,"Oct",27,"18:05",18,5,"Tuesday","Slight",2,"Slight","Car occupant","Driver or rider","Male",47,"Motorway","Dual carriageway",70,NA,"Not a Pedestrian","Not a Pedestrian",432157,429652,"E01011469",2,"Not at junction or within 20 metres","Darkness - lights lit","Fine no high winds","Dry","Car occupant"
"3526","2015132AR1826",2015-10-27,2015,"Oct",27,"23:50",23,50,"Tuesday","Slight",1,"Slight","Car occupant","Passenger","Male",21,"Unclassified","Roundabout",30,"Unclassified","Not a Pedestrian","Not a Pedestrian",435807,428991,"E01032488",1,"Roundabout","Darkness - lights lit","Raining no high winds","Wet or damp","Car occupant"
"3527","2015132AS0154",2015-10-28,2015,"Oct",28,"05:00",5,0,"Wednesday","Serious",1,"Serious","Car occupant","Driver or rider","Male",29,"A","Single carriageway",60,NA,"Not a Pedestrian","Not a Pedestrian",431772,439386,"E01011508",1,"Not at junction or within 20 metres","Darkness - lights lit","Raining no high winds","Wet or damp","Car occupant"
"3528","2015132AS0246",2015-10-28,2015,"Oct",28,"08:40",8,40,"Wednesday","Slight",1,"Slight","Cyclist","Driver or rider","Female",54,"A","Dual carriageway",30,"Unclassified","Not a Pedestrian","Not a Pedestrian",429140,435253,"E01033005",2,"T or staggered junction","Daylight","Raining no high winds","Wet or damp","Cyclist"
"3529","2015132AS0441",2015-10-28,2015,"Oct",28,"11:26",11,26,"Wednesday","Slight",1,"Slight","Motorcycle 125cc and under rider or passenger","Driver or rider","Male",21,"Unclassified","Dual carriageway",30,"A","Not a Pedestrian","Not a Pedestrian",431519,435144,"E01011429",2,"T or staggered junction","Daylight","Raining no high winds","Wet or damp","Motorcyclist and pillion"
"3530","2015132AT0827",2015-10-28,2015,"Oct",28,"12:45",12,45,"Wednesday","Slight",1,"Slight","Cyclist","Driver or rider","Female",20,"A","Single carriageway",30,NA,"Not a Pedestrian","Not a Pedestrian",427399,437109,"E01011690",2,"Not at junction or within 20 metres","Daylight","Raining no high winds","Wet or damp","Cyclist"
"3531","2015132AS1021",2015-10-28,2015,"Oct",28,"17:20",17,20,"Wednesday","Slight",1,"Slight","Van / Goods vehicle (3.5 tonnes mgw or under) occupant","Driver or rider","Male",21,"Motorway","Slip road",70,"A","Not a Pedestrian","Not a Pedestrian",436413,425957,"E01011636",2,"Slip road","Darkness - no lighting","Raining no high winds","Wet or damp","Bus and goods vehicle occupant"
"3532","2015132AS1149",2015-10-28,2015,"Oct",28,"18:32",18,32,"Wednesday","Slight",1,"Slight","Cyclist","Driver or rider","Male",15,"Unclassified","Single carriageway",20,NA,"Not a Pedestrian","Not a Pedestrian",435179,436737,"E01011659",2,"Not at junction or within 20 metres","Darkness - lights lit","Fine no high winds","Wet or damp","Cyclist"
"3533","2015132BB1547",2015-10-29,2015,"Oct",29,"06:45",6,45,"Thursday","Slight",1,"Slight","Car occupant","Driver or rider","Male",47,"Motorway","Dual carriageway",70,NA,"Not a Pedestrian","Not a Pedestrian",427523,426337,"E01032491",2,"Not at junction or within 20 metres","Daylight","Raining no high winds","Wet or damp","Car occupant"
"3534","2015132AT0250",2015-10-29,2015,"Oct",29,"07:10",7,10,"Thursday","Slight",1,"Slight","Car occupant","Driver or rider","Female",38,"Unclassified","Single carriageway",30,"Unclassified","Not a Pedestrian","Not a Pedestrian",432060,436092,"E01011642",2,"Crossroads","Daylight","Raining no high winds","Dry","Car occupant"
"3535","2015132AT0824",2015-10-29,2015,"Oct",29,"07:45",7,45,"Thursday","Slight",1,"Slight","Car occupant","Passenger","Male",28,"Motorway","Roundabout",70,"Motorway","Not a Pedestrian","Not a Pedestrian",432308,426163,"E01011499",2,"Roundabout","Daylight","Raining no high winds","Wet or damp","Car occupant"
"3536","2015132AT0331",2015-10-29,2015,"Oct",29,"09:30",9,30,"Thursday","Slight",1,"Slight","Pedestrian","Pedestrian","Male",60,"Unclassified","Single carriageway",30,NA,"In carriageway, crossing elsewhere","Crossing from driver's nearside",429263,431485,"E01011373",1,"Not at junction or within 20 metres","Daylight","Fine no high winds","Wet or damp","Pedestrian"
"3537","2015132AT0372",2015-10-29,2015,"Oct",29,"14:30",14,30,"Thursday","Slight",2,"Slight","Taxi/Private hire car occupant","Passenger","Female",64,"A","Single carriageway",30,"Unclassified","Not a Pedestrian","Not a Pedestrian",426824,434979,"E01011482",2,"T or staggered junction","Daylight","Raining no high winds","Wet or damp","Car occupant"
"3538","2015132AT1901",2015-10-29,2015,"Oct",29,"16:30",16,30,"Thursday","Serious",1,"Serious","Motorcycle 125cc and under rider or passenger","Driver or rider","Male",20,"Unclassified","Single carriageway",30,"Unclassified","Not a Pedestrian","Not a Pedestrian",426113,433141,"E01011729",2,"T or staggered junction","Darkness - lights lit","Fine no high winds","Wet or damp","Motorcyclist and pillion"
"3539","2015132AT1316",2015-10-29,2015,"Oct",29,"18:30",18,30,"Thursday","Slight",2,"Slight","Car occupant","Driver or rider","Male",19,"Unclassified","Single carriageway",30,"Motorway","Not a Pedestrian","Not a Pedestrian",431010,430599,"E01011471",2,"T or staggered junction","Daylight","Fine no high winds","Dry","Car occupant"
"3540","2015132AT1371",2015-10-29,2015,"Oct",29,"18:59",18,59,"Thursday","Slight",1,"Slight","Car occupant","Driver or rider","Male",20,"Unclassified","Single carriageway",30,"Unclassified","Not a Pedestrian","Not a Pedestrian",423253,435777,"E01011330",2,"T or staggered junction","Daylight","Fine no high winds","Dry","Car occupant"
"3541","2015132AT1451",2015-10-29,2015,"Oct",29,"19:40",19,40,"Thursday","Slight",1,"Slight","Motorcycle 125cc and under rider or passenger","Driver or rider","Male",16,"Unclassified","Single carriageway",30,"Unclassified","Not a Pedestrian","Not a Pedestrian",435809,435760,"E01011665",2,"T or staggered junction","Darkness - lights lit","Fine no high winds","Wet or damp","Motorcyclist and pillion"
"3542","2015132AT1745",2015-10-29,2015,"Oct",29,"22:45",22,45,"Thursday","Slight",2,"Slight","Car occupant","Driver or rider","Male",28,"A","Roundabout",40,"A","Not a Pedestrian","Not a Pedestrian",431961,430492,"E01011470",2,"Roundabout","Darkness - lights lit","Fine no high winds","Dry","Car occupant"
"3543","2015132AU0393",2015-10-30,2015,"Oct",30,"09:45",9,45,"Friday","Serious",1,"Serious","Cyclist","Driver or rider","Male",28,"Unclassified","Single carriageway",30,"Unclassified","Not a Pedestrian","Not a Pedestrian",430963,435790,"E01011356",2,"Crossroads","Daylight","Fine no high winds","Dry","Cyclist"
"3544","2015132AU0880",2015-10-30,2015,"Oct",30,"11:20",11,20,"Friday","Slight",1,"Slight","Bus or coach occupant (17 or more pass seats)","Passenger","Male",46,"Unclassified","Single carriageway",30,NA,"Not a Pedestrian","Not a Pedestrian",428989,428385,"E01011493",1,"Not at junction or within 20 metres","Daylight","Raining no high winds","Wet or damp","Bus and goods vehicle occupant"
"3545","2015132AU0886",2015-10-30,2015,"Oct",30,"14:00",14,0,"Friday","Slight",2,"Slight","Bus or coach occupant (17 or more pass seats)","Passenger","Male",80,"Unclassified","Single carriageway",30,NA,"Not a Pedestrian","Not a Pedestrian",430465,435281,"E01011357",2,"Not at junction or within 20 metres","Daylight","Fine no high winds","Dry","Bus and goods vehicle occupant"
"3546","2015132AU0793",2015-10-30,2015,"Oct",30,"14:17",14,17,"Friday","Slight",1,"Slight","Car occupant","Driver or rider","Male",24,"Unclassified","Dual carriageway",30,NA,"Not a Pedestrian","Not a Pedestrian",431342,428708,"E01011466",2,"Not at junction or within 20 metres","Daylight","Fine no high winds","Wet or damp","Car occupant"
"3547","2015132AU0836",2015-10-30,2015,"Oct",30,"14:30",14,30,"Friday","Slight",2,"Slight","Car occupant","Passenger","Female",13,"Unclassified","Single carriageway",30,NA,"Not a Pedestrian","Not a Pedestrian",431624,436995,"E01011641",2,"Not at junction or within 20 metres","Daylight","Fine no high winds","Dry","Car occupant"
"3548","2015132AU0824",2015-10-30,2015,"Oct",30,"14:45",14,45,"Friday","Serious",1,"Serious","Motorcycle 125cc and under rider or passenger","Driver or rider","Male",22,"Unclassified","Single carriageway",40,NA,"Not a Pedestrian","Not a Pedestrian",415316,442963,"E01011270",1,"Not at junction or within 20 metres","Daylight","Fine no high winds","Dry","Motorcyclist and pillion"
"3549","2015132AU1192",2015-10-30,2015,"Oct",30,"17:35",17,35,"Friday","Slight",1,"Slight","Motorcycle 125cc and under rider or passenger","Driver or rider","Female",28,"Unclassified","Dual carriageway",30,"Unclassified","Not a Pedestrian","Not a Pedestrian",430518,431158,"E01011468",1,"Roundabout","Darkness - lights lit","Fine no high winds","Dry","Motorcyclist and pillion"
"3550","2015132AU1781",2015-10-30,2015,"Oct",30,"22:00",22,0,"Friday","Slight",1,"Slight","Car occupant","Driver or rider","Male",24,"A","Single carriageway",60,NA,"Not a Pedestrian","Not a Pedestrian",432001,442111,"E01011561",1,"Not at junction or within 20 metres","Darkness - no lighting","Fine no high winds","Wet or damp","Car occupant"
"3551","2015132AV0692",2015-10-31,2015,"Oct",31,"11:10",11,10,"Saturday","Slight",1,"Slight","Car occupant","Driver or rider","Female",25,"B","Single carriageway",30,"A","Not a Pedestrian","Not a Pedestrian",422163,434010,"E01011587",2,"Crossroads","Daylight","Fine no high winds","Dry","Car occupant"
"3552","2015132AV0995",2015-10-31,2015,"Oct",31,"14:27",14,27,"Saturday","Slight",1,"Slight","Pedestrian","Pedestrian","Male",30,"Unclassified","Single carriageway",30,"Unclassified","In carriageway, not crossing","In carriageway, stationary - not crossing  (standing or playing)",430435,433584,"E01033010",2,"T or staggered junction","Daylight","Fine no high winds","Dry","Pedestrian"
"3553","2015132B11038",2015-10-31,2015,"Oct",31,"14:49",14,49,"Saturday","Slight",2,"Slight","Car occupant","Driver or rider","Male",45,"A","Roundabout",40,"A","Not a Pedestrian","Not a Pedestrian",428430,428733,"E01011493",2,"Roundabout","Daylight","Fine no high winds","Dry","Car occupant"
"3554","2015132AV1192",2015-10-31,2015,"Oct",31,"15:30",15,30,"Saturday","Slight",1,"Slight","Pedestrian","Pedestrian","Female",23,"A","Single carriageway",30,NA,"In carriageway, crossing elsewhere","Crossing from driver's nearside",429588,434723,"E01033006",1,"Not at junction or within 20 metres","Daylight","Fine no high winds","Dry","Pedestrian"
"3555","2015132B10037",2015-10-31,2015,"Oct",31,"16:30",16,30,"Saturday","Serious",1,"Serious","Cyclist","Driver or rider","Male",23,"A","Dual carriageway",30,"Unclassified","Not a Pedestrian","Not a Pedestrian",429921,434318,"E01033010",2,"T or staggered junction","Daylight","Fine no high winds","Dry","Cyclist"
"3556","2015132AV1359",2015-10-31,2015,"Oct",31,"17:38",17,38,"Saturday","Slight",1,"Slight","Pedestrian","Pedestrian","Female",33,"Unclassified","Single carriageway",30,NA,"In carriageway, crossing elsewhere","Crossing from nearside - masked by parked or stationary vehicle",431287,434867,"E01011673",1,"Not at junction or within 20 metres","Darkness - lights lit","Fine no high winds","Dry","Pedestrian"
"3557","2015132AV1365",2015-10-31,2015,"Oct",31,"17:40",17,40,"Saturday","Slight",1,"Slight","Car occupant","Passenger","Male",50,"A","Slip road",70,NA,"Not a Pedestrian","Not a Pedestrian",421519,433981,"E01011585",2,"Not at junction or within 20 metres","Darkness - lights lit","Fine no high winds","Wet or damp","Car occupant"
"3558","2015132AV1600",2015-10-31,2015,"Oct",31,"19:35",19,35,"Saturday","Slight",1,"Slight","Car occupant","Passenger","Male",8,"Motorway","Slip road",50,"Unclassified","Not a Pedestrian","Not a Pedestrian",427808,431256,"E01011369",5,"Slip road","Darkness - lights lit","Fine no high winds","Dry","Car occupant"
"3559","2015132B10318",2015-11-01,2015,"Nov",1,"02:56",2,56,"Sunday","Fatal",1,"Fatal","Pedestrian","Pedestrian","Male",22,"B","Single carriageway",60,"Unclassified","Unknown or other","Unknown or other",443306,435473,"E01011297",1,"Crossroads","Darkness - lights lit","Fog or mist","Wet or damp","Pedestrian"
"3560","2015132B10700",2015-11-01,2015,"Nov",1,"10:06",10,6,"Sunday","Slight",1,"Slight","Car occupant","Passenger","Male",27,"Unclassified","Single carriageway",20,"Unclassified","Not a Pedestrian","Not a Pedestrian",420327,445621,"E01011569",2,"Crossroads","Daylight","Fine no high winds","Dry","Car occupant"
"3561","2015132B11467",2015-11-01,2015,"Nov",1,"18:10",18,10,"Sunday","Slight",1,"Slight","Pedestrian","Pedestrian","Male",13,"Unclassified","Single carriageway",30,NA,"Unknown or other","Unknown or other",422424,434796,"E01011335",1,"Not at junction or within 20 metres","Daylight","Fine no high winds","Dry","Pedestrian"
"3562","2015132B10054",2015-11-02,2015,"Nov",2,"00:20",0,20,"Monday","Slight",1,"Slight","Pedestrian","Pedestrian","Male",28,"Unclassified","Single carriageway",30,"Unclassified","Crossing on pedestrian crossing facility","Crossing from driver's nearside",429764,433596,"E01033008",1,"Crossroads","Darkness - lights lit","Fine no high winds","Wet or damp","Pedestrian"
"3563","2015132B20217",2015-11-02,2015,"Nov",2,"07:49",7,49,"Monday","Slight",3,"Slight","Car occupant","Driver or rider","Female",38,"Motorway","Dual carriageway",70,NA,"Not a Pedestrian","Not a Pedestrian",435433,425914,"E01011636",4,"Not at junction or within 20 metres","Daylight","Fine no high winds","Dry","Car occupant"
"3564","2015132B21295",2015-11-02,2015,"Nov",2,"16:30",16,30,"Monday","Slight",2,"Slight","Pedestrian","Pedestrian","Male",14,"Unclassified","Single carriageway",30,"Unclassified","On footway or verge","Unknown or other",422111,433552,"E01011587",1,"T or staggered junction","Darkness - lights lit","Fog or mist","Dry","Pedestrian"
"3565","2015132B21170",2015-11-02,2015,"Nov",2,"17:14",17,14,"Monday","Slight",2,"Slight","Car occupant","Driver or rider","Male",53,"A(M)","Dual carriageway",70,NA,"Not a Pedestrian","Not a Pedestrian",443625,436569,"E01011297",3,"Not at junction or within 20 metres","Darkness - lights lit","Fog or mist","Wet or damp","Car occupant"
"3566","2015132B21198",2015-11-02,2015,"Nov",2,"17:30",17,30,"Monday","Slight",1,"Slight","Car occupant","Driver or rider","Female",19,"A(M)","Dual carriageway",70,NA,"Not a Pedestrian","Not a Pedestrian",443569,438008,"E01011309",3,"Not at junction or within 20 metres","Darkness - lights lit","Fog or mist","Wet or damp","Car occupant"
"3567","2015132B30024",2015-11-03,2015,"Nov",3,"00:33",0,33,"Tuesday","Slight",1,"Slight","Car occupant","Driver or rider","Male",38,"Motorway","Dual carriageway",70,NA,"Not a Pedestrian","Not a Pedestrian",432164,427226,"E01032495",2,"Not at junction or within 20 metres","Darkness - lights lit","Fog or mist","Wet or damp","Car occupant"