"","accident_index","date","year","month","day","time","time_hour","time_minute","day_of_week","accident_severity","number_of_casualties","casualty_severity","casualty_type","casualty_class","sex_of_casualty","age_of_casualty","first_road_class","road_type","speed_limit","second_road_class","pedestrian_location","pedestrian_movement","location_easting_osgr","location_northing_osgr","lsoa_of_accident_location","number_of_vehicles","junction_detail","light_conditions","weather_conditions","road_surface_conditions","cas_type"
"3568","2015132B31235",2015-11-03,2015,"Nov",3,"05:30",5,30,"Tuesday","Slight",1,"Slight","Car occupant","Driver or rider","Male",55,"A","Dual carriageway",40,NA,"Not a Pedestrian","Not a Pedestrian",434507,434433,"E01011341",2,"Not at junction or within 20 metres","Darkness - lights lit","Fine no high winds","Dry","Car occupant"
"3569","2015132B30168",2015-11-03,2015,"Nov",3,"06:35",6,35,"Tuesday","Slight",1,"Slight","Car occupant","Driver or rider","Male",20,"A","Roundabout",40,"A","Not a Pedestrian","Not a Pedestrian",421497,428511,"E01011527",2,"Roundabout","Daylight","Fine no high winds","Wet or damp","Car occupant"
"3570","2015132B30205",2015-11-03,2015,"Nov",3,"07:41",7,41,"Tuesday","Slight",1,"Slight","Car occupant","Driver or rider","Male",23,"A","Single carriageway",30,"Unclassified","Not a Pedestrian","Not a Pedestrian",425223,437872,"E01011464",2,"T or staggered junction","Daylight","Fine no high winds","Wet or damp","Car occupant"
"3571","2015132B30390",2015-11-03,2015,"Nov",3,"09:50",9,50,"Tuesday","Slight",1,"Slight","Cyclist","Driver or rider","Male",36,"A","Dual carriageway",40,"Unclassified","Not a Pedestrian","Not a Pedestrian",419957,434112,"E01011597",2,"T or staggered junction","Daylight","Fog or mist","Wet or damp","Cyclist"
"3572","2015132B31033",2015-11-03,2015,"Nov",3,"15:55",15,55,"Tuesday","Slight",1,"Slight","Car occupant","Driver or rider","Female",83,"Unclassified","Single carriageway",30,"Unclassified","Not a Pedestrian","Not a Pedestrian",425411,440435,"E01011377",2,"T or staggered junction","Daylight","Fine no high winds","Wet or damp","Car occupant"
"3573","2015132B31062",2015-11-03,2015,"Nov",3,"16:00",16,0,"Tuesday","Slight",1,"Slight","Car occupant","Driver or rider","Male",33,"A","Dual carriageway",30,"A","Not a Pedestrian","Not a Pedestrian",430650,434694,"E01011671",1,"T or staggered junction","Daylight","Fine no high winds","Wet or damp","Car occupant"
"3574","2015132B31360",2015-11-03,2015,"Nov",3,"18:30",18,30,"Tuesday","Slight",1,"Slight","Cyclist","Driver or rider","Male",30,"A","Single carriageway",30,"Unclassified","Not a Pedestrian","Not a Pedestrian",422323,436361,"E01011591",2,"Crossroads","Darkness - lights lit","Fine no high winds","Dry","Cyclist"
"3575","2015132B40247",2015-11-04,2015,"Nov",4,"08:20",8,20,"Wednesday","Slight",1,"Slight","Taxi/Private hire car occupant","Passenger","Male",18,"Unclassified","Single carriageway",30,NA,"Not a Pedestrian","Not a Pedestrian",430926,434129,"E01033031",2,"Not at junction or within 20 metres","Daylight","Fine no high winds","Dry","Car occupant"
"3576","2015132B40948",2015-11-04,2015,"Nov",4,"15:42",15,42,"Wednesday","Slight",2,"Slight","Bus or coach occupant (17 or more pass seats)","Driver or rider","Male",57,"Unclassified","Single carriageway",30,"Unclassified","Not a Pedestrian","Not a Pedestrian",430002,438589,"E01011514",2,"T or staggered junction","Daylight","Fine no high winds","Dry","Bus and goods vehicle occupant"
"3577","2015132B41115",2015-11-04,2015,"Nov",4,"17:10",17,10,"Wednesday","Slight",1,"Slight","Car occupant","Driver or rider","Male",24,"B","Single carriageway",30,"B","Not a Pedestrian","Not a Pedestrian",430899,436562,"E01011356",2,"T or staggered junction","Darkness - lights lit","Fine no high winds","Dry","Car occupant"
"3578","2015132B50207",2015-11-04,2015,"Nov",4,"17:10",17,10,"Wednesday","Slight",1,"Slight","Bus or coach occupant (17 or more pass seats)","Passenger","Female",62,"Unclassified","Single carriageway",30,"Unclassified","Not a Pedestrian","Not a Pedestrian",427125,435708,"E01032945",1,"Crossroads","Darkness - lights lit","Fine no high winds","Dry","Bus and goods vehicle occupant"
"3579","2015132B41157",2015-11-04,2015,"Nov",4,"17:35",17,35,"Wednesday","Slight",1,"Slight","Cyclist","Driver or rider","Male",40,"A","Single carriageway",40,"Unclassified","Not a Pedestrian","Not a Pedestrian",427974,431950,"E01011362",2,"T or staggered junction","Darkness - lights lit","Fine no high winds","Dry","Cyclist"
"3580","2015132BH0810",2015-11-04,2015,"Nov",4,"17:45",17,45,"Wednesday","Slight",1,"Slight","Bus or coach occupant (17 or more pass seats)","Passenger","Female",31,"B","Single carriageway",30,"Unclassified","Not a Pedestrian","Not a Pedestrian",428045,432829,"E01011362",1,"T or staggered junction","Darkness - lights lit","Fine no high winds","Dry","Bus and goods vehicle occupant"
"3581","2015132B41445",2015-11-04,2015,"Nov",4,"19:05",19,5,"Wednesday","Slight",1,"Slight","Car occupant","Passenger","Male",16,"Unclassified","Single carriageway",30,"Unclassified","Not a Pedestrian","Not a Pedestrian",436564,435579,"E01011406",2,"Crossroads","Darkness - lights lit","Fine no high winds","Dry","Car occupant"
"3582","2015132B50287",2015-11-05,2015,"Nov",5,"07:00",7,0,"Thursday","Slight",1,"Slight","Car occupant","Driver or rider","Male",31,"Unclassified","Single carriageway",30,"Unclassified","Not a Pedestrian","Not a Pedestrian",424993,432898,"E01011727",2,"Crossroads","Daylight","Fine no high winds","Wet or damp","Car occupant"
"3583","2015132B50528",2015-11-05,2015,"Nov",5,"11:12",11,12,"Thursday","Serious",1,"Serious","Pedestrian","Pedestrian","Male",71,"A","Dual carriageway",40,NA,"Crossing on pedestrian crossing facility","Crossing from driver's nearside",433179,434037,"E01011340",1,"Not at junction or within 20 metres","Daylight","Fine no high winds","Dry","Pedestrian"
"3584","2015132B50991",2015-11-05,2015,"Nov",5,"15:14",15,14,"Thursday","Fatal",2,"Fatal","Car occupant","Driver or rider","Male",75,"A","Single carriageway",40,NA,"Not a Pedestrian","Not a Pedestrian",437339,437841,"E01011715",2,"Not at junction or within 20 metres","Daylight","Raining no high winds","Wet or damp","Car occupant"
"3585","2015132B51068",2015-11-05,2015,"Nov",5,"15:50",15,50,"Thursday","Slight",1,"Slight","Car occupant","Driver or rider","Male",28,"Unclassified","Single carriageway",30,NA,"Not a Pedestrian","Not a Pedestrian",432349,439062,"E01011650",4,"Not at junction or within 20 metres","Daylight","Raining no high winds","Wet or damp","Car occupant"
"3586","2015132B51307",2015-11-05,2015,"Nov",5,"17:50",17,50,"Thursday","Serious",4,"Serious","Car occupant","Driver or rider","Female",35,"Motorway","Dual carriageway",70,NA,"Not a Pedestrian","Not a Pedestrian",425228,426669,"E01011534",4,"Not at junction or within 20 metres","Darkness - lights lit","Other","Wet or damp","Car occupant"
"3587","2015132B60512",2015-11-05,2015,"Nov",5,"17:50",17,50,"Thursday","Slight",1,"Slight","Car occupant","Driver or rider","Female",47,"Unclassified","Single carriageway",30,NA,"Not a Pedestrian","Not a Pedestrian",427766,434970,"E01011481",2,"Not at junction or within 20 metres","Darkness - lights lit","Fine no high winds","Wet or damp","Car occupant"
"3588","2015132B60151",2015-11-06,2015,"Nov",6,"01:38",1,38,"Friday","Slight",1,"Slight","Pedestrian","Pedestrian","Male",25,"Unclassified","Single carriageway",30,"Unclassified","In carriageway, crossing elsewhere","Crossing from driver's offside",427552,434483,"E01011482",1,"T or staggered junction","Darkness - lights lit","Fine no high winds","Wet or damp","Pedestrian"
"3589","2015132B60312",2015-11-06,2015,"Nov",6,"07:44",7,44,"Friday","Slight",1,"Slight","Motorcycle 125cc and under rider or passenger","Driver or rider","Male",24,"Unclassified","Single carriageway",30,"Unclassified","Not a Pedestrian","Not a Pedestrian",422332,433404,"E01011612",2,"T or staggered junction","Daylight","Fine no high winds","Wet or damp","Motorcyclist and pillion"
"3590","2015132B60373",2015-11-06,2015,"Nov",6,"08:35",8,35,"Friday","Slight",4,"Slight","Taxi/Private hire car occupant","Driver or rider","Male",33,"Unclassified","Single carriageway",30,"Unclassified","Not a Pedestrian","Not a Pedestrian",420654,441119,"E01011274",2,"T or staggered junction","Daylight","Raining no high winds","Wet or damp","Car occupant"
"3591","2015132B60660",2015-11-06,2015,"Nov",6,"11:50",11,50,"Friday","Slight",1,"Slight","Pedestrian","Pedestrian","Male",56,"Unclassified","Single carriageway",30,NA,"In carriageway, not crossing","In carriageway, stationary - not crossing  (standing or playing)",426617,431876,"E01011736",1,"Not at junction or within 20 metres","Daylight","Raining no high winds","Wet or damp","Pedestrian"
"3592","2015132B61618",2015-11-06,2015,"Nov",6,"19:55",19,55,"Friday","Serious",1,"Serious","Cyclist","Driver or rider","Male",13,"B","Single carriageway",30,"Unclassified","Not a Pedestrian","Not a Pedestrian",423176,434676,"E01011335",2,"Crossroads","Darkness - lights lit","Fine no high winds","Wet or damp","Cyclist"
"3593","2015132B70250",2015-11-07,2015,"Nov",7,"03:10",3,10,"Saturday","Slight",2,"Slight","Car occupant","Driver or rider","Female",20,"Unclassified","One way street",30,NA,"Not a Pedestrian","Not a Pedestrian",431118,433633,"E01033011",2,"Not at junction or within 20 metres","Daylight","Fine no high winds","Dry","Car occupant"
"3594","2015132B70416",2015-11-07,2015,"Nov",7,"07:50",7,50,"Saturday","Slight",2,"Slight","Car occupant","Driver or rider","Male",31,"A(M)","Dual carriageway",70,NA,"Not a Pedestrian","Not a Pedestrian",441130,449040,"E01011700",1,"Not at junction or within 20 metres","Daylight","Raining no high winds","Flood over 3cm. deep","Car occupant"
"3595","2015132B70719",2015-11-07,2015,"Nov",7,"11:55",11,55,"Saturday","Slight",1,"Slight","Car occupant","Passenger","Male",7,"Unclassified","Single carriageway",30,"Unclassified","Not a Pedestrian","Not a Pedestrian",431559,428496,"E01011502",2,"Crossroads","Daylight","Fine no high winds","Dry","Car occupant"
"3596","2015132B71013",2015-11-07,2015,"Nov",7,"14:45",14,45,"Saturday","Slight",1,"Slight","Car occupant","Driver or rider","Male",42,"A","Single carriageway",30,NA,"Not a Pedestrian","Not a Pedestrian",429957,432913,"E01033016",2,"Not at junction or within 20 metres","Daylight","Fine no high winds","Dry","Car occupant"
"3597","2015132B71066",2015-11-07,2015,"Nov",7,"15:27",15,27,"Saturday","Slight",1,"Slight","Car occupant","Passenger","Female",18,"Unclassified","Single carriageway",30,NA,"Not a Pedestrian","Not a Pedestrian",422063,432631,"E01011604",2,"Not at junction or within 20 metres","Daylight","Fine + high winds","Wet or damp","Car occupant"
"3598","2015132B71117",2015-11-07,2015,"Nov",7,"16:00",16,0,"Saturday","Slight",1,"Slight","Pedestrian","Pedestrian","Female",24,"Unclassified","Single carriageway",30,"Unclassified","Crossing in zig-zag approach lines","Crossing from driver's nearside",429949,433073,"E01033016",1,"T or staggered junction","Daylight","Fine + high winds","Dry","Pedestrian"
"3599","2015132B71315",2015-11-07,2015,"Nov",7,"18:06",18,6,"Saturday","Serious",1,"Serious","Motorcycle 125cc and under rider or passenger","Driver or rider","Male",29,"A","Single carriageway",60,"B","Not a Pedestrian","Not a Pedestrian",422463,427903,"E01011527",2,"T or staggered junction","Darkness - lights lit","Fine no high winds","Wet or damp","Motorcyclist and pillion"
"3600","2015132B71352",2015-11-07,2015,"Nov",7,"18:20",18,20,"Saturday","Slight",1,"Slight","Car occupant","Driver or rider","Male",22,"B","Single carriageway",30,"Unclassified","Not a Pedestrian","Not a Pedestrian",432186,435226,"E01011432",2,"Crossroads","Darkness - lights lit","Fine no high winds","Dry","Car occupant"
"3601","2015132B71377",2015-11-07,2015,"Nov",7,"18:40",18,40,"Saturday","Slight",2,"Slight","Pedestrian","Pedestrian","Female",34,"Unclassified","Single carriageway",20,"Unclassified","On footway or verge","Unknown or other",429654,431850,"E01011364",1,"T or staggered junction","Darkness - lighting unknown","Fine no high winds","Dry","Pedestrian"
"3602","2015132B71514",2015-11-07,2015,"Nov",7,"19:40",19,40,"Saturday","Slight",1,"Slight","Car occupant","Driver or rider","Female",50,"Unclassified","Single carriageway",30,"Unclassified","Not a Pedestrian","Not a Pedestrian",432186,435226,"E01011432",2,"Crossroads","Darkness - lights lit","Fine no high winds","Dry","Car occupant"
"3603","2015132B80248",2015-11-08,2015,"Nov",8,"03:15",3,15,"Sunday","Slight",3,"Slight","Car occupant","Driver or rider","Female",25,"A","Dual carriageway",40,NA,"Not a Pedestrian","Not a Pedestrian",428448,433345,"E01011363",1,"Not at junction or within 20 metres","Darkness - lights lit","Raining no high winds","Wet or damp","Car occupant"
"3604","2015132B80662",2015-11-08,2015,"Nov",8,"12:05",12,5,"Sunday","Slight",1,"Slight","Car occupant","Driver or rider","Male",29,"Unclassified","Single carriageway",30,"Unclassified","Not a Pedestrian","Not a Pedestrian",432555,434675,"E01011344",2,"T or staggered junction","Daylight","Fine + high winds","Dry","Car occupant"
"3605","2015132B80835",2015-11-08,2015,"Nov",8,"13:55",13,55,"Sunday","Slight",7,"Slight","Car occupant","Driver or rider","Male",30,"Unclassified","Single carriageway",30,"Unclassified","Not a Pedestrian","Not a Pedestrian",431880,435456,"E01011429",2,"T or staggered junction","Daylight","Fine no high winds","Wet or damp","Car occupant"
"3606","2015132B81095",2015-11-08,2015,"Nov",8,"16:26",16,26,"Sunday","Slight",1,"Slight","Car occupant","Driver or rider","Female",19,"Unclassified","Single carriageway",60,NA,"Not a Pedestrian","Not a Pedestrian",435048,432589,"E01011420",1,"Not at junction or within 20 metres","Daylight","Raining no high winds","Wet or damp","Car occupant"
"3607","2015132B81284",2015-11-08,2015,"Nov",8,"18:34",18,34,"Sunday","Slight",1,"Slight","Motorcycle over 125cc and up to 500cc rider or  passenger","Driver or rider","Male",29,"Unclassified","Single carriageway",30,"Unclassified","Not a Pedestrian","Not a Pedestrian",427125,435704,"E01011480",2,"Crossroads","Darkness - lights lit","Raining no high winds","Wet or damp","Motorcyclist and pillion"
"3608","2015132B90225",2015-11-09,2015,"Nov",9,"08:30",8,30,"Monday","Slight",1,"Slight","Van / Goods vehicle (3.5 tonnes mgw or under) occupant","Driver or rider","Male",51,"Unclassified","Dual carriageway",30,"Unclassified","Not a Pedestrian","Not a Pedestrian",433470,434901,"E01011342",2,"T or staggered junction","Daylight","Raining + high winds","Wet or damp","Bus and goods vehicle occupant"
"3609","2015132B90816",2015-11-09,2015,"Nov",9,"14:26",14,26,"Monday","Slight",1,"Slight","Car occupant","Driver or rider","Male",54,"Unclassified","Single carriageway",30,NA,"Not a Pedestrian","Not a Pedestrian",430039,434055,"E01033010",2,"Not at junction or within 20 metres","Daylight","Raining no high winds","Wet or damp","Car occupant"
"3610","2015132B91352",2015-11-09,2015,"Nov",9,"19:00",19,0,"Monday","Slight",1,"Slight","Car occupant","Driver or rider","Female",30,"Motorway","Dual carriageway",50,"Unclassified","Not a Pedestrian","Not a Pedestrian",428625,431579,"E01011366",2,"T or staggered junction","Daylight","Fine no high winds","Dry","Car occupant"
"3611","2015132BA0301",2015-11-10,2015,"Nov",10,"08:30",8,30,"Tuesday","Slight",1,"Slight","Cyclist","Driver or rider","Male",36,"A","Single carriageway",30,"Unclassified","Not a Pedestrian","Not a Pedestrian",426378,435440,"E01011477",2,"T or staggered junction","Daylight","Fine no high winds","Wet or damp","Cyclist"
"3612","2015132BA0983",2015-11-10,2015,"Nov",10,"15:00",15,0,"Tuesday","Slight",1,"Slight","Pedestrian","Pedestrian","Female",12,"Unclassified","Single carriageway",30,"Unclassified","In carriageway, crossing elsewhere","Crossing from driver's nearside",426445,433292,"E01032607",1,"Crossroads","Daylight","Fine no high winds","Dry","Pedestrian"
"3613","2015132BA1549",2015-11-10,2015,"Nov",10,"17:25",17,25,"Tuesday","Slight",1,"Slight","Bus or coach occupant (17 or more pass seats)","Passenger","Male",75,"Unclassified","Single carriageway",30,NA,"Not a Pedestrian","Not a Pedestrian",431092,428138,"E01011490",1,"Not at junction or within 20 metres","Darkness - lights lit","Fine no high winds","Dry","Bus and goods vehicle occupant"
"3614","2015132BB0282",2015-11-11,2015,"Nov",11,"08:10",8,10,"Wednesday","Slight",1,"Slight","Pedestrian","Pedestrian","Female",35,"Unclassified","Single carriageway",30,"Unclassified","In carriageway, crossing elsewhere","Crossing from driver's nearside",431196,434847,"E01011673",1,"T or staggered junction","Daylight","Fine no high winds","Dry","Pedestrian"
"3615","2015132BB0307",2015-11-11,2015,"Nov",11,"08:30",8,30,"Wednesday","Serious",1,"Serious","Pedestrian","Pedestrian","Male",8,"B","Single carriageway",30,NA,"Crossing elsewhere within 50m. of pedestrian crossing","Crossing from driver's offside",433003,434149,"E01011348",1,"Not at junction or within 20 metres","Daylight","Fine no high winds","Dry","Pedestrian"
"3616","2015132BB0304",2015-11-11,2015,"Nov",11,"08:31",8,31,"Wednesday","Slight",1,"Slight","Car occupant","Driver or rider","Female",45,"Motorway","Dual carriageway",70,NA,"Not a Pedestrian","Not a Pedestrian",432294,426758,"E01011499",2,"Not at junction or within 20 metres","Daylight","Fine no high winds","Dry","Car occupant"
"3617","2015132BB0688",2015-11-11,2015,"Nov",11,"12:45",12,45,"Wednesday","Slight",1,"Slight","Car occupant","Driver or rider","Female",25,"Unclassified","Roundabout",20,"Unclassified","Not a Pedestrian","Not a Pedestrian",435058,435039,"E01011667",2,"Mini-roundabout","Daylight","Fine no high winds","Dry","Car occupant"
"3618","2015132BB0895",2015-11-11,2015,"Nov",11,"14:40",14,40,"Wednesday","Slight",1,"Slight","Car occupant","Driver or rider","Female",50,"A","Roundabout",40,"A","Not a Pedestrian","Not a Pedestrian",439307,432403,"E01011402",2,"Roundabout","Daylight","Fine no high winds","Dry","Car occupant"
"3619","2015132BB1225",2015-11-11,2015,"Nov",11,"17:15",17,15,"Wednesday","Slight",1,"Slight","Cyclist","Driver or rider","Male",21,"Unclassified","Single carriageway",30,NA,"Not a Pedestrian","Not a Pedestrian",427563,436327,"E01011694",2,"Not at junction or within 20 metres","Darkness - lights lit","Fine no high winds","Dry","Cyclist"
"3620","2015132BB1223",2015-11-11,2015,"Nov",11,"17:20",17,20,"Wednesday","Slight",1,"Slight","Cyclist","Driver or rider","Male",12,"Unclassified","Single carriageway",30,NA,"Not a Pedestrian","Not a Pedestrian",436167,436173,"E01011724",2,"Not at junction or within 20 metres","Darkness - lights lit","Raining + high winds","Wet or damp","Cyclist"
"3621","2015132BB1280",2015-11-11,2015,"Nov",11,"17:38",17,38,"Wednesday","Serious",1,"Serious","Motorcycle over 125cc and up to 500cc rider or  passenger","Driver or rider","Male",24,"A","Single carriageway",40,NA,"Not a Pedestrian","Not a Pedestrian",427226,426421,"E01011550",2,"Not at junction or within 20 metres","Darkness - lights lit","Raining + high winds","Wet or damp","Motorcyclist and pillion"
"3622","2015132BB1413",2015-11-11,2015,"Nov",11,"18:41",18,41,"Wednesday","Slight",2,"Slight","Car occupant","Driver or rider","Male",65,"Unclassified","Roundabout",30,"Unclassified","Not a Pedestrian","Not a Pedestrian",436092,434828,"E01011666",2,"Roundabout","Darkness - lights lit","Raining + high winds","Wet or damp","Car occupant"
"3623","2015132BC0243",2015-11-12,2015,"Nov",12,"07:40",7,40,"Thursday","Slight",1,"Slight","Car occupant","Driver or rider","Male",18,"Unclassified","Single carriageway",30,"Unclassified","Not a Pedestrian","Not a Pedestrian",432113,432880,"E01011625",2,"T or staggered junction","Daylight","Fine no high winds","Dry","Car occupant"
"3624","2015132BC0304",2015-11-12,2015,"Nov",12,"08:45",8,45,"Thursday","Slight",2,"Slight","Car occupant","Driver or rider","Male",20,"A","Dual carriageway",40,"Unclassified","Not a Pedestrian","Not a Pedestrian",435110,428940,"E01011627",2,"Crossroads","Daylight","Fine no high winds","Dry","Car occupant"
"3625","2015132BC0740",2015-11-12,2015,"Nov",12,"13:07",13,7,"Thursday","Slight",1,"Slight","Van / Goods vehicle (3.5 tonnes mgw or under) occupant","Passenger","Male",11,"A","Dual carriageway",40,NA,"Not a Pedestrian","Not a Pedestrian",431450,432413,"E01011621",2,"Not at junction or within 20 metres","Daylight","Fine no high winds","Dry","Bus and goods vehicle occupant"
"3626","2015132BC0752",2015-11-12,2015,"Nov",12,"13:23",13,23,"Thursday","Slight",4,"Slight","Car occupant","Driver or rider","Female",32,"A","Roundabout",30,NA,"Not a Pedestrian","Not a Pedestrian",428622,432989,"E01011363",2,"Not at junction or within 20 metres","Daylight","Fine no high winds","Dry","Car occupant"
"3627","2015132BC0912",2015-11-12,2015,"Nov",12,"15:00",15,0,"Thursday","Slight",1,"Slight","Car occupant","Driver or rider","Male",42,"A(M)","Dual carriageway",70,NA,"Not a Pedestrian","Not a Pedestrian",440533,447383,"E01011704",1,"Not at junction or within 20 metres","Daylight","Fine no high winds","Dry","Car occupant"
"3628","2015132BC1009",2015-11-12,2015,"Nov",12,"15:44",15,44,"Thursday","Slight",3,"Slight","Car occupant","Driver or rider","Female",58,"Unclassified","Single carriageway",60,NA,"Not a Pedestrian","Not a Pedestrian",423458,442293,"E01032503",2,"Not at junction or within 20 metres","Daylight","Fine no high winds","Wet or damp","Car occupant"
"3629","2015132BC1284",2015-11-12,2015,"Nov",12,"16:45",16,45,"Thursday","Slight",1,"Slight","Car occupant","Driver or rider","Female",28,"A","Roundabout",30,"Unclassified","Not a Pedestrian","Not a Pedestrian",435841,436400,"E01011661",2,"Roundabout","Darkness - lights lit","Raining + high winds","Wet or damp","Car occupant"
"3630","2015132BC1369",2015-11-12,2015,"Nov",12,"18:29",18,29,"Thursday","Slight",1,"Slight","Car occupant","Driver or rider","Male",22,"Unclassified","Single carriageway",30,NA,"Not a Pedestrian","Not a Pedestrian",431140,434384,"E01033031",2,"Not at junction or within 20 metres","Daylight","Fine no high winds","Wet or damp","Car occupant"
"3631","2015132BD0821",2015-11-13,2015,"Nov",13,"14:08",14,8,"Friday","Slight",1,"Slight","Pedestrian","Pedestrian","Female",19,"A","Dual carriageway",40,NA,"Crossing elsewhere within 50m. of pedestrian crossing","Crossing from nearside - masked by parked or stationary vehicle",432668,435896,"E01011648",1,"Not at junction or within 20 metres","Daylight","Raining + high winds","Wet or damp","Pedestrian"
"3632","2015132BD1081",2015-11-13,2015,"Nov",13,"16:14",16,14,"Friday","Slight",1,"Slight","Pedestrian","Pedestrian","Male",22,"Unclassified","Single carriageway",30,"Unclassified","Crossing on pedestrian crossing facility","Crossing from driver's nearside",432224,434658,"E01011344",1,"T or staggered junction","Darkness - lights lit","Raining + high winds","Wet or damp","Pedestrian"
"3633","2015132BD1177",2015-11-13,2015,"Nov",13,"17:04",17,4,"Friday","Slight",1,"Slight","Car occupant","Driver or rider","Male",30,"A(M)","Dual carriageway",70,NA,"Not a Pedestrian","Not a Pedestrian",443330,438897,"E01011309",3,"Not at junction or within 20 metres","Darkness - lights lit","Raining + high winds","Wet or damp","Car occupant"
"3634","2015132BD1209",2015-11-13,2015,"Nov",13,"17:15",17,15,"Friday","Slight",1,"Slight","Car occupant","Driver or rider","Female",79,"A","Dual carriageway",60,"B","Not a Pedestrian","Not a Pedestrian",422458,433985,"E01011610",1,"Slip road","Darkness - lights lit","Raining no high winds","Wet or damp","Car occupant"
"3635","2015132BH0300",2015-11-13,2015,"Nov",13,"17:50",17,50,"Friday","Slight",1,"Slight","Cyclist","Driver or rider","Male",44,"A","Single carriageway",30,"Unclassified","Not a Pedestrian","Not a Pedestrian",431440,431608,"E01011468",2,"T or staggered junction","Darkness - lights lit","Raining + high winds","Wet or damp","Cyclist"
"3636","2015132BD1431",2015-11-13,2015,"Nov",13,"19:00",19,0,"Friday","Slight",1,"Slight","Cyclist","Driver or rider","Female",49,"Unclassified","Single carriageway",30,NA,"Not a Pedestrian","Not a Pedestrian",431272,434140,"E01033035",2,"Not at junction or within 20 metres","Darkness - lights lit","Raining + high winds","Wet or damp","Cyclist"
"3637","2015132BD1623",2015-11-13,2015,"Nov",13,"21:20",21,20,"Friday","Slight",4,"Slight","Car occupant","Driver or rider","Female",27,"Unclassified","Single carriageway",30,NA,"Not a Pedestrian","Not a Pedestrian",429155,435471,"E01033005",2,"Not at junction or within 20 metres","Darkness - lights lit","Raining + high winds","Wet or damp","Car occupant"
"3638","2015132BE1514",2015-11-14,2015,"Nov",14,"10:00",10,0,"Saturday","Serious",1,"Serious","Pedestrian","Pedestrian","Male",81,"A","Dual carriageway",40,NA,"Crossing on pedestrian crossing facility","Crossing from driver's nearside",432723,433867,"E01011615",1,"Not at junction or within 20 metres","Daylight","Raining no high winds","Wet or damp","Pedestrian"
"3639","2015132BE0875",2015-11-14,2015,"Nov",14,"14:15",14,15,"Saturday","Slight",1,"Slight","Car occupant","Driver or rider","Male",34,"Motorway","Dual carriageway",70,"A","Not a Pedestrian","Not a Pedestrian",428285,426396,"E01011553",3,"Slip road","Daylight","Raining + high winds","Wet or damp","Car occupant"
"3640","2015132BE1319",2015-11-14,2015,"Nov",14,"18:51",18,51,"Saturday","Slight",1,"Slight","Car occupant","Passenger","Male",22,"Unclassified","Single carriageway",30,"Unclassified","Not a Pedestrian","Not a Pedestrian",428990,428661,"E01011493",1,"T or staggered junction","Darkness - lights lit","Raining no high winds","Wet or damp","Car occupant"
"3641","2015132BE1442",2015-11-14,2015,"Nov",14,"19:55",19,55,"Saturday","Slight",1,"Slight","Car occupant","Driver or rider","Male",20,"Unclassified","Single carriageway",30,NA,"Not a Pedestrian","Not a Pedestrian",427708,435024,"E01011479",2,"Not at junction or within 20 metres","Darkness - lights lit","Raining + high winds","Wet or damp","Car occupant"
"3642","2015132BE1731",2015-11-14,2015,"Nov",14,"23:05",23,5,"Saturday","Slight",2,"Slight","Pedestrian","Pedestrian","Female",21,"A","Single carriageway",30,NA,"Unknown or other","Unknown or other",430674,434359,"E01033002",1,"Not at junction or within 20 metres","Darkness - lights lit","Raining + high winds","Wet or damp","Pedestrian"
"3643","2015132BF0288",2015-11-15,2015,"Nov",15,"04:55",4,55,"Sunday","Serious",2,"Slight","Car occupant","Driver or rider","Male",20,"Unclassified","Single carriageway",30,"Unclassified","Not a Pedestrian","Not a Pedestrian",428498,434548,"E01011483",1,"T or staggered junction","Darkness - lights lit","Raining + high winds","Wet or damp","Car occupant"
"3644","2015132BF0776",2015-11-15,2015,"Nov",15,"12:30",12,30,"Sunday","Slight",7,"Slight","Car occupant","Driver or rider","Male",30,"Unclassified","Single carriageway",30,"Unclassified","Not a Pedestrian","Not a Pedestrian",433580,435853,"E01011421",2,"T or staggered junction","Daylight","Raining no high winds","Wet or damp","Car occupant"
"3645","2015132BF1123",2015-11-15,2015,"Nov",15,"15:45",15,45,"Sunday","Slight",1,"Slight","Pedestrian","Pedestrian","Female",8,"Unclassified","Single carriageway",30,"Unclassified","In carriageway, crossing elsewhere","Crossing from driver's offside",433722,428556,"E01011632",1,"T or staggered junction","Daylight","Raining + high winds","Wet or damp","Pedestrian"
"3646","2015132BG0075",2015-11-16,2015,"Nov",16,"01:42",1,42,"Monday","Serious",1,"Serious","Car occupant","Passenger","Female",17,"Unclassified","Single carriageway",30,NA,"Not a Pedestrian","Not a Pedestrian",429918,430403,"E01011322",1,"Not at junction or within 20 metres","Darkness - lights lit","Fine no high winds","Wet or damp","Car occupant"
"3647","2015132BG1050",2015-11-16,2015,"Nov",16,"15:20",15,20,"Monday","Slight",2,"Slight","Pedestrian","Pedestrian","Male",5,"A","Dual carriageway",40,"A","Crossing on pedestrian crossing facility","Crossing from driver's nearside",427501,425512,"E01011548",1,"Crossroads","Daylight","Fine no high winds","Dry","Pedestrian"
"3648","2015132BG1141",2015-11-16,2015,"Nov",16,"16:36",16,36,"Monday","Slight",1,"Slight","Car occupant","Driver or rider","Female",39,"A","Dual carriageway",30,NA,"Not a Pedestrian","Not a Pedestrian",431012,432318,"E01033018",1,"Not at junction or within 20 metres","Daylight","Fine no high winds","Wet or damp","Car occupant"
"3649","2015132BG1160",2015-11-16,2015,"Nov",16,"16:45",16,45,"Monday","Slight",2,"Slight","Car occupant","Driver or rider","Male",22,"Motorway","Dual carriageway",50,NA,"Not a Pedestrian","Not a Pedestrian",430518,431245,"E01011374",2,"Not at junction or within 20 metres","Daylight","Fine no high winds","Dry","Car occupant"