"","accident_index","date","year","month","day","time","time_hour","time_minute","day_of_week","accident_severity","number_of_casualties","casualty_severity","casualty_type","casualty_class","sex_of_casualty","age_of_casualty","first_road_class","road_type","speed_limit","second_road_class","pedestrian_location","pedestrian_movement","location_easting_osgr","location_northing_osgr","lsoa_of_accident_location","number_of_vehicles","junction_detail","light_conditions","weather_conditions","road_surface_conditions","cas_type"
"3650","2015132BH0484",2015-11-17,2015,"Nov",17,"10:44",10,44,"Tuesday","Slight",1,"Slight","Van / Goods vehicle (3.5 tonnes mgw or under) occupant","Driver or rider","Male",31,"A","Single carriageway",30,"Unclassified","Not a Pedestrian","Not a Pedestrian",427062,431803,"E01011736",3,"T or staggered junction","Daylight","Raining + high winds","Wet or damp","Bus and goods vehicle occupant"
"3651","2015132BH1229",2015-11-17,2015,"Nov",17,"17:54",17,54,"Tuesday","Slight",2,"Slight","Pedestrian","Pedestrian","Female",3,"A","Single carriageway",30,NA,"Crossing on pedestrian crossing facility","Crossing from driver's nearside",430086,431334,"E01011371",1,"Not at junction or within 20 metres","Darkness - lights lit","Raining + high winds","Wet or damp","Pedestrian"
"3652","2015132BH1389",2015-11-17,2015,"Nov",17,"19:10",19,10,"Tuesday","Slight",2,"Slight","Car occupant","Driver or rider","Female",27,"A","Single carriageway",30,"Unclassified","Not a Pedestrian","Not a Pedestrian",427007,440385,"E01011381",2,"Private drive or entrance","Darkness - lights lit","Fine no high winds","Dry","Car occupant"
"3653","2015132BH1707",2015-11-17,2015,"Nov",17,"22:30",22,30,"Tuesday","Slight",1,"Slight","Car occupant","Driver or rider","Male",32,"Motorway","Unknown",50,NA,"Not a Pedestrian","Not a Pedestrian",431812,430459,"E01011469",1,"Not at junction or within 20 metres","Darkness - lights lit","Raining + high winds","Wet or damp","Car occupant"
"3654","2015132BI0170",2015-11-18,2015,"Nov",18,"06:40",6,40,"Wednesday","Slight",1,"Slight","Car occupant","Driver or rider","Male",23,"Motorway","Unknown",70,NA,"Not a Pedestrian","Not a Pedestrian",434993,425884,"E01011636",1,"Not at junction or within 20 metres","Daylight","Fine no high winds","Dry","Car occupant"
"3655","2015132BI0187",2015-11-18,2015,"Nov",18,"07:15",7,15,"Wednesday","Slight",5,"Slight","Car occupant","Driver or rider","Male",23,"Unclassified","Single carriageway",30,NA,"Not a Pedestrian","Not a Pedestrian",441820,427813,"E01011307",2,"Not at junction or within 20 metres","Daylight","Fine no high winds","Dry","Car occupant"
"3656","2015132BI0260",2015-11-18,2015,"Nov",18,"08:34",8,34,"Wednesday","Serious",1,"Serious","Cyclist","Driver or rider","Male",47,"Unclassified","Single carriageway",30,"Unclassified","Not a Pedestrian","Not a Pedestrian",430892,438631,"E01011512",2,"T or staggered junction","Daylight","Raining + high winds","Wet or damp","Cyclist"
"3657","2015132BI0836",2015-11-18,2015,"Nov",18,"14:33",14,33,"Wednesday","Slight",2,"Slight","Car occupant","Driver or rider","Female",55,"Unclassified","Single carriageway",30,"Unclassified","Not a Pedestrian","Not a Pedestrian",429000,436847,"E01011691",2,"Crossroads","Daylight","Fine no high winds","Dry","Car occupant"
"3658","2015132BI0875",2015-11-18,2015,"Nov",18,"14:59",14,59,"Wednesday","Serious",1,"Serious","Pedestrian","Pedestrian","Female",83,"Unclassified","Single carriageway",20,NA,"In carriageway, crossing elsewhere","Crossing from driver's offside",440643,448250,"E01011705",1,"Not at junction or within 20 metres","Daylight","Raining + high winds","Wet or damp","Pedestrian"
"3659","2015132BI1134",2015-11-18,2015,"Nov",18,"17:17",17,17,"Wednesday","Slight",1,"Slight","Pedestrian","Pedestrian","Female",46,"Unclassified","Single carriageway",30,NA,"Crossing on pedestrian crossing facility","Crossing from driver's offside",431660,437523,"E01011504",1,"Not at junction or within 20 metres","Darkness - lights lit","Raining + high winds","Wet or damp","Pedestrian"
"3660","2015132BI1494",2015-11-18,2015,"Nov",18,"19:25",19,25,"Wednesday","Slight",1,"Slight","Car occupant","Driver or rider","Female",38,"Motorway","Dual carriageway",50,NA,"Not a Pedestrian","Not a Pedestrian",435433,425914,"E01011636",2,"Not at junction or within 20 metres","Darkness - lighting unknown","Raining + high winds","Wet or damp","Car occupant"
"3661","2015132BI1443",2015-11-18,2015,"Nov",18,"19:45",19,45,"Wednesday","Slight",1,"Slight","Car occupant","Driver or rider","Female",24,"Unclassified","Single carriageway",40,"Unclassified","Not a Pedestrian","Not a Pedestrian",427418,435988,"E01032945",2,"T or staggered junction","Darkness - lights lit","Raining no high winds","Wet or damp","Car occupant"
"3662","2015132BI1536",2015-11-18,2015,"Nov",18,"20:40",20,40,"Wednesday","Slight",1,"Slight","Pedestrian","Pedestrian","Male",14,"Unclassified","Single carriageway",30,NA,"In carriageway, crossing elsewhere","Crossing from driver's nearside",431375,433950,"E01033031",1,"Not at junction or within 20 metres","Darkness - lights lit","Raining + high winds","Wet or damp","Pedestrian"
"3663","2015132BI1595",2015-11-18,2015,"Nov",18,"21:24",21,24,"Wednesday","Slight",1,"Slight","Car occupant","Driver or rider","Female",33,"Motorway","Dual carriageway",70,NA,"Not a Pedestrian","Not a Pedestrian",427385,430844,"E01011318",3,"Not at junction or within 20 metres","Darkness - lights lit","Other","Frost or ice","Car occupant"
"3664","2015132BI1762",2015-11-18,2015,"Nov",18,"21:25",21,25,"Wednesday","Slight",1,"Slight","Car occupant","Passenger","Female",80,"Motorway","Dual carriageway",70,NA,"Not a Pedestrian","Not a Pedestrian",427374,430840,"E01011318",2,"Not at junction or within 20 metres","Darkness - lights lit","Other","Frost or ice","Car occupant"
"3665","2015132BJ0203",2015-11-19,2015,"Nov",19,"07:15",7,15,"Thursday","Slight",1,"Slight","Motorcycle 125cc and under rider or passenger","Driver or rider","Male",27,"A","Single carriageway",30,"Unclassified","Not a Pedestrian","Not a Pedestrian",427896,436200,"E01011451",2,"Crossroads","Darkness - lights lit","Fine no high winds","Dry","Motorcyclist and pillion"
"3666","2015132BJ0235",2015-11-19,2015,"Nov",19,"08:10",8,10,"Thursday","Slight",3,"Slight","Car occupant","Driver or rider","Male",39,"Unclassified","Single carriageway",30,"Unclassified","Not a Pedestrian","Not a Pedestrian",428905,429928,"E01011320",2,"T or staggered junction","Daylight","Fine + high winds","Dry","Car occupant"
"3667","2015132BJ0466",2015-11-19,2015,"Nov",19,"10:56",10,56,"Thursday","Slight",2,"Slight","Car occupant","Driver or rider","Female",70,"B","Single carriageway",30,"B","Not a Pedestrian","Not a Pedestrian",426284,435583,"E01011488",2,"Crossroads","Daylight","Raining + high winds","Wet or damp","Car occupant"
"3668","2015132BI1085",2015-11-19,2015,"Nov",19,"16:15",16,15,"Thursday","Serious",1,"Serious","Cyclist","Driver or rider","Male",17,"Unclassified","Single carriageway",30,"Unclassified","Not a Pedestrian","Not a Pedestrian",429238,425698,"E01011552",2,"T or staggered junction","Daylight","Fine no high winds","Wet or damp","Cyclist"
"3669","2015132BJ1200",2015-11-19,2015,"Nov",19,"17:50",17,50,"Thursday","Slight",1,"Slight","Pedestrian","Pedestrian","Female",9,"Unclassified","Single carriageway",30,NA,"In carriageway, crossing elsewhere","Crossing from offside - masked by  parked or stationary vehicle",431276,433844,"E01033031",1,"Not at junction or within 20 metres","Darkness - lights lit","Raining no high winds","Wet or damp","Pedestrian"
"3670","2015132BJ1323",2015-11-19,2015,"Nov",19,"19:15",19,15,"Thursday","Slight",1,"Slight","Car occupant","Driver or rider","Male",44,"Unclassified","Roundabout",40,"Unclassified","Not a Pedestrian","Not a Pedestrian",436082,434821,"E01011666",2,"Roundabout","Darkness - lights lit","Raining no high winds","Wet or damp","Car occupant"
"3671","2015132BI1508",2015-11-19,2015,"Nov",19,"19:20",19,20,"Thursday","Slight",1,"Slight","Pedestrian","Pedestrian","Female",30,"Unclassified","Single carriageway",30,NA,"In carriageway, not crossing","In carriageway, stationary - not crossing  (standing or playing)",440631,448059,"E01011704",1,"Not at junction or within 20 metres","Darkness - lights lit","Raining + high winds","Wet or damp","Pedestrian"
"3672","2015132BJ1340",2015-11-19,2015,"Nov",19,"19:20",19,20,"Thursday","Slight",1,"Slight","Car occupant","Driver or rider","Female",19,"Unclassified","Single carriageway",30,"B","Not a Pedestrian","Not a Pedestrian",430894,436566,"E01011356",2,"More than 4 arms (not roundabout)","Darkness - lights lit","Fine no high winds","Dry","Car occupant"
"3673","2015132BK0205",2015-11-20,2015,"Nov",20,"06:38",6,38,"Friday","Slight",1,"Slight","Motorcycle 50cc and under rider or passenger","Driver or rider","Female",35,"A","Single carriageway",30,"Unclassified","Not a Pedestrian","Not a Pedestrian",430111,431741,"E01011371",2,"Crossroads","Darkness - lights lit","Fine no high winds","Dry","Motorcyclist and pillion"
"3674","2015132BK0930",2015-11-20,2015,"Nov",20,"15:10",15,10,"Friday","Slight",2,"Slight","Car occupant","Driver or rider","Male",51,"A","Single carriageway",40,"Unclassified","Not a Pedestrian","Not a Pedestrian",430611,434566,"E01011671",3,"T or staggered junction","Daylight","Raining no high winds","Wet or damp","Car occupant"
"3675","2015132BK1188",2015-11-20,2015,"Nov",20,"17:05",17,5,"Friday","Slight",1,"Slight","Car occupant","Driver or rider","Male",38,"Unclassified","Dual carriageway",30,NA,"Not a Pedestrian","Not a Pedestrian",431321,429000,"E01011475",2,"Not at junction or within 20 metres","Darkness - lights lit","Raining no high winds","Wet or damp","Car occupant"
"3676","2015132BK1222",2015-11-20,2015,"Nov",20,"17:24",17,24,"Friday","Slight",1,"Slight","Pedestrian","Pedestrian","Male",21,"A","Dual carriageway",30,"Unclassified","Crossing on pedestrian crossing facility","Crossing from driver's offside",430171,432846,"E01033016",1,"Crossroads","Darkness - lights lit","Raining no high winds","Wet or damp","Pedestrian"
"3677","2015132BL0890",2015-11-21,2015,"Nov",21,"14:00",14,0,"Saturday","Slight",1,"Slight","Car occupant","Driver or rider","Female",24,"Motorway","Dual carriageway",70,NA,"Not a Pedestrian","Not a Pedestrian",435309,431299,"E01011420",1,"Not at junction or within 20 metres","Daylight","Fine + high winds","Dry","Car occupant"
"3678","2015132BL0963",2015-11-21,2015,"Nov",21,"15:10",15,10,"Saturday","Slight",3,"Slight","Car occupant","Driver or rider","Male",36,"A","Single carriageway",50,"Unclassified","Not a Pedestrian","Not a Pedestrian",442878,430634,"E01011299",2,"T or staggered junction","Daylight","Fine no high winds","Wet or damp","Car occupant"
"3679","2015132BL1032",2015-11-21,2015,"Nov",21,"15:38",15,38,"Saturday","Slight",1,"Slight","Pedestrian","Pedestrian","Male",11,"Unclassified","Single carriageway",20,NA,"In carriageway, crossing elsewhere","Crossing from offside - masked by  parked or stationary vehicle",430982,433819,"E01033031",1,"Not at junction or within 20 metres","Daylight","Fine no high winds","Wet or damp","Pedestrian"
"3680","2015132BL1175",2015-11-21,2015,"Nov",21,"16:50",16,50,"Saturday","Serious",2,"Serious","Pedestrian","Pedestrian","Female",14,"Unclassified","Single carriageway",30,NA,"In carriageway, crossing elsewhere","Crossing from driver's offside",429938,427199,"E01011492",1,"Not at junction or within 20 metres","Darkness - lights lit","Fine no high winds","Dry","Pedestrian"
"3681","2015132BL1215",2015-11-21,2015,"Nov",21,"17:10",17,10,"Saturday","Slight",1,"Slight","Car occupant","Passenger","Female",11,"A","Single carriageway",40,NA,"Not a Pedestrian","Not a Pedestrian",424330,437178,"E01011453",3,"Not at junction or within 20 metres","Darkness - lights lit","Fine no high winds","Dry","Car occupant"
"3682","2015132BL1480",2015-11-21,2015,"Nov",21,"20:00",20,0,"Saturday","Slight",1,"Slight","Car occupant","Driver or rider","Female",51,"Unclassified","Single carriageway",30,"Unclassified","Not a Pedestrian","Not a Pedestrian",423529,437895,"E01011465",3,"T or staggered junction","Darkness - lights lit","Fine no high winds","Wet or damp","Car occupant"
"3683","2015132BM0042",2015-11-22,2015,"Nov",22,"00:24",0,24,"Sunday","Slight",2,"Slight","Car occupant","Driver or rider","Male",30,"B","One way street",30,"A","Not a Pedestrian","Not a Pedestrian",431962,435833,"E01011422",2,"Crossroads","Darkness - lights lit","Fine no high winds","Wet or damp","Car occupant"
"3684","2015132BM0566",2015-11-22,2015,"Nov",22,"11:00",11,0,"Sunday","Slight",1,"Slight","Car occupant","Driver or rider","Male",18,"Unclassified","Single carriageway",30,NA,"Not a Pedestrian","Not a Pedestrian",432748,436873,"E01011643",3,"Not at junction or within 20 metres","Daylight","Fine no high winds","Dry","Car occupant"
"3685","2015132BM0768",2015-11-22,2015,"Nov",22,"14:00",14,0,"Sunday","Slight",1,"Slight","Car occupant","Driver or rider","Male",28,"Unclassified","Roundabout",30,"Unclassified","Not a Pedestrian","Not a Pedestrian",433988,435146,"E01011339",2,"Mini-roundabout","Daylight","Fine no high winds","Dry","Car occupant"
"3686","2015132BN0158",2015-11-23,2015,"Nov",23,"07:01",7,1,"Monday","Slight",1,"Slight","Car occupant","Driver or rider","Male",23,"Motorway","Dual carriageway",70,NA,"Not a Pedestrian","Not a Pedestrian",437885,433000,"E01011402",1,"Not at junction or within 20 metres","Darkness - lights lit","Fine no high winds","Dry","Car occupant"
"3687","2015132BO1148",2015-11-23,2015,"Nov",23,"14:50",14,50,"Monday","Slight",1,"Slight","Car occupant","Driver or rider","Female",27,"Unclassified","Single carriageway",30,"Unclassified","Not a Pedestrian","Not a Pedestrian",427435,433446,"E01011293",2,"T or staggered junction","Daylight","Fine no high winds","Dry","Car occupant"
"3688","2015132BN1013",2015-11-23,2015,"Nov",23,"16:20",16,20,"Monday","Slight",2,"Slight","Car occupant","Passenger","Female",33,"A","Dual carriageway",30,NA,"Not a Pedestrian","Not a Pedestrian",428998,433540,"E01011363",2,"Not at junction or within 20 metres","Daylight","Fine no high winds","Wet or damp","Car occupant"
"3689","2015132BN1292",2015-11-23,2015,"Nov",23,"18:28",18,28,"Monday","Slight",1,"Slight","Taxi/Private hire car occupant","Driver or rider","Male",55,"Unclassified","Roundabout",30,"Unclassified","Not a Pedestrian","Not a Pedestrian",431912,434798,"E01011677",2,"Roundabout","Darkness - lights lit","Fine no high winds","Dry","Car occupant"
"3690","2015132BN1303",2015-11-23,2015,"Nov",23,"19:00",19,0,"Monday","Slight",1,"Slight","Pedestrian","Pedestrian","Female",56,"Unclassified","Single carriageway",30,"Unclassified","In carriageway, crossing elsewhere","Unknown or other",426397,435875,"E01011488",1,"T or staggered junction","Darkness - lights lit","Raining no high winds","Wet or damp","Pedestrian"
"3691","2015132BN1348",2015-11-23,2015,"Nov",23,"19:20",19,20,"Monday","Slight",1,"Slight","Cyclist","Driver or rider","Male",27,"B","Single carriageway",30,"Unclassified","Not a Pedestrian","Not a Pedestrian",421613,434396,"E01011598",2,"T or staggered junction","Darkness - lights lit","Fine no high winds","Wet or damp","Cyclist"
"3692","2015132BO0148",2015-11-24,2015,"Nov",24,"05:25",5,25,"Tuesday","Serious",1,"Serious","Cyclist","Driver or rider","Male",47,"A","Single carriageway",40,"Unclassified","Not a Pedestrian","Not a Pedestrian",433142,426326,"E01011500",2,"Crossroads","Darkness - lights lit","Fine no high winds","Wet or damp","Cyclist"
"3693","2015132BO0180",2015-11-24,2015,"Nov",24,"06:48",6,48,"Tuesday","Slight",1,"Slight","Car occupant","Driver or rider","Male",24,"Unclassified","Roundabout",30,"B","Not a Pedestrian","Not a Pedestrian",425059,433375,"E01011727",2,"Roundabout","Darkness - lights lit","Raining no high winds","Wet or damp","Car occupant"
"3694","2015132BO0258",2015-11-24,2015,"Nov",24,"08:39",8,39,"Tuesday","Slight",2,"Slight","Van / Goods vehicle (3.5 tonnes mgw or under) occupant","Driver or rider","Male",54,"Motorway","Dual carriageway",70,NA,"Not a Pedestrian","Not a Pedestrian",434074,429952,"E01011639",3,"Not at junction or within 20 metres","Daylight","Fine no high winds","Wet or damp","Bus and goods vehicle occupant"
"3695","2015132BO0324",2015-11-24,2015,"Nov",24,"09:30",9,30,"Tuesday","Slight",1,"Slight","Car occupant","Driver or rider","Female",24,"A","Dual carriageway",40,"Motorway","Not a Pedestrian","Not a Pedestrian",435811,425811,"E01011636",2,"Roundabout","Daylight","Fine no high winds","Wet or damp","Car occupant"
"3696","2015132BO0557",2015-11-24,2015,"Nov",24,"09:50",9,50,"Tuesday","Slight",2,"Slight","Bus or coach occupant (17 or more pass seats)","Driver or rider","Female",37,"A","Single carriageway",30,NA,"Not a Pedestrian","Not a Pedestrian",430120,431833,"E01011364",2,"Not at junction or within 20 metres","Daylight","Raining no high winds","Wet or damp","Bus and goods vehicle occupant"
"3697","2015132BO0396",2015-11-24,2015,"Nov",24,"10:15",10,15,"Tuesday","Slight",1,"Slight","Car occupant","Driver or rider","Female",37,"Unclassified","Single carriageway",40,"Unclassified","Not a Pedestrian","Not a Pedestrian",424184,432478,"E01011728",2,"T or staggered junction","Daylight","Fine no high winds","Dry","Car occupant"
"3698","2015132BO0556",2015-11-24,2015,"Nov",24,"11:58",11,58,"Tuesday","Slight",1,"Slight","Cyclist","Driver or rider","Male",36,"B","Single carriageway",30,NA,"Not a Pedestrian","Not a Pedestrian",432296,430888,"E01011470",2,"Not at junction or within 20 metres","Daylight","Raining no high winds","Wet or damp","Cyclist"
"3699","2015132BO0767",2015-11-24,2015,"Nov",24,"13:05",13,5,"Tuesday","Slight",1,"Slight","Pedestrian","Pedestrian","Male",32,"Unclassified","Single carriageway",30,NA,"On footway or verge","Unknown or other",433005,432644,"E01011621",1,"Not at junction or within 20 metres","Daylight","Fine no high winds","Wet or damp","Pedestrian"
"3700","2015132BO1175",2015-11-24,2015,"Nov",24,"17:47",17,47,"Tuesday","Slight",2,"Slight","Car occupant","Driver or rider","Female",61,"A","Dual carriageway",40,NA,"Not a Pedestrian","Not a Pedestrian",436976,433594,"E01011418",2,"Not at junction or within 20 metres","Darkness - lights lit","Fine no high winds","Dry","Car occupant"
"3701","2015132BO1598",2015-11-24,2015,"Nov",24,"22:11",22,11,"Tuesday","Slight",1,"Slight","Car occupant","Passenger","Female",19,"Unclassified","Single carriageway",30,"Unclassified","Not a Pedestrian","Not a Pedestrian",434870,437185,"E01011656",2,"T or staggered junction","Darkness - lights lit","Fine no high winds","Dry","Car occupant"
"3702","2015132BP0231",2015-11-25,2015,"Nov",25,"07:45",7,45,"Wednesday","Slight",1,"Slight","Motorcycle over 500cc rider or passenger","Driver or rider","Male",27,"A","Dual carriageway",30,NA,"Not a Pedestrian","Not a Pedestrian",424890,427729,"E01011530",3,"Not at junction or within 20 metres","Daylight","Fine no high winds","Dry","Motorcyclist and pillion"
"3703","2015132BK0414",2015-11-25,2015,"Nov",25,"10:05",10,5,"Wednesday","Slight",1,"Slight","Pedestrian","Pedestrian","Female",42,"Unclassified","Single carriageway",30,NA,"Unknown or other","Unknown or other",434547,434521,"E01011341",1,"Not at junction or within 20 metres","Daylight","Fine no high winds","Wet or damp","Pedestrian"
"3704","2015132BP0668",2015-11-25,2015,"Nov",25,"12:38",12,38,"Wednesday","Slight",1,"Slight","Cyclist","Driver or rider","Female",37,"A","Single carriageway",30,"B","Not a Pedestrian","Not a Pedestrian",427900,436185,"E01011440",2,"T or staggered junction","Daylight","Fine no high winds","Wet or damp","Cyclist"
"3705","2015132BP1052",2015-11-25,2015,"Nov",25,"16:02",16,2,"Wednesday","Slight",1,"Slight","Cyclist","Driver or rider","Male",61,"Unclassified","Roundabout",30,"Unclassified","Not a Pedestrian","Not a Pedestrian",434360,428231,"E01011633",2,"Mini-roundabout","Daylight","Fine no high winds","Dry","Cyclist"
"3706","2015132BQ0098",2015-11-26,2015,"Nov",26,"02:20",2,20,"Thursday","Slight",1,"Slight","Taxi/Private hire car occupant","Passenger","Male",23,"Unclassified","Single carriageway",30,NA,"Not a Pedestrian","Not a Pedestrian",430536,433702,"E01033010",2,"Not at junction or within 20 metres","Darkness - lights lit","Fine no high winds","Wet or damp","Car occupant"
"3707","2015132BQ0250",2015-11-26,2015,"Nov",26,"08:38",8,38,"Thursday","Slight",5,"Slight","Bus or coach occupant (17 or more pass seats)","Passenger","Female",20,"B","Roundabout",40,"A","Not a Pedestrian","Not a Pedestrian",428502,433030,"E01011363",3,"T or staggered junction","Daylight","Fine no high winds","Dry","Bus and goods vehicle occupant"
"3708","2015132BQ0268",2015-11-26,2015,"Nov",26,"08:49",8,49,"Thursday","Slight",1,"Slight","Car occupant","Driver or rider","Male",26,"A","Dual carriageway",40,NA,"Not a Pedestrian","Not a Pedestrian",424124,428117,"E01011523",3,"Not at junction or within 20 metres","Darkness - lights lit","Fine no high winds","Dry","Car occupant"
"3709","2015132BQ0270",2015-11-26,2015,"Nov",26,"09:00",9,0,"Thursday","Slight",1,"Slight","Car occupant","Driver or rider","Male",23,"Unclassified","Single carriageway",30,"Unclassified","Not a Pedestrian","Not a Pedestrian",428199,434922,"E01011449",2,"T or staggered junction","Daylight","Fine no high winds","Dry","Car occupant"
"3710","2015132BQ0325",2015-11-26,2015,"Nov",26,"09:23",9,23,"Thursday","Slight",2,"Slight","Bus or coach occupant (17 or more pass seats)","Passenger","Female",29,"Unclassified","Single carriageway",30,NA,"Not a Pedestrian","Not a Pedestrian",429762,439293,"E01011559",2,"Not at junction or within 20 metres","Daylight","Fine no high winds","Dry","Bus and goods vehicle occupant"
"3711","2015132BQ0998",2015-11-26,2015,"Nov",26,"16:00",16,0,"Thursday","Slight",1,"Slight","Pedestrian","Pedestrian","Female",19,"A","Single carriageway",30,NA,"Crossing elsewhere within 50m. of pedestrian crossing","Crossing from driver's nearside",429534,434846,"E01033006",1,"Not at junction or within 20 metres","Daylight","Fine no high winds","Dry","Pedestrian"
"3712","2015132BQ1051",2015-11-26,2015,"Nov",26,"16:23",16,23,"Thursday","Slight",1,"Slight","Cyclist","Driver or rider","Male",21,"Unclassified","Single carriageway",30,"Unclassified","Not a Pedestrian","Not a Pedestrian",429785,434112,"E01033010",3,"T or staggered junction","Darkness - lights lit","Fine no high winds","Wet or damp","Cyclist"
"3713","2015132BQ1071",2015-11-26,2015,"Nov",26,"16:33",16,33,"Thursday","Slight",1,"Slight","Motorcycle over 500cc rider or passenger","Driver or rider","Male",23,"A","Dual carriageway",40,"A","Not a Pedestrian","Not a Pedestrian",428156,426250,"E01011553",2,"Roundabout","Darkness - lights lit","Fine no high winds","Wet or damp","Motorcyclist and pillion"
"3714","2015132BQ1122",2015-11-26,2015,"Nov",26,"16:56",16,56,"Thursday","Slight",3,"Slight","Van / Goods vehicle (3.5 tonnes mgw or under) occupant","Driver or rider","Male",32,"Motorway","Dual carriageway",70,NA,"Not a Pedestrian","Not a Pedestrian",434993,425884,"E01011636",3,"Not at junction or within 20 metres","Darkness - lights lit","Fine no high winds","Wet or damp","Bus and goods vehicle occupant"
"3715","2015132BQ1184",2015-11-26,2015,"Nov",26,"17:30",17,30,"Thursday","Slight",1,"Slight","Van / Goods vehicle (3.5 tonnes mgw or under) occupant","Driver or rider","Male",49,"A","Single carriageway",30,NA,"Not a Pedestrian","Not a Pedestrian",427587,431974,"E01011362",2,"Not at junction or within 20 metres","Darkness - lights lit","Fine no high winds","Wet or damp","Bus and goods vehicle occupant"
"3716","2015132BQ1207",2015-11-26,2015,"Nov",26,"17:39",17,39,"Thursday","Slight",1,"Slight","Car occupant","Driver or rider","Male",20,"A","Dual carriageway",40,NA,"Not a Pedestrian","Not a Pedestrian",428553,432144,"E01011366",2,"Not at junction or within 20 metres","Darkness - lights lit","Fine no high winds","Wet or damp","Car occupant"
"3717","2015132BR0193",2015-11-27,2015,"Nov",27,"06:00",6,0,"Friday","Slight",2,"Slight","Car occupant","Driver or rider","Male",25,"A","Single carriageway",30,"Unclassified","Not a Pedestrian","Not a Pedestrian",428923,429885,"E01011320",3,"Crossroads","Daylight","Fine no high winds","Wet or damp","Car occupant"
"3718","2015132BR0219",2015-11-27,2015,"Nov",27,"07:01",7,1,"Friday","Slight",1,"Slight","Cyclist","Driver or rider","Male",25,"A","Single carriageway",30,"Unclassified","Not a Pedestrian","Not a Pedestrian",430508,432879,"E01033018",2,"T or staggered junction","Darkness - lights lit","Fine no high winds","Dry","Cyclist"
"3719","2015132BR0258",2015-11-27,2015,"Nov",27,"07:59",7,59,"Friday","Slight",1,"Slight","Taxi/Private hire car occupant","Passenger","Female",61,"Unclassified","Single carriageway",30,NA,"Not a Pedestrian","Not a Pedestrian",434207,433658,"E01011622",1,"Not at junction or within 20 metres","Daylight","Fine no high winds","Wet or damp","Car occupant"
"3720","2015132BR0342",2015-11-27,2015,"Nov",27,"08:30",8,30,"Friday","Serious",1,"Serious","Pedestrian","Pedestrian","Male",29,"A","Dual carriageway",40,NA,"In carriageway, crossing elsewhere","Crossing from driver's nearside",430359,434442,"E01033002",1,"Not at junction or within 20 metres","Daylight","Fine no high winds","Wet or damp","Pedestrian"
"3721","2015132BR0360",2015-11-27,2015,"Nov",27,"09:15",9,15,"Friday","Slight",1,"Slight","Car occupant","Driver or rider","Female",19,"Unclassified","Single carriageway",30,"Unclassified","Not a Pedestrian","Not a Pedestrian",424867,435482,"E01011332",2,"Private drive or entrance","Daylight","Fine no high winds","Wet or damp","Car occupant"
"3722","2015132BR0722",2015-11-27,2015,"Nov",27,"13:00",13,0,"Friday","Slight",1,"Slight","Car occupant","Driver or rider","Male",69,"Unclassified","Single carriageway",60,NA,"Not a Pedestrian","Not a Pedestrian",444575,427872,"E01011299",1,"Not at junction or within 20 metres","Daylight","Fine no high winds","Dry","Car occupant"
"3723","2015132BR0953",2015-11-27,2015,"Nov",27,"14:55",14,55,"Friday","Slight",1,"Slight","Car occupant","Driver or rider","Male",52,"Motorway","Dual carriageway",50,NA,"Not a Pedestrian","Not a Pedestrian",431798,425391,"E01011551",2,"Not at junction or within 20 metres","Daylight","Fine no high winds","Dry","Car occupant"
"3724","2015132BR0965",2015-11-27,2015,"Nov",27,"15:05",15,5,"Friday","Slight",1,"Slight","Car occupant","Driver or rider","Female",63,"A","Roundabout",40,"A","Not a Pedestrian","Not a Pedestrian",427932,426305,"E01011550",2,"Roundabout","Daylight","Fine no high winds","Wet or damp","Car occupant"
"3725","20151331F0582",2015-11-27,2015,"Nov",27,"16:00",16,0,"Friday","Slight",1,"Slight","Pedestrian","Pedestrian","Female",76,"Unclassified","Single carriageway",30,"Unclassified","In carriageway, crossing elsewhere","Unknown or other",430278,434811,"E01011671",1,"T or staggered junction","Darkness - lights lit","Fine no high winds","Dry","Pedestrian"
"3726","2015132BR1717",2015-11-27,2015,"Nov",27,"22:22",22,22,"Friday","Slight",2,"Slight","Car occupant","Driver or rider","Female",22,"Unclassified","Single carriageway",30,"Unclassified","Not a Pedestrian","Not a Pedestrian",429928,432977,"E01033016",2,"T or staggered junction","Darkness - lights lit","Raining no high winds","Wet or damp","Car occupant"
"3727","2015132BR1877",2015-11-27,2015,"Nov",27,"23:55",23,55,"Friday","Serious",1,"Serious","Taxi/Private hire car occupant","Passenger","Male",22,"A","Single carriageway",30,NA,"Not a Pedestrian","Not a Pedestrian",429435,433841,"E01033008",1,"Not at junction or within 20 metres","Darkness - lights lit","Fine no high winds","Wet or damp","Car occupant"
"3728","2015132BS0653",2015-11-28,2015,"Nov",28,"11:20",11,20,"Saturday","Slight",1,"Slight","Car occupant","Passenger","Female",71,"B","Single carriageway",30,"Unclassified","Not a Pedestrian","Not a Pedestrian",430201,438774,"E01011510",2,"T or staggered junction","Daylight","Fine no high winds","Dry","Car occupant"
"3729","2015132BS1043",2015-11-28,2015,"Nov",28,"13:40",13,40,"Saturday","Slight",2,"Slight","Car occupant","Driver or rider","Female",25,"A","Single carriageway",30,"Unclassified","Not a Pedestrian","Not a Pedestrian",431506,435135,"E01011429",2,"T or staggered junction","Daylight","Fine no high winds","Wet or damp","Car occupant"
"3730","2015132BS0858",2015-11-28,2015,"Nov",28,"13:45",13,45,"Saturday","Serious",1,"Serious","Motorcycle 125cc and under rider or passenger","Driver or rider","Male",26,"Unclassified","Single carriageway",40,NA,"Not a Pedestrian","Not a Pedestrian",422646,440085,"E01032503",1,"Not at junction or within 20 metres","Daylight","Raining no high winds","Wet or damp","Motorcyclist and pillion"