"","accident_index","date","year","month","day","time","time_hour","time_minute","day_of_week","accident_severity","number_of_casualties","casualty_severity","casualty_type","casualty_class","sex_of_casualty","age_of_casualty","first_road_class","road_type","speed_limit","second_road_class","pedestrian_location","pedestrian_movement","location_easting_osgr","location_northing_osgr","lsoa_of_accident_location","number_of_vehicles","junction_detail","light_conditions","weather_conditions","road_surface_conditions","cas_type"
"3813","2015132CB0222",2015-12-11,2015,"Dec",11,"07:42",7,42,"Friday","Slight",2,"Slight","Car occupant","Driver or rider","Male",19,"Unclassified","Single carriageway",30,"Unclassified","Not a Pedestrian","Not a Pedestrian",429189,431919,"E01011368",2,"T or staggered junction","Daylight","Fine no high winds","Dry","Car occupant"
"3814","2015132CB0493",2015-12-11,2015,"Dec",11,"10:00",10,0,"Friday","Slight",1,"Slight","Bus or coach occupant (17 or more pass seats)","Passenger","Male",83,"Unclassified","Single carriageway",30,NA,"Not a Pedestrian","Not a Pedestrian",421485,434460,"E01011587",1,"Not at junction or within 20 metres","Daylight","Fine no high winds","Dry","Bus and goods vehicle occupant"
"3815","2015132CB0443",2015-12-11,2015,"Dec",11,"10:45",10,45,"Friday","Serious",1,"Serious","Pedestrian","Pedestrian","Male",60,"A","Dual carriageway",30,"Unclassified","Crossing on pedestrian crossing facility","Crossing from driver's nearside",431002,433143,"E01033034",1,"T or staggered junction","Daylight","Fine no high winds","Dry","Pedestrian"
"3816","2015132CB0688",2015-12-11,2015,"Dec",11,"13:19",13,19,"Friday","Slight",1,"Slight","Car occupant","Driver or rider","Female",25,"A","Single carriageway",40,NA,"Not a Pedestrian","Not a Pedestrian",432542,443036,"E01011561",2,"Not at junction or within 20 metres","Daylight","Fine no high winds","Wet or damp","Car occupant"
"3817","2015132CB1167",2015-12-11,2015,"Dec",11,"13:50",13,50,"Friday","Slight",1,"Slight","Bus or coach occupant (17 or more pass seats)","Passenger","Female",35,"Unclassified","Single carriageway",30,NA,"Not a Pedestrian","Not a Pedestrian",426596,436242,"E01011489",1,"Not at junction or within 20 metres","Daylight","Fine no high winds","Dry","Bus and goods vehicle occupant"
"3818","2015132CB1207",2015-12-11,2015,"Dec",11,"18:36",18,36,"Friday","Slight",1,"Slight","Pedestrian","Pedestrian","Female",19,"A","Dual carriageway",40,"Unclassified","Crossing in zig-zag approach lines","Crossing from driver's nearside",425005,433180,"E01011727",1,"Mini-roundabout","Darkness - lights lit","Raining no high winds","Wet or damp","Pedestrian"
"3819","2015132CB1494",2015-12-11,2015,"Dec",11,"21:45",21,45,"Friday","Slight",1,"Slight","Car occupant","Driver or rider","Female",37,"Unclassified","One way street",30,"Unclassified","Not a Pedestrian","Not a Pedestrian",428023,434262,"E01011483",2,"Private drive or entrance","Darkness - lights lit","Fine no high winds","Dry","Car occupant"
"3820","2015132CC0066",2015-12-12,2015,"Dec",12,"00:39",0,39,"Saturday","Slight",1,"Slight","Car occupant","Driver or rider","Female",26,"Unclassified","Dual carriageway",30,"Unclassified","Not a Pedestrian","Not a Pedestrian",429432,433462,"E01033015",3,"T or staggered junction","Darkness - lights lit","Fine no high winds","Dry","Car occupant"
"3821","2015132CC0588",2015-12-12,2015,"Dec",12,"11:20",11,20,"Saturday","Slight",2,"Slight","Taxi/Private hire car occupant","Passenger","Male",16,"B","Single carriageway",30,"Unclassified","Not a Pedestrian","Not a Pedestrian",426145,435591,"E01011477",2,"T or staggered junction","Daylight","Raining no high winds","Wet or damp","Car occupant"
"3822","2015132CC0687",2015-12-12,2015,"Dec",12,"12:30",12,30,"Saturday","Slight",1,"Slight","Cyclist","Driver or rider","Male",17,"Unclassified","Single carriageway",30,NA,"Not a Pedestrian","Not a Pedestrian",431803,433161,"E01033021",2,"Not at junction or within 20 metres","Daylight","Fine no high winds","Wet or damp","Cyclist"
"3823","2015132CC0878",2015-12-12,2015,"Dec",12,"14:45",14,45,"Saturday","Slight",3,"Slight","Car occupant","Driver or rider","Female",39,"A","Single carriageway",30,NA,"Not a Pedestrian","Not a Pedestrian",428749,426005,"E01011552",2,"Not at junction or within 20 metres","Daylight","Raining + high winds","Wet or damp","Car occupant"
"3824","2015132CC1312",2015-12-12,2015,"Dec",12,"18:55",18,55,"Saturday","Slight",1,"Slight","Car occupant","Driver or rider","Male",18,"Unclassified","Single carriageway",40,NA,"Not a Pedestrian","Not a Pedestrian",442158,443130,"E01011712",1,"Not at junction or within 20 metres","Daylight","Raining + high winds","Wet or damp","Car occupant"
"3825","2015132CD0019",2015-12-13,2015,"Dec",13,"00:05",0,5,"Sunday","Slight",1,"Slight","Car occupant","Driver or rider","Male",32,"Unclassified","Unknown",20,NA,"Not a Pedestrian","Not a Pedestrian",431307,428718,"E01011466",2,"Not at junction or within 20 metres","Darkness - lighting unknown","Fine no high winds","Dry","Car occupant"
"3826","2015132CD0162",2015-12-13,2015,"Dec",13,"01:39",1,39,"Sunday","Slight",1,"Slight","Pedestrian","Pedestrian","Female",49,"Unclassified","Single carriageway",30,"Unclassified","In carriageway, crossing elsewhere","Crossing from driver's offside",429788,433696,"E01033008",1,"T or staggered junction","Darkness - lights lit","Fine no high winds","Wet or damp","Pedestrian"
"3827","2015132CD1209",2015-12-13,2015,"Dec",13,"18:47",18,47,"Sunday","Slight",2,"Slight","Car occupant","Driver or rider","Male",58,"A","Single carriageway",60,"Unclassified","Not a Pedestrian","Not a Pedestrian",438952,431558,"E01011402",2,"T or staggered junction","Darkness - no lighting","Fog or mist","Wet or damp","Car occupant"
"3828","2015132CD1381",2015-12-13,2015,"Dec",13,"21:25",21,25,"Sunday","Slight",1,"Slight","Pedestrian","Pedestrian","Male",18,"Unclassified","Single carriageway",30,NA,"In carriageway, crossing elsewhere","Unknown or other",420239,445372,"E01011569",1,"Not at junction or within 20 metres","Darkness - lights lit","Fine no high winds","Wet or damp","Pedestrian"
"3829","2015132CE0274",2015-12-14,2015,"Dec",14,"08:51",8,51,"Monday","Slight",2,"Slight","Car occupant","Passenger","Male",8,"Unclassified","Single carriageway",30,"Unclassified","Not a Pedestrian","Not a Pedestrian",429087,431248,"E01011370",2,"T or staggered junction","Daylight","Fine no high winds","Wet or damp","Car occupant"
"3830","2015132CE1022",2015-12-14,2015,"Dec",14,"16:15",16,15,"Monday","Slight",1,"Slight","Car occupant","Driver or rider","Female",20,"A","Dual carriageway",40,NA,"Not a Pedestrian","Not a Pedestrian",427757,430772,"E01011318",3,"Not at junction or within 20 metres","Daylight","Fine + high winds","Dry","Car occupant"
"3831","2015132CE1231",2015-12-14,2015,"Dec",14,"18:05",18,5,"Monday","Slight",1,"Slight","Car occupant","Driver or rider","Female",37,"Unclassified","Single carriageway",30,"Unclassified","Not a Pedestrian","Not a Pedestrian",429028,431994,"E01011368",3,"Crossroads","Darkness - lights lit","Fine no high winds","Wet or damp","Car occupant"
"3832","2015132CE1364",2015-12-14,2015,"Dec",14,"19:10",19,10,"Monday","Slight",1,"Slight","Cyclist","Driver or rider","Male",50,"Unclassified","Single carriageway",30,"Unclassified","Not a Pedestrian","Not a Pedestrian",420203,445376,"E01011569",2,"T or staggered junction","Darkness - lights lit","Fine no high winds","Dry","Cyclist"
"3833","2015132CF0862",2015-12-14,2015,"Dec",14,"20:25",20,25,"Monday","Slight",1,"Slight","Car occupant","Driver or rider","Male",39,"B","Single carriageway",30,"Unclassified","Not a Pedestrian","Not a Pedestrian",432099,435537,"E01011430",2,"T or staggered junction","Darkness - lighting unknown","Fine no high winds","Dry","Car occupant"
"3834","2015132CF0356",2015-12-15,2015,"Dec",15,"09:50",9,50,"Tuesday","Serious",1,"Serious","Cyclist","Driver or rider","Male",24,"Unclassified","Dual carriageway",30,NA,"Not a Pedestrian","Not a Pedestrian",429627,433789,"E01033008",2,"Not at junction or within 20 metres","Daylight","Raining no high winds","Wet or damp","Cyclist"
"3835","2015132CF0612",2015-12-15,2015,"Dec",15,"12:45",12,45,"Tuesday","Slight",1,"Slight","Taxi/Private hire car occupant","Driver or rider","Male",29,"Unclassified","Single carriageway",30,NA,"Not a Pedestrian","Not a Pedestrian",431046,435189,"E01011361",2,"Not at junction or within 20 metres","Daylight","Fine no high winds","Dry","Car occupant"
"3836","2015132CG0387",2015-12-15,2015,"Dec",15,"13:00",13,0,"Tuesday","Slight",1,"Slight","Car occupant","Driver or rider","Male",62,"A","Single carriageway",30,"Unclassified","Not a Pedestrian","Not a Pedestrian",427322,437205,"E01011690",2,"T or staggered junction","Daylight","Fine no high winds","Wet or damp","Car occupant"
"3837","2015132CF0912",2015-12-15,2015,"Dec",15,"15:28",15,28,"Tuesday","Slight",3,"Slight","Car occupant","Driver or rider","Male",25,"Unclassified","Single carriageway",30,NA,"Not a Pedestrian","Not a Pedestrian",432509,434338,"E01011347",2,"Not at junction or within 20 metres","Daylight","Fog or mist","Wet or damp","Car occupant"
"3838","2015132CF0993",2015-12-15,2015,"Dec",15,"16:16",16,16,"Tuesday","Slight",1,"Slight","Cyclist","Driver or rider","Male",34,"A","Single carriageway",30,"Unclassified","Not a Pedestrian","Not a Pedestrian",431078,431992,"E01011467",2,"T or staggered junction","Darkness - lights lit","Fog or mist","Wet or damp","Cyclist"
"3839","2015132CF1137",2015-12-15,2015,"Dec",15,"17:36",17,36,"Tuesday","Slight",1,"Slight","Car occupant","Driver or rider","Male",59,"A","Single carriageway",30,NA,"Not a Pedestrian","Not a Pedestrian",438405,430332,"E01011390",3,"Not at junction or within 20 metres","Darkness - lights lit","Fine no high winds","Wet or damp","Car occupant"
"3840","2015132CF1571",2015-12-15,2015,"Dec",15,"21:57",21,57,"Tuesday","Slight",1,"Slight","Pedestrian","Pedestrian","Female",47,"Unclassified","Single carriageway",30,NA,"Unknown or other","Unknown or other",426150,437489,"E01011484",2,"Not at junction or within 20 metres","Darkness - lights lit","Fine no high winds","Wet or damp","Pedestrian"
"3841","2015132CG0376",2015-12-16,2015,"Dec",16,"09:45",9,45,"Wednesday","Slight",2,"Slight","Car occupant","Driver or rider","Female",26,"Unclassified","Single carriageway",30,"B","Not a Pedestrian","Not a Pedestrian",428836,436574,"E01011691",2,"Crossroads","Daylight","Fine no high winds","Wet or damp","Car occupant"
"3842","2015132CG0477",2015-12-16,2015,"Dec",16,"11:00",11,0,"Wednesday","Slight",1,"Slight","Car occupant","Driver or rider","Male",48,"Motorway","Slip road",50,"A","Not a Pedestrian","Not a Pedestrian",431855,430429,"E01011469",1,"Roundabout","Daylight","Raining no high winds","Wet or damp","Car occupant"
"3843","2015132CG0587",2015-12-16,2015,"Dec",16,"12:10",12,10,"Wednesday","Slight",1,"Slight","Car occupant","Passenger","Male",54,"A","Dual carriageway",40,NA,"Not a Pedestrian","Not a Pedestrian",433008,433993,"E01011348",2,"Not at junction or within 20 metres","Daylight","Fine no high winds","Dry","Car occupant"
"3844","2015132CH0471",2015-12-16,2015,"Dec",16,"14:10",14,10,"Wednesday","Serious",1,"Serious","Bus or coach occupant (17 or more pass seats)","Passenger","Female",81,"A","Single carriageway",30,NA,"Not a Pedestrian","Not a Pedestrian",430820,438604,"E01011512",1,"Not at junction or within 20 metres","Daylight","Fine no high winds","Dry","Bus and goods vehicle occupant"
"3845","2015132CH0481",2015-12-17,2015,"Dec",17,"10:20",10,20,"Thursday","Serious",3,"Slight","Car occupant","Driver or rider","Male",43,"A","Single carriageway",30,NA,"Not a Pedestrian","Not a Pedestrian",430953,435057,"E01011361",2,"Not at junction or within 20 metres","Daylight","Fine no high winds","Dry","Car occupant"
"3846","2015132CH1122",2015-12-17,2015,"Dec",17,"16:40",16,40,"Thursday","Slight",1,"Slight","Car occupant","Driver or rider","Female",51,"Motorway","Dual carriageway",70,NA,"Not a Pedestrian","Not a Pedestrian",431952,428444,"E01011502",2,"Not at junction or within 20 metres","Darkness - lights lit","Fine no high winds","Dry","Car occupant"
"3847","2015132CH1219",2015-12-17,2015,"Dec",17,"17:20",17,20,"Thursday","Slight",1,"Slight","Car occupant","Driver or rider","Female",31,"Unclassified","Single carriageway",30,NA,"Not a Pedestrian","Not a Pedestrian",436721,429138,"E01011637",2,"Not at junction or within 20 metres","Darkness - lights lit","Fine no high winds","Wet or damp","Car occupant"
"3848","2015132CI0293",2015-12-18,2015,"Dec",18,"08:31",8,31,"Friday","Slight",2,"Slight","Car occupant","Driver or rider","Female",47,"A","Single carriageway",30,"Unclassified","Not a Pedestrian","Not a Pedestrian",428939,429857,"E01011320",2,"Crossroads","Daylight","Fine + high winds","Dry","Car occupant"
"3849","2015132CI0385",2015-12-18,2015,"Dec",18,"09:50",9,50,"Friday","Serious",1,"Serious","Pedestrian","Pedestrian","Female",85,"Unclassified","Single carriageway",30,NA,"In carriageway, crossing elsewhere","Crossing from driver's nearside",436482,429188,"E01011638",1,"Not at junction or within 20 metres","Daylight","Fine no high winds","Dry","Pedestrian"
"3850","2015132CI0779",2015-12-18,2015,"Dec",18,"13:55",13,55,"Friday","Serious",1,"Serious","Cyclist","Driver or rider","Female",26,"A","Single carriageway",30,NA,"Not a Pedestrian","Not a Pedestrian",431379,435084,"E01011429",2,"Not at junction or within 20 metres","Daylight","Fine + high winds","Dry","Cyclist"
"3851","2015132CI1228",2015-12-18,2015,"Dec",18,"17:36",17,36,"Friday","Slight",1,"Slight","Car occupant","Passenger","Male",51,"Unclassified","Single carriageway",30,"Unclassified","Not a Pedestrian","Not a Pedestrian",429309,430711,"E01011316",2,"T or staggered junction","Darkness - lights lit","Fine no high winds","Wet or damp","Car occupant"
"3852","2015132CK0498",2015-12-19,2015,"Dec",19,"15:10",15,10,"Saturday","Slight",1,"Slight","Cyclist","Driver or rider","Male",52,"Unclassified","Single carriageway",30,NA,"Not a Pedestrian","Not a Pedestrian",429768,433292,"E01033016",2,"Not at junction or within 20 metres","Daylight","Fine no high winds","Dry","Cyclist"
"3853","2015132CJ1718",2015-12-19,2015,"Dec",19,"20:28",20,28,"Saturday","Slight",3,"Slight","Car occupant","Passenger","Male",47,"A","Single carriageway",60,NA,"Not a Pedestrian","Not a Pedestrian",420838,434753,"E01011595",2,"Not at junction or within 20 metres","Darkness - lights lit","Fine no high winds","Wet or damp","Car occupant"
"3854","2015132CK0136",2015-12-20,2015,"Dec",20,"01:07",1,7,"Sunday","Slight",1,"Slight","Motorcycle 125cc and under rider or passenger","Driver or rider","Male",22,"A","Single carriageway",30,"A","Not a Pedestrian","Not a Pedestrian",424237,428246,"E01011523",2,"Roundabout","Darkness - lights lit","Other","Wet or damp","Motorcyclist and pillion"
"3855","2015132CK0544",2015-12-20,2015,"Dec",20,"09:22",9,22,"Sunday","Slight",2,"Slight","Pedestrian","Pedestrian","Female",44,"Unclassified","Single carriageway",30,"Unclassified","In carriageway, crossing elsewhere","Crossing from driver's nearside",430031,433374,"E01033010",1,"T or staggered junction","Daylight","Fine no high winds","Dry","Pedestrian"
"3856","2015132CK0711",2015-12-20,2015,"Dec",20,"11:45",11,45,"Sunday","Serious",1,"Serious","Pedestrian","Pedestrian","Male",81,"Unclassified","Single carriageway",30,"Unclassified","In carriageway, crossing elsewhere","Crossing from driver's nearside",426156,427655,"E01011541",1,"T or staggered junction","Darkness - lights lit","Fine no high winds","Dry","Pedestrian"
"3857","2015132CK1147",2015-12-20,2015,"Dec",20,"16:20",16,20,"Sunday","Slight",1,"Slight","Car occupant","Passenger","Female",17,"A","Dual carriageway",40,"Unclassified","Not a Pedestrian","Not a Pedestrian",429564,430340,"E01011319",3,"T or staggered junction","Darkness - lights lit","Fine no high winds","Wet or damp","Car occupant"
"3858","2015132CK1600",2015-12-20,2015,"Dec",20,"21:00",21,0,"Sunday","Slight",1,"Slight","Car occupant","Passenger","Female",52,"Unclassified","Single carriageway",30,"Unclassified","Not a Pedestrian","Not a Pedestrian",432580,434904,"E01011433",3,"T or staggered junction","Darkness - lights lit","Fine no high winds","Dry","Car occupant"
"3859","2015132CL0035",2015-12-21,2015,"Dec",21,"00:36",0,36,"Monday","Slight",1,"Slight","Car occupant","Passenger","Female",13,"A(M)","Dual carriageway",70,NA,"Not a Pedestrian","Not a Pedestrian",443614,436435,"E01011297",1,"Not at junction or within 20 metres","Darkness - lights lit","Fine + high winds","Dry","Car occupant"
"3860","2015132CL0447",2015-12-21,2015,"Dec",21,"11:10",11,10,"Monday","Slight",1,"Slight","Bus or coach occupant (17 or more pass seats)","Passenger","Female",80,"A","Dual carriageway",40,NA,"Not a Pedestrian","Not a Pedestrian",428500,428280,"E01011540",2,"Not at junction or within 20 metres","Daylight","Fine no high winds","Dry","Bus and goods vehicle occupant"
"3861","2015132CL0448",2015-12-21,2015,"Dec",21,"11:10",11,10,"Monday","Slight",1,"Slight","Pedestrian","Pedestrian","Female",14,"A","Single carriageway",40,NA,"Unknown or other","Crossing from driver's nearside",423517,437590,"E01011465",1,"Not at junction or within 20 metres","Daylight","Fine no high winds","Wet or damp","Pedestrian"
"3862","2015132CL0741",2015-12-21,2015,"Dec",21,"14:00",14,0,"Monday","Slight",1,"Slight","Car occupant","Driver or rider","Female",58,"A","Dual carriageway",30,NA,"Not a Pedestrian","Not a Pedestrian",428418,434025,"E01011681",4,"Not at junction or within 20 metres","Daylight","Fine no high winds","Wet or damp","Car occupant"
"3863","2015132CL0787",2015-12-21,2015,"Dec",21,"14:20",14,20,"Monday","Slight",1,"Slight","Car occupant","Driver or rider","Female",42,"Unclassified","Single carriageway",30,"Unclassified","Not a Pedestrian","Not a Pedestrian",433168,435237,"E01011339",2,"T or staggered junction","Daylight","Fine no high winds","Wet or damp","Car occupant"
"3864","2015132CL0875",2015-12-21,2015,"Dec",21,"15:14",15,14,"Monday","Slight",2,"Slight","Car occupant","Driver or rider","Female",44,"Unclassified","Single carriageway",30,"Unclassified","Not a Pedestrian","Not a Pedestrian",435490,426742,"E01011636",2,"T or staggered junction","Daylight","Fine no high winds","Wet or damp","Car occupant"
"3865","2015132CL0977",2015-12-21,2015,"Dec",21,"16:15",16,15,"Monday","Slight",1,"Slight","Van / Goods vehicle (3.5 tonnes mgw or under) occupant","Driver or rider","Male",35,"Unclassified","Single carriageway",30,NA,"Not a Pedestrian","Not a Pedestrian",422342,433468,"E01011612",2,"Not at junction or within 20 metres","Darkness - lights lit","Fine no high winds","Dry","Bus and goods vehicle occupant"
"3866","20151331H1381",2015-12-21,2015,"Dec",21,"16:50",16,50,"Monday","Slight",1,"Slight","Cyclist","Driver or rider","Male",55,"Unclassified","Dual carriageway",40,"Unclassified","Not a Pedestrian","Not a Pedestrian",424719,434444,"E01011336",2,"T or staggered junction","Darkness - lights lit","Fine no high winds","Dry","Cyclist"
"3867","2015132CM0419",2015-12-22,2015,"Dec",22,"10:25",10,25,"Tuesday","Serious",1,"Serious","Pedestrian","Pedestrian","Male",9,"Unclassified","Single carriageway",30,"Unclassified","In carriageway, crossing elsewhere","Crossing from nearside - masked by parked or stationary vehicle",431882,435291,"E01011428",2,"T or staggered junction","Daylight","Fine no high winds","Dry","Pedestrian"
"3868","2015132CM0840",2015-12-22,2015,"Dec",22,"14:50",14,50,"Tuesday","Slight",1,"Slight","Taxi/Private hire car occupant","Passenger","Female",47,"A","Dual carriageway",70,"Motorway","Not a Pedestrian","Not a Pedestrian",427649,430977,"E01011318",3,"Roundabout","Daylight","Fine no high winds","Wet or damp","Car occupant"
"3869","2015132CM0978",2015-12-22,2015,"Dec",22,"16:05",16,5,"Tuesday","Slight",1,"Slight","Pedestrian","Pedestrian","Female",68,"Unclassified","Single carriageway",30,"Unclassified","In carriageway, crossing elsewhere","Crossing from driver's offside",426589,427686,"E01032492",1,"Crossroads","Darkness - lights lit","Raining no high winds","Wet or damp","Pedestrian"
"3870","2015132CM1419",2015-12-22,2015,"Dec",22,"16:31",16,31,"Tuesday","Slight",1,"Slight","Bus or coach occupant (17 or more pass seats)","Passenger","Male",7,"Unclassified","Single carriageway",30,NA,"Not a Pedestrian","Not a Pedestrian",425432,440019,"E01011377",1,"Not at junction or within 20 metres","Darkness - lights lit","Raining no high winds","Wet or damp","Bus and goods vehicle occupant"
"3871","2015132CM1097",2015-12-22,2015,"Dec",22,"17:15",17,15,"Tuesday","Slight",1,"Slight","Car occupant","Driver or rider","Female",49,"A(M)","Dual carriageway",40,NA,"Not a Pedestrian","Not a Pedestrian",429239,433655,"E01033008",2,"Not at junction or within 20 metres","Daylight","Fine no high winds","Wet or damp","Car occupant"
"3872","2015132CM1178",2015-12-22,2015,"Dec",22,"18:05",18,5,"Tuesday","Slight",1,"Slight","Cyclist","Driver or rider","Male",27,"Unclassified","Single carriageway",30,"Unclassified","Not a Pedestrian","Not a Pedestrian",428520,434985,"E01011448",2,"T or staggered junction","Darkness - lights lit","Fine no high winds","Wet or damp","Cyclist"
"3873","2015132CM1638",2015-12-22,2015,"Dec",22,"22:53",22,53,"Tuesday","Serious",1,"Serious","Pedestrian","Pedestrian","Male",45,"Unclassified","Single carriageway",30,"Unclassified","In carriageway, crossing elsewhere","Crossing from driver's offside",427985,434203,"E01011483",1,"T or staggered junction","Darkness - lights lit","Fine no high winds","Wet or damp","Pedestrian"
"3874","2015132CN0238",2015-12-23,2015,"Dec",23,"07:19",7,19,"Wednesday","Slight",2,"Slight","Car occupant","Driver or rider","Male",24,"Unclassified","Single carriageway",30,"Unclassified","Not a Pedestrian","Not a Pedestrian",424993,432898,"E01011727",2,"Crossroads","Daylight","Fine no high winds","Wet or damp","Car occupant"
"3875","2015132CN0342",2015-12-23,2015,"Dec",23,"09:43",9,43,"Wednesday","Slight",1,"Slight","Motorcycle 125cc and under rider or passenger","Driver or rider","Male",30,"B","Single carriageway",30,"A","Not a Pedestrian","Not a Pedestrian",423730,435623,"E01011330",2,"Crossroads","Daylight","Fine no high winds","Wet or damp","Motorcyclist and pillion"
"3876","2015132CN0441",2015-12-23,2015,"Dec",23,"10:20",10,20,"Wednesday","Slight",1,"Slight","Pedestrian","Pedestrian","Male",70,"Unclassified","Unknown",20,NA,"Unknown or other","Unknown or other",429689,438939,"E01011559",1,"Not at junction or within 20 metres","Daylight","Fine no high winds","Dry","Pedestrian"
"3877","2015132CN0448",2015-12-23,2015,"Dec",23,"11:00",11,0,"Wednesday","Slight",2,"Slight","Taxi/Private hire car occupant","Driver or rider","Male",49,"Unclassified","Single carriageway",30,"Unclassified","Not a Pedestrian","Not a Pedestrian",426538,435388,"E01011477",2,"T or staggered junction","Daylight","Fine no high winds","Dry","Car occupant"
"3878","2015132CN0714",2015-12-23,2015,"Dec",23,"13:50",13,50,"Wednesday","Slight",1,"Slight","Bus or coach occupant (17 or more pass seats)","Passenger","Male",6,"A","Dual carriageway",30,NA,"Not a Pedestrian","Not a Pedestrian",435973,436533,"E01011720",1,"Not at junction or within 20 metres","Daylight","Fine no high winds","Dry","Bus and goods vehicle occupant"
"3879","2015132CN0871",2015-12-23,2015,"Dec",23,"14:00",14,0,"Wednesday","Slight",1,"Slight","Pedestrian","Pedestrian","Female",15,"A","Single carriageway",30,NA,"In carriageway, crossing elsewhere","Crossing from driver's nearside",427907,431010,"E01011369",1,"Not at junction or within 20 metres","Daylight","Fine no high winds","Dry","Pedestrian"
"3880","2015132CN1062",2015-12-23,2015,"Dec",23,"16:20",16,20,"Wednesday","Slight",1,"Slight","Pedestrian","Pedestrian","Female",42,"Unclassified","Single carriageway",30,"A","Crossing on pedestrian crossing facility","Crossing from driver's offside",431907,435729,"E01011428",1,"T or staggered junction","Darkness - lights lit","Raining no high winds","Wet or damp","Pedestrian"
"3881","2015132CN1006",2015-12-23,2015,"Dec",23,"16:21",16,21,"Wednesday","Slight",2,"Slight","Car occupant","Driver or rider","Male",24,"Unclassified","Single carriageway",30,"Unclassified","Not a Pedestrian","Not a Pedestrian",431483,435011,"E01011673",2,"Crossroads","Darkness - lights lit","Fine no high winds","Dry","Car occupant"
"3882","2015132CN1090",2015-12-23,2015,"Dec",23,"17:00",17,0,"Wednesday","Slight",1,"Slight","Pedestrian","Pedestrian","Male",9,"Unclassified","Single carriageway",30,"Unclassified","In carriageway, crossing elsewhere","Crossing from driver's nearside",426990,433440,"E01011293",1,"T or staggered junction","Daylight","Fine no high winds","Wet or damp","Pedestrian"
"3883","2015132CN1204",2015-12-23,2015,"Dec",23,"18:15",18,15,"Wednesday","Slight",8,"Slight","Car occupant","Driver or rider","Female",30,"A","Dual carriageway",40,NA,"Not a Pedestrian","Not a Pedestrian",428502,433279,"E01011363",5,"Not at junction or within 20 metres","Darkness - lights lit","Fine no high winds","Dry","Car occupant"
"3884","2015132CN1711",2015-12-23,2015,"Dec",23,"22:55",22,55,"Wednesday","Slight",1,"Slight","Car occupant","Driver or rider","Male",40,"Unclassified","Single carriageway",30,"Unclassified","Not a Pedestrian","Not a Pedestrian",430920,435615,"E01011360",2,"T or staggered junction","Darkness - lights lit","Fine no high winds","Wet or damp","Car occupant"
"3885","2015132CO0389",2015-12-24,2015,"Dec",24,"09:38",9,38,"Thursday","Slight",1,"Slight","Car occupant","Driver or rider","Female",57,"Unclassified","Roundabout",30,"Unclassified","Not a Pedestrian","Not a Pedestrian",430524,431159,"E01011468",2,"Roundabout","Daylight","Raining no high winds","Wet or damp","Car occupant"
"3886","2015132CO0673",2015-12-24,2015,"Dec",24,"13:10",13,10,"Thursday","Slight",1,"Slight","Car occupant","Passenger","Female",58,"A","Dual carriageway",40,"Unclassified","Not a Pedestrian","Not a Pedestrian",429448,433778,"E01033008",2,"T or staggered junction","Daylight","Fine no high winds","Dry","Car occupant"
"3887","2015132CO0853",2015-12-24,2015,"Dec",24,"15:08",15,8,"Thursday","Slight",1,"Slight","Car occupant","Driver or rider","Female",46,"A","Roundabout",40,"A","Not a Pedestrian","Not a Pedestrian",423045,437665,"E01011452",2,"Roundabout","Daylight","Fine no high winds","Dry","Car occupant"
"3888","2015132CO0979",2015-12-24,2015,"Dec",24,"16:40",16,40,"Thursday","Slight",1,"Slight","Car occupant","Passenger","Female",42,"A","Single carriageway",30,"Unclassified","Not a Pedestrian","Not a Pedestrian",424885,434430,"E01032606",2,"T or staggered junction","Darkness - lights lit","Fine no high winds","Dry","Car occupant"
"3889","2015132CO1392",2015-12-24,2015,"Dec",24,"21:42",21,42,"Thursday","Slight",2,"Slight","Pedestrian","Pedestrian","Female",17,"Unclassified","Single carriageway",60,NA,"On footway or verge","Unknown or other",436073,438337,"E01011714",1,"Not at junction or within 20 metres","Darkness - no lighting","Fine no high winds","Wet or damp","Pedestrian"
"3890","2015132CP0484",2015-12-25,2015,"Dec",25,"12:05",12,5,"Friday","Serious",1,"Serious","Motorcycle 125cc and under rider or passenger","Driver or rider","Female",44,"Unclassified","Single carriageway",30,"Unclassified","Not a Pedestrian","Not a Pedestrian",435542,438370,"E01011714",3,"Crossroads","Daylight","Raining no high winds","Wet or damp","Motorcyclist and pillion"
"3891","2015132CP0705",2015-12-25,2015,"Dec",25,"16:46",16,46,"Friday","Slight",2,"Slight","Car occupant","Driver or rider","Male",37,"Motorway","Dual carriageway",70,NA,"Not a Pedestrian","Not a Pedestrian",436167,431152,"E01011420",1,"Not at junction or within 20 metres","Darkness - no lighting","Raining no high winds","Wet or damp","Car occupant"
"3892","2015132CP0706",2015-12-25,2015,"Dec",25,"17:00",17,0,"Friday","Slight",1,"Slight","Car occupant","Driver or rider","Male",55,"Motorway","Dual carriageway",70,NA,"Not a Pedestrian","Not a Pedestrian",436058,431193,"E01011420",2,"Not at junction or within 20 metres","Darkness - no lighting","Raining no high winds","Wet or damp","Car occupant"
"3893","2015132CP0945",2015-12-25,2015,"Dec",25,"20:04",20,4,"Friday","Slight",1,"Slight","Car occupant","Passenger","Female",19,"Motorway","Slip road",50,NA,"Not a Pedestrian","Not a Pedestrian",431824,430456,"E01011469",1,"Not at junction or within 20 metres","Darkness - lights lit","Raining no high winds","Wet or damp","Car occupant"