"","accident_index","date","year","month","day","time","time_hour","time_minute","day_of_week","accident_severity","number_of_casualties","casualty_severity","casualty_type","casualty_class","sex_of_casualty","age_of_casualty","first_road_class","road_type","speed_limit","second_road_class","pedestrian_location","pedestrian_movement","location_easting_osgr","location_northing_osgr","lsoa_of_accident_location","number_of_vehicles","junction_detail","light_conditions","weather_conditions","road_surface_conditions","cas_type"
"3894","2015132CQ0155",2015-12-26,2015,"Dec",26,"02:05",2,5,"Saturday","Slight",1,"Slight","Car occupant","Driver or rider","Male",30,"Unclassified","Single carriageway",20,NA,"Not a Pedestrian","Not a Pedestrian",429829,431493,"E01011371",2,"Not at junction or within 20 metres","Darkness - lights lit","Raining no high winds","Wet or damp","Car occupant"
"3895","2015132CQ0615",2015-12-26,2015,"Dec",26,"11:00",11,0,"Saturday","Slight",4,"Slight","Other vehicle occupant","Driver or rider","Male",43,"Unclassified","Dual carriageway",30,"A","Not a Pedestrian","Not a Pedestrian",432029,435855,"E01011427",2,"T or staggered junction","Daylight","Raining no high winds","Wet or damp","Others"
"3896","2015132CQ0643",2015-12-26,2015,"Dec",26,"11:20",11,20,"Saturday","Slight",1,"Slight","Bus or coach occupant (17 or more pass seats)","Passenger","Female",48,"Unclassified","One way street",20,"Unclassified","Not a Pedestrian","Not a Pedestrian",429939,433786,"E01033010",2,"Crossroads","Daylight","Fine no high winds","Wet or damp","Bus and goods vehicle occupant"
"3897","2015132CQ0796",2015-12-26,2015,"Dec",26,"12:45",12,45,"Saturday","Slight",1,"Slight","Car occupant","Driver or rider","Female",59,"A","Dual carriageway",30,NA,"Not a Pedestrian","Not a Pedestrian",430740,433546,"E01033011",1,"Not at junction or within 20 metres","Daylight","Raining no high winds","Wet or damp","Car occupant"
"3898","2015132CQ0836",2015-12-26,2015,"Dec",26,"13:20",13,20,"Saturday","Slight",2,"Slight","Car occupant","Driver or rider","Female",41,"A(M)","Dual carriageway",70,NA,"Not a Pedestrian","Not a Pedestrian",440572,446161,"E01011704",1,"Not at junction or within 20 metres","Daylight","Raining no high winds","Wet or damp","Car occupant"
"3899","2015132CQ0972",2015-12-26,2015,"Dec",26,"14:25",14,25,"Saturday","Slight",1,"Slight","Pedestrian","Pedestrian","Female",4,"Unclassified","One way street",20,NA,"In carriageway, crossing elsewhere","Crossing from driver's offside",430576,433604,"E01033010",1,"Not at junction or within 20 metres","Daylight","Raining + high winds","Wet or damp","Pedestrian"
"3900","2015132CQ1139",2015-12-26,2015,"Dec",26,"16:04",16,4,"Saturday","Serious",1,"Serious","Motorcycle 125cc and under rider or passenger","Driver or rider","Male",43,"Unclassified","Single carriageway",30,"Unclassified","Not a Pedestrian","Not a Pedestrian",432438,435044,"E01011432",2,"Crossroads","Darkness - lights lit","Fine no high winds","Dry","Motorcyclist and pillion"
"3901","2015132CQ1393",2015-12-26,2015,"Dec",26,"18:40",18,40,"Saturday","Slight",2,"Slight","Car occupant","Driver or rider","Male",34,"A","Dual carriageway",40,NA,"Not a Pedestrian","Not a Pedestrian",421940,441462,"E01011578",3,"Not at junction or within 20 metres","Darkness - lights lit","Raining + high winds","Wet or damp","Car occupant"
"3902","2015132CQ1505",2015-12-26,2015,"Dec",26,"19:48",19,48,"Saturday","Slight",2,"Slight","Car occupant","Passenger","Female",1,"A","Dual carriageway",40,"B","Not a Pedestrian","Not a Pedestrian",425254,432973,"E01011727",2,"Crossroads","Darkness - lights lit","Raining no high winds","Wet or damp","Car occupant"
"3903","2015132CR1128",2015-12-27,2015,"Dec",27,"15:38",15,38,"Sunday","Slight",1,"Slight","Car occupant","Driver or rider","Male",21,"A(M)","Dual carriageway",70,NA,"Not a Pedestrian","Not a Pedestrian",443068,441002,"E01011712",1,"Not at junction or within 20 metres","Daylight","Raining no high winds","Wet or damp","Car occupant"
"3904","2015132CS0359",2015-12-28,2015,"Dec",28,"11:00",11,0,"Monday","Slight",1,"Slight","Car occupant","Driver or rider","Female",22,"A","Single carriageway",30,"Unclassified","Not a Pedestrian","Not a Pedestrian",430032,431022,"E01011312",2,"T or staggered junction","Daylight","Fine no high winds","Wet or damp","Car occupant"
"3905","2015132CT0716",2015-12-29,2015,"Dec",29,"13:45",13,45,"Tuesday","Serious",1,"Serious","Motorcycle over 500cc rider or passenger","Driver or rider","Male",46,"A","Dual carriageway",30,"Unclassified","Not a Pedestrian","Not a Pedestrian",438941,431535,"E01011402",2,"T or staggered junction","Daylight","Fine no high winds","Wet or damp","Motorcyclist and pillion"
"3906","2015132CT1455",2015-12-29,2015,"Dec",29,"20:44",20,44,"Tuesday","Slight",1,"Slight","Car occupant","Driver or rider","Male",24,"Motorway","Dual carriageway",70,NA,"Not a Pedestrian","Not a Pedestrian",433149,425902,"E01011500",1,"Not at junction or within 20 metres","Darkness - lights lit","Fine no high winds","Wet or damp","Car occupant"
"3907","2015132CU0971",2015-12-30,2015,"Dec",30,"15:00",15,0,"Wednesday","Slight",1,"Slight","Pedestrian","Pedestrian","Female",61,"A","Single carriageway",30,"Unclassified","In carriageway, crossing elsewhere","Unknown or other",427873,434381,"E01011483",1,"T or staggered junction","Daylight","Raining no high winds","Wet or damp","Pedestrian"
"3908","2015132CV0503",2015-12-30,2015,"Dec",30,"15:55",15,55,"Wednesday","Slight",1,"Slight","Goods vehicle (over 3.5t. and under 7.5t.) occupant","Driver or rider","Male",46,"A","Dual carriageway",40,NA,"Not a Pedestrian","Not a Pedestrian",432002,433573,"E01011623",2,"Not at junction or within 20 metres","Darkness - lights lit","Fine no high winds","Wet or damp","Bus and goods vehicle occupant"
"3909","2015132CU1159",2015-12-30,2015,"Dec",30,"17:58",17,58,"Wednesday","Slight",1,"Slight","Pedestrian","Pedestrian","Female",75,"A","Dual carriageway",40,NA,"Crossing on pedestrian crossing facility","Crossing from driver's offside",437458,433290,"E01011411",1,"Not at junction or within 20 metres","Darkness - lights lit","Fine no high winds","Wet or damp","Pedestrian"
"3910","2015132CU1359",2015-12-30,2015,"Dec",30,"20:10",20,10,"Wednesday","Serious",1,"Serious","Pedestrian","Pedestrian","Male",61,"Unclassified","Single carriageway",30,NA,"In carriageway, crossing elsewhere","Crossing from driver's offside",426075,435596,"E01011477",1,"Not at junction or within 20 metres","Daylight","Raining no high winds","Wet or damp","Pedestrian"
"3911","2015132CV0400",2015-12-31,2015,"Dec",31,"10:31",10,31,"Thursday","Slight",1,"Slight","Car occupant","Driver or rider","Female",83,"Unclassified","Single carriageway",30,"Unclassified","Not a Pedestrian","Not a Pedestrian",432065,436093,"E01011642",2,"Crossroads","Daylight","Fine no high winds","Wet or damp","Car occupant"
"3912","2015132CV0848",2015-12-31,2015,"Dec",31,"14:20",14,20,"Thursday","Slight",1,"Slight","Bus or coach occupant (17 or more pass seats)","Passenger","Female",89,"Unclassified","Single carriageway",20,NA,"Not a Pedestrian","Not a Pedestrian",419854,446481,"E01011583",1,"Not at junction or within 20 metres","Daylight","Fine no high winds","Wet or damp","Bus and goods vehicle occupant"
"3913","2015132CV1152",2015-12-31,2015,"Dec",31,"19:08",19,8,"Thursday","Slight",6,"Slight","Taxi/Private hire car occupant","Driver or rider","Male",30,"C","Single carriageway",30,"Unclassified","Not a Pedestrian","Not a Pedestrian",430942,435672,"E01011361",3,"T or staggered junction","Darkness - lights lit","Raining no high winds","Wet or damp","Car occupant"
"3914","2015132CV1424",2015-12-31,2015,"Dec",31,"22:08",22,8,"Thursday","Slight",2,"Slight","Car occupant","Driver or rider","Female",23,"A","Dual carriageway",30,"B","Not a Pedestrian","Not a Pedestrian",431965,435834,"E01011422",2,"Crossroads","Darkness - lights lit","Fine no high winds","Dry","Car occupant"
"3915","2016133111091",2016-01-01,2016,"Jan",1,"09:56",9,56,"Friday","Slight",1,"Slight","Cyclist","Driver or rider","Male",57,"A","Roundabout",40,"Unclassified","Not a Pedestrian","Not a Pedestrian",439313,432376,"E01011402",2,"Roundabout","Daylight","Fine no high winds","Wet or damp","Cyclist"
"3916","2016133111178",2016-01-01,2016,"Jan",1,"11:15",11,15,"Friday","Serious",1,"Serious","Cyclist","Driver or rider","Male",59,"A","Single carriageway",30,NA,"Not a Pedestrian","Not a Pedestrian",426994,439957,"E01011380",2,"Not at junction or within 20 metres","Daylight","Fine no high winds","Dry","Cyclist"
"3917","2016133111395",2016-01-01,2016,"Jan",1,"13:52",13,52,"Friday","Serious",1,"Serious","Car occupant","Driver or rider","Female",53,"Motorway","Slip road",50,"Motorway","Not a Pedestrian","Not a Pedestrian",427813,431257,"E01011369",1,"Slip road","Daylight","Fine no high winds","Wet or damp","Car occupant"
"3918","2016133111981",2016-01-01,2016,"Jan",1,"20:15",20,15,"Friday","Slight",1,"Slight","Car occupant","Passenger","Female",22,"Unclassified","Single carriageway",30,"Unclassified","Not a Pedestrian","Not a Pedestrian",431496,432727,"E01011626",2,"T or staggered junction","Darkness - lights lit","Raining no high winds","Wet or damp","Car occupant"
"3919","2016133120560",2016-01-02,2016,"Jan",2,"11:10",11,10,"Saturday","Slight",1,"Slight","Car occupant","Passenger","Female",20,"Motorway","Single carriageway",30,"A","Not a Pedestrian","Not a Pedestrian",431880,430498,"E01011470",2,"T or staggered junction","Daylight","Fine no high winds","Wet or damp","Car occupant"
"3920","2016133120872",2016-01-02,2016,"Jan",2,"16:38",16,38,"Saturday","Slight",2,"Slight","Car occupant","Driver or rider","Male",22,"A(M)","Dual carriageway",40,NA,"Not a Pedestrian","Not a Pedestrian",429425,433999,"E01011678",1,"Not at junction or within 20 metres","Darkness - lights lit","Raining no high winds","Wet or damp","Car occupant"
"3921","2016133130442",2016-01-03,2016,"Jan",3,"11:50",11,50,"Sunday","Slight",3,"Slight","Car occupant","Driver or rider","Male",35,"Unclassified","Single carriageway",30,"Unclassified","Not a Pedestrian","Not a Pedestrian",435325,433760,"E01011417",5,"T or staggered junction","Daylight","Raining no high winds","Wet or damp","Car occupant"
"3922","2016133130444",2016-01-03,2016,"Jan",3,"11:54",11,54,"Sunday","Slight",1,"Slight","Motorcycle over 500cc rider or passenger","Driver or rider","Male",53,"Unclassified","Single carriageway",30,"Unclassified","Not a Pedestrian","Not a Pedestrian",429147,431999,"E01011368",2,"T or staggered junction","Daylight","Raining no high winds","Wet or damp","Motorcyclist and pillion"
"3923","2016133130532",2016-01-03,2016,"Jan",3,"12:52",12,52,"Sunday","Slight",1,"Slight","Pedestrian","Pedestrian","Female",18,"Unclassified","Single carriageway",30,NA,"Unknown or other","In carriageway, stationary - not crossing  (standing or playing)",427651,433421,"E01011294",1,"Not at junction or within 20 metres","Daylight","Raining no high winds","Wet or damp","Pedestrian"
"3924","2016133130769",2016-01-03,2016,"Jan",3,"15:43",15,43,"Sunday","Slight",1,"Slight","Car occupant","Driver or rider","Female",47,"A(M)","Dual carriageway",70,NA,"Not a Pedestrian","Not a Pedestrian",440619,446100,"E01011707",1,"Not at junction or within 20 metres","Darkness - no lighting","Raining no high winds","Wet or damp","Car occupant"
"3925","2016133130786",2016-01-03,2016,"Jan",3,"15:55",15,55,"Sunday","Slight",2,"Slight","Car occupant","Driver or rider","Female",30,"A","Dual carriageway",30,"Unclassified","Not a Pedestrian","Not a Pedestrian",433130,436116,"E01011421",2,"T or staggered junction","Darkness - lights lit","Raining no high winds","Wet or damp","Car occupant"
"3926","2016133130805",2016-01-03,2016,"Jan",3,"16:15",16,15,"Sunday","Slight",2,"Slight","Car occupant","Driver or rider","Male",39,"Unclassified","Dual carriageway",40,"A","Not a Pedestrian","Not a Pedestrian",428943,433430,"E01033015",2,"Slip road","Darkness - lights lit","Raining no high winds","Wet or damp","Car occupant"
"3927","2016133130885",2016-01-03,2016,"Jan",3,"16:50",16,50,"Sunday","Slight",1,"Slight","Pedestrian","Pedestrian","Male",42,"Unclassified","Single carriageway",20,"Unclassified","In carriageway, crossing elsewhere","Unknown or other",431884,435070,"E01011673",1,"T or staggered junction","Darkness - lights lit","Fine no high winds","Wet or damp","Pedestrian"
"3928","2016133140730",2016-01-04,2016,"Jan",4,"14:13",14,13,"Monday","Slight",1,"Slight","Motorcycle 125cc and under rider or passenger","Driver or rider","Male",58,"Unclassified","Single carriageway",30,NA,"Not a Pedestrian","Not a Pedestrian",443157,448516,"E01011697",1,"Not at junction or within 20 metres","Daylight","Fine no high winds","Dry","Motorcyclist and pillion"
"3929","2016133141054",2016-01-04,2016,"Jan",4,"17:00",17,0,"Monday","Slight",2,"Slight","Car occupant","Driver or rider","Female",29,"A","Dual carriageway",40,"Unclassified","Not a Pedestrian","Not a Pedestrian",431210,439310,"E01011556",2,"Crossroads","Darkness - lights lit","Raining no high winds","Wet or damp","Car occupant"
"3930","2016133140260",2016-01-04,2016,"Jan",4,"17:30",17,30,"Monday","Slight",1,"Slight","Cyclist","Driver or rider","Male",26,"B","Single carriageway",30,"Unclassified","Not a Pedestrian","Not a Pedestrian",422045,434280,"E01011587",2,"T or staggered junction","Darkness - lights lit","Raining no high winds","Wet or damp","Cyclist"
"3931","2016133151110",2016-01-05,2016,"Jan",5,"17:52",17,52,"Tuesday","Slight",1,"Slight","Cyclist","Driver or rider","Male",43,"B","Single carriageway",30,"Unclassified","Not a Pedestrian","Not a Pedestrian",420945,439962,"E01011278",2,"T or staggered junction","Darkness - lights lit","Raining no high winds","Wet or damp","Cyclist"
"3932","2016133151301",2016-01-05,2016,"Jan",5,"19:30",19,30,"Tuesday","Slight",1,"Slight","Pedestrian","Pedestrian","Male",60,"Unclassified","Single carriageway",30,"Unclassified","In carriageway, crossing elsewhere","Crossing from driver's offside",436574,435725,"E01011723",1,"Crossroads","Daylight","Fine no high winds","Wet or damp","Pedestrian"
"3933","2016133160311",2016-01-06,2016,"Jan",6,"08:00",8,0,"Wednesday","Slight",1,"Slight","Pedestrian","Pedestrian","Male",33,"Unclassified","Single carriageway",30,NA,"Crossing on pedestrian crossing facility","Crossing from driver's nearside",431925,434792,"E01011677",1,"Not at junction or within 20 metres","Darkness - lights lit","Fine no high winds","Dry","Pedestrian"
"3934","2016133160260",2016-01-06,2016,"Jan",6,"08:15",8,15,"Wednesday","Slight",1,"Slight","Motorcycle over 500cc rider or passenger","Driver or rider","Male",52,"Unclassified","Single carriageway",50,"Unclassified","Not a Pedestrian","Not a Pedestrian",432960,440281,"E01011561",2,"T or staggered junction","Daylight","Fine no high winds","Dry","Motorcyclist and pillion"
"3935","2016133161298",2016-01-06,2016,"Jan",6,"13:55",13,55,"Wednesday","Slight",2,"Slight","Car occupant","Driver or rider","Male",27,"B","Unknown",30,"B","Not a Pedestrian","Not a Pedestrian",428511,433054,"E01011363",2,"Roundabout","Daylight","Fine no high winds","Wet or damp","Car occupant"
"3936","2016133160793",2016-01-06,2016,"Jan",6,"14:10",14,10,"Wednesday","Slight",1,"Slight","Cyclist","Driver or rider","Male",25,"Unclassified","Single carriageway",30,"Unclassified","Not a Pedestrian","Not a Pedestrian",426228,431783,"E01011737",2,"T or staggered junction","Daylight","Raining no high winds","Wet or damp","Cyclist"
"3937","2016133161000",2016-01-06,2016,"Jan",6,"15:20",15,20,"Wednesday","Slight",1,"Slight","Pedestrian","Pedestrian","Female",49,"Unclassified","Single carriageway",30,"Unclassified","On footway or verge","Unknown or other",429741,436518,"E01011355",1,"Private drive or entrance","Darkness - lighting unknown","Raining no high winds","Wet or damp","Pedestrian"
"3938","2016133161098",2016-01-06,2016,"Jan",6,"17:23",17,23,"Wednesday","Slight",1,"Slight","Cyclist","Driver or rider","Male",39,"Unclassified","Dual carriageway",30,NA,"Not a Pedestrian","Not a Pedestrian",429959,433326,"E01033016",2,"Not at junction or within 20 metres","Darkness - lights lit","Fine no high winds","Dry","Cyclist"
"3939","2016133161328",2016-01-06,2016,"Jan",6,"19:15",19,15,"Wednesday","Slight",2,"Slight","Car occupant","Driver or rider","Male",36,"Unclassified","Single carriageway",30,"Unclassified","Not a Pedestrian","Not a Pedestrian",427362,433970,"E01011284",2,"T or staggered junction","Darkness - lights lit","Raining no high winds","Wet or damp","Car occupant"
"3940","2016133161323",2016-01-06,2016,"Jan",6,"19:19",19,19,"Wednesday","Slight",1,"Slight","Car occupant","Driver or rider","Male",72,"Unclassified","One way street",30,NA,"Not a Pedestrian","Not a Pedestrian",430562,436939,"E01011352",2,"Not at junction or within 20 metres","Daylight","Fine no high winds","Wet or damp","Car occupant"
"3941","2016133170766",2016-01-07,2016,"Jan",7,"12:20",12,20,"Thursday","Slight",1,"Slight","Bus or coach occupant (17 or more pass seats)","Passenger","Female",81,"Unclassified","Single carriageway",30,"Unclassified","Not a Pedestrian","Not a Pedestrian",429766,433410,"E01033016",1,"Crossroads","Daylight","Raining no high winds","Wet or damp","Bus and goods vehicle occupant"
"3942","2016133170622",2016-01-07,2016,"Jan",7,"13:00",13,0,"Thursday","Slight",2,"Slight","Car occupant","Passenger","Female",2,"A","Single carriageway",30,"Unclassified","Not a Pedestrian","Not a Pedestrian",436173,427637,"E01011635",2,"T or staggered junction","Daylight","Fine no high winds","Dry","Car occupant"
"3943","2016133170694",2016-01-07,2016,"Jan",7,"13:50",13,50,"Thursday","Slight",1,"Slight","Goods vehicle (7.5 tonnes mgw and over) occupant","Driver or rider","Male",43,"Motorway","Dual carriageway",70,NA,"Not a Pedestrian","Not a Pedestrian",440850,434501,"E01011297",1,"Not at junction or within 20 metres","Daylight","Fine + high winds","Wet or damp","Bus and goods vehicle occupant"
"3944","2016133170743",2016-01-07,2016,"Jan",7,"14:35",14,35,"Thursday","Slight",1,"Slight","Car occupant","Driver or rider","Female",44,"Unclassified","Dual carriageway",30,"A","Not a Pedestrian","Not a Pedestrian",431467,432679,"E01011626",2,"T or staggered junction","Daylight","Fine no high winds","Wet or damp","Car occupant"
"3945","2016133170948",2016-01-07,2016,"Jan",7,"16:07",16,7,"Thursday","Slight",2,"Slight","Car occupant","Driver or rider","Female",45,"Unclassified","Dual carriageway",40,NA,"Not a Pedestrian","Not a Pedestrian",428638,433182,"E01011363",3,"Not at junction or within 20 metres","Darkness - lights lit","Fine no high winds","Dry","Car occupant"
"3946","2016133171039",2016-01-07,2016,"Jan",7,"16:43",16,43,"Thursday","Slight",2,"Slight","Car occupant","Driver or rider","Female",34,"A","Single carriageway",30,"Unclassified","Not a Pedestrian","Not a Pedestrian",438950,431555,"E01011402",2,"T or staggered junction","Darkness - no lighting","Fine no high winds","Dry","Car occupant"
"3947","20161331D0289",2016-01-07,2016,"Jan",7,"21:55",21,55,"Thursday","Slight",1,"Slight","Pedestrian","Pedestrian","Male",47,"Unclassified","Single carriageway",30,"Unclassified","Unknown or other","Unknown or other",430237,433264,"E01033016",1,"T or staggered junction","Darkness - lights lit","Fine no high winds","Dry","Pedestrian"
"3948","2016133171722",2016-01-07,2016,"Jan",7,"23:45",23,45,"Thursday","Slight",1,"Slight","Car occupant","Driver or rider","Male",26,"Unclassified","Single carriageway",50,NA,"Not a Pedestrian","Not a Pedestrian",424108,431567,"E01011728",1,"Not at junction or within 20 metres","Darkness - no lighting","Raining no high winds","Wet or damp","Car occupant"
"3949","20161331S1052",2016-01-08,2016,"Jan",8,"07:35",7,35,"Friday","Slight",1,"Slight","Pedestrian","Pedestrian","Female",14,"Unclassified","Single carriageway",30,NA,"In carriageway, not crossing","Unknown or other",428041,435078,"E01011446",1,"Not at junction or within 20 metres","Darkness - lights lit","Unknown","Dry","Pedestrian"
"3950","2016133180831",2016-01-08,2016,"Jan",8,"14:35",14,35,"Friday","Fatal",1,"Fatal","Pedestrian","Pedestrian","Male",78,"Unclassified","Single carriageway",40,"A","In carriageway, crossing elsewhere","Crossing from driver's nearside",427023,424758,"E01011548",1,"T or staggered junction","Daylight","Fine no high winds","Wet or damp","Pedestrian"
"3951","2016133181079",2016-01-08,2016,"Jan",8,"17:06",17,6,"Friday","Slight",1,"Slight","Motorcycle over 125cc and up to 500cc rider or  passenger","Driver or rider","Male",56,"A","Single carriageway",30,"Unclassified","Not a Pedestrian","Not a Pedestrian",431351,435059,"E01011673",2,"T or staggered junction","Darkness - lights lit","Fine no high winds","Dry","Motorcyclist and pillion"
"3952","2016133181260",2016-01-08,2016,"Jan",8,"18:35",18,35,"Friday","Slight",1,"Slight","Pedestrian","Pedestrian","Female",11,"Unclassified","Single carriageway",30,NA,"In carriageway, crossing elsewhere","Crossing from driver's nearside",434969,436415,"E01011659",1,"Not at junction or within 20 metres","Darkness - lights lit","Fine no high winds","Wet or damp","Pedestrian"
"3953","2016132181280",2016-01-08,2016,"Jan",8,"19:05",19,5,"Friday","Serious",1,"Serious","Motorcycle over 500cc rider or passenger","Driver or rider","Male",38,"A","Unknown",30,NA,"Not a Pedestrian","Not a Pedestrian",418241,442351,"E01011266",2,"Not at junction or within 20 metres","Darkness - lights lit","Fine no high winds","Dry","Motorcyclist and pillion"
"3954","2016133181333",2016-01-08,2016,"Jan",8,"19:36",19,36,"Friday","Slight",3,"Slight","Car occupant","Driver or rider","Female",18,"A","Single carriageway",30,"Unclassified","Not a Pedestrian","Not a Pedestrian",427496,425485,"E01011548",2,"T or staggered junction","Darkness - lights lit","Fine no high winds","Dry","Car occupant"
"3955","2016133190305",2016-01-09,2016,"Jan",9,"05:05",5,5,"Saturday","Serious",1,"Serious","Cyclist","Driver or rider","Male",45,"Unclassified","Single carriageway",30,"Unclassified","Not a Pedestrian","Not a Pedestrian",420396,445354,"E01011569",2,"T or staggered junction","Darkness - lights lit","Fog or mist","Wet or damp","Cyclist"
"3956","2016133190541",2016-01-09,2016,"Jan",9,"11:44",11,44,"Saturday","Slight",1,"Slight","Motorcycle 125cc and under rider or passenger","Driver or rider","Male",25,"Unclassified","Single carriageway",30,NA,"Not a Pedestrian","Not a Pedestrian",430549,427292,"E01032495",2,"Not at junction or within 20 metres","Daylight","Raining no high winds","Wet or damp","Motorcyclist and pillion"
"3957","2016133191196",2016-01-09,2016,"Jan",9,"12:30",12,30,"Saturday","Slight",3,"Slight","Car occupant","Driver or rider","Female",40,"A","Single carriageway",30,"Unclassified","Not a Pedestrian","Not a Pedestrian",441059,432040,"E01011405",4,"T or staggered junction","Daylight","Fine no high winds","Dry","Car occupant"
"3958","2016133190903",2016-01-09,2016,"Jan",9,"15:12",15,12,"Saturday","Slight",3,"Slight","Car occupant","Driver or rider","Female",54,"Motorway","Dual carriageway",70,NA,"Not a Pedestrian","Not a Pedestrian",437677,425385,"E01011395",3,"Not at junction or within 20 metres","Daylight","Fine no high winds","Wet or damp","Car occupant"
"3959","2016132191037",2016-01-09,2016,"Jan",9,"16:15",16,15,"Saturday","Slight",1,"Slight","Car occupant","Driver or rider","Female",50,"Unclassified","Single carriageway",30,"Unclassified","Not a Pedestrian","Not a Pedestrian",424993,432898,"E01011727",2,"Crossroads","Darkness - lights lit","Fine no high winds","Dry","Car occupant"
"3960","2016133191223",2016-01-09,2016,"Jan",9,"17:55",17,55,"Saturday","Serious",1,"Serious","Pedestrian","Pedestrian","Female",60,"Unclassified","Unknown",20,NA,"In carriageway, crossing elsewhere","Crossing from driver's nearside",427527,434393,"E01011482",1,"Not at junction or within 20 metres","Darkness - lights lit","Raining no high winds","Wet or damp","Pedestrian"
"3961","2016133191206",2016-01-09,2016,"Jan",9,"18:10",18,10,"Saturday","Slight",2,"Slight","Car occupant","Driver or rider","Male",23,"A","Dual carriageway",30,"Unclassified","Not a Pedestrian","Not a Pedestrian",430876,434256,"E01033003",2,"Crossroads","Darkness - lights lit","Raining no high winds","Wet or damp","Car occupant"
"3962","2016133250482",2016-01-09,2016,"Jan",9,"18:55",18,55,"Saturday","Slight",2,"Slight","Car occupant","Driver or rider","Male",29,"B","Single carriageway",30,"A","Not a Pedestrian","Not a Pedestrian",445958,431183,"E01011299",2,"T or staggered junction","Darkness - no lighting","Fine + high winds","Wet or damp","Car occupant"
"3963","2016133191315",2016-01-09,2016,"Jan",9,"19:30",19,30,"Saturday","Slight",1,"Slight","Pedestrian","Pedestrian","Female",47,"A","Single carriageway",30,NA,"Crossing on pedestrian crossing facility","Crossing from driver's offside",426474,428544,"E01011528",1,"Not at junction or within 20 metres","Darkness - lights lit","Raining no high winds","Wet or damp","Pedestrian"
"3964","2016133191376",2016-01-09,2016,"Jan",9,"20:13",20,13,"Saturday","Slight",1,"Slight","Pedestrian","Pedestrian","Male",63,"Unclassified","Single carriageway",30,NA,"In carriageway, not crossing","Unknown or other",429199,431548,"E01011373",1,"Not at junction or within 20 metres","Darkness - lights lit","Fine no high winds","Dry","Pedestrian"
"3965","20161331A0692",2016-01-10,2016,"Jan",10,"13:30",13,30,"Sunday","Slight",2,"Slight","Car occupant","Driver or rider","Female",29,"A","Dual carriageway",70,NA,"Not a Pedestrian","Not a Pedestrian",427379,438571,"E01032876",4,"Not at junction or within 20 metres","Daylight","Fine + high winds","Wet or damp","Car occupant"
"3966","20161331A0736",2016-01-10,2016,"Jan",10,"14:00",14,0,"Sunday","Slight",1,"Slight","Car occupant","Driver or rider","Female",80,"Unclassified","Single carriageway",30,"Unclassified","Not a Pedestrian","Not a Pedestrian",420319,445361,"E01011569",2,"T or staggered junction","Daylight","Fine no high winds","Dry","Car occupant"
"3967","20161331B0246",2016-01-11,2016,"Jan",11,"07:40",7,40,"Monday","Serious",1,"Serious","Cyclist","Driver or rider","Male",36,"A","Single carriageway",30,"Unclassified","Not a Pedestrian","Not a Pedestrian",427569,434540,"E01011482",2,"T or staggered junction","Daylight","Fine no high winds","Wet or damp","Cyclist"
"3968","20161331B0226",2016-01-11,2016,"Jan",11,"08:14",8,14,"Monday","Slight",1,"Slight","Motorcycle over 500cc rider or passenger","Passenger","Male",57,"Motorway","Dual carriageway",50,NA,"Not a Pedestrian","Not a Pedestrian",431554,430540,"E01011470",2,"Not at junction or within 20 metres","Daylight","Fine no high winds","Wet or damp","Motorcyclist and pillion"
"3969","20161331B0266",2016-01-11,2016,"Jan",11,"08:53",8,53,"Monday","Slight",1,"Slight","Pedestrian","Pedestrian","Female",49,"Unclassified","Single carriageway",30,NA,"Crossing on pedestrian crossing facility","Crossing from driver's offside",431661,437523,"E01011504",1,"Not at junction or within 20 metres","Daylight","Fine no high winds","Wet or damp","Pedestrian"
"3970","20161331B0488",2016-01-11,2016,"Jan",11,"11:40",11,40,"Monday","Serious",1,"Serious","Car occupant","Driver or rider","Female",80,"Unclassified","Single carriageway",30,"Unclassified","Not a Pedestrian","Not a Pedestrian",424994,432563,"E01011726",2,"T or staggered junction","Daylight","Fine no high winds","Dry","Car occupant"
"3971","20161331B1060",2016-01-11,2016,"Jan",11,"17:36",17,36,"Monday","Slight",1,"Slight","Car occupant","Driver or rider","Male",60,"A","Dual carriageway",30,"Unclassified","Not a Pedestrian","Not a Pedestrian",429933,432767,"E01033016",4,"Slip road","Darkness - lights lit","Fine no high winds","Wet or damp","Car occupant"
"3972","20161331B1310",2016-01-11,2016,"Jan",11,"20:05",20,5,"Monday","Slight",1,"Slight","Motorcycle 125cc and under rider or passenger","Driver or rider","Male",29,"Unclassified","Single carriageway",30,NA,"Not a Pedestrian","Not a Pedestrian",428473,434341,"E01011681",2,"Not at junction or within 20 metres","Darkness - lights lit","Fine no high winds","Wet or damp","Motorcyclist and pillion"
"3973","20161331C0236",2016-01-12,2016,"Jan",12,"09:05",9,5,"Tuesday","Serious",1,"Serious","Cyclist","Driver or rider","Male",45,"A","Single carriageway",30,"Unclassified","Not a Pedestrian","Not a Pedestrian",427127,434793,"E01011482",2,"T or staggered junction","Daylight","Fine no high winds","Wet or damp","Cyclist"
"3974","20161331C0900",2016-01-12,2016,"Jan",12,"16:18",16,18,"Tuesday","Slight",1,"Slight","Car occupant","Passenger","Female",50,"A","Dual carriageway",30,NA,"Not a Pedestrian","Not a Pedestrian",424579,433688,"E01011608",2,"Not at junction or within 20 metres","Darkness - lights lit","Fine no high winds","Dry","Car occupant"