"","accident_index","date","year","month","day","time","time_hour","time_minute","day_of_week","accident_severity","number_of_casualties","casualty_severity","casualty_type","casualty_class","sex_of_casualty","age_of_casualty","first_road_class","road_type","speed_limit","second_road_class","pedestrian_location","pedestrian_movement","location_easting_osgr","location_northing_osgr","lsoa_of_accident_location","number_of_vehicles","junction_detail","light_conditions","weather_conditions","road_surface_conditions","cas_type"
"3975","20161331D0487",2016-01-13,2016,"Jan",13,"12:00",12,0,"Wednesday","Slight",1,"Slight","Car occupant","Driver or rider","Female",54,"Unclassified","Single carriageway",30,NA,"Not a Pedestrian","Not a Pedestrian",426639,433017,"E01011729",2,"Not at junction or within 20 metres","Daylight","Fine no high winds","Dry","Car occupant"
"3976","20161331D0885",2016-01-13,2016,"Jan",13,"15:10",15,10,"Wednesday","Slight",1,"Slight","Pedestrian","Pedestrian","Male",11,"Unclassified","Single carriageway",30,NA,"In carriageway, crossing elsewhere","Crossing from driver's nearside",431529,433104,"E01033021",1,"Not at junction or within 20 metres","Daylight","Fine no high winds","Dry","Pedestrian"
"3977","20161331E0436",2016-01-13,2016,"Jan",13,"17:05",17,5,"Wednesday","Slight",1,"Slight","Pedestrian","Pedestrian","Female",30,"Unclassified","Single carriageway",30,NA,"In carriageway, crossing elsewhere","Crossing from driver's nearside",430113,434139,"E01033010",1,"Not at junction or within 20 metres","Darkness - lights lit","Fine no high winds","Dry","Pedestrian"
"3978","20161331D1135",2016-01-13,2016,"Jan",13,"17:20",17,20,"Wednesday","Slight",2,"Slight","Car occupant","Driver or rider","Male",40,"Motorway","Dual carriageway",70,NA,"Not a Pedestrian","Not a Pedestrian",436642,425938,"E01011636",3,"Not at junction or within 20 metres","Darkness - no lighting","Fine no high winds","Wet or damp","Car occupant"
"3979","20161331D1322",2016-01-13,2016,"Jan",13,"18:50",18,50,"Wednesday","Serious",3,"Serious","Car occupant","Passenger","Male",20,"A","Single carriageway",30,"Unclassified","Not a Pedestrian","Not a Pedestrian",428460,431348,"E01011369",2,"Crossroads","Darkness - lights lit","Raining no high winds","Wet or damp","Car occupant"
"3980","20161331E0257",2016-01-14,2016,"Jan",14,"08:44",8,44,"Thursday","Slight",2,"Slight","Car occupant","Driver or rider","Male",30,"Unclassified","Single carriageway",30,NA,"Not a Pedestrian","Not a Pedestrian",425976,427855,"E01011533",3,"Not at junction or within 20 metres","Daylight","Snowing + high winds","Frost or ice","Car occupant"
"3981","20161331F0333",2016-01-14,2016,"Jan",14,"12:15",12,15,"Thursday","Slight",1,"Slight","Cyclist","Driver or rider","Male",52,"Unclassified","Single carriageway",30,"Unclassified","Not a Pedestrian","Not a Pedestrian",420214,445629,"E01011569",2,"T or staggered junction","Daylight","Raining no high winds","Wet or damp","Cyclist"
"3982","20161331E0606",2016-01-14,2016,"Jan",14,"12:45",12,45,"Thursday","Slight",1,"Slight","Pedestrian","Pedestrian","Male",20,"A","Single carriageway",30,NA,"Crossing on pedestrian crossing facility","Crossing from driver's offside",433391,434055,"E01011346",1,"Not at junction or within 20 metres","Daylight","Fine no high winds","Dry","Pedestrian"
"3983","20161331E0658",2016-01-14,2016,"Jan",14,"13:34",13,34,"Thursday","Slight",1,"Slight","Car occupant","Driver or rider","Female",62,"Unclassified","Single carriageway",30,"Unclassified","Not a Pedestrian","Not a Pedestrian",421753,432698,"E01011603",2,"T or staggered junction","Daylight","Fine no high winds","Dry","Car occupant"
"3984","20161331E1090",2016-01-14,2016,"Jan",14,"15:45",15,45,"Thursday","Slight",1,"Slight","Cyclist","Driver or rider","Male",23,"Unclassified","Single carriageway",30,"Unclassified","Not a Pedestrian","Not a Pedestrian",429097,434722,"E01033006",2,"Crossroads","Darkness - lights lit","Fine no high winds","Dry","Cyclist"
"3985","20161331E0963",2016-01-14,2016,"Jan",14,"16:23",16,23,"Thursday","Slight",1,"Slight","Car occupant","Driver or rider","Male",36,"Unclassified","Single carriageway",30,NA,"Not a Pedestrian","Not a Pedestrian",432820,432033,"E01011621",1,"Not at junction or within 20 metres","Darkness - lights lit","Fine no high winds","Wet or damp","Car occupant"
"3986","20161331E0981",2016-01-14,2016,"Jan",14,"16:45",16,45,"Thursday","Serious",1,"Serious","Car occupant","Driver or rider","Male",68,"A","Dual carriageway",40,"A","Not a Pedestrian","Not a Pedestrian",435033,434695,"E01011343",2,"Other junction","Darkness - lights lit","Fine no high winds","Dry","Car occupant"
"3987","20161331E1099",2016-01-14,2016,"Jan",14,"17:45",17,45,"Thursday","Slight",2,"Slight","Car occupant","Driver or rider","Male",27,"Unclassified","Single carriageway",30,NA,"Not a Pedestrian","Not a Pedestrian",432287,434644,"E01011344",2,"Not at junction or within 20 metres","Darkness - lights lit","Fine no high winds","Dry","Car occupant"
"3988","20161331F0855",2016-01-15,2016,"Jan",15,"14:42",14,42,"Friday","Slight",2,"Slight","Cyclist","Driver or rider","Male",57,"Unclassified","Single carriageway",30,"Unclassified","Not a Pedestrian","Not a Pedestrian",429145,431748,"E01011366",1,"T or staggered junction","Daylight","Fine no high winds","Wet or damp","Cyclist"
"3989","2016132CQ0870",2016-01-15,2016,"Jan",15,"16:45",16,45,"Friday","Slight",2,"Slight","Car occupant","Driver or rider","Male",26,"Unclassified","Single carriageway",30,"Unclassified","Not a Pedestrian","Not a Pedestrian",431159,436397,"E01011359",2,"T or staggered junction","Daylight","Fine no high winds","Dry","Car occupant"
"3990","20161331F1081",2016-01-15,2016,"Jan",15,"16:50",16,50,"Friday","Slight",1,"Slight","Motorcycle 50cc and under rider or passenger","Driver or rider","Female",17,"Unclassified","Single carriageway",30,"Unclassified","Not a Pedestrian","Not a Pedestrian",424569,434444,"E01011336",1,"T or staggered junction","Darkness - lights lit","Fine no high winds","Frost or ice","Motorcyclist and pillion"
"3991","20161331F1111",2016-01-15,2016,"Jan",15,"17:00",17,0,"Friday","Slight",1,"Slight","Car occupant","Driver or rider","Female",31,"B","One way street",30,"Unclassified","Not a Pedestrian","Not a Pedestrian",431874,435948,"E01011422",2,"Crossroads","Darkness - lights lit","Raining no high winds","Wet or damp","Car occupant"
"3992","20161331F1272",2016-01-15,2016,"Jan",15,"18:37",18,37,"Friday","Slight",1,"Slight","Car occupant","Driver or rider","Male",37,"Unclassified","Single carriageway",30,"Unclassified","Not a Pedestrian","Not a Pedestrian",432061,435963,"E01011647",2,"T or staggered junction","Darkness - lights lit","Fine no high winds","Wet or damp","Car occupant"
"3993","20161331F1687",2016-01-15,2016,"Jan",15,"22:16",22,16,"Friday","Serious",3,"Serious","Car occupant","Passenger","Female",26,"Unclassified","Single carriageway",30,"Unclassified","Not a Pedestrian","Not a Pedestrian",424982,432677,"E01011726",2,"T or staggered junction","Daylight","Raining no high winds","Wet or damp","Car occupant"
"3994","20161331G0345",2016-01-16,2016,"Jan",16,"08:50",8,50,"Saturday","Slight",1,"Slight","Car occupant","Driver or rider","Female",23,"Unclassified","Single carriageway",30,NA,"Not a Pedestrian","Not a Pedestrian",429683,439068,"E01011558",1,"Not at junction or within 20 metres","Daylight","Fine no high winds","Dry","Car occupant"
"3995","20161331G0363",2016-01-16,2016,"Jan",16,"08:50",8,50,"Saturday","Slight",1,"Slight","Car occupant","Driver or rider","Male",28,"A","Dual carriageway",30,"A","Not a Pedestrian","Not a Pedestrian",430907,432292,"E01033018",2,"T or staggered junction","Daylight","Fine no high winds","Wet or damp","Car occupant"
"3996","20161331G0477",2016-01-16,2016,"Jan",16,"11:00",11,0,"Saturday","Slight",1,"Slight","Mobility scooter rider","Driver or rider","Female",84,"Unclassified","Single carriageway",30,NA,"Not a Pedestrian","Not a Pedestrian",429767,438911,"E01011558",2,"Not at junction or within 20 metres","Daylight","Fine no high winds","Dry","Others"
"3997","20161331G1257",2016-01-16,2016,"Jan",16,"12:57",12,57,"Saturday","Slight",1,"Slight","Car occupant","Driver or rider","Female",53,"A","Dual carriageway",40,"Unclassified","Not a Pedestrian","Not a Pedestrian",426200,431900,"E01011737",2,"Crossroads","Daylight","Fine no high winds","Wet or damp","Car occupant"
"3998","20161331G0824",2016-01-16,2016,"Jan",16,"14:15",14,15,"Saturday","Slight",2,"Slight","Car occupant","Driver or rider","Male",47,"A","Single carriageway",60,"Unclassified","Not a Pedestrian","Not a Pedestrian",423746,444348,"E01011570",2,"T or staggered junction","Daylight","Fine no high winds","Dry","Car occupant"
"3999","20161331G1285",2016-01-16,2016,"Jan",16,"16:00",16,0,"Saturday","Serious",1,"Serious","Bus or coach occupant (17 or more pass seats)","Passenger","Male",11,"Unclassified","Roundabout",30,"Unclassified","Not a Pedestrian","Not a Pedestrian",431912,434798,"E01011677",1,"Roundabout","Daylight","Fine no high winds","Dry","Bus and goods vehicle occupant"
"4000","20161331G1463",2016-01-16,2016,"Jan",16,"19:39",19,39,"Saturday","Slight",1,"Slight","Motorcycle 50cc and under rider or passenger","Driver or rider","Male",19,"Unclassified","Single carriageway",30,NA,"Not a Pedestrian","Not a Pedestrian",428987,437127,"E01011688",1,"Not at junction or within 20 metres","Darkness - lights lit","Snowing no high winds","Snow","Motorcyclist and pillion"
"4001","20161331I0172",2016-01-18,2016,"Jan",18,"06:20",6,20,"Monday","Slight",1,"Slight","Cyclist","Driver or rider","Male",26,"Unclassified","Single carriageway",30,"Unclassified","Not a Pedestrian","Not a Pedestrian",428087,434526,"E01011481",2,"Crossroads","Darkness - lights lit","Fine no high winds","Dry","Cyclist"
"4002","20161331I1016",2016-01-18,2016,"Jan",18,"15:57",15,57,"Monday","Slight",1,"Slight","Car occupant","Driver or rider","Female",48,"Motorway","Dual carriageway",70,NA,"Not a Pedestrian","Not a Pedestrian",432064,428597,"E01011496",2,"Not at junction or within 20 metres","Darkness - lights lit","Fine no high winds","Dry","Car occupant"
"4003","20161331I1266",2016-01-18,2016,"Jan",18,"16:20",16,20,"Monday","Slight",2,"Slight","Car occupant","Driver or rider","Female",26,"Unclassified","Single carriageway",30,"Unclassified","Not a Pedestrian","Not a Pedestrian",426507,437848,"E01011687",2,"T or staggered junction","Darkness - lights lit","Fine no high winds","Wet or damp","Car occupant"
"4004","20161331I1110",2016-01-18,2016,"Jan",18,"16:49",16,49,"Monday","Serious",1,"Serious","Car occupant","Driver or rider","Female",58,"Unclassified","Single carriageway",30,"Unclassified","Not a Pedestrian","Not a Pedestrian",426248,438496,"E01011684",2,"T or staggered junction","Daylight","Raining no high winds","Wet or damp","Car occupant"
"4005","20161331I1123",2016-01-18,2016,"Jan",18,"16:52",16,52,"Monday","Serious",1,"Serious","Cyclist","Driver or rider","Female",40,"A","Dual carriageway",30,"Unclassified","Not a Pedestrian","Not a Pedestrian",430813,433940,"E01033031",2,"T or staggered junction","Darkness - lights lit","Fine no high winds","Wet or damp","Cyclist"
"4006","20161331I1222",2016-01-18,2016,"Jan",18,"17:40",17,40,"Monday","Slight",1,"Slight","Cyclist","Driver or rider","Male",49,"Unclassified","Dual carriageway",30,"A","Not a Pedestrian","Not a Pedestrian",430947,433304,"E01033033",2,"Crossroads","Darkness - lights lit","Other","Wet or damp","Cyclist"
"4007","20161331J0507",2016-01-19,2016,"Jan",19,"08:30",8,30,"Tuesday","Slight",1,"Slight","Pedestrian","Pedestrian","Male",17,"Unclassified","Single carriageway",30,NA,"Crossing on pedestrian crossing facility","Unknown or other",429187,433851,"E01011678",2,"Not at junction or within 20 metres","Daylight","Unknown","Wet or damp","Pedestrian"
"4008","20161331J0604",2016-01-19,2016,"Jan",19,"12:26",12,26,"Tuesday","Serious",1,"Serious","Pedestrian","Pedestrian","Female",42,"Unclassified","Single carriageway",30,NA,"Unknown or other","Unknown or other",427484,434917,"E01011478",1,"Not at junction or within 20 metres","Daylight","Fine no high winds","Dry","Pedestrian"
"4009","20161331J1102",2016-01-19,2016,"Jan",19,"16:56",16,56,"Tuesday","Slight",1,"Slight","Pedestrian","Pedestrian","Female",12,"Unclassified","Single carriageway",30,NA,"In carriageway, crossing elsewhere","Crossing from offside - masked by  parked or stationary vehicle",432257,435098,"E01011432",1,"Not at junction or within 20 metres","Darkness - lights lit","Fine no high winds","Wet or damp","Pedestrian"
"4010","20161331J1219",2016-01-19,2016,"Jan",19,"18:05",18,5,"Tuesday","Slight",4,"Slight","Car occupant","Driver or rider","Male",27,"A","Dual carriageway",40,"A","Not a Pedestrian","Not a Pedestrian",431496,432640,"E01011626",2,"T or staggered junction","Darkness - lights lit","Fine no high winds","Dry","Car occupant"
"4011","20161331K1516",2016-01-20,2016,"Jan",20,"07:50",7,50,"Wednesday","Slight",1,"Slight","Pedestrian","Pedestrian","Female",15,"Unclassified","Single carriageway",30,NA,"On footway or verge","Walking along in carriageway, facing traffic",443265,445843,"E01011697",1,"Not at junction or within 20 metres","Daylight","Raining no high winds","Wet or damp","Pedestrian"
"4012","20161331K1255",2016-01-20,2016,"Jan",20,"08:05",8,5,"Wednesday","Slight",1,"Slight","Cyclist","Driver or rider","Male",32,"B","Single carriageway",30,"Unclassified","Not a Pedestrian","Not a Pedestrian",430901,436559,"E01011356",2,"T or staggered junction","Daylight","Unknown","Dry","Cyclist"
"4013","20161331K1170",2016-01-20,2016,"Jan",20,"17:40",17,40,"Wednesday","Slight",1,"Slight","Cyclist","Driver or rider","Female",40,"Unclassified","Single carriageway",30,"Unclassified","Not a Pedestrian","Not a Pedestrian",419359,441836,"E01011265",2,"T or staggered junction","Darkness - lights lit","Unknown","Dry","Cyclist"
"4014","20161331K1386",2016-01-20,2016,"Jan",20,"19:35",19,35,"Wednesday","Fatal",2,"Fatal","Car occupant","Driver or rider","Male",73,"Unclassified","Single carriageway",60,"Unclassified","Not a Pedestrian","Not a Pedestrian",437040,438286,"E01011715",2,"T or staggered junction","Darkness - no lighting","Fine no high winds","Wet or damp","Car occupant"
"4015","20161331K1618",2016-01-20,2016,"Jan",20,"20:00",20,0,"Wednesday","Slight",1,"Slight","Car occupant","Driver or rider","Female",27,"Unclassified","Single carriageway",30,"Unclassified","Not a Pedestrian","Not a Pedestrian",427298,433638,"E01011293",2,"Crossroads","Darkness - lights lit","Fine no high winds","Wet or damp","Car occupant"
"4016","20161331K1457",2016-01-20,2016,"Jan",20,"20:15",20,15,"Wednesday","Slight",1,"Slight","Car occupant","Passenger","Male",33,"Unclassified","Single carriageway",30,"Unclassified","Not a Pedestrian","Not a Pedestrian",431892,434947,"E01011677",2,"T or staggered junction","Darkness - lights lit","Fine no high winds","Dry","Car occupant"
"4017","20161331K1591",2016-01-20,2016,"Jan",20,"21:30",21,30,"Wednesday","Slight",1,"Slight","Car occupant","Driver or rider","Male",25,"Unclassified","Single carriageway",30,"Unclassified","Not a Pedestrian","Not a Pedestrian",430490,426386,"E01011551",1,"Other junction","Darkness - lights lit","Other","Wet or damp","Car occupant"
"4018","20161331L0241",2016-01-21,2016,"Jan",21,"08:15",8,15,"Thursday","Slight",1,"Slight","Motorcycle 50cc and under rider or passenger","Driver or rider","Male",16,"Unclassified","Single carriageway",30,NA,"Not a Pedestrian","Not a Pedestrian",436008,437469,"E01011718",1,"Not at junction or within 20 metres","Daylight","Fine no high winds","Frost or ice","Motorcyclist and pillion"
"4019","20161331L0274",2016-01-21,2016,"Jan",21,"08:45",8,45,"Thursday","Slight",1,"Slight","Pedestrian","Pedestrian","Female",52,"Unclassified","Single carriageway",30,"Unclassified","In carriageway, crossing elsewhere","Crossing from driver's offside",431113,430719,"E01011472",1,"T or staggered junction","Daylight","Fine no high winds","Frost or ice","Pedestrian"
"4020","20161331L0335",2016-01-21,2016,"Jan",21,"09:34",9,34,"Thursday","Slight",1,"Slight","Pedestrian","Pedestrian","Male",33,"Unclassified","Single carriageway",20,NA,"In carriageway, not crossing","In carriageway, stationary - not crossing  (standing or playing)",429614,439792,"E01011555",1,"Not at junction or within 20 metres","Daylight","Fine no high winds","Frost or ice","Pedestrian"
"4021","20161331L0756",2016-01-21,2016,"Jan",21,"14:30",14,30,"Thursday","Slight",1,"Slight","Car occupant","Driver or rider","Male",62,"A","Dual carriageway",70,"Unclassified","Not a Pedestrian","Not a Pedestrian",422015,433952,"E01011587",2,"T or staggered junction","Daylight","Unknown","Wet or damp","Car occupant"
"4022","20161331L0811",2016-01-21,2016,"Jan",21,"15:05",15,5,"Thursday","Slight",1,"Slight","Pedestrian","Pedestrian","Male",12,"Unclassified","Single carriageway",30,NA,"In carriageway, crossing elsewhere","Crossing from driver's nearside",423019,433730,"E01011610",1,"Not at junction or within 20 metres","Darkness - lights lit","Raining no high winds","Wet or damp","Pedestrian"
"4023","20161331L1040",2016-01-21,2016,"Jan",21,"17:08",17,8,"Thursday","Slight",1,"Slight","Pedestrian","Pedestrian","Male",43,"Unclassified","Single carriageway",30,NA,"On footway or verge","Unknown or other",428607,435259,"E01011444",1,"Not at junction or within 20 metres","Darkness - lights lit","Raining no high winds","Wet or damp","Pedestrian"
"4024","20161331L1163",2016-01-21,2016,"Jan",21,"18:07",18,7,"Thursday","Serious",1,"Serious","Car occupant","Driver or rider","Male",22,"Unclassified","Single carriageway",20,"Unclassified","Not a Pedestrian","Not a Pedestrian",423301,434736,"E01011335",2,"Crossroads","Darkness - lights lit","Raining no high winds","Wet or damp","Car occupant"
"4025","20161331L1270",2016-01-21,2016,"Jan",21,"19:10",19,10,"Thursday","Slight",2,"Slight","Car occupant","Driver or rider","Female",64,"A","Dual carriageway",30,NA,"Not a Pedestrian","Not a Pedestrian",428256,434151,"E01011681",2,"Not at junction or within 20 metres","Darkness - lights lit","Fine no high winds","Wet or damp","Car occupant"
"4026","20161331M0236",2016-01-22,2016,"Jan",22,"08:15",8,15,"Friday","Slight",1,"Slight","Car occupant","Driver or rider","Female",51,"B","Roundabout",30,"A","Not a Pedestrian","Not a Pedestrian",428509,433061,"E01011363",2,"Roundabout","Daylight","Raining no high winds","Wet or damp","Car occupant"
"4027","20161331S1591",2016-01-22,2016,"Jan",22,"13:10",13,10,"Friday","Slight",1,"Slight","Car occupant","Driver or rider","Male",60,"A","Single carriageway",30,"Motorway","Not a Pedestrian","Not a Pedestrian",431863,430421,"E01011469",2,"Roundabout","Daylight","Fine no high winds","Wet or damp","Car occupant"
"4028","20161331M0925",2016-01-22,2016,"Jan",22,"15:52",15,52,"Friday","Slight",1,"Slight","Pedestrian","Pedestrian","Male",10,"Unclassified","Single carriageway",30,NA,"In carriageway, crossing elsewhere","Crossing from driver's offside",426505,435684,"E01011477",1,"Not at junction or within 20 metres","Daylight","Fine no high winds","Dry","Pedestrian"
"4029","20161331M1173",2016-01-22,2016,"Jan",22,"17:46",17,46,"Friday","Slight",1,"Slight","Cyclist","Driver or rider","Male",21,"Unclassified","Single carriageway",30,"Unclassified","Not a Pedestrian","Not a Pedestrian",427994,435196,"E01011446",2,"T or staggered junction","Darkness - lights lit","Unknown","Wet or damp","Cyclist"
"4030","20161331M1189",2016-01-22,2016,"Jan",22,"18:00",18,0,"Friday","Slight",1,"Slight","Cyclist","Driver or rider","Male",15,"A","Dual carriageway",40,"Unclassified","Not a Pedestrian","Not a Pedestrian",427014,431619,"E01011734",2,"Roundabout","Darkness - lights lit","Fine no high winds","Wet or damp","Cyclist"
"4031","20161331N1341",2016-01-23,2016,"Jan",23,"19:00",19,0,"Saturday","Slight",3,"Slight","Car occupant","Driver or rider","Female",25,"A","Single carriageway",30,"Unclassified","Not a Pedestrian","Not a Pedestrian",431512,435123,"E01011673",2,"T or staggered junction","Darkness - lights lit","Raining no high winds","Wet or damp","Car occupant"
"4032","20161331N1501",2016-01-23,2016,"Jan",23,"20:35",20,35,"Saturday","Serious",1,"Serious","Pedestrian","Pedestrian","Male",42,"Unclassified","Single carriageway",30,"Unclassified","In carriageway, crossing elsewhere","Crossing from driver's nearside",427099,433296,"E01011292",1,"T or staggered junction","Darkness - lights lit","Fine no high winds","Wet or damp","Pedestrian"
"4033","20161331N1522",2016-01-23,2016,"Jan",23,"20:46",20,46,"Saturday","Serious",1,"Serious","Car occupant","Passenger","Male",25,"A","Dual carriageway",60,NA,"Not a Pedestrian","Not a Pedestrian",423560,434338,"E01011609",1,"Not at junction or within 20 metres","Darkness - lights lit","Raining no high winds","Wet or damp","Car occupant"
"4034","20161331N1675",2016-01-23,2016,"Jan",23,"22:35",22,35,"Saturday","Slight",1,"Slight","Car occupant","Driver or rider","Male",31,"A","Dual carriageway",30,"B","Not a Pedestrian","Not a Pedestrian",426292,435586,"E01011477",2,"Crossroads","Darkness - lights lit","Fine no high winds","Wet or damp","Car occupant"
"4035","20161331O0822",2016-01-24,2016,"Jan",24,"13:50",13,50,"Sunday","Slight",1,"Slight","Car occupant","Driver or rider","Male",63,"A","Single carriageway",40,NA,"Not a Pedestrian","Not a Pedestrian",434421,438350,"E01011716",3,"Not at junction or within 20 metres","Daylight","Fine no high winds","Wet or damp","Car occupant"
"4036","20161331O1246",2016-01-24,2016,"Jan",24,"17:59",17,59,"Sunday","Slight",1,"Slight","Cyclist","Driver or rider","Male",40,"Unclassified","Single carriageway",20,NA,"Not a Pedestrian","Not a Pedestrian",429424,431366,"E01011373",2,"Not at junction or within 20 metres","Darkness - lights lit","Fine no high winds","Wet or damp","Cyclist"
"4037","20161331P0243",2016-01-25,2016,"Jan",25,"07:45",7,45,"Monday","Slight",1,"Slight","Pedestrian","Pedestrian","Female",27,"B","Single carriageway",30,"Unclassified","Unknown or other","Unknown or other",426612,433094,"E01011729",1,"Crossroads","Daylight","Fine no high winds","Dry","Pedestrian"
"4038","20161331P0247",2016-01-25,2016,"Jan",25,"08:36",8,36,"Monday","Slight",1,"Slight","Car occupant","Driver or rider","Female",63,"A","Single carriageway",30,"Unclassified","Not a Pedestrian","Not a Pedestrian",426820,434978,"E01011482",2,"T or staggered junction","Daylight","Fine no high winds","Dry","Car occupant"
"4039","20161331P0315",2016-01-25,2016,"Jan",25,"09:25",9,25,"Monday","Slight",1,"Slight","Car occupant","Passenger","Male",20,"Unclassified","One way street",30,"Unclassified","Not a Pedestrian","Not a Pedestrian",430554,433739,"E01033010",2,"T or staggered junction","Daylight","Fine no high winds","Dry","Car occupant"
"4040","20161331P0683",2016-01-25,2016,"Jan",25,"13:05",13,5,"Monday","Slight",1,"Slight","Car occupant","Driver or rider","Female",66,"Unclassified","Single carriageway",30,"Unclassified","Not a Pedestrian","Not a Pedestrian",426782,433631,"E01032500",2,"T or staggered junction","Daylight","Fine no high winds","Dry","Car occupant"
"4041","20161331Q0218",2016-01-26,2016,"Jan",26,"08:25",8,25,"Tuesday","Slight",1,"Slight","Pedestrian","Pedestrian","Male",28,"Unclassified","Single carriageway",30,NA,"Crossing in zig-zag approach lines","Crossing from driver's nearside",427302,435777,"E01032945",1,"Not at junction or within 20 metres","Daylight","Raining no high winds","Wet or damp","Pedestrian"
"4042","20161331Q1371",2016-01-26,2016,"Jan",26,"10:21",10,21,"Tuesday","Slight",1,"Slight","Bus or coach occupant (17 or more pass seats)","Passenger","Female",46,"Unclassified","Single carriageway",30,NA,"Not a Pedestrian","Not a Pedestrian",431285,433868,"E01033031",1,"Not at junction or within 20 metres","Daylight","Fine no high winds","Wet or damp","Bus and goods vehicle occupant"
"4043","20161331R1032",2016-01-26,2016,"Jan",26,"10:50",10,50,"Tuesday","Slight",3,"Slight","Car occupant","Passenger","Female",19,"Unclassified","Single carriageway",30,NA,"Not a Pedestrian","Not a Pedestrian",428639,435192,"E01011444",2,"Not at junction or within 20 metres","Daylight","Unknown","Dry","Car occupant"
"4044","20161331Q0748",2016-01-26,2016,"Jan",26,"14:00",14,0,"Tuesday","Slight",1,"Slight","Pedestrian","Pedestrian","Male",21,"Unclassified","Single carriageway",30,NA,"In carriageway, not crossing","Unknown or other",426197,433182,"E01011729",1,"Not at junction or within 20 metres","Daylight","Unknown","Dry","Pedestrian"
"4045","20161331Q1048",2016-01-26,2016,"Jan",26,"16:40",16,40,"Tuesday","Slight",1,"Slight","Car occupant","Driver or rider","Female",59,"Unclassified","Single carriageway",30,"Unclassified","Not a Pedestrian","Not a Pedestrian",429848,432293,"E01033032",2,"Crossroads","Darkness - lights lit","Fine no high winds","Dry","Car occupant"
"4046","20161331T0680",2016-01-27,2016,"Jan",27,"15:29",15,29,"Wednesday","Slight",1,"Slight","Pedestrian","Pedestrian","Male",26,"Unclassified","Single carriageway",30,NA,"Crossing elsewhere within 50m. of pedestrian crossing","Crossing from offside - masked by  parked or stationary vehicle",428972,435484,"E01011443",1,"Not at junction or within 20 metres","Daylight","Unknown","Dry","Pedestrian"
"4047","20161331R1533",2016-01-27,2016,"Jan",27,"20:05",20,5,"Wednesday","Slight",1,"Slight","Car occupant","Driver or rider","Male",40,"Unclassified","Single carriageway",30,"Unclassified","Not a Pedestrian","Not a Pedestrian",440744,428684,"E01011308",2,"T or staggered junction","Daylight","Fine no high winds","Dry","Car occupant"
"4048","20161331R1458",2016-01-27,2016,"Jan",27,"20:15",20,15,"Wednesday","Slight",1,"Slight","Car occupant","Passenger","Female",43,"Unclassified","Single carriageway",30,NA,"Not a Pedestrian","Not a Pedestrian",422870,432283,"E01011601",2,"Not at junction or within 20 metres","Daylight","Unknown","Dry","Car occupant"
"4049","20161331R1561",2016-01-27,2016,"Jan",27,"21:22",21,22,"Wednesday","Slight",1,"Slight","Car occupant","Driver or rider","Female",28,"Motorway","Dual carriageway",50,NA,"Not a Pedestrian","Not a Pedestrian",428866,431649,"E01011366",2,"Not at junction or within 20 metres","Darkness - lights lit","Fine no high winds","Dry","Car occupant"
"4050","20161331S0136",2016-01-28,2016,"Jan",28,"02:54",2,54,"Thursday","Serious",1,"Serious","Cyclist","Driver or rider","Male",41,"Unclassified","Single carriageway",30,NA,"Not a Pedestrian","Not a Pedestrian",430554,431061,"E01011468",2,"Not at junction or within 20 metres","Darkness - lights lit","Fine no high winds","Dry","Cyclist"
"4051","20161331S0469",2016-01-28,2016,"Jan",28,"10:23",10,23,"Thursday","Slight",1,"Slight","Cyclist","Driver or rider","Male",50,"Unclassified","Single carriageway",30,"Unclassified","Not a Pedestrian","Not a Pedestrian",435929,435500,"E01011665",2,"T or staggered junction","Daylight","Fine no high winds","Wet or damp","Cyclist"
"4052","20161331S1268",2016-01-28,2016,"Jan",28,"16:10",16,10,"Thursday","Slight",1,"Slight","Cyclist","Driver or rider","Male",21,"A","Dual carriageway",30,"Unclassified","Not a Pedestrian","Not a Pedestrian",429309,435021,"E01033006",2,"T or staggered junction","Daylight","Fine no high winds","Wet or damp","Cyclist"
"4053","20161331S1218",2016-01-28,2016,"Jan",28,"17:30",17,30,"Thursday","Slight",2,"Slight","Car occupant","Driver or rider","Male",48,"A","Dual carriageway",40,NA,"Not a Pedestrian","Not a Pedestrian",432689,433854,"E01011615",2,"Not at junction or within 20 metres","Darkness - lights lit","Raining + high winds","Wet or damp","Car occupant"
"4054","20161331S1231",2016-01-28,2016,"Jan",28,"17:40",17,40,"Thursday","Serious",1,"Serious","Pedestrian","Pedestrian","Female",30,"B","Dual carriageway",30,"Unclassified","Crossing on pedestrian crossing facility","Crossing from driver's offside",428231,436525,"E01011692",1,"T or staggered junction","Darkness - lights lit","Unknown","Dry","Pedestrian"
"4055","20161331S1341",2016-01-28,2016,"Jan",28,"18:39",18,39,"Thursday","Slight",1,"Slight","Cyclist","Driver or rider","Female",43,"Unclassified","Single carriageway",30,"B","Not a Pedestrian","Not a Pedestrian",432284,435051,"E01011432",2,"Crossroads","Darkness - lights lit","Raining no high winds","Wet or damp","Cyclist"
"4056","20161331T0329",2016-01-28,2016,"Jan",28,"19:40",19,40,"Thursday","Slight",1,"Slight","Cyclist","Driver or rider","Male",47,"B","Single carriageway",30,"B","Not a Pedestrian","Not a Pedestrian",427821,436511,"E01011440",2,"T or staggered junction","Darkness - lights lit","Unknown","Dry","Cyclist"
"4057","20161331S1678",2016-01-28,2016,"Jan",28,"22:19",22,19,"Thursday","Slight",1,"Slight","Pedestrian","Pedestrian","Male",20,"Unclassified","One way street",30,NA,"Crossing on pedestrian crossing facility","Crossing from driver's nearside",429788,433491,"E01033016",1,"Not at junction or within 20 metres","Darkness - lights lit","Fine no high winds","Wet or damp","Pedestrian"