"","accident_index","date","year","month","day","time","time_hour","time_minute","day_of_week","accident_severity","number_of_casualties","casualty_severity","casualty_type","casualty_class","sex_of_casualty","age_of_casualty","first_road_class","road_type","speed_limit","second_road_class","pedestrian_location","pedestrian_movement","location_easting_osgr","location_northing_osgr","lsoa_of_accident_location","number_of_vehicles","junction_detail","light_conditions","weather_conditions","road_surface_conditions","cas_type"
"4058","20161331T0239",2016-01-29,2016,"Jan",29,"07:40",7,40,"Friday","Slight",1,"Slight","Motorcycle 50cc and under rider or passenger","Driver or rider","Male",18,"Unclassified","Single carriageway",30,NA,"Not a Pedestrian","Not a Pedestrian",425235,432958,"E01011727",2,"Not at junction or within 20 metres","Daylight","Fine no high winds","Wet or damp","Motorcyclist and pillion"
"4059","20161331T0267",2016-01-29,2016,"Jan",29,"08:00",8,0,"Friday","Slight",1,"Slight","Car occupant","Driver or rider","Female",22,"Unclassified","Single carriageway",30,"Unclassified","Not a Pedestrian","Not a Pedestrian",436483,435032,"E01011406",3,"T or staggered junction","Darkness - lights lit","Fine no high winds","Dry","Car occupant"
"4060","20161331T0287",2016-01-29,2016,"Jan",29,"08:15",8,15,"Friday","Slight",1,"Slight","Motorcycle 125cc and under rider or passenger","Driver or rider","Male",26,"Unclassified","Single carriageway",30,NA,"Not a Pedestrian","Not a Pedestrian",430535,433451,"E01033010",1,"Not at junction or within 20 metres","Darkness - lights lit","Unknown","Dry","Motorcyclist and pillion"
"4061","20161331T0338",2016-01-29,2016,"Jan",29,"08:59",8,59,"Friday","Slight",1,"Slight","Pedestrian","Pedestrian","Female",22,"A","One way street",30,NA,"In carriageway, crossing elsewhere","Crossing from offside - masked by  parked or stationary vehicle",429810,434420,"E01033005",1,"Not at junction or within 20 metres","Daylight","Fine no high winds","Wet or damp","Pedestrian"
"4062","20161331T0435",2016-01-29,2016,"Jan",29,"10:07",10,7,"Friday","Slight",1,"Slight","Car occupant","Driver or rider","Female",29,"Unclassified","Dual carriageway",30,"A","Not a Pedestrian","Not a Pedestrian",424679,433610,"E01011727",2,"Roundabout","Daylight","Raining + high winds","Wet or damp","Car occupant"
"4063","20161331T0591",2016-01-29,2016,"Jan",29,"11:45",11,45,"Friday","Slight",1,"Slight","Car occupant","Driver or rider","Female",38,"A","Dual carriageway",30,NA,"Not a Pedestrian","Not a Pedestrian",431324,431708,"E01011467",2,"Not at junction or within 20 metres","Daylight","Fine + high winds","Wet or damp","Car occupant"
"4064","20161331T1056",2016-01-29,2016,"Jan",29,"15:40",15,40,"Friday","Slight",1,"Slight","Cyclist","Driver or rider","Male",21,"Unclassified","Single carriageway",30,"A","Not a Pedestrian","Not a Pedestrian",432945,433980,"E01011348",2,"T or staggered junction","Daylight","Fine + high winds","Dry","Cyclist"
"4065","20161331T1234",2016-01-29,2016,"Jan",29,"17:11",17,11,"Friday","Slight",4,"Slight","Car occupant","Driver or rider","Female",25,"A(M)","Dual carriageway",70,NA,"Not a Pedestrian","Not a Pedestrian",443097,440631,"E01011712",4,"Not at junction or within 20 metres","Darkness - no lighting","Fine no high winds","Wet or damp","Car occupant"
"4066","2016133210421",2016-01-29,2016,"Jan",29,"18:00",18,0,"Friday","Slight",1,"Slight","Car occupant","Driver or rider","Female",23,"A","Dual carriageway",30,"Unclassified","Not a Pedestrian","Not a Pedestrian",429812,438919,"E01011558",2,"Roundabout","Darkness - lights lit","Unknown","Dry","Car occupant"
"4067","20161331T1394",2016-01-29,2016,"Jan",29,"18:26",18,26,"Friday","Slight",1,"Slight","Cyclist","Driver or rider","Male",24,"Unclassified","Single carriageway",30,"Unclassified","Not a Pedestrian","Not a Pedestrian",432291,436287,"E01011647",2,"T or staggered junction","Darkness - lights lit","Unknown","Dry","Cyclist"
"4068","20161331T1516",2016-01-29,2016,"Jan",29,"19:30",19,30,"Friday","Slight",1,"Slight","Pedestrian","Pedestrian","Male",70,"Unclassified","Single carriageway",30,"Unclassified","In carriageway, crossing elsewhere","Crossing from driver's nearside",428534,437104,"E01011689",1,"T or staggered junction","Darkness - lights lit","Fine + high winds","Dry","Pedestrian"
"4069","20161331T1712",2016-01-29,2016,"Jan",29,"21:10",21,10,"Friday","Slight",1,"Slight","Taxi/Private hire car occupant","Driver or rider","Male",33,"B","Single carriageway",30,"Unclassified","Not a Pedestrian","Not a Pedestrian",422903,434711,"E01011328",2,"T or staggered junction","Darkness - lights lit","Unknown","Dry","Car occupant"
"4070","20161331U0278",2016-01-30,2016,"Jan",30,"04:30",4,30,"Saturday","Serious",1,"Serious","Van / Goods vehicle (3.5 tonnes mgw or under) occupant","Driver or rider","Male",35,"B","Single carriageway",30,"Unclassified","Not a Pedestrian","Not a Pedestrian",426797,433071,"E01011729",1,"T or staggered junction","Darkness - lighting unknown","Unknown","Dry","Bus and goods vehicle occupant"
"4071","20161331U0525",2016-01-30,2016,"Jan",30,"10:40",10,40,"Saturday","Slight",1,"Slight","Pedestrian","Pedestrian","Female",81,"B","Single carriageway",30,"Unclassified","In carriageway, crossing elsewhere","Unknown or other",422627,433537,"E01011610",1,"Private drive or entrance","Daylight","Fine no high winds","Wet or damp","Pedestrian"
"4072","20161331U0881",2016-01-30,2016,"Jan",30,"12:45",12,45,"Saturday","Slight",1,"Slight","Cyclist","Driver or rider","Male",33,"A","Dual carriageway",30,"Unclassified","Not a Pedestrian","Not a Pedestrian",435951,435475,"E01011665",2,"T or staggered junction","Daylight","Snowing + high winds","Wet or damp","Cyclist"
"4073","20161331U1291",2016-01-30,2016,"Jan",30,"18:55",18,55,"Saturday","Slight",1,"Slight","Car occupant","Driver or rider","Male",48,"Motorway","Slip road",50,"A","Not a Pedestrian","Not a Pedestrian",431825,430454,"E01011469",1,"Slip road","Darkness - lights lit","Snowing no high winds","Wet or damp","Car occupant"
"4074","20161331V0671",2016-01-31,2016,"Jan",31,"11:46",11,46,"Sunday","Slight",1,"Slight","Pedestrian","Pedestrian","Male",28,"Unclassified","Single carriageway",30,"Unclassified","In carriageway, crossing elsewhere","Crossing from driver's nearside",420275,445365,"E01011569",1,"T or staggered junction","Daylight","Fine no high winds","Wet or damp","Pedestrian"
"4075","20161331V0635",2016-01-31,2016,"Jan",31,"11:55",11,55,"Sunday","Slight",5,"Slight","Car occupant","Driver or rider","Female",37,"Unclassified","Single carriageway",30,"Unclassified","Not a Pedestrian","Not a Pedestrian",431404,435028,"E01011673",2,"Crossroads","Daylight","Fine no high winds","Wet or damp","Car occupant"
"4076","20161331V0877",2016-01-31,2016,"Jan",31,"14:50",14,50,"Sunday","Slight",1,"Slight","Cyclist","Driver or rider","Male",41,"Unclassified","Single carriageway",40,NA,"Not a Pedestrian","Not a Pedestrian",425664,439612,"E01011379",2,"Not at junction or within 20 metres","Daylight","Fine no high winds","Dry","Cyclist"
"4077","20161331V1251",2016-01-31,2016,"Jan",31,"15:35",15,35,"Sunday","Slight",1,"Slight","Pedestrian","Pedestrian","Male",20,"Unclassified","Single carriageway",30,NA,"Unknown or other","Unknown or other",430036,434078,"E01033010",1,"Not at junction or within 20 metres","Daylight","Fine + high winds","Dry","Pedestrian"
"4078","20161331V1126",2016-01-31,2016,"Jan",31,"17:34",17,34,"Sunday","Slight",1,"Slight","Car occupant","Driver or rider","Male",64,"A","Dual carriageway",40,"Unclassified","Not a Pedestrian","Not a Pedestrian",429948,436664,"E01011350",1,"Roundabout","Darkness - lights lit","Fine no high winds","Wet or damp","Car occupant"
"4079","2016133261396",2016-01-31,2016,"Jan",31,"19:25",19,25,"Sunday","Serious",1,"Serious","Cyclist","Driver or rider","Male",25,"Unclassified","One way street",40,"Unclassified","Not a Pedestrian","Not a Pedestrian",436229,435593,"E01011724",2,"T or staggered junction","Darkness - lights lit","Raining no high winds","Wet or damp","Cyclist"
"4080","2016133210161",2016-02-01,2016,"Feb",1,"05:00",5,0,"Monday","Slight",1,"Slight","Car occupant","Driver or rider","Male",34,"Unclassified","Single carriageway",30,NA,"Not a Pedestrian","Not a Pedestrian",440272,449564,"E01011698",2,"Not at junction or within 20 metres","Darkness - lights lit","Fine + high winds","Wet or damp","Car occupant"
"4081","2016133210475",2016-02-01,2016,"Feb",1,"10:39",10,39,"Monday","Slight",1,"Slight","Pedestrian","Pedestrian","Male",28,"Unclassified","Dual carriageway",30,"A","Crossing on pedestrian crossing facility","Crossing from driver's nearside",431026,433540,"E01033011",1,"T or staggered junction","Daylight","Fine no high winds","Wet or damp","Pedestrian"
"4082","2016133210607",2016-02-01,2016,"Feb",1,"12:05",12,5,"Monday","Slight",2,"Slight","Car occupant","Driver or rider","Female",52,"Unclassified","Dual carriageway",40,"Unclassified","Not a Pedestrian","Not a Pedestrian",435675,434795,"E01011343",3,"Crossroads","Daylight","Fine + high winds","Dry","Car occupant"
"4083","2016133211478",2016-02-01,2016,"Feb",1,"15:10",15,10,"Monday","Slight",1,"Slight","Pedestrian","Pedestrian","Female",26,"Unclassified","Single carriageway",30,NA,"On footway or verge","Unknown or other",426743,427878,"E01032489",1,"Not at junction or within 20 metres","Daylight","Fine no high winds","Dry","Pedestrian"
"4084","2016133210942",2016-02-01,2016,"Feb",1,"15:30",15,30,"Monday","Slight",1,"Slight","Pedestrian","Pedestrian","Female",85,"Unclassified","Single carriageway",30,"Unclassified","In carriageway, crossing elsewhere","Crossing from driver's offside",431881,435453,"E01011429",1,"T or staggered junction","Daylight","Fine + high winds","Dry","Pedestrian"
"4085","2016133210980",2016-02-01,2016,"Feb",1,"15:45",15,45,"Monday","Slight",3,"Slight","Car occupant","Passenger","Male",6,"Unclassified","Single carriageway",30,"Unclassified","Not a Pedestrian","Not a Pedestrian",432858,435382,"E01011424",2,"Crossroads","Daylight","Unknown","Dry","Car occupant"
"4086","2016133231343",2016-02-02,2016,"Feb",2,"06:45",6,45,"Tuesday","Slight",1,"Slight","Taxi/Private hire car occupant","Driver or rider","Male",36,"Unclassified","Single carriageway",30,NA,"Not a Pedestrian","Not a Pedestrian",429464,433392,"E01033015",3,"Not at junction or within 20 metres","Daylight","Fine no high winds","Dry","Car occupant"
"4087","2016133220231",2016-02-02,2016,"Feb",2,"08:10",8,10,"Tuesday","Slight",1,"Slight","Car occupant","Driver or rider","Male",31,"Motorway","Dual carriageway",70,"Motorway","Not a Pedestrian","Not a Pedestrian",432173,425966,"E01011499",2,"Slip road","Daylight","Fine + high winds","Dry","Car occupant"
"4088","2016133220493",2016-02-02,2016,"Feb",2,"11:26",11,26,"Tuesday","Slight",1,"Slight","Car occupant","Driver or rider","Female",73,"Motorway","Slip road",70,"A","Not a Pedestrian","Not a Pedestrian",430785,424533,"E01011537",2,"Roundabout","Daylight","Fine no high winds","Dry","Car occupant"
"4089","2016133221429",2016-02-02,2016,"Feb",2,"18:00",18,0,"Tuesday","Slight",1,"Slight","Cyclist","Driver or rider","Male",41,"A","Single carriageway",30,"Unclassified","Not a Pedestrian","Not a Pedestrian",427896,436200,"E01011451",2,"Crossroads","Darkness - lights lit","Unknown","Wet or damp","Cyclist"
"4090","2016133221533",2016-02-02,2016,"Feb",2,"22:05",22,5,"Tuesday","Slight",1,"Slight","Motorcycle over 125cc and up to 500cc rider or  passenger","Driver or rider","Male",24,"Unclassified","Single carriageway",30,"Unclassified","Not a Pedestrian","Not a Pedestrian",431966,435835,"E01011422",2,"T or staggered junction","Darkness - lights lit","Other","Wet or damp","Motorcyclist and pillion"
"4091","2016133240312",2016-02-03,2016,"Feb",3,"08:45",8,45,"Wednesday","Slight",1,"Slight","Car occupant","Driver or rider","Female",30,"Unclassified","Single carriageway",30,NA,"Not a Pedestrian","Not a Pedestrian",431583,429064,"E01011476",2,"Not at junction or within 20 metres","Daylight","Fine no high winds","Wet or damp","Car occupant"
"4092","2016133230884",2016-02-03,2016,"Feb",3,"09:20",9,20,"Wednesday","Serious",1,"Serious","Cyclist","Driver or rider","Male",24,"Unclassified","Single carriageway",30,"Unclassified","Not a Pedestrian","Not a Pedestrian",422305,443629,"E01032503",2,"T or staggered junction","Daylight","Fine no high winds","Wet or damp","Cyclist"
"4093","2016133230901",2016-02-03,2016,"Feb",3,"11:45",11,45,"Wednesday","Slight",1,"Slight","Pedestrian","Pedestrian","Female",86,"Unclassified","Unknown",20,NA,"On footway or verge","Unknown or other",419911,445189,"E01011574",1,"Not at junction or within 20 metres","Daylight","Fine no high winds","Wet or damp","Pedestrian"
"4094","2016133230777",2016-02-03,2016,"Feb",3,"12:15",12,15,"Wednesday","Serious",1,"Serious","Pedestrian","Pedestrian","Female",86,"Unclassified","Single carriageway",20,"Unclassified","In carriageway, crossing elsewhere","Crossing from driver's offside",426013,433936,"E01032499",1,"T or staggered junction","Daylight","Fine no high winds","Dry","Pedestrian"
"4095","2016133230659",2016-02-03,2016,"Feb",3,"13:06",13,6,"Wednesday","Slight",2,"Slight","Car occupant","Passenger","Female",28,"Unclassified","Single carriageway",30,NA,"Not a Pedestrian","Not a Pedestrian",429466,427604,"E01011493",2,"Not at junction or within 20 metres","Daylight","Fine no high winds","Dry","Car occupant"
"4096","2016133230661",2016-02-03,2016,"Feb",3,"13:19",13,19,"Wednesday","Slight",1,"Slight","Car occupant","Passenger","Female",47,"A","Slip road",30,"Unclassified","Not a Pedestrian","Not a Pedestrian",429373,433781,"E01011678",3,"Crossroads","Daylight","Fine no high winds","Dry","Car occupant"
"4097","2016133230666",2016-02-03,2016,"Feb",3,"13:21",13,21,"Wednesday","Slight",1,"Slight","Pedestrian","Pedestrian","Female",24,"A","Single carriageway",30,NA,"In carriageway, crossing elsewhere","Crossing from driver's offside",439049,426668,"E01011393",1,"Not at junction or within 20 metres","Daylight","Fine no high winds","Dry","Pedestrian"
"4098","2016133230848",2016-02-03,2016,"Feb",3,"15:07",15,7,"Wednesday","Serious",3,"Slight","Car occupant","Driver or rider","Female",80,"A","Single carriageway",30,"Unclassified","Not a Pedestrian","Not a Pedestrian",420428,440372,"E01011277",3,"T or staggered junction","Daylight","Unknown","Dry","Car occupant"
"4099","2016133231217",2016-02-03,2016,"Feb",3,"15:13",15,13,"Wednesday","Slight",1,"Slight","Bus or coach occupant (17 or more pass seats)","Passenger","Male",77,"Unclassified","Single carriageway",30,NA,"Not a Pedestrian","Not a Pedestrian",432844,434994,"E01011431",2,"Not at junction or within 20 metres","Daylight","Fine no high winds","Wet or damp","Bus and goods vehicle occupant"
"4100","2016133231235",2016-02-03,2016,"Feb",3,"16:20",16,20,"Wednesday","Slight",1,"Slight","Car occupant","Driver or rider","Female",32,"A","Single carriageway",30,"Unclassified","Not a Pedestrian","Not a Pedestrian",429109,433552,"E01033008",2,"More than 4 arms (not roundabout)","Daylight","Unknown","Dry","Car occupant"
"4101","2016133231158",2016-02-03,2016,"Feb",3,"17:47",17,47,"Wednesday","Slight",1,"Slight","Car occupant","Driver or rider","Female",41,"Motorway","Dual carriageway",50,NA,"Not a Pedestrian","Not a Pedestrian",431027,430577,"E01011471",3,"Not at junction or within 20 metres","Darkness - lights lit","Fine no high winds","Dry","Car occupant"
"4102","2016133240129",2016-02-04,2016,"Feb",4,"04:00",4,0,"Thursday","Serious",2,"Serious","Pedestrian","Pedestrian","Male",20,"Unclassified","Dual carriageway",30,"A","Crossing elsewhere within 50m. of pedestrian crossing","Crossing from driver's nearside",429514,433793,"E01033008",1,"T or staggered junction","Darkness - lights lit","Raining no high winds","Wet or damp","Pedestrian"
"4103","2016133241275",2016-02-04,2016,"Feb",4,"18:04",18,4,"Thursday","Slight",1,"Slight","Car occupant","Passenger","Male",8,"Unclassified","Single carriageway",30,"Unclassified","Not a Pedestrian","Not a Pedestrian",432823,435217,"E01011431",2,"T or staggered junction","Daylight","Fine no high winds","Dry","Car occupant"
"4104","2016133241773",2016-02-04,2016,"Feb",4,"23:05",23,5,"Thursday","Slight",2,"Slight","Car occupant","Passenger","Female",31,"Unclassified","Single carriageway",30,NA,"Not a Pedestrian","Not a Pedestrian",429146,433505,"E01033015",3,"Not at junction or within 20 metres","Darkness - lights lit","Fine no high winds","Dry","Car occupant"
"4105","2016133250020",2016-02-05,2016,"Feb",5,"00:05",0,5,"Friday","Serious",1,"Serious","Pedestrian","Pedestrian","Male",22,"Unclassified","Dual carriageway",30,NA,"In carriageway, crossing elsewhere","Crossing from driver's offside",429937,433040,"E01033016",1,"Not at junction or within 20 metres","Darkness - lights lit","Fine no high winds","Dry","Pedestrian"
"4106","2016133250763",2016-02-05,2016,"Feb",5,"13:37",13,37,"Friday","Serious",3,"Serious","Motorcycle 125cc and under rider or passenger","Driver or rider","Male",22,"Unclassified","Single carriageway",30,NA,"Not a Pedestrian","Not a Pedestrian",427967,435720,"E01011440",1,"Not at junction or within 20 metres","Daylight","Fine no high winds","Dry","Motorcyclist and pillion"
"4107","2016133250808",2016-02-05,2016,"Feb",5,"13:59",13,59,"Friday","Slight",1,"Slight","Car occupant","Driver or rider","Male",50,"A","Single carriageway",30,"Unclassified","Not a Pedestrian","Not a Pedestrian",427749,436433,"E01011435",2,"Crossroads","Daylight","Fine no high winds","Dry","Car occupant"
"4108","2016133250909",2016-02-05,2016,"Feb",5,"14:45",14,45,"Friday","Slight",2,"Slight","Car occupant","Driver or rider","Male",29,"Unclassified","Single carriageway",30,"Unclassified","Not a Pedestrian","Not a Pedestrian",427283,433766,"E01011284",2,"Crossroads","Daylight","Fine no high winds","Dry","Car occupant"
"4109","2016133251140",2016-02-05,2016,"Feb",5,"16:39",16,39,"Friday","Slight",1,"Slight","Cyclist","Driver or rider","Male",24,"Unclassified","Single carriageway",30,"B","Not a Pedestrian","Not a Pedestrian",429461,436019,"E01011669",2,"Crossroads","Darkness - lights lit","Unknown","Dry","Cyclist"
"4110","2016133260392",2016-02-06,2016,"Feb",6,"08:40",8,40,"Saturday","Slight",1,"Slight","Car occupant","Passenger","Female",22,"A","Single carriageway",50,NA,"Not a Pedestrian","Not a Pedestrian",435658,440202,"E01011311",1,"Not at junction or within 20 metres","Daylight","Raining no high winds","Wet or damp","Car occupant"
"4111","2016133261553",2016-02-06,2016,"Feb",6,"11:30",11,30,"Saturday","Slight",1,"Slight","Cyclist","Driver or rider","Male",40,"A","Single carriageway",30,"Unclassified","Not a Pedestrian","Not a Pedestrian",428307,434106,"E01011681",2,"Private drive or entrance","Daylight","Unknown","Dry","Cyclist"
"4112","2016133260640",2016-02-06,2016,"Feb",6,"12:14",12,14,"Saturday","Slight",1,"Slight","Car occupant","Driver or rider","Male",70,"Motorway","Dual carriageway",70,NA,"Not a Pedestrian","Not a Pedestrian",431034,424695,"E01011537",2,"Not at junction or within 20 metres","Daylight","Raining no high winds","Wet or damp","Car occupant"
"4113","2016133260782",2016-02-06,2016,"Feb",6,"13:44",13,44,"Saturday","Slight",1,"Slight","Car occupant","Driver or rider","Female",43,"A","Single carriageway",40,NA,"Not a Pedestrian","Not a Pedestrian",436518,434022,"E01011412",2,"Not at junction or within 20 metres","Daylight","Raining no high winds","Wet or damp","Car occupant"
"4114","2016133261079",2016-02-06,2016,"Feb",6,"16:45",16,45,"Saturday","Serious",1,"Serious","Motorcycle over 125cc and up to 500cc rider or  passenger","Passenger","Male",18,"Unclassified","Single carriageway",30,NA,"Not a Pedestrian","Not a Pedestrian",431603,426687,"E01011499",2,"Not at junction or within 20 metres","Daylight","Fine no high winds","Wet or damp","Motorcyclist and pillion"
"4115","2016133261181",2016-02-06,2016,"Feb",6,"17:34",17,34,"Saturday","Slight",1,"Slight","Car occupant","Passenger","Female",37,"A","Single carriageway",30,"A","Not a Pedestrian","Not a Pedestrian",434792,437967,"E01011650",2,"Roundabout","Daylight","Unknown","Dry","Car occupant"
"4116","2016133280323",2016-02-06,2016,"Feb",6,"22:20",22,20,"Saturday","Slight",1,"Slight","Pedestrian","Pedestrian","Female",46,"Unclassified","Single carriageway",30,NA,"Unknown or other","Unknown or other",430233,433333,"E01033010",1,"Not at junction or within 20 metres","Darkness - lights lit","Unknown","Dry","Pedestrian"
"4117","2016133271019",2016-02-07,2016,"Feb",7,"15:12",15,12,"Sunday","Slight",1,"Slight","Bus or coach occupant (17 or more pass seats)","Passenger","Female",4,"A","Single carriageway",30,NA,"Not a Pedestrian","Not a Pedestrian",424689,435030,"E01011336",1,"Not at junction or within 20 metres","Daylight","Unknown","Dry","Bus and goods vehicle occupant"
"4118","2016133271173",2016-02-07,2016,"Feb",7,"18:00",18,0,"Sunday","Slight",4,"Slight","Car occupant","Driver or rider","Female",69,"B","Single carriageway",30,"Unclassified","Not a Pedestrian","Not a Pedestrian",435942,433600,"E01011416",2,"T or staggered junction","Darkness - lights lit","Raining + high winds","Wet or damp","Car occupant"
"4119","2016133271224",2016-02-07,2016,"Feb",7,"18:30",18,30,"Sunday","Slight",2,"Slight","Car occupant","Driver or rider","Female",72,"Unclassified","Single carriageway",30,NA,"Not a Pedestrian","Not a Pedestrian",433388,435467,"E01011431",2,"Not at junction or within 20 metres","Darkness - lighting unknown","Unknown","Dry","Car occupant"
"4120","2016133271461",2016-02-07,2016,"Feb",7,"21:05",21,5,"Sunday","Slight",3,"Slight","Car occupant","Driver or rider","Female",35,"Motorway","Unknown",70,NA,"Not a Pedestrian","Not a Pedestrian",436117,431173,"E01011420",4,"Not at junction or within 20 metres","Darkness - no lighting","Raining + high winds","Wet or damp","Car occupant"
"4121","2016133271538",2016-02-07,2016,"Feb",7,"22:05",22,5,"Sunday","Slight",1,"Slight","Taxi/Private hire car occupant","Driver or rider","Male",48,"Unclassified","Single carriageway",30,"Unclassified","Not a Pedestrian","Not a Pedestrian",428096,434513,"E01011481",2,"Crossroads","Darkness - lights lit","Raining no high winds","Wet or damp","Car occupant"
"4122","2016133280172",2016-02-08,2016,"Feb",8,"07:25",7,25,"Monday","Slight",1,"Slight","Motorcycle 125cc and under rider or passenger","Driver or rider","Male",25,"Unclassified","Single carriageway",30,NA,"Not a Pedestrian","Not a Pedestrian",428266,435438,"E01011442",2,"Not at junction or within 20 metres","Daylight","Raining + high winds","Wet or damp","Motorcyclist and pillion"
"4123","2016133280245",2016-02-08,2016,"Feb",8,"08:47",8,47,"Monday","Slight",1,"Slight","Car occupant","Driver or rider","Male",24,"A","Dual carriageway",40,NA,"Not a Pedestrian","Not a Pedestrian",432569,429755,"E01011470",2,"Not at junction or within 20 metres","Daylight","Raining no high winds","Wet or damp","Car occupant"
"4124","2016133280497",2016-02-08,2016,"Feb",8,"11:35",11,35,"Monday","Slight",1,"Slight","Cyclist","Driver or rider","Male",29,"Unclassified","Single carriageway",30,"Unclassified","Not a Pedestrian","Not a Pedestrian",431763,434251,"E01011677",2,"T or staggered junction","Daylight","Raining no high winds","Wet or damp","Cyclist"
"4125","2016133280742",2016-02-08,2016,"Feb",8,"14:07",14,7,"Monday","Slight",1,"Slight","Car occupant","Passenger","Male",46,"Unclassified","Single carriageway",30,"Unclassified","Not a Pedestrian","Not a Pedestrian",423180,438141,"E01011461",2,"T or staggered junction","Daylight","Fine no high winds","Wet or damp","Car occupant"
"4126","2016133281144",2016-02-08,2016,"Feb",8,"17:25",17,25,"Monday","Serious",2,"Serious","Taxi/Private hire car occupant","Driver or rider","Male",36,"Unclassified","Single carriageway",30,"Unclassified","Not a Pedestrian","Not a Pedestrian",432344,434497,"E01011347",3,"T or staggered junction","Darkness - lights lit","Fine no high winds","Wet or damp","Car occupant"
"4127","2016133281345",2016-02-08,2016,"Feb",8,"19:20",19,20,"Monday","Slight",1,"Slight","Cyclist","Driver or rider","Female",23,"A","Roundabout",40,"A","Not a Pedestrian","Not a Pedestrian",426852,438038,"E01011685",2,"Roundabout","Darkness - lights lit","Raining + high winds","Wet or damp","Cyclist"
"4128","2016133290799",2016-02-09,2016,"Feb",9,"02:45",2,45,"Tuesday","Slight",1,"Slight","Motorcycle 125cc and under rider or passenger","Driver or rider","Male",20,"A","Dual carriageway",40,"Unclassified","Not a Pedestrian","Not a Pedestrian",425915,432238,"E01011737",2,"T or staggered junction","Daylight","Fine no high winds","Dry","Motorcyclist and pillion"
"4129","2016133290175",2016-02-09,2016,"Feb",9,"07:19",7,19,"Tuesday","Slight",1,"Slight","Motorcycle 125cc and under rider or passenger","Driver or rider","Male",20,"Unclassified","Single carriageway",20,"Unclassified","Not a Pedestrian","Not a Pedestrian",424970,435142,"E01011332",2,"T or staggered junction","Daylight","Raining no high winds","Wet or damp","Motorcyclist and pillion"
"4130","2016133290295",2016-02-09,2016,"Feb",9,"09:15",9,15,"Tuesday","Slight",1,"Slight","Car occupant","Driver or rider","Male",40,"A","Dual carriageway",40,NA,"Not a Pedestrian","Not a Pedestrian",428024,433585,"E01011294",5,"Not at junction or within 20 metres","Daylight","Fine no high winds","Wet or damp","Car occupant"
"4131","2016133290404",2016-02-09,2016,"Feb",9,"10:30",10,30,"Tuesday","Serious",1,"Serious","Car occupant","Driver or rider","Female",20,"Unclassified","Dual carriageway",30,"A","Not a Pedestrian","Not a Pedestrian",436085,434788,"E01011345",2,"Roundabout","Daylight","Fine no high winds","Dry","Car occupant"
"4132","2016133290649",2016-02-09,2016,"Feb",9,"12:55",12,55,"Tuesday","Slight",1,"Slight","Pedestrian","Pedestrian","Female",70,"Unclassified","Single carriageway",30,NA,"In carriageway, not crossing","Walking along in carriageway, facing traffic",436212,434702,"E01011408",1,"Not at junction or within 20 metres","Daylight","Unknown","Dry","Pedestrian"
"4133","20161332O0549",2016-02-09,2016,"Feb",9,"15:55",15,55,"Tuesday","Slight",1,"Slight","Pedestrian","Pedestrian","Female",15,"Unclassified","Single carriageway",30,"Unclassified","On footway or verge","Unknown or other",437308,435785,"E01011407",1,"T or staggered junction","Daylight","Unknown","Dry","Pedestrian"
"4134","2016133291007",2016-02-09,2016,"Feb",9,"16:20",16,20,"Tuesday","Slight",1,"Slight","Car occupant","Driver or rider","Female",44,"Unclassified","Dual carriageway",30,NA,"Not a Pedestrian","Not a Pedestrian",430409,431174,"E01011374",2,"Not at junction or within 20 metres","Daylight","Fine no high winds","Dry","Car occupant"
"4135","2016133290991",2016-02-09,2016,"Feb",9,"16:24",16,24,"Tuesday","Slight",1,"Slight","Car occupant","Driver or rider","Female",71,"A","Single carriageway",30,"Unclassified","Not a Pedestrian","Not a Pedestrian",436224,434331,"E01011408",2,"Other junction","Darkness - lights lit","Unknown","Dry","Car occupant"
"4136","2016133291018",2016-02-09,2016,"Feb",9,"16:35",16,35,"Tuesday","Slight",1,"Slight","Cyclist","Driver or rider","Female",14,"Unclassified","One way street",30,"Unclassified","Not a Pedestrian","Not a Pedestrian",425412,434440,"E01011283",2,"T or staggered junction","Daylight","Fine no high winds","Dry","Cyclist"
"4137","2016133291048",2016-02-09,2016,"Feb",9,"16:48",16,48,"Tuesday","Slight",1,"Slight","Car occupant","Driver or rider","Female",32,"A","Single carriageway",30,NA,"Not a Pedestrian","Not a Pedestrian",424556,437051,"E01011453",2,"Not at junction or within 20 metres","Daylight","Fine no high winds","Dry","Car occupant"
"4138","2016133291328",2016-02-09,2016,"Feb",9,"19:11",19,11,"Tuesday","Slight",1,"Slight","Car occupant","Driver or rider","Male",42,"A","Dual carriageway",30,"A","Not a Pedestrian","Not a Pedestrian",426819,438050,"E01011687",2,"Roundabout","Daylight","Fine no high winds","Dry","Car occupant"
"4139","20161332A0287",2016-02-10,2016,"Feb",10,"08:35",8,35,"Wednesday","Slight",1,"Slight","Cyclist","Driver or rider","Male",25,"A","Single carriageway",30,"Unclassified","Not a Pedestrian","Not a Pedestrian",431131,431918,"E01011467",2,"T or staggered junction","Daylight","Unknown","Dry","Cyclist"
"4140","20161332A0255",2016-02-10,2016,"Feb",10,"08:38",8,38,"Wednesday","Slight",1,"Slight","Pedestrian","Pedestrian","Female",41,"Unclassified","Single carriageway",30,"B","In carriageway, crossing elsewhere","Crossing from driver's nearside",431616,436135,"E01011359",1,"T or staggered junction","Daylight","Fine no high winds","Dry","Pedestrian"