"","accident_index","date","year","month","day","time","time_hour","time_minute","day_of_week","accident_severity","number_of_casualties","casualty_severity","casualty_type","casualty_class","sex_of_casualty","age_of_casualty","first_road_class","road_type","speed_limit","second_road_class","pedestrian_location","pedestrian_movement","location_easting_osgr","location_northing_osgr","lsoa_of_accident_location","number_of_vehicles","junction_detail","light_conditions","weather_conditions","road_surface_conditions","cas_type"
"4225","20161332P1428",2016-02-25,2016,"Feb",25,"18:10",18,10,"Thursday","Slight",1,"Slight","Car occupant","Driver or rider","Male",25,"Unclassified","Single carriageway",30,"B","Not a Pedestrian","Not a Pedestrian",421064,434481,"E01011599",2,"T or staggered junction","Darkness - lighting unknown","Unknown","Dry","Car occupant"
"4226","20161332Q0170",2016-02-26,2016,"Feb",26,"06:47",6,47,"Friday","Slight",1,"Slight","Cyclist","Driver or rider","Male",15,"Unclassified","Single carriageway",30,NA,"Not a Pedestrian","Not a Pedestrian",419988,441167,"E01011275",2,"Not at junction or within 20 metres","Daylight","Unknown","Dry","Cyclist"
"4227","20161332Q0653",2016-02-26,2016,"Feb",26,"13:00",13,0,"Friday","Slight",1,"Slight","Car occupant","Passenger","Female",77,"Unclassified","Dual carriageway",30,"Unclassified","Not a Pedestrian","Not a Pedestrian",430770,433455,"E01033011",2,"T or staggered junction","Daylight","Fine no high winds","Dry","Car occupant"
"4228","20161332Q0711",2016-02-26,2016,"Feb",26,"13:40",13,40,"Friday","Slight",4,"Slight","Car occupant","Driver or rider","Male",46,"A(M)","Dual carriageway",70,NA,"Not a Pedestrian","Not a Pedestrian",440665,446078,"E01011707",4,"Not at junction or within 20 metres","Daylight","Fine no high winds","Dry","Car occupant"
"4229","20161332Q0978",2016-02-26,2016,"Feb",26,"15:25",15,25,"Friday","Slight",1,"Slight","Bus or coach occupant (17 or more pass seats)","Passenger","Male",1,"A","Dual carriageway",40,NA,"Not a Pedestrian","Not a Pedestrian",433869,436509,"E01011421",1,"Not at junction or within 20 metres","Daylight","Unknown","Dry","Bus and goods vehicle occupant"
"4230","20161332Q1721",2016-02-26,2016,"Feb",26,"22:35",22,35,"Friday","Slight",1,"Slight","Taxi/Private hire car occupant","Driver or rider","Male",45,"Unclassified","Single carriageway",30,"Unclassified","Not a Pedestrian","Not a Pedestrian",429595,435397,"E01011670",2,"T or staggered junction","Darkness - lights lit","Unknown","Dry","Car occupant"
"4231","20161332R0027",2016-02-27,2016,"Feb",27,"00:11",0,11,"Saturday","Serious",1,"Serious","Car occupant","Passenger","Male",25,"Unclassified","Single carriageway",30,"Unclassified","Not a Pedestrian","Not a Pedestrian",425057,433281,"E01011739",2,"Roundabout","Darkness - lights lit","Fine no high winds","Dry","Car occupant"
"4232","20161332R0154",2016-02-27,2016,"Feb",27,"02:06",2,6,"Saturday","Slight",5,"Slight","Car occupant","Passenger","Male",24,"Unclassified","Single carriageway",40,"Unclassified","Not a Pedestrian","Not a Pedestrian",431623,426334,"E01011499",2,"Other junction","Darkness - lights lit","Fine no high winds","Dry","Car occupant"
"4233","20161332R1322",2016-02-27,2016,"Feb",27,"19:15",19,15,"Saturday","Serious",1,"Serious","Motorcycle 125cc and under rider or passenger","Driver or rider","Male",16,"Unclassified","Unknown",20,NA,"Not a Pedestrian","Not a Pedestrian",429584,435583,"E01011670",1,"Not at junction or within 20 metres","Darkness - no lighting","Fine no high winds","Dry","Motorcyclist and pillion"
"4234","20161332R1361",2016-02-27,2016,"Feb",27,"19:40",19,40,"Saturday","Slight",4,"Slight","Car occupant","Driver or rider","Female",25,"A","Dual carriageway",40,"Unclassified","Not a Pedestrian","Not a Pedestrian",427743,425799,"E01011548",2,"Crossroads","Darkness - lights lit","Fine no high winds","Dry","Car occupant"
"4235","20161332Q1456",2016-02-27,2016,"Feb",27,"20:17",20,17,"Saturday","Serious",1,"Serious","Car occupant","Driver or rider","Male",20,"Unclassified","Single carriageway",30,NA,"Not a Pedestrian","Not a Pedestrian",424683,438564,"E01032502",2,"Not at junction or within 20 metres","Daylight","Fine no high winds","Wet or damp","Car occupant"
"4236","20161332S0671",2016-02-28,2016,"Feb",28,"10:37",10,37,"Sunday","Slight",1,"Slight","Cyclist","Driver or rider","Male",40,"A","Single carriageway",30,"Unclassified","Not a Pedestrian","Not a Pedestrian",437977,429964,"E01011391",2,"T or staggered junction","Daylight","Fine no high winds","Dry","Cyclist"
"4237","20161332S0952",2016-02-28,2016,"Feb",28,"14:32",14,32,"Sunday","Slight",1,"Slight","Cyclist","Driver or rider","Female",50,"Unclassified","Single carriageway",30,"Unclassified","Not a Pedestrian","Not a Pedestrian",424767,435352,"E01011332",3,"T or staggered junction","Daylight","Fine no high winds","Dry","Cyclist"
"4238","20161332Q0967",2016-02-28,2016,"Feb",28,"15:40",15,40,"Sunday","Serious",1,"Serious","Cyclist","Driver or rider","Male",38,"Unclassified","Single carriageway",30,"Unclassified","Not a Pedestrian","Not a Pedestrian",433838,434449,"E01011346",2,"T or staggered junction","Daylight","Fine no high winds","Dry","Cyclist"
"4239","20161332S1276",2016-02-28,2016,"Feb",28,"17:30",17,30,"Sunday","Slight",1,"Slight","Minibus (8 - 16 passenger seats) occupant","Driver or rider","Male",47,"Unclassified","Dual carriageway",30,"Unclassified","Not a Pedestrian","Not a Pedestrian",426139,437275,"E01011484",2,"T or staggered junction","Darkness - lights lit","Fine no high winds","Dry","Bus and goods vehicle occupant"
"4240","20161332S1329",2016-02-28,2016,"Feb",28,"18:10",18,10,"Sunday","Serious",4,"Slight","Car occupant","Driver or rider","Female",58,"Unclassified","Single carriageway",30,"Motorway","Not a Pedestrian","Not a Pedestrian",430998,430603,"E01011471",2,"T or staggered junction","Darkness - lights lit","Fine no high winds","Dry","Car occupant"
"4241","20161332S1488",2016-02-28,2016,"Feb",28,"19:45",19,45,"Sunday","Slight",2,"Slight","Car occupant","Passenger","Female",27,"Motorway","Dual carriageway",70,"Motorway","Not a Pedestrian","Not a Pedestrian",430429,430997,"E01011468",2,"Slip road","Darkness - lights lit","Fine no high winds","Dry","Car occupant"
"4242","20161332S1796",2016-02-28,2016,"Feb",28,"23:48",23,48,"Sunday","Slight",1,"Slight","Taxi/Private hire car occupant","Passenger","Male",17,"B","Single carriageway",30,NA,"Not a Pedestrian","Not a Pedestrian",439308,426154,"E01011395",2,"Not at junction or within 20 metres","Darkness - lights lit","Fine no high winds","Wet or damp","Car occupant"
"4243","20161332T0243",2016-02-29,2016,"Feb",29,"08:25",8,25,"Monday","Slight",1,"Slight","Car occupant","Driver or rider","Male",53,"Motorway","Dual carriageway",70,NA,"Not a Pedestrian","Not a Pedestrian",428027,426413,"E01011550",3,"Not at junction or within 20 metres","Daylight","Fine no high winds","Dry","Car occupant"
"4244","20161332T0646",2016-02-29,2016,"Feb",29,"13:00",13,0,"Monday","Slight",1,"Slight","Car occupant","Driver or rider","Female",48,"A","Roundabout",30,"A","Not a Pedestrian","Not a Pedestrian",427933,426301,"E01011550",2,"Roundabout","Daylight","Fine no high winds","Dry","Car occupant"
"4245","20161332T0862",2016-02-29,2016,"Feb",29,"14:45",14,45,"Monday","Slight",1,"Slight","Motorcycle 50cc and under rider or passenger","Driver or rider","Male",16,"Unclassified","Single carriageway",30,NA,"Not a Pedestrian","Not a Pedestrian",424772,435869,"E01011326",2,"Not at junction or within 20 metres","Daylight","Fine no high winds","Dry","Motorcyclist and pillion"
"4246","20161332T1043",2016-02-29,2016,"Feb",29,"16:30",16,30,"Monday","Slight",1,"Slight","Car occupant","Driver or rider","Male",31,"Motorway","Dual carriageway",50,NA,"Not a Pedestrian","Not a Pedestrian",430436,430787,"E01011468",2,"Not at junction or within 20 metres","Daylight","Fine no high winds","Dry","Car occupant"
"4247","20161332T1423",2016-02-29,2016,"Feb",29,"19:50",19,50,"Monday","Slight",1,"Slight","Car occupant","Driver or rider","Male",40,"Unclassified","Dual carriageway",50,"A(M)","Not a Pedestrian","Not a Pedestrian",424776,434078,"E01032606",2,"T or staggered junction","Daylight","Fine no high winds","Dry","Car occupant"
"4248","20161332T1533",2016-02-29,2016,"Feb",29,"20:59",20,59,"Monday","Slight",2,"Slight","Car occupant","Driver or rider","Male",25,"A","Single carriageway",30,"A","Not a Pedestrian","Not a Pedestrian",421952,436533,"E01011591",2,"Crossroads","Darkness - lights lit","Raining no high winds","Wet or damp","Car occupant"
"4249","2016133310258",2016-03-01,2016,"Mar",1,"08:55",8,55,"Tuesday","Slight",1,"Slight","Goods vehicle (7.5 tonnes mgw and over) occupant","Driver or rider","Male",54,"A(M)","Dual carriageway",70,NA,"Not a Pedestrian","Not a Pedestrian",443655,437652,"E01011297",1,"Not at junction or within 20 metres","Daylight","Fine no high winds","Wet or damp","Bus and goods vehicle occupant"
"4250","2016133310294",2016-03-01,2016,"Mar",1,"09:10",9,10,"Tuesday","Slight",1,"Slight","Cyclist","Driver or rider","Male",21,"Unclassified","Single carriageway",30,"Unclassified","Not a Pedestrian","Not a Pedestrian",427620,433951,"E01011284",2,"Other junction","Daylight","Raining no high winds","Dry","Cyclist"
"4251","2016133310740",2016-03-01,2016,"Mar",1,"13:52",13,52,"Tuesday","Slight",1,"Slight","Car occupant","Driver or rider","Male",40,"Unclassified","Single carriageway",30,"A","Not a Pedestrian","Not a Pedestrian",424049,435487,"E01011329",2,"T or staggered junction","Daylight","Fine no high winds","Wet or damp","Car occupant"
"4252","2016133320943",2016-03-01,2016,"Mar",1,"17:00",17,0,"Tuesday","Slight",1,"Slight","Cyclist","Driver or rider","Male",19,"A","Single carriageway",30,"Unclassified","Not a Pedestrian","Not a Pedestrian",427654,436653,"E01011694",3,"T or staggered junction","Daylight","Fine no high winds","Dry","Cyclist"
"4253","2016133311182",2016-03-01,2016,"Mar",1,"17:55",17,55,"Tuesday","Slight",1,"Slight","Cyclist","Driver or rider","Male",46,"Unclassified","Single carriageway",30,"Unclassified","Not a Pedestrian","Not a Pedestrian",430959,435871,"E01011357",2,"T or staggered junction","Darkness - lights lit","Fine no high winds","Dry","Cyclist"
"4254","2016133311442",2016-03-01,2016,"Mar",1,"19:51",19,51,"Tuesday","Serious",1,"Serious","Pedestrian","Pedestrian","Female",75,"Unclassified","Single carriageway",30,NA,"In carriageway, crossing elsewhere","Crossing from driver's nearside",430221,432990,"E01033016",1,"Not at junction or within 20 metres","Darkness - lights lit","Fine no high winds","Dry","Pedestrian"
"4255","2016133320615",2016-03-02,2016,"Mar",2,"06:15",6,15,"Wednesday","Slight",1,"Slight","Cyclist","Driver or rider","Male",56,"B","Single carriageway",30,NA,"Not a Pedestrian","Not a Pedestrian",440279,449563,"E01011698",2,"Not at junction or within 20 metres","Darkness - lights lit","Raining no high winds","Wet or damp","Cyclist"
"4256","2016133320182",2016-03-02,2016,"Mar",2,"07:30",7,30,"Wednesday","Slight",1,"Slight","Motorcycle 125cc and under rider or passenger","Driver or rider","Male",33,"Unclassified","Single carriageway",30,NA,"Not a Pedestrian","Not a Pedestrian",430335,439815,"E01011565",1,"Not at junction or within 20 metres","Daylight","Unknown","Frost or ice","Motorcyclist and pillion"
"4257","2016133320201",2016-03-02,2016,"Mar",2,"07:37",7,37,"Wednesday","Slight",1,"Slight","Van / Goods vehicle (3.5 tonnes mgw or under) occupant","Driver or rider","Male",27,"Unclassified","Single carriageway",30,"Unclassified","Not a Pedestrian","Not a Pedestrian",426441,428146,"E01011541",3,"T or staggered junction","Daylight","Unknown","Dry","Bus and goods vehicle occupant"
"4258","2016133320255",2016-03-02,2016,"Mar",2,"08:53",8,53,"Wednesday","Serious",1,"Serious","Pedestrian","Pedestrian","Female",25,"A","Single carriageway",30,NA,"Crossing elsewhere within 50m. of pedestrian crossing","Crossing from driver's offside",431556,435177,"E01011429",1,"Not at junction or within 20 metres","Daylight","Snowing no high winds","Snow","Pedestrian"
"4259","2016133320404",2016-03-02,2016,"Mar",2,"09:30",9,30,"Wednesday","Slight",2,"Slight","Bus or coach occupant (17 or more pass seats)","Passenger","Female",45,"Unclassified","Single carriageway",30,NA,"Not a Pedestrian","Not a Pedestrian",429963,432509,"E01033032",2,"Not at junction or within 20 metres","Daylight","Unknown","Dry","Bus and goods vehicle occupant"
"4260","2016133320317",2016-03-02,2016,"Mar",2,"09:32",9,32,"Wednesday","Slight",3,"Slight","Car occupant","Driver or rider","Male",39,"Unclassified","Single carriageway",30,"Unclassified","Not a Pedestrian","Not a Pedestrian",441601,448977,"E01011700",3,"T or staggered junction","Daylight","Unknown","Snow","Car occupant"
"4261","2016133320331",2016-03-02,2016,"Mar",2,"09:35",9,35,"Wednesday","Slight",1,"Slight","Motorcycle 125cc and under rider or passenger","Driver or rider","Male",19,"A","Single carriageway",30,"Unclassified","Not a Pedestrian","Not a Pedestrian",431201,440854,"E01011562",1,"T or staggered junction","Daylight","Snowing no high winds","Snow","Motorcyclist and pillion"
"4262","2016133320438",2016-03-02,2016,"Mar",2,"10:25",10,25,"Wednesday","Slight",1,"Slight","Pedestrian","Pedestrian","Male",48,"Unclassified","Single carriageway",30,NA,"In carriageway, not crossing","Unknown or other",433452,434124,"E01011346",2,"Not at junction or within 20 metres","Daylight","Unknown","Frost or ice","Pedestrian"
"4263","2016133320582",2016-03-02,2016,"Mar",2,"11:35",11,35,"Wednesday","Slight",1,"Slight","Car occupant","Driver or rider","Male",42,"A","Single carriageway",40,"A","Not a Pedestrian","Not a Pedestrian",435923,428214,"E01011635",2,"Roundabout","Daylight","Unknown","Dry","Car occupant"
"4264","2016133320826",2016-03-02,2016,"Mar",2,"14:00",14,0,"Wednesday","Slight",1,"Slight","Car occupant","Driver or rider","Female",34,"Unclassified","Single carriageway",30,"Unclassified","Not a Pedestrian","Not a Pedestrian",420655,440393,"E01011278",2,"T or staggered junction","Daylight","Unknown","Dry","Car occupant"
"4265","2016133320906",2016-03-02,2016,"Mar",2,"15:12",15,12,"Wednesday","Serious",1,"Serious","Pedestrian","Pedestrian","Male",14,"Unclassified","Single carriageway",30,NA,"In carriageway, crossing elsewhere","Crossing from driver's offside",422951,433067,"E01011600",1,"Not at junction or within 20 metres","Daylight","Fine no high winds","Dry","Pedestrian"
"4266","2016133321026",2016-03-02,2016,"Mar",2,"16:17",16,17,"Wednesday","Slight",1,"Slight","Pedestrian","Pedestrian","Male",44,"Unclassified","Single carriageway",30,"B","In carriageway, crossing elsewhere","Crossing from driver's nearside",423226,435058,"E01011333",1,"T or staggered junction","Daylight","Fine no high winds","Wet or damp","Pedestrian"
"4267","2016133321204",2016-03-02,2016,"Mar",2,"17:37",17,37,"Wednesday","Slight",1,"Slight","Car occupant","Passenger","Female",14,"Unclassified","Single carriageway",30,"Unclassified","Not a Pedestrian","Not a Pedestrian",427983,435228,"E01011441",2,"Crossroads","Daylight","Fine no high winds","Wet or damp","Car occupant"
"4268","2016133330227",2016-03-03,2016,"Mar",3,"07:45",7,45,"Thursday","Slight",1,"Slight","Pedestrian","Pedestrian","Female",11,"A","Single carriageway",30,NA,"Crossing in zig-zag exit lines","Crossing from driver's nearside",424691,434962,"E01011282",1,"Not at junction or within 20 metres","Daylight","Fine no high winds","Dry","Pedestrian"
"4269","2016133340675",2016-03-03,2016,"Mar",3,"14:00",14,0,"Thursday","Slight",1,"Slight","Cyclist","Driver or rider","Male",21,"Unclassified","Single carriageway",40,NA,"Not a Pedestrian","Not a Pedestrian",431658,440509,"E01011562",2,"Not at junction or within 20 metres","Daylight","Fine no high winds","Dry","Cyclist"
"4270","2016133331696",2016-03-03,2016,"Mar",3,"21:00",21,0,"Thursday","Slight",1,"Slight","Bus or coach occupant (17 or more pass seats)","Passenger","Female",60,"A","Dual carriageway",40,NA,"Not a Pedestrian","Not a Pedestrian",433053,433994,"E01011617",2,"Not at junction or within 20 metres","Darkness - lights lit","Fine no high winds","Wet or damp","Bus and goods vehicle occupant"
"4271","2016133331766",2016-03-03,2016,"Mar",3,"22:24",22,24,"Thursday","Slight",1,"Slight","Car occupant","Driver or rider","Male",21,"A","Single carriageway",30,NA,"Not a Pedestrian","Not a Pedestrian",425730,442965,"E01032504",3,"Not at junction or within 20 metres","Darkness - lights lit","Raining no high winds","Wet or damp","Car occupant"
"4272","2016133340376",2016-03-04,2016,"Mar",4,"09:34",9,34,"Friday","Slight",1,"Slight","Car occupant","Passenger","Male",2,"Unclassified","Single carriageway",20,"Unclassified","Not a Pedestrian","Not a Pedestrian",426173,427426,"E01011530",2,"Roundabout","Daylight","Snowing no high winds","Frost or ice","Car occupant"
"4273","2016133350692",2016-03-05,2016,"Mar",5,"12:38",12,38,"Saturday","Slight",2,"Slight","Car occupant","Driver or rider","Female",39,"Unclassified","Single carriageway",30,"Unclassified","Not a Pedestrian","Not a Pedestrian",440895,448718,"E01011700",2,"Crossroads","Daylight","Fine no high winds","Wet or damp","Car occupant"
"4274","2016133350717",2016-03-05,2016,"Mar",5,"12:53",12,53,"Saturday","Slight",1,"Slight","Car occupant","Passenger","Female",45,"Motorway","Dual carriageway",30,"A","Not a Pedestrian","Not a Pedestrian",430475,431752,"E01011364",2,"T or staggered junction","Daylight","Fine no high winds","Dry","Car occupant"
"4275","2016133351037",2016-03-05,2016,"Mar",5,"16:10",16,10,"Saturday","Slight",2,"Slight","Car occupant","Driver or rider","Male",74,"A","Dual carriageway",30,"Unclassified","Not a Pedestrian","Not a Pedestrian",430659,434702,"E01011671",2,"Crossroads","Daylight","Fine no high winds","Wet or damp","Car occupant"
"4276","2016133360593",2016-03-06,2016,"Mar",6,"11:15",11,15,"Sunday","Serious",6,"Slight","Car occupant","Driver or rider","Male",37,"Unclassified","Single carriageway",30,NA,"Not a Pedestrian","Not a Pedestrian",428697,429546,"E01011322",2,"Not at junction or within 20 metres","Daylight","Fine no high winds","Dry","Car occupant"
"4277","2016133360648",2016-03-06,2016,"Mar",6,"11:55",11,55,"Sunday","Slight",2,"Slight","Car occupant","Driver or rider","Male",35,"Unclassified","Single carriageway",30,"Unclassified","Not a Pedestrian","Not a Pedestrian",426949,433344,"E01011292",2,"T or staggered junction","Daylight","Unknown","Dry","Car occupant"
"4278","2016133361549",2016-03-06,2016,"Mar",6,"15:15",15,15,"Sunday","Slight",1,"Slight","Cyclist","Driver or rider","Male",29,"Unclassified","Single carriageway",30,"Unclassified","Not a Pedestrian","Not a Pedestrian",428837,440134,"E01011554",2,"T or staggered junction","Daylight","Fine no high winds","Dry","Cyclist"
"4279","2016133361088",2016-03-06,2016,"Mar",6,"16:45",16,45,"Sunday","Slight",2,"Slight","Car occupant","Passenger","Female",20,"A","Roundabout",40,"A","Not a Pedestrian","Not a Pedestrian",428578,432990,"E01011363",3,"Roundabout","Daylight","Fine no high winds","Dry","Car occupant"
"4280","2016133361232",2016-03-06,2016,"Mar",6,"17:55",17,55,"Sunday","Slight",1,"Slight","Car occupant","Driver or rider","Female",52,"Unclassified","Single carriageway",30,NA,"Not a Pedestrian","Not a Pedestrian",419631,444880,"E01011571",1,"Not at junction or within 20 metres","Daylight","Fine no high winds","Dry","Car occupant"
"4281","2016133361675",2016-03-06,2016,"Mar",6,"23:02",23,2,"Sunday","Slight",1,"Slight","Car occupant","Driver or rider","Male",37,"Unclassified","Single carriageway",30,"Unclassified","Not a Pedestrian","Not a Pedestrian",431899,434792,"E01011677",1,"Mini-roundabout","Darkness - lights lit","Fine no high winds","Dry","Car occupant"
"4282","2016133370178",2016-03-07,2016,"Mar",7,"07:18",7,18,"Monday","Slight",1,"Slight","Cyclist","Driver or rider","Male",43,"Unclassified","Roundabout",30,"Unclassified","Not a Pedestrian","Not a Pedestrian",430637,433678,"E01033010",2,"Roundabout","Daylight","Fine no high winds","Dry","Cyclist"
"4283","2016133370184",2016-03-07,2016,"Mar",7,"07:27",7,27,"Monday","Serious",1,"Serious","Pedestrian","Pedestrian","Female",15,"Unclassified","One way street",30,NA,"In carriageway, crossing elsewhere","Crossing from offside - masked by  parked or stationary vehicle",441291,428176,"E01011307",1,"Not at junction or within 20 metres","Daylight","Fine no high winds","Dry","Pedestrian"
"4284","2016133370235",2016-03-07,2016,"Mar",7,"07:40",7,40,"Monday","Slight",2,"Slight","Car occupant","Driver or rider","Female",24,"Motorway","Dual carriageway",70,NA,"Not a Pedestrian","Not a Pedestrian",428872,431633,"E01011366",2,"Not at junction or within 20 metres","Daylight","Fine no high winds","Dry","Car occupant"
"4285","2016133370389",2016-03-07,2016,"Mar",7,"08:25",8,25,"Monday","Slight",1,"Slight","Bus or coach occupant (17 or more pass seats)","Passenger","Female",45,"Unclassified","Single carriageway",30,NA,"Not a Pedestrian","Not a Pedestrian",429059,433858,"E01011678",1,"Not at junction or within 20 metres","Daylight","Fine no high winds","Dry","Bus and goods vehicle occupant"
"4286","2016133370266",2016-03-07,2016,"Mar",7,"08:40",8,40,"Monday","Slight",4,"Slight","Cyclist","Driver or rider","Male",31,"Unclassified","Single carriageway",30,"Unclassified","Not a Pedestrian","Not a Pedestrian",430962,435766,"E01011361",1,"Crossroads","Daylight","Fine no high winds","Dry","Cyclist"
"4287","2016133371009",2016-03-07,2016,"Mar",7,"15:55",15,55,"Monday","Slight",1,"Slight","Pedestrian","Pedestrian","Female",9,"A","Single carriageway",30,NA,"In centre of carriageway - not on refuge, island or central reservation","Crossing from driver's offside",438330,430260,"E01011391",1,"Not at junction or within 20 metres","Daylight","Fine no high winds","Dry","Pedestrian"
"4288","2016133371018",2016-03-07,2016,"Mar",7,"16:00",16,0,"Monday","Slight",1,"Slight","Goods vehicle (7.5 tonnes mgw and over) occupant","Driver or rider","Male",61,"A","Single carriageway",60,NA,"Not a Pedestrian","Not a Pedestrian",442982,431717,"E01011299",2,"Not at junction or within 20 metres","Daylight","Unknown","Dry","Bus and goods vehicle occupant"
"4289","2016133371081",2016-03-07,2016,"Mar",7,"16:30",16,30,"Monday","Slight",1,"Slight","Car occupant","Driver or rider","Male",50,"Unclassified","One way street",30,NA,"Not a Pedestrian","Not a Pedestrian",426223,432785,"E01011732",1,"Not at junction or within 20 metres","Daylight","Fine no high winds","Dry","Car occupant"
"4290","2016133371397",2016-03-07,2016,"Mar",7,"18:20",18,20,"Monday","Slight",1,"Slight","Car occupant","Driver or rider","Male",39,"Unclassified","Single carriageway",30,NA,"Not a Pedestrian","Not a Pedestrian",427100,433694,"E01011284",2,"Not at junction or within 20 metres","Darkness - lights lit","Fine no high winds","Dry","Car occupant"
"4291","2016133371323",2016-03-07,2016,"Mar",7,"18:33",18,33,"Monday","Slight",1,"Slight","Car occupant","Driver or rider","Female",45,"Unclassified","Single carriageway",30,"Unclassified","Not a Pedestrian","Not a Pedestrian",424775,425469,"E01011546",2,"T or staggered junction","Darkness - lighting unknown","Unknown","Dry","Car occupant"
"4292","20161333N1424",2016-03-08,2016,"Mar",8,"14:24",14,24,"Tuesday","Slight",2,"Slight","Bus or coach occupant (17 or more pass seats)","Driver or rider","Male",51,"Unclassified","Single carriageway",30,NA,"Not a Pedestrian","Not a Pedestrian",431880,435220,"E01011429",2,"Not at junction or within 20 metres","Daylight","Fine no high winds","Dry","Bus and goods vehicle occupant"
"4293","2016133390203",2016-03-09,2016,"Mar",9,"08:01",8,1,"Wednesday","Slight",2,"Slight","Car occupant","Driver or rider","Male",36,"Unclassified","Single carriageway",30,"Unclassified","Not a Pedestrian","Not a Pedestrian",426316,437709,"E01011687",2,"Crossroads","Daylight","Raining no high winds","Wet or damp","Car occupant"
"4294","2016133390252",2016-03-09,2016,"Mar",9,"08:44",8,44,"Wednesday","Slight",1,"Slight","Cyclist","Driver or rider","Male",40,"Unclassified","Single carriageway",30,"Unclassified","Not a Pedestrian","Not a Pedestrian",430850,435449,"E01011360",2,"T or staggered junction","Daylight","Raining no high winds","Wet or damp","Cyclist"
"4295","2016133390679",2016-03-09,2016,"Mar",9,"13:40",13,40,"Wednesday","Serious",1,"Serious","Bus or coach occupant (17 or more pass seats)","Passenger","Female",82,"Unclassified","Single carriageway",30,NA,"Not a Pedestrian","Not a Pedestrian",429623,434237,"E01033008",1,"Not at junction or within 20 metres","Daylight","Raining no high winds","Wet or damp","Bus and goods vehicle occupant"
"4296","2016133390843",2016-03-09,2016,"Mar",9,"14:40",14,40,"Wednesday","Slight",1,"Slight","Pedestrian","Pedestrian","Male",57,"Unclassified","One way street",30,NA,"Unknown or other","Unknown or other",430291,433534,"E01033010",1,"Not at junction or within 20 metres","Daylight","Raining no high winds","Wet or damp","Pedestrian"
"4297","2016133390786",2016-03-09,2016,"Mar",9,"15:00",15,0,"Wednesday","Slight",1,"Slight","Car occupant","Driver or rider","Male",60,"Unclassified","Dual carriageway",30,NA,"Not a Pedestrian","Not a Pedestrian",426032,435589,"E01011477",2,"Not at junction or within 20 metres","Daylight","Raining no high winds","Wet or damp","Car occupant"
"4298","2016133390830",2016-03-09,2016,"Mar",9,"15:26",15,26,"Wednesday","Slight",1,"Slight","Pedestrian","Pedestrian","Male",5,"Unclassified","Single carriageway",30,NA,"In carriageway, crossing elsewhere","Crossing from driver's offside",425172,432372,"E01011726",1,"Not at junction or within 20 metres","Daylight","Fine no high winds","Dry","Pedestrian"
"4299","20161333A0255",2016-03-10,2016,"Mar",10,"07:15",7,15,"Thursday","Serious",1,"Serious","Bus or coach occupant (17 or more pass seats)","Passenger","Female",24,"A","Single carriageway",30,NA,"Not a Pedestrian","Not a Pedestrian",427184,434758,"E01011482",2,"Not at junction or within 20 metres","Daylight","Fine no high winds","Dry","Bus and goods vehicle occupant"
"4300","20161333A1079",2016-03-10,2016,"Mar",10,"16:30",16,30,"Thursday","Slight",1,"Slight","Car occupant","Driver or rider","Male",74,"Unclassified","Single carriageway",30,"Unclassified","Not a Pedestrian","Not a Pedestrian",430983,434451,"E01033003",2,"T or staggered junction","Daylight","Unknown","Dry","Car occupant"
"4301","20161333A1209",2016-03-10,2016,"Mar",10,"17:30",17,30,"Thursday","Slight",2,"Slight","Car occupant","Passenger","Female",18,"Motorway","Dual carriageway",50,NA,"Not a Pedestrian","Not a Pedestrian",430409,431031,"E01011312",2,"Not at junction or within 20 metres","Daylight","Fine no high winds","Dry","Car occupant"
"4302","20161333A1810",2016-03-10,2016,"Mar",10,"23:24",23,24,"Thursday","Serious",1,"Serious","Car occupant","Driver or rider","Male",49,"Unclassified","One way street",30,"A","Not a Pedestrian","Not a Pedestrian",428897,435510,"E01011443",2,"T or staggered junction","Daylight","Fine no high winds","Dry","Car occupant"
"4303","20161333B1196",2016-03-11,2016,"Mar",11,"12:15",12,15,"Friday","Slight",1,"Slight","Motorcycle over 500cc rider or passenger","Driver or rider","Male",33,"A","Dual carriageway",40,"Motorway","Not a Pedestrian","Not a Pedestrian",430619,431831,"E01011364",2,"Slip road","Daylight","Unknown","Dry","Motorcyclist and pillion"
"4304","20161333B1352",2016-03-11,2016,"Mar",11,"18:07",18,7,"Friday","Serious",3,"Serious","Car occupant","Driver or rider","Female",23,"A","Single carriageway",60,"Unclassified","Not a Pedestrian","Not a Pedestrian",435431,439805,"E01011311",2,"Crossroads","Darkness - no lighting","Fine no high winds","Dry","Car occupant"
"4305","20161333C0922",2016-03-12,2016,"Mar",12,"14:53",14,53,"Saturday","Slight",1,"Slight","Car occupant","Driver or rider","Male",45,"Motorway","Dual carriageway",70,NA,"Not a Pedestrian","Not a Pedestrian",436058,431195,"E01011420",1,"Not at junction or within 20 metres","Daylight","Fine no high winds","Dry","Car occupant"
"4306","20161333C1424",2016-03-12,2016,"Mar",12,"19:04",19,4,"Saturday","Slight",1,"Slight","Motorcycle over 500cc rider or passenger","Passenger","Male",28,"A","Dual carriageway",40,NA,"Not a Pedestrian","Not a Pedestrian",433247,434049,"E01011340",4,"Not at junction or within 20 metres","Darkness - lights lit","Fine no high winds","Dry","Motorcyclist and pillion"
"4307","20161333C1952",2016-03-12,2016,"Mar",12,"23:20",23,20,"Saturday","Slight",1,"Slight","Pedestrian","Pedestrian","Male",35,"Unclassified","Single carriageway",30,"Unclassified","In carriageway, crossing elsewhere","Crossing from offside - masked by  parked or stationary vehicle",425020,435339,"E01011332",1,"T or staggered junction","Darkness - lights lit","Fine no high winds","Dry","Pedestrian"