"","accident_index","date","year","month","day","time","time_hour","time_minute","day_of_week","accident_severity","number_of_casualties","casualty_severity","casualty_type","casualty_class","sex_of_casualty","age_of_casualty","first_road_class","road_type","speed_limit","second_road_class","pedestrian_location","pedestrian_movement","location_easting_osgr","location_northing_osgr","lsoa_of_accident_location","number_of_vehicles","junction_detail","light_conditions","weather_conditions","road_surface_conditions","cas_type"
"4308","20161333D0462",2016-03-13,2016,"Mar",13,"09:00",9,0,"Sunday","Slight",1,"Slight","Pedestrian","Pedestrian","Female",31,"Unclassified","Single carriageway",30,"Unclassified","In carriageway, crossing elsewhere","Unknown or other",429430,433469,"E01033008",1,"T or staggered junction","Daylight","Unknown","Dry","Pedestrian"
"4309","20161333D0994",2016-03-13,2016,"Mar",13,"14:20",14,20,"Sunday","Slight",1,"Slight","Pedestrian","Pedestrian","Male",67,"A","Single carriageway",30,NA,"Crossing elsewhere within 50m. of pedestrian crossing","Unknown or other",427836,436303,"E01011440",1,"Not at junction or within 20 metres","Daylight","Unknown","Dry","Pedestrian"
"4310","20161333D1154",2016-03-13,2016,"Mar",13,"16:20",16,20,"Sunday","Slight",1,"Slight","Car occupant","Driver or rider","Male",71,"A","Dual carriageway",70,NA,"Not a Pedestrian","Not a Pedestrian",428112,426644,"E01011538",2,"Not at junction or within 20 metres","Daylight","Fine no high winds","Dry","Car occupant"
"4311","20161333D1710",2016-03-13,2016,"Mar",13,"21:40",21,40,"Sunday","Serious",1,"Serious","Van / Goods vehicle (3.5 tonnes mgw or under) occupant","Driver or rider","Male",22,"Motorway","Dual carriageway",70,NA,"Not a Pedestrian","Not a Pedestrian",431263,426519,"E01011499",1,"Not at junction or within 20 metres","Darkness - lights lit","Fine no high winds","Dry","Bus and goods vehicle occupant"
"4312","20161333E1272",2016-03-14,2016,"Mar",14,"17:20",17,20,"Monday","Slight",1,"Slight","Cyclist","Driver or rider","Male",46,"A","Dual carriageway",30,"Unclassified","Not a Pedestrian","Not a Pedestrian",436158,434596,"E01011345",2,"T or staggered junction","Daylight","Fine no high winds","Dry","Cyclist"
"4313","20161333F0485",2016-03-15,2016,"Mar",15,"10:30",10,30,"Tuesday","Slight",1,"Slight","Bus or coach occupant (17 or more pass seats)","Passenger","Female",53,"A","Single carriageway",30,NA,"Not a Pedestrian","Not a Pedestrian",439979,432382,"E01011402",1,"Not at junction or within 20 metres","Daylight","Fine no high winds","Dry","Bus and goods vehicle occupant"
"4314","20161333F0880",2016-03-15,2016,"Mar",15,"14:48",14,48,"Tuesday","Slight",1,"Slight","Van / Goods vehicle (3.5 tonnes mgw or under) occupant","Driver or rider","Male",41,"A(M)","Dual carriageway",70,NA,"Not a Pedestrian","Not a Pedestrian",443502,438355,"E01011309",3,"Not at junction or within 20 metres","Daylight","Fine no high winds","Dry","Bus and goods vehicle occupant"
"4315","20161333F1157",2016-03-15,2016,"Mar",15,"17:12",17,12,"Tuesday","Slight",1,"Slight","Motorcycle 125cc and under rider or passenger","Driver or rider","Male",30,"Unclassified","Single carriageway",30,"Unclassified","Not a Pedestrian","Not a Pedestrian",429023,432295,"E01033013",2,"T or staggered junction","Daylight","Fine no high winds","Dry","Motorcyclist and pillion"
"4316","20161333F1251",2016-03-15,2016,"Mar",15,"17:55",17,55,"Tuesday","Slight",1,"Slight","Car occupant","Driver or rider","Male",70,"B","Single carriageway",40,"Unclassified","Not a Pedestrian","Not a Pedestrian",429920,438507,"E01011514",2,"Other junction","Darkness - lights lit","Fine no high winds","Dry","Car occupant"
"4317","20161333G0274",2016-03-16,2016,"Mar",16,"08:50",8,50,"Wednesday","Slight",1,"Slight","Pedestrian","Pedestrian","Female",7,"B","Single carriageway",30,"Unclassified","In carriageway, crossing elsewhere","Crossing from driver's offside",429589,436620,"E01011354",1,"T or staggered junction","Daylight","Fine no high winds","Dry","Pedestrian"
"4318","20161333G0432",2016-03-16,2016,"Mar",16,"10:40",10,40,"Wednesday","Slight",2,"Slight","Car occupant","Driver or rider","Female",33,"Motorway","Slip road",70,"A","Not a Pedestrian","Not a Pedestrian",431885,430498,"E01011470",2,"T or staggered junction","Daylight","Fine no high winds","Dry","Car occupant"
"4319","20161333G0992",2016-03-16,2016,"Mar",16,"16:04",16,4,"Wednesday","Serious",1,"Serious","Motorcycle over 500cc rider or passenger","Driver or rider","Male",47,"Unclassified","Single carriageway",30,"Unclassified","Not a Pedestrian","Not a Pedestrian",426122,439160,"E01011695",2,"T or staggered junction","Daylight","Fine no high winds","Dry","Motorcyclist and pillion"
"4320","20161333H0479",2016-03-16,2016,"Mar",16,"16:30",16,30,"Wednesday","Slight",1,"Slight","Cyclist","Driver or rider","Male",30,"Unclassified","Roundabout",30,"A","Not a Pedestrian","Not a Pedestrian",436095,434775,"E01011345",2,"Roundabout","Daylight","Unknown","Dry","Cyclist"
"4321","20161333H0332",2016-03-17,2016,"Mar",17,"09:20",9,20,"Thursday","Slight",2,"Slight","Car occupant","Driver or rider","Male",62,"Unclassified","Single carriageway",30,NA,"Not a Pedestrian","Not a Pedestrian",432052,436201,"E01011642",3,"Not at junction or within 20 metres","Daylight","Fine no high winds","Dry","Car occupant"
"4322","20161333U0574",2016-03-17,2016,"Mar",17,"12:10",12,10,"Thursday","Slight",1,"Slight","Pedestrian","Pedestrian","Male",32,"Unclassified","Single carriageway",30,NA,"Crossing on pedestrian crossing facility","Unknown or other",430377,433523,"E01033010",1,"Not at junction or within 20 metres","Daylight","Unknown","Dry","Pedestrian"
"4323","20161333H0345",2016-03-17,2016,"Mar",17,"15:00",15,0,"Thursday","Slight",1,"Slight","Cyclist","Driver or rider","Male",12,"Unclassified","Single carriageway",30,"Unclassified","Not a Pedestrian","Not a Pedestrian",435440,435683,"E01011663",2,"T or staggered junction","Daylight","Unknown","Dry","Cyclist"
"4324","20161333H1024",2016-03-17,2016,"Mar",17,"16:00",16,0,"Thursday","Slight",1,"Slight","Cyclist","Driver or rider","Male",36,"A","Single carriageway",30,"Unclassified","Not a Pedestrian","Not a Pedestrian",426098,428271,"E01011525",2,"T or staggered junction","Daylight","Fine no high winds","Dry","Cyclist"
"4325","20161333I0967",2016-03-18,2016,"Mar",18,"15:00",15,0,"Friday","Slight",1,"Slight","Taxi/Private hire car occupant","Passenger","Female",24,"Unclassified","Single carriageway",30,NA,"Not a Pedestrian","Not a Pedestrian",431243,429712,"E01011474",2,"Not at junction or within 20 metres","Daylight","Fine no high winds","Dry","Car occupant"
"4326","20161333I0926",2016-03-18,2016,"Mar",18,"15:15",15,15,"Friday","Slight",1,"Slight","Car occupant","Driver or rider","Female",51,"A","Dual carriageway",30,"Unclassified","Not a Pedestrian","Not a Pedestrian",420025,434134,"E01011597",2,"Private drive or entrance","Daylight","Fine no high winds","Dry","Car occupant"
"4327","20161333I1052",2016-03-18,2016,"Mar",18,"16:15",16,15,"Friday","Slight",1,"Slight","Motorcycle 125cc and under rider or passenger","Driver or rider","Male",22,"A","Roundabout",40,"B","Not a Pedestrian","Not a Pedestrian",424662,433596,"E01011727",2,"Roundabout","Daylight","Fine no high winds","Wet or damp","Motorcyclist and pillion"
"4328","20161333I1529",2016-03-18,2016,"Mar",18,"20:25",20,25,"Friday","Slight",1,"Slight","Car occupant","Driver or rider","Female",37,"Unclassified","Single carriageway",30,"Unclassified","Not a Pedestrian","Not a Pedestrian",434622,435681,"E01011662",2,"T or staggered junction","Darkness - lights lit","Fine no high winds","Dry","Car occupant"
"4329","20161333J0282",2016-03-19,2016,"Mar",19,"04:40",4,40,"Saturday","Serious",2,"Slight","Car occupant","Driver or rider","Female",22,"A(M)","Dual carriageway",70,NA,"Not a Pedestrian","Not a Pedestrian",442405,442611,"E01011712",2,"Not at junction or within 20 metres","Darkness - no lighting","Fine no high winds","Dry","Car occupant"
"4330","20161333J0779",2016-03-19,2016,"Mar",19,"12:02",12,2,"Saturday","Slight",2,"Slight","Car occupant","Driver or rider","Female",34,"Motorway","Dual carriageway",70,NA,"Not a Pedestrian","Not a Pedestrian",437724,425283,"E01011636",2,"Not at junction or within 20 metres","Daylight","Fine no high winds","Dry","Car occupant"
"4331","20161333J0896",2016-03-19,2016,"Mar",19,"14:16",14,16,"Saturday","Slight",1,"Slight","Car occupant","Driver or rider","Female",63,"Unclassified","Single carriageway",30,NA,"Not a Pedestrian","Not a Pedestrian",431959,438903,"E01011508",2,"Not at junction or within 20 metres","Daylight","Fine no high winds","Dry","Car occupant"
"4332","20161333K0386",2016-03-20,2016,"Mar",20,"08:10",8,10,"Sunday","Serious",1,"Serious","Cyclist","Driver or rider","Male",45,"A","Roundabout",40,"A","Not a Pedestrian","Not a Pedestrian",426848,438045,"E01011687",2,"Roundabout","Daylight","Fine no high winds","Dry","Cyclist"
"4333","20161333K0810",2016-03-20,2016,"Mar",20,"12:00",12,0,"Sunday","Slight",1,"Slight","Taxi/Private hire car occupant","Passenger","Female",28,"A","Dual carriageway",40,"Unclassified","Not a Pedestrian","Not a Pedestrian",428922,433430,"E01011363",2,"Slip road","Daylight","Unknown","Dry","Car occupant"
"4334","20161333K0914",2016-03-20,2016,"Mar",20,"14:30",14,30,"Sunday","Slight",1,"Slight","Car occupant","Passenger","Male",18,"Motorway","Dual carriageway",70,NA,"Not a Pedestrian","Not a Pedestrian",437162,425798,"E01011636",1,"Not at junction or within 20 metres","Daylight","Fine no high winds","Dry","Car occupant"
"4335","20161333K0934",2016-03-20,2016,"Mar",20,"14:30",14,30,"Sunday","Slight",3,"Slight","Car occupant","Driver or rider","Male",19,"Unclassified","Dual carriageway",40,"A","Not a Pedestrian","Not a Pedestrian",429512,430284,"E01011319",2,"T or staggered junction","Daylight","Fine no high winds","Dry","Car occupant"
"4336","20161333K1104",2016-03-20,2016,"Mar",20,"16:00",16,0,"Sunday","Slight",5,"Slight","Car occupant","Driver or rider","Female",31,"Unclassified","Single carriageway",30,NA,"Not a Pedestrian","Not a Pedestrian",431348,434957,"E01011673",3,"Not at junction or within 20 metres","Daylight","Fine no high winds","Dry","Car occupant"
"4337","20161333K1466",2016-03-20,2016,"Mar",20,"19:29",19,29,"Sunday","Slight",1,"Slight","Car occupant","Passenger","Female",18,"A","Single carriageway",30,"Unclassified","Not a Pedestrian","Not a Pedestrian",427297,433633,"E01011293",2,"Crossroads","Darkness - lights lit","Fine no high winds","Dry","Car occupant"
"4338","20161333L0014",2016-03-21,2016,"Mar",21,"00:40",0,40,"Monday","Slight",1,"Slight","Car occupant","Passenger","Male",45,"Motorway","Dual carriageway",70,NA,"Not a Pedestrian","Not a Pedestrian",427552,426312,"E01011550",2,"Not at junction or within 20 metres","Darkness - lights lit","Fine no high winds","Dry","Car occupant"
"4339","20161333L0442",2016-03-21,2016,"Mar",21,"10:10",10,10,"Monday","Slight",1,"Slight","Bus or coach occupant (17 or more pass seats)","Passenger","Female",57,"Unclassified","Single carriageway",30,"Unclassified","Not a Pedestrian","Not a Pedestrian",430264,433752,"E01033010",1,"Crossroads","Daylight","Fine no high winds","Dry","Bus and goods vehicle occupant"
"4340","20161333M0196",2016-03-22,2016,"Mar",22,"07:20",7,20,"Tuesday","Slight",1,"Slight","Car occupant","Driver or rider","Female",39,"Unclassified","Dual carriageway",40,"A","Not a Pedestrian","Not a Pedestrian",426230,431902,"E01011737",2,"Crossroads","Daylight","Fine no high winds","Dry","Car occupant"
"4341","20161333M1252",2016-03-22,2016,"Mar",22,"18:00",18,0,"Tuesday","Slight",1,"Slight","Car occupant","Passenger","Female",18,"A","Dual carriageway",40,NA,"Not a Pedestrian","Not a Pedestrian",430107,432823,"E01033016",2,"Not at junction or within 20 metres","Daylight","Fine no high winds","Dry","Car occupant"
"4342","20161333M1474",2016-03-22,2016,"Mar",22,"20:05",20,5,"Tuesday","Serious",1,"Serious","Pedestrian","Pedestrian","Female",22,"Unclassified","Dual carriageway",30,NA,"Crossing elsewhere within 50m. of pedestrian crossing","Crossing from driver's nearside",429914,432852,"E01033016",1,"Not at junction or within 20 metres","Darkness - lights lit","Fine no high winds","Dry","Pedestrian"
"4343","20161333N0519",2016-03-23,2016,"Mar",23,"12:07",12,7,"Wednesday","Slight",1,"Slight","Car occupant","Driver or rider","Male",37,"Unclassified","Single carriageway",30,"Unclassified","Not a Pedestrian","Not a Pedestrian",430551,432342,"E01033018",3,"T or staggered junction","Daylight","Fine no high winds","Dry","Car occupant"
"4344","20161333N0965",2016-03-23,2016,"Mar",23,"17:10",17,10,"Wednesday","Serious",1,"Serious","Motorcycle over 500cc rider or passenger","Driver or rider","Male",43,"A","Dual carriageway",40,"Unclassified","Not a Pedestrian","Not a Pedestrian",433604,432074,"E01011621",1,"Roundabout","Daylight","Fine no high winds","Dry","Motorcyclist and pillion"
"4345","20161333T1529",2016-03-24,2016,"Mar",24,"17:30",17,30,"Thursday","Slight",1,"Slight","Car occupant","Driver or rider","Female",24,"Unclassified","Single carriageway",30,"Unclassified","Not a Pedestrian","Not a Pedestrian",422029,434379,"E01011587",2,"Other junction","Daylight","Fine no high winds","Wet or damp","Car occupant"
"4346","20161333O1560",2016-03-24,2016,"Mar",24,"20:45",20,45,"Thursday","Slight",1,"Slight","Cyclist","Driver or rider","Male",15,"Unclassified","Single carriageway",30,"Unclassified","Not a Pedestrian","Not a Pedestrian",433008,437096,"E01011643",2,"T or staggered junction","Darkness - lighting unknown","Unknown","Dry","Cyclist"
"4347","20161333P0429",2016-03-25,2016,"Mar",25,"10:00",10,0,"Friday","Slight",4,"Slight","Car occupant","Driver or rider","Male",47,"A(M)","Dual carriageway",70,NA,"Not a Pedestrian","Not a Pedestrian",443249,439304,"E01011309",4,"Not at junction or within 20 metres","Daylight","Fine no high winds","Wet or damp","Car occupant"
"4348","20161333P0657",2016-03-25,2016,"Mar",25,"12:20",12,20,"Friday","Slight",4,"Slight","Car occupant","Driver or rider","Male",27,"A(M)","Dual carriageway",70,NA,"Not a Pedestrian","Not a Pedestrian",443638,436915,"E01011297",4,"Not at junction or within 20 metres","Daylight","Fine no high winds","Wet or damp","Car occupant"
"4349","20161333P0920",2016-03-25,2016,"Mar",25,"14:10",14,10,"Friday","Slight",1,"Slight","Car occupant","Passenger","Female",25,"Unclassified","Roundabout",30,"Unclassified","Not a Pedestrian","Not a Pedestrian",426190,427439,"E01011530",2,"Roundabout","Daylight","Fine no high winds","Dry","Car occupant"
"4350","20161333P1048",2016-03-25,2016,"Mar",25,"15:55",15,55,"Friday","Serious",1,"Serious","Motorcycle over 500cc rider or passenger","Driver or rider","Male",67,"Unclassified","Single carriageway",40,"Unclassified","Not a Pedestrian","Not a Pedestrian",415290,441400,"E01011270",1,"Private drive or entrance","Daylight","Fine no high winds","Dry","Motorcyclist and pillion"
"4351","20161333P1342",2016-03-25,2016,"Mar",25,"18:00",18,0,"Friday","Slight",1,"Slight","Car occupant","Driver or rider","Female",28,"Motorway","Dual carriageway",30,"A","Not a Pedestrian","Not a Pedestrian",424090,428105,"E01011529",2,"T or staggered junction","Daylight","Fine no high winds","Dry","Car occupant"
"4352","20161333Q1029",2016-03-26,2016,"Mar",26,"10:29",10,29,"Saturday","Serious",1,"Serious","Car occupant","Driver or rider","Male",30,"Motorway","Dual carriageway",70,NA,"Not a Pedestrian","Not a Pedestrian",437868,433015,"E01011402",1,"Not at junction or within 20 metres","Daylight","Fine no high winds","Dry","Car occupant"
"4353","20161333Q0648",2016-03-26,2016,"Mar",26,"10:55",10,55,"Saturday","Slight",1,"Slight","Pedestrian","Pedestrian","Male",46,"Unclassified","Single carriageway",30,NA,"In carriageway, not crossing","Walking along in carriageway, back to traffic",429574,435901,"E01011669",1,"Not at junction or within 20 metres","Daylight","Fine no high winds","Dry","Pedestrian"
"4354","20161333Q1071",2016-03-26,2016,"Mar",26,"11:51",11,51,"Saturday","Slight",1,"Slight","Car occupant","Driver or rider","Male",29,"A","Dual carriageway",40,"Unclassified","Not a Pedestrian","Not a Pedestrian",426250,434042,"E01032499",2,"Crossroads","Daylight","Fine no high winds","Dry","Car occupant"
"4355","20161333Q1107",2016-03-26,2016,"Mar",26,"13:40",13,40,"Saturday","Slight",1,"Slight","Pedestrian","Pedestrian","Male",20,"Unclassified","Single carriageway",30,NA,"Crossing on pedestrian crossing facility","Crossing from driver's offside",430069,433848,"E01033010",1,"Not at junction or within 20 metres","Daylight","Fine no high winds","Dry","Pedestrian"
"4356","20161333Q1208",2016-03-26,2016,"Mar",26,"17:24",17,24,"Saturday","Slight",1,"Slight","Car occupant","Passenger","Female",55,"Motorway","Dual carriageway",70,NA,"Not a Pedestrian","Not a Pedestrian",427094,430502,"E01011734",1,"Not at junction or within 20 metres","Daylight","Raining no high winds","Wet or damp","Car occupant"
"4357","20161333R0453",2016-03-27,2016,"Mar",27,"10:19",10,19,"Sunday","Slight",1,"Slight","Car occupant","Passenger","Male",25,"Unclassified","Single carriageway",30,"Unclassified","Not a Pedestrian","Not a Pedestrian",426503,433764,"E01032608",2,"Crossroads","Daylight","Fine no high winds","Dry","Car occupant"
"4358","20161333R0504",2016-03-27,2016,"Mar",27,"11:06",11,6,"Sunday","Slight",1,"Slight","Car occupant","Passenger","Female",34,"A","Dual carriageway",40,"Unclassified","Not a Pedestrian","Not a Pedestrian",429880,430763,"E01011312",2,"Other junction","Daylight","Fine no high winds","Dry","Car occupant"
"4359","20161333R0873",2016-03-27,2016,"Mar",27,"16:08",16,8,"Sunday","Serious",1,"Serious","Pedestrian","Pedestrian","Female",11,"B","Single carriageway",30,NA,"In carriageway, crossing elsewhere","Crossing from driver's nearside",432133,435320,"E01011432",1,"Not at junction or within 20 metres","Daylight","Raining no high winds","Wet or damp","Pedestrian"
"4360","20161333R0913",2016-03-27,2016,"Mar",27,"17:10",17,10,"Sunday","Slight",1,"Slight","Car occupant","Passenger","Female",19,"Unclassified","Single carriageway",30,NA,"Not a Pedestrian","Not a Pedestrian",427769,434959,"E01011481",3,"Not at junction or within 20 metres","Daylight","Raining + high winds","Wet or damp","Car occupant"
"4361","20161333R1046",2016-03-27,2016,"Mar",27,"18:00",18,0,"Sunday","Slight",1,"Slight","Car occupant","Driver or rider","Male",21,"Motorway","Slip road",50,NA,"Not a Pedestrian","Not a Pedestrian",431779,430478,"E01011469",1,"Not at junction or within 20 metres","Daylight","Fine no high winds","Dry","Car occupant"
"4362","20161333R1689",2016-03-27,2016,"Mar",27,"23:49",23,49,"Sunday","Slight",2,"Slight","Pedestrian","Pedestrian","Male",58,"Unclassified","Single carriageway",30,NA,"Unknown or other","Unknown or other",427000,433450,"E01011293",1,"Not at junction or within 20 metres","Darkness - lighting unknown","Unknown","Dry","Pedestrian"
"4363","20161333S0639",2016-03-28,2016,"Mar",28,"11:00",11,0,"Monday","Slight",2,"Slight","Car occupant","Driver or rider","Female",55,"A","Roundabout",30,"A","Not a Pedestrian","Not a Pedestrian",436098,434792,"E01011345",2,"Roundabout","Daylight","Fine no high winds","Dry","Car occupant"
"4364","20161333S0525",2016-03-28,2016,"Mar",28,"11:24",11,24,"Monday","Slight",2,"Slight","Car occupant","Driver or rider","Female",68,"A","Roundabout",30,"A","Not a Pedestrian","Not a Pedestrian",423018,437664,"E01011452",2,"Roundabout","Daylight","Fine no high winds","Dry","Car occupant"
"4365","20161333S0584",2016-03-28,2016,"Mar",28,"12:04",12,4,"Monday","Serious",1,"Serious","Motorcycle 125cc and under rider or passenger","Driver or rider","Male",21,"Unclassified","Single carriageway",30,NA,"Not a Pedestrian","Not a Pedestrian",424482,438585,"E01011460",2,"Not at junction or within 20 metres","Daylight","Fine no high winds","Dry","Motorcyclist and pillion"
"4366","20161333T0242",2016-03-29,2016,"Mar",29,"07:40",7,40,"Tuesday","Slight",2,"Slight","Car occupant","Driver or rider","Female",46,"A","Single carriageway",30,"Unclassified","Not a Pedestrian","Not a Pedestrian",431434,431611,"E01011467",2,"T or staggered junction","Daylight","Fine no high winds","Dry","Car occupant"
"4367","20161333T0645",2016-03-29,2016,"Mar",29,"12:47",12,47,"Tuesday","Slight",1,"Slight","Car occupant","Passenger","Male",6,"A","Dual carriageway",40,"Unclassified","Not a Pedestrian","Not a Pedestrian",426297,438088,"E01011687",2,"T or staggered junction","Daylight","Fine no high winds","Dry","Car occupant"
"4368","20161333T1050",2016-03-29,2016,"Mar",29,"16:30",16,30,"Tuesday","Slight",1,"Slight","Car occupant","Driver or rider","Male",25,"Unclassified","Single carriageway",30,"Unclassified","Not a Pedestrian","Not a Pedestrian",429167,432418,"E01033013",2,"T or staggered junction","Daylight","Fine no high winds","Dry","Car occupant"
"4369","20161333T1751",2016-03-29,2016,"Mar",29,"17:51",17,51,"Tuesday","Serious",1,"Serious","Pedestrian","Pedestrian","Male",30,"A","Dual carriageway",30,"Unclassified","Crossing elsewhere within 50m. of pedestrian crossing","Crossing from driver's nearside",430759,434644,"E01011671",1,"T or staggered junction","Daylight","Fine no high winds","Dry","Pedestrian"
"4370","20161333T1515",2016-03-29,2016,"Mar",29,"20:45",20,45,"Tuesday","Slight",1,"Slight","Car occupant","Passenger","Female",3,"Unclassified","Single carriageway",20,"Unclassified","Not a Pedestrian","Not a Pedestrian",428979,430936,"E01011313",2,"Crossroads","Darkness - lights lit","Raining no high winds","Wet or damp","Car occupant"
"4371","20161333U0243",2016-03-30,2016,"Mar",30,"08:18",8,18,"Wednesday","Slight",1,"Slight","Car occupant","Driver or rider","Female",25,"Unclassified","Single carriageway",30,"Unclassified","Not a Pedestrian","Not a Pedestrian",431493,433975,"E01033031",3,"T or staggered junction","Daylight","Fine no high winds","Dry","Car occupant"
"4372","20161333U0563",2016-03-30,2016,"Mar",30,"12:10",12,10,"Wednesday","Slight",2,"Slight","Car occupant","Driver or rider","Female",17,"Unclassified","Single carriageway",30,"Unclassified","Not a Pedestrian","Not a Pedestrian",432391,437597,"E01011654",2,"T or staggered junction","Daylight","Fine no high winds","Dry","Car occupant"
"4373","20161333U0531",2016-03-30,2016,"Mar",30,"12:13",12,13,"Wednesday","Slight",1,"Slight","Car occupant","Driver or rider","Female",35,"A","Roundabout",30,"Unclassified","Not a Pedestrian","Not a Pedestrian",430713,439027,"E01011512",2,"Roundabout","Daylight","Fine no high winds","Dry","Car occupant"
"4374","20161333U0291",2016-03-30,2016,"Mar",30,"16:04",16,4,"Wednesday","Slight",1,"Slight","Car occupant","Driver or rider","Male",44,"Unclassified","Single carriageway",60,NA,"Not a Pedestrian","Not a Pedestrian",436726,428266,"E01011635",2,"Not at junction or within 20 metres","Daylight","Fine no high winds","Dry","Car occupant"
"4375","20161333V1001",2016-03-30,2016,"Mar",30,"16:15",16,15,"Wednesday","Slight",1,"Slight","Pedestrian","Pedestrian","Male",5,"Unclassified","Single carriageway",30,NA,"In carriageway, crossing elsewhere","Crossing from offside - masked by  parked or stationary vehicle",429469,435450,"E01011669",2,"Not at junction or within 20 metres","Daylight","Fine no high winds","Dry","Pedestrian"
"4376","20161333U0931",2016-03-30,2016,"Mar",30,"16:20",16,20,"Wednesday","Slight",1,"Slight","Pedestrian","Pedestrian","Male",50,"B","Roundabout",30,"Unclassified","In carriageway, crossing elsewhere","Crossing from driver's nearside",426497,427233,"E01011541",1,"Roundabout","Daylight","Fine no high winds","Dry","Pedestrian"
"4377","20161333U0964",2016-03-30,2016,"Mar",30,"16:35",16,35,"Wednesday","Serious",1,"Serious","Cyclist","Driver or rider","Male",19,"A","Single carriageway",40,"B","Not a Pedestrian","Not a Pedestrian",425155,429000,"E01011522",2,"Crossroads","Daylight","Fine no high winds","Dry","Cyclist"
"4378","20161333U1075",2016-03-30,2016,"Mar",30,"17:00",17,0,"Wednesday","Slight",2,"Slight","Taxi/Private hire car occupant","Passenger","Female",28,"A","Dual carriageway",30,"A","Not a Pedestrian","Not a Pedestrian",430605,434565,"E01011671",2,"T or staggered junction","Daylight","Fine no high winds","Dry","Car occupant"
"4379","20161333U1123",2016-03-30,2016,"Mar",30,"17:57",17,57,"Wednesday","Slight",1,"Slight","Car occupant","Driver or rider","Female",22,"A(M)","Dual carriageway",70,NA,"Not a Pedestrian","Not a Pedestrian",443972,434035,"E01011297",2,"Not at junction or within 20 metres","Daylight","Fine no high winds","Dry","Car occupant"
"4380","20161333U1271",2016-03-30,2016,"Mar",30,"19:13",19,13,"Wednesday","Slight",1,"Slight","Car occupant","Driver or rider","Female",33,"Unclassified","Single carriageway",30,NA,"Not a Pedestrian","Not a Pedestrian",426881,433439,"E01011292",2,"Not at junction or within 20 metres","Daylight","Fine no high winds","Dry","Car occupant"
"4381","20161333U0825",2016-03-30,2016,"Mar",30,"20:54",20,54,"Wednesday","Slight",1,"Slight","Bus or coach occupant (17 or more pass seats)","Passenger","Female",67,"Unclassified","Single carriageway",30,NA,"Not a Pedestrian","Not a Pedestrian",427560,427911,"E01032490",1,"Not at junction or within 20 metres","Darkness - lights lit","Fine no high winds","Dry","Bus and goods vehicle occupant"
"4382","20161333U1748",2016-03-30,2016,"Mar",30,"23:45",23,45,"Wednesday","Slight",1,"Slight","Car occupant","Passenger","Male",19,"Unclassified","Single carriageway",60,NA,"Not a Pedestrian","Not a Pedestrian",429655,423722,"E01011536",1,"Not at junction or within 20 metres","Darkness - no lighting","Fine no high winds","Dry","Car occupant"
"4383","20161333V0210",2016-03-31,2016,"Mar",31,"06:14",6,14,"Thursday","Slight",1,"Slight","Motorcycle over 125cc and up to 500cc rider or  passenger","Driver or rider","Male",59,"Unclassified","Roundabout",30,"A","Not a Pedestrian","Not a Pedestrian",441011,447922,"E01011705",2,"Roundabout","Daylight","Fine no high winds","Dry","Motorcyclist and pillion"
"4384","20161333V0429",2016-03-31,2016,"Mar",31,"10:45",10,45,"Thursday","Slight",1,"Slight","Car occupant","Driver or rider","Male",45,"B","Single carriageway",30,NA,"Not a Pedestrian","Not a Pedestrian",426590,427077,"E01011547",2,"Not at junction or within 20 metres","Daylight","Fine no high winds","Dry","Car occupant"
"4385","20161333V1161",2016-03-31,2016,"Mar",31,"17:04",17,4,"Thursday","Slight",1,"Slight","Car occupant","Driver or rider","Male",47,"Unclassified","Single carriageway",30,"Unclassified","Not a Pedestrian","Not a Pedestrian",432934,440174,"E01011561",2,"Other junction","Daylight","Fine no high winds","Dry","Car occupant"
"4386","20161333V0846",2016-03-31,2016,"Mar",31,"18:45",18,45,"Thursday","Slight",2,"Slight","Car occupant","Passenger","Female",25,"A","Dual carriageway",30,"Unclassified","Not a Pedestrian","Not a Pedestrian",430652,434727,"E01011671",2,"Crossroads","Daylight","Raining no high winds","Wet or damp","Car occupant"
"4387","20161333V1357",2016-03-31,2016,"Mar",31,"18:45",18,45,"Thursday","Slight",1,"Slight","Car occupant","Driver or rider","Male",57,"A","Single carriageway",40,NA,"Not a Pedestrian","Not a Pedestrian",424741,437826,"E01011463",1,"Not at junction or within 20 metres","Daylight","Fine no high winds","Dry","Car occupant"
"4388","20161333V1367",2016-03-31,2016,"Mar",31,"18:48",18,48,"Thursday","Slight",1,"Slight","Pedestrian","Pedestrian","Male",8,"Unclassified","Single carriageway",30,NA,"In carriageway, crossing elsewhere","Crossing from offside - masked by  parked or stationary vehicle",427312,433869,"E01011284",1,"Not at junction or within 20 metres","Daylight","Fine no high winds","Dry","Pedestrian"
"4389","20161333V1409",2016-03-31,2016,"Mar",31,"19:06",19,6,"Thursday","Slight",1,"Slight","Car occupant","Driver or rider","Female",44,"A","Single carriageway",30,"Unclassified","Not a Pedestrian","Not a Pedestrian",426284,435585,"E01011488",2,"Crossroads","Daylight","Fine no high winds","Dry","Car occupant"
"4390","20161333V1546",2016-03-31,2016,"Mar",31,"20:16",20,16,"Thursday","Slight",1,"Slight","Pedestrian","Pedestrian","Female",17,"A","Dual carriageway",40,NA,"In centre of carriageway - not on refuge, island or central reservation","Crossing from driver's offside",434601,434498,"E01011341",1,"Not at junction or within 20 metres","Daylight","Fine no high winds","Dry","Pedestrian"
"4391","20161333V1759",2016-03-31,2016,"Mar",31,"21:55",21,55,"Thursday","Slight",1,"Slight","Car occupant","Driver or rider","Male",18,"B","Roundabout",40,"A","Not a Pedestrian","Not a Pedestrian",424685,433597,"E01011727",1,"Roundabout","Darkness - lights lit","Fine no high winds","Dry","Car occupant"