"","accident_index","date","year","month","day","time","time_hour","time_minute","day_of_week","accident_severity","number_of_casualties","casualty_severity","casualty_type","casualty_class","sex_of_casualty","age_of_casualty","first_road_class","road_type","speed_limit","second_road_class","pedestrian_location","pedestrian_movement","location_easting_osgr","location_northing_osgr","lsoa_of_accident_location","number_of_vehicles","junction_detail","light_conditions","weather_conditions","road_surface_conditions","cas_type"
"4392","2016133410726",2016-04-01,2016,"Apr",1,"13:30",13,30,"Friday","Serious",1,"Serious","Motorcycle 125cc and under rider or passenger","Driver or rider","Male",32,"Unclassified","Single carriageway",30,"Unclassified","Not a Pedestrian","Not a Pedestrian",432779,429909,"E01011470",2,"Private drive or entrance","Daylight","Fine no high winds","Dry","Motorcyclist and pillion"
"4393","20161334U1035",2016-04-01,2016,"Apr",1,"16:05",16,5,"Friday","Slight",1,"Slight","Cyclist","Driver or rider","Male",15,"Unclassified","Single carriageway",30,NA,"Not a Pedestrian","Not a Pedestrian",441578,432653,"E01011401",1,"Not at junction or within 20 metres","Daylight","Fine no high winds","Wet or damp","Cyclist"
"4394","2016133411318",2016-04-01,2016,"Apr",1,"18:52",18,52,"Friday","Slight",1,"Slight","Car occupant","Driver or rider","Male",31,"A","Single carriageway",50,"A","Not a Pedestrian","Not a Pedestrian",431229,445744,"E01011561",1,"T or staggered junction","Daylight","Fine no high winds","Dry","Car occupant"
"4395","2016133420318",2016-04-02,2016,"Apr",2,"06:30",6,30,"Saturday","Slight",1,"Slight","Car occupant","Passenger","Female",30,"Unclassified","Single carriageway",30,"Unclassified","Not a Pedestrian","Not a Pedestrian",429898,435437,"E01011670",1,"T or staggered junction","Daylight","Raining no high winds","Wet or damp","Car occupant"
"4396","2016133420607",2016-04-02,2016,"Apr",2,"12:10",12,10,"Saturday","Slight",7,"Slight","Car occupant","Driver or rider","Female",24,"Motorway","Dual carriageway",70,NA,"Not a Pedestrian","Not a Pedestrian",431966,425519,"E01011499",2,"Not at junction or within 20 metres","Daylight","Fine no high winds","Wet or damp","Car occupant"
"4397","2016133421556",2016-04-02,2016,"Apr",2,"14:20",14,20,"Saturday","Slight",4,"Slight","Car occupant","Driver or rider","Female",23,"Unclassified","Single carriageway",30,"Unclassified","Not a Pedestrian","Not a Pedestrian",430164,432839,"E01033016",2,"T or staggered junction","Daylight","Fine no high winds","Dry","Car occupant"
"4398","2016133421179",2016-04-02,2016,"Apr",2,"18:10",18,10,"Saturday","Serious",1,"Serious","Motorcycle over 500cc rider or passenger","Driver or rider","Male",34,"A","Single carriageway",30,"Unclassified","Not a Pedestrian","Not a Pedestrian",427062,431803,"E01011736",2,"T or staggered junction","Daylight","Fine no high winds","Dry","Motorcyclist and pillion"
"4399","2016133430626",2016-04-03,2016,"Apr",3,"11:54",11,54,"Sunday","Slight",1,"Slight","Car occupant","Passenger","Female",53,"Motorway","Dual carriageway",70,"Motorway","Not a Pedestrian","Not a Pedestrian",432030,428493,"E01011496",3,"Other junction","Daylight","Fine no high winds","Dry","Car occupant"
"4400","2016133431102",2016-04-03,2016,"Apr",3,"16:30",16,30,"Sunday","Slight",1,"Slight","Taxi/Private hire car occupant","Driver or rider","Male",24,"Unclassified","Single carriageway",30,NA,"Not a Pedestrian","Not a Pedestrian",433218,436344,"E01011646",1,"Not at junction or within 20 metres","Daylight","Fine no high winds","Dry","Car occupant"
"4401","2016133440406",2016-04-04,2016,"Apr",4,"10:34",10,34,"Monday","Slight",1,"Slight","Pedestrian","Pedestrian","Male",9,"Unclassified","Single carriageway",30,NA,"On footway or verge","Unknown or other",427242,433519,"E01011293",1,"Not at junction or within 20 metres","Daylight","Fine no high winds","Dry","Pedestrian"
"4402","20161334A1160",2016-04-04,2016,"Apr",4,"12:00",12,0,"Monday","Slight",1,"Slight","Mobility scooter rider","Driver or rider","Female",82,"Unclassified","Single carriageway",30,NA,"Not a Pedestrian","Not a Pedestrian",427197,429556,"E01011524",2,"Not at junction or within 20 metres","Daylight","Fine no high winds","Dry","Others"
"4403","2016133440714",2016-04-04,2016,"Apr",4,"12:50",12,50,"Monday","Slight",1,"Slight","Car occupant","Passenger","Female",45,"A","Roundabout",40,"A","Not a Pedestrian","Not a Pedestrian",435860,436384,"E01011661",2,"Roundabout","Daylight","Fine no high winds","Dry","Car occupant"
"4404","2016133440797",2016-04-04,2016,"Apr",4,"14:18",14,18,"Monday","Slight",1,"Slight","Pedestrian","Pedestrian","Female",62,"Unclassified","Single carriageway",30,NA,"Unknown or other","In carriageway, stationary - not crossing  (standing or playing)",432253,438849,"E01011653",1,"Not at junction or within 20 metres","Daylight","Fine no high winds","Dry","Pedestrian"
"4405","2016133440994",2016-04-04,2016,"Apr",4,"15:45",15,45,"Monday","Slight",1,"Slight","Car occupant","Driver or rider","Female",55,"A","Single carriageway",30,"Unclassified","Not a Pedestrian","Not a Pedestrian",439186,446061,"E01011706",1,"T or staggered junction","Daylight","Unknown","Dry","Car occupant"
"4406","2016133450238",2016-04-05,2016,"Apr",5,"07:43",7,43,"Tuesday","Slight",1,"Slight","Car occupant","Driver or rider","Female",45,"Motorway","Dual carriageway",70,"Motorway","Not a Pedestrian","Not a Pedestrian",424270,428001,"E01011523",2,"Slip road","Daylight","Fine no high winds","Wet or damp","Car occupant"
"4407","2016133450269",2016-04-05,2016,"Apr",5,"08:14",8,14,"Tuesday","Serious",1,"Serious","Cyclist","Driver or rider","Male",28,"Unclassified","Single carriageway",30,"Unclassified","Not a Pedestrian","Not a Pedestrian",431402,435029,"E01011673",2,"Crossroads","Daylight","Fine no high winds","Dry","Cyclist"
"4408","2016133450365",2016-04-05,2016,"Apr",5,"09:45",9,45,"Tuesday","Slight",1,"Slight","Car occupant","Passenger","Female",4,"Motorway","Dual carriageway",70,"Motorway","Not a Pedestrian","Not a Pedestrian",432338,426034,"E01011499",2,"Roundabout","Daylight","Fine no high winds","Dry","Car occupant"
"4409","2016133450551",2016-04-05,2016,"Apr",5,"11:50",11,50,"Tuesday","Slight",2,"Slight","Car occupant","Driver or rider","Female",19,"Unclassified","Single carriageway",30,"Unclassified","Not a Pedestrian","Not a Pedestrian",437506,433021,"E01011411",2,"T or staggered junction","Daylight","Fine no high winds","Dry","Car occupant"
"4410","2016133450918",2016-04-05,2016,"Apr",5,"13:20",13,20,"Tuesday","Slight",1,"Slight","Bus or coach occupant (17 or more pass seats)","Passenger","Male",3,"A","Dual carriageway",30,NA,"Not a Pedestrian","Not a Pedestrian",433239,434026,"E01011617",1,"Not at junction or within 20 metres","Daylight","Fine no high winds","Dry","Bus and goods vehicle occupant"
"4411","2016133451238",2016-04-05,2016,"Apr",5,"17:00",17,0,"Tuesday","Slight",1,"Slight","Car occupant","Driver or rider","Female",38,"A","Roundabout",40,"Unclassified","Not a Pedestrian","Not a Pedestrian",427627,431158,"E01011369",2,"Roundabout","Daylight","Fine no high winds","Dry","Car occupant"
"4412","2016133470285",2016-04-07,2016,"Apr",7,"09:07",9,7,"Thursday","Slight",1,"Slight","Cyclist","Driver or rider","Male",32,"A","Unknown",30,"Unclassified","Not a Pedestrian","Not a Pedestrian",430707,434595,"E01011671",2,"T or staggered junction","Daylight","Fine no high winds","Dry","Cyclist"
"4413","2016133470636",2016-04-07,2016,"Apr",7,"13:10",13,10,"Thursday","Slight",3,"Slight","Car occupant","Passenger","Female",13,"A","Roundabout",50,"Motorway","Not a Pedestrian","Not a Pedestrian",431954,430328,"E01011469",3,"Roundabout","Daylight","Fine no high winds","Dry","Car occupant"
"4414","2016133470749",2016-04-07,2016,"Apr",7,"14:12",14,12,"Thursday","Slight",2,"Slight","Car occupant","Driver or rider","Female",73,"Unclassified","Single carriageway",30,"Unclassified","Not a Pedestrian","Not a Pedestrian",420489,445125,"E01011572",2,"T or staggered junction","Daylight","Fine no high winds","Dry","Car occupant"
"4415","2016133470826",2016-04-07,2016,"Apr",7,"14:42",14,42,"Thursday","Slight",1,"Slight","Car occupant","Driver or rider","Male",33,"Unclassified","Single carriageway",30,"Unclassified","Not a Pedestrian","Not a Pedestrian",422181,441731,"E01032503",2,"Other junction","Daylight","Raining no high winds","Wet or damp","Car occupant"
"4416","2016133471144",2016-04-07,2016,"Apr",7,"17:05",17,5,"Thursday","Slight",1,"Slight","Car occupant","Driver or rider","Male",37,"A","Roundabout",40,"A","Not a Pedestrian","Not a Pedestrian",430747,439243,"E01011556",2,"Roundabout","Daylight","Raining no high winds","Wet or damp","Car occupant"
"4417","2016133471199",2016-04-07,2016,"Apr",7,"17:20",17,20,"Thursday","Slight",1,"Slight","Pedestrian","Pedestrian","Male",51,"Unclassified","Single carriageway",30,NA,"In carriageway, not crossing","In carriageway, stationary - not crossing  (standing or playing) - masked by parked or stationary vehicle",429325,431338,"E01011370",1,"Not at junction or within 20 metres","Daylight","Fine no high winds","Dry","Pedestrian"
"4418","2016133480301",2016-04-08,2016,"Apr",8,"09:34",9,34,"Friday","Slight",1,"Slight","Car occupant","Passenger","Female",72,"A","Single carriageway",40,"A","Not a Pedestrian","Not a Pedestrian",431247,445732,"E01011561",2,"T or staggered junction","Daylight","Fine no high winds","Dry","Car occupant"
"4419","2016133480522",2016-04-08,2016,"Apr",8,"11:07",11,7,"Friday","Slight",1,"Slight","Car occupant","Driver or rider","Male",23,"A","Single carriageway",30,"Unclassified","Not a Pedestrian","Not a Pedestrian",430878,434255,"E01033031",2,"Crossroads","Daylight","Fine no high winds","Dry","Car occupant"
"4420","2016133480914",2016-04-08,2016,"Apr",8,"14:25",14,25,"Friday","Slight",1,"Slight","Car occupant","Driver or rider","Female",30,"Unclassified","Single carriageway",30,"Unclassified","Not a Pedestrian","Not a Pedestrian",430857,433893,"E01033031",2,"Other junction","Daylight","Unknown","Dry","Car occupant"
"4421","2016133481375",2016-04-08,2016,"Apr",8,"18:04",18,4,"Friday","Serious",1,"Serious","Pedestrian","Pedestrian","Male",35,"Unclassified","Single carriageway",20,NA,"On footway or verge","In carriageway, stationary - not crossing  (standing or playing)",430115,427124,"E01011492",1,"Not at junction or within 20 metres","Daylight","Fine no high winds","Dry","Pedestrian"
"4422","2016133481836",2016-04-08,2016,"Apr",8,"21:58",21,58,"Friday","Slight",3,"Slight","Car occupant","Driver or rider","Male",62,"B","Single carriageway",30,"Unclassified","Not a Pedestrian","Not a Pedestrian",429312,437848,"E01011505",2,"T or staggered junction","Darkness - lights lit","Fine no high winds","Wet or damp","Car occupant"
"4423","2016133481903",2016-04-08,2016,"Apr",8,"22:32",22,32,"Friday","Serious",1,"Serious","Pedestrian","Pedestrian","Female",69,"Unclassified","Single carriageway",30,NA,"In centre of carriageway - not on refuge, island or central reservation","Crossing from driver's offside",434134,428742,"E01011639",1,"Not at junction or within 20 metres","Darkness - lights lit","Unknown","Dry","Pedestrian"
"4424","2016133481960",2016-04-08,2016,"Apr",8,"23:01",23,1,"Friday","Slight",1,"Slight","Pedestrian","Pedestrian","Male",35,"A","Dual carriageway",70,NA,"In carriageway, crossing elsewhere","Crossing from driver's offside",429503,430272,"E01011319",1,"Not at junction or within 20 metres","Darkness - lights lit","Raining no high winds","Wet or damp","Pedestrian"
"4425","2016133490475",2016-04-09,2016,"Apr",9,"09:35",9,35,"Saturday","Slight",1,"Slight","Car occupant","Driver or rider","Male",23,"A","Dual carriageway",60,NA,"Not a Pedestrian","Not a Pedestrian",423279,434247,"E01011596",1,"Not at junction or within 20 metres","Daylight","Fine no high winds","Dry","Car occupant"
"4426","2016133491292",2016-04-09,2016,"Apr",9,"15:41",15,41,"Saturday","Slight",1,"Slight","Bus or coach occupant (17 or more pass seats)","Passenger","Male",2,"Unclassified","Roundabout",30,"Unclassified","Not a Pedestrian","Not a Pedestrian",431912,434798,"E01011677",1,"Roundabout","Daylight","Fine no high winds","Dry","Bus and goods vehicle occupant"
"4427","2016133491701",2016-04-09,2016,"Apr",9,"20:50",20,50,"Saturday","Slight",1,"Slight","Car occupant","Driver or rider","Male",30,"Unclassified","Single carriageway",30,"Unclassified","Not a Pedestrian","Not a Pedestrian",424921,438259,"E01011464",3,"Other junction","Darkness - lights lit","Unknown","Dry","Car occupant"
"4428","20161334B0449",2016-04-09,2016,"Apr",9,"23:45",23,45,"Saturday","Slight",1,"Slight","Car occupant","Driver or rider","Male",30,"Unclassified","Single carriageway",30,"Unclassified","Not a Pedestrian","Not a Pedestrian",424467,433648,"E01011608",2,"Crossroads","Darkness - lighting unknown","Fine no high winds","Dry","Car occupant"
"4429","20161334A0112",2016-04-10,2016,"Apr",10,"00:50",0,50,"Sunday","Slight",4,"Slight","Taxi/Private hire car occupant","Driver or rider","Male",31,"Unclassified","Single carriageway",30,"Unclassified","Not a Pedestrian","Not a Pedestrian",430414,433945,"E01033010",2,"T or staggered junction","Darkness - lights lit","Fine no high winds","Dry","Car occupant"
"4430","20161334A0353",2016-04-10,2016,"Apr",10,"06:43",6,43,"Sunday","Serious",2,"Serious","Van / Goods vehicle (3.5 tonnes mgw or under) occupant","Driver or rider","Male",21,"Unclassified","Single carriageway",30,"Unclassified","Not a Pedestrian","Not a Pedestrian",424450,433732,"E01011608",1,"Other junction","Daylight","Fine no high winds","Dry","Bus and goods vehicle occupant"
"4431","20161334A0683",2016-04-10,2016,"Apr",10,"12:53",12,53,"Sunday","Serious",1,"Serious","Motorcycle over 500cc rider or passenger","Driver or rider","Male",41,"A","Dual carriageway",40,"Motorway","Not a Pedestrian","Not a Pedestrian",430486,431744,"E01011467",2,"T or staggered junction","Daylight","Fine no high winds","Dry","Motorcyclist and pillion"
"4432","20161334A1247",2016-04-10,2016,"Apr",10,"17:57",17,57,"Sunday","Slight",2,"Slight","Car occupant","Driver or rider","Male",32,"Unclassified","Single carriageway",30,"Unclassified","Not a Pedestrian","Not a Pedestrian",427477,432599,"E01011733",2,"Roundabout","Daylight","Fine no high winds","Dry","Car occupant"
"4433","20161334B1446",2016-04-11,2016,"Apr",11,"18:40",18,40,"Monday","Slight",1,"Slight","Car occupant","Passenger","Male",7,"Unclassified","Single carriageway",20,NA,"Not a Pedestrian","Not a Pedestrian",425347,434464,"E01011286",2,"Not at junction or within 20 metres","Daylight","Fine no high winds","Dry","Car occupant"
"4434","20161334C0049",2016-04-12,2016,"Apr",12,"01:17",1,17,"Tuesday","Slight",1,"Slight","Car occupant","Driver or rider","Male",18,"Unclassified","Single carriageway",60,NA,"Not a Pedestrian","Not a Pedestrian",429109,423551,"E01011536",1,"Not at junction or within 20 metres","Darkness - no lighting","Raining no high winds","Wet or damp","Car occupant"
"4435","20161334C0843",2016-04-12,2016,"Apr",12,"14:50",14,50,"Tuesday","Slight",1,"Slight","Pedestrian","Pedestrian","Female",71,"B","Single carriageway",30,NA,"Unknown or other","Unknown or other",428768,437037,"E01011691",1,"Not at junction or within 20 metres","Daylight","Fine no high winds","Dry","Pedestrian"
"4436","20161334C1363",2016-04-12,2016,"Apr",12,"17:45",17,45,"Tuesday","Slight",1,"Slight","Pedestrian","Pedestrian","Female",42,"A","Single carriageway",30,NA,"In carriageway, crossing elsewhere","Crossing from driver's nearside",430460,432770,"E01033018",1,"Not at junction or within 20 metres","Daylight","Unknown","Dry","Pedestrian"
"4437","20161334C1380",2016-04-12,2016,"Apr",12,"19:55",19,55,"Tuesday","Serious",1,"Serious","Motorcycle 125cc and under rider or passenger","Driver or rider","Male",53,"Unclassified","Single carriageway",30,"Unclassified","Not a Pedestrian","Not a Pedestrian",432954,440275,"E01011562",2,"T or staggered junction","Daylight","Fine no high winds","Wet or damp","Motorcyclist and pillion"
"4438","20161334C1090",2016-04-12,2016,"Apr",12,"20:13",20,13,"Tuesday","Slight",1,"Slight","Car occupant","Driver or rider","Female",25,"Unclassified","Single carriageway",30,"Unclassified","Not a Pedestrian","Not a Pedestrian",426062,427377,"E01011545",2,"T or staggered junction","Darkness - lights lit","Unknown","Dry","Car occupant"
"4439","20161334D1127",2016-04-13,2016,"Apr",13,"17:13",17,13,"Wednesday","Slight",1,"Slight","Car occupant","Driver or rider","Female",50,"Unclassified","Single carriageway",30,"Unclassified","Not a Pedestrian","Not a Pedestrian",437276,429647,"E01011402",3,"T or staggered junction","Daylight","Fine no high winds","Dry","Car occupant"
"4440","20161334G0900",2016-04-13,2016,"Apr",13,"21:10",21,10,"Wednesday","Slight",1,"Slight","Cyclist","Driver or rider","Female",33,"A","Single carriageway",30,"Unclassified","Not a Pedestrian","Not a Pedestrian",427326,437199,"E01011690",2,"T or staggered junction","Darkness - lights lit","Fine no high winds","Dry","Cyclist"
"4441","20161334E0509",2016-04-14,2016,"Apr",14,"11:02",11,2,"Thursday","Slight",1,"Slight","Car occupant","Driver or rider","Male",41,"Motorway","Dual carriageway",70,NA,"Not a Pedestrian","Not a Pedestrian",431961,427789,"E01011490",2,"Not at junction or within 20 metres","Daylight","Fine no high winds","Dry","Car occupant"
"4442","20161334E1023",2016-04-14,2016,"Apr",14,"15:50",15,50,"Thursday","Slight",1,"Slight","Car occupant","Driver or rider","Female",57,"B","Single carriageway",30,"A","Not a Pedestrian","Not a Pedestrian",426238,435587,"E01011488",2,"T or staggered junction","Daylight","Unknown","Dry","Car occupant"
"4443","20161334F0267",2016-04-15,2016,"Apr",15,"08:20",8,20,"Friday","Slight",1,"Slight","Car occupant","Driver or rider","Female",41,"Unclassified","Single carriageway",30,"A","Not a Pedestrian","Not a Pedestrian",432867,432388,"E01011621",2,"T or staggered junction","Daylight","Fine no high winds","Dry","Car occupant"
"4444","20161334F0355",2016-04-15,2016,"Apr",15,"09:48",9,48,"Friday","Slight",1,"Slight","Car occupant","Driver or rider","Male",58,"A","Dual carriageway",30,NA,"Not a Pedestrian","Not a Pedestrian",430638,432638,"E01033018",4,"Not at junction or within 20 metres","Daylight","Fine no high winds","Dry","Car occupant"
"4445","20161334F0930",2016-04-15,2016,"Apr",15,"14:50",14,50,"Friday","Slight",1,"Slight","Car occupant","Driver or rider","Female",26,"Unclassified","Single carriageway",30,NA,"Not a Pedestrian","Not a Pedestrian",440438,448181,"E01011704",2,"Not at junction or within 20 metres","Daylight","Fine no high winds","Dry","Car occupant"
"4446","20161334F1211",2016-04-15,2016,"Apr",15,"15:30",15,30,"Friday","Slight",2,"Slight","Car occupant","Driver or rider","Female",46,"Unclassified","One way street",30,NA,"Not a Pedestrian","Not a Pedestrian",422477,432955,"E01011600",2,"Not at junction or within 20 metres","Daylight","Fine no high winds","Dry","Car occupant"
"4447","20161334F1454",2016-04-15,2016,"Apr",15,"18:45",18,45,"Friday","Slight",1,"Slight","Cyclist","Driver or rider","Male",54,"Unclassified","Dual carriageway",30,NA,"Not a Pedestrian","Not a Pedestrian",430233,433333,"E01033010",2,"Not at junction or within 20 metres","Daylight","Fine no high winds","Dry","Cyclist"
"4448","20161334F1569",2016-04-15,2016,"Apr",15,"20:55",20,55,"Friday","Slight",2,"Slight","Car occupant","Passenger","Female",65,"Unclassified","Single carriageway",30,NA,"Not a Pedestrian","Not a Pedestrian",430129,438264,"E01011514",2,"Not at junction or within 20 metres","Darkness - lights lit","Raining no high winds","Wet or damp","Car occupant"
"4449","20161334G0580",2016-04-16,2016,"Apr",16,"10:42",10,42,"Saturday","Slight",1,"Slight","Pedestrian","Pedestrian","Male",85,"A","Single carriageway",30,NA,"Crossing elsewhere within 50m. of pedestrian crossing","Unknown or other",420421,445565,"E01011569",1,"Not at junction or within 20 metres","Daylight","Fine no high winds","Dry","Pedestrian"
"4450","20161334G0785",2016-04-16,2016,"Apr",16,"13:05",13,5,"Saturday","Slight",2,"Slight","Car occupant","Driver or rider","Male",18,"Unclassified","Single carriageway",30,"Unclassified","Not a Pedestrian","Not a Pedestrian",430372,434657,"E01033003",2,"T or staggered junction","Daylight","Unknown","Dry","Car occupant"
"4451","20161334G0789",2016-04-16,2016,"Apr",16,"13:10",13,10,"Saturday","Slight",4,"Slight","Car occupant","Driver or rider","Female",18,"Unclassified","Dual carriageway",30,"Unclassified","Not a Pedestrian","Not a Pedestrian",430601,434156,"E01033002",2,"T or staggered junction","Daylight","Fine no high winds","Dry","Car occupant"
"4452","20161334G0896",2016-04-16,2016,"Apr",16,"14:00",14,0,"Saturday","Slight",3,"Slight","Car occupant","Driver or rider","Female",55,"Unclassified","Single carriageway",30,"Unclassified","Not a Pedestrian","Not a Pedestrian",429609,431494,"E01011373",2,"T or staggered junction","Daylight","Fine no high winds","Dry","Car occupant"
"4453","20161334G1003",2016-04-16,2016,"Apr",16,"15:24",15,24,"Saturday","Slight",1,"Slight","Motorcycle over 500cc rider or passenger","Driver or rider","Male",27,"A","Single carriageway",30,"Unclassified","Not a Pedestrian","Not a Pedestrian",431808,435595,"E01011422",2,"T or staggered junction","Daylight","Fine no high winds","Dry","Motorcyclist and pillion"
"4454","20161334G1077",2016-04-16,2016,"Apr",16,"16:13",16,13,"Saturday","Slight",2,"Slight","Car occupant","Driver or rider","Male",30,"Unclassified","Single carriageway",30,"Unclassified","Not a Pedestrian","Not a Pedestrian",427896,434621,"E01011483",4,"T or staggered junction","Daylight","Fine no high winds","Dry","Car occupant"
"4455","20161334G1373",2016-04-16,2016,"Apr",16,"19:00",19,0,"Saturday","Slight",2,"Slight","Car occupant","Driver or rider","Male",33,"Unclassified","Single carriageway",30,NA,"Not a Pedestrian","Not a Pedestrian",424531,438534,"E01011460",3,"Not at junction or within 20 metres","Daylight","Fine no high winds","Dry","Car occupant"
"4456","20161334I0675",2016-04-17,2016,"Apr",17,"10:15",10,15,"Sunday","Slight",1,"Slight","Cyclist","Driver or rider","Male",43,"Unclassified","Single carriageway",30,"Unclassified","Not a Pedestrian","Not a Pedestrian",423112,439317,"E01011455",2,"T or staggered junction","Daylight","Fine no high winds","Dry","Cyclist"
"4457","20161334H0719",2016-04-17,2016,"Apr",17,"11:30",11,30,"Sunday","Slight",2,"Slight","Car occupant","Driver or rider","Female",19,"A","Single carriageway",30,NA,"Not a Pedestrian","Not a Pedestrian",428344,431277,"E01011369",2,"Not at junction or within 20 metres","Daylight","Fine no high winds","Dry","Car occupant"
"4458","20161334H0964",2016-04-17,2016,"Apr",17,"15:25",15,25,"Sunday","Serious",1,"Serious","Motorcycle 125cc and under rider or passenger","Driver or rider","Male",25,"Unclassified","Single carriageway",60,NA,"Not a Pedestrian","Not a Pedestrian",440960,437451,"E01011309",1,"Not at junction or within 20 metres","Daylight","Fine no high winds","Dry","Motorcyclist and pillion"
"4459","20161334I0492",2016-04-18,2016,"Apr",18,"11:00",11,0,"Monday","Slight",1,"Slight","Cyclist","Driver or rider","Male",29,"A","Single carriageway",30,"Unclassified","Not a Pedestrian","Not a Pedestrian",433372,434058,"E01011340",2,"T or staggered junction","Daylight","Fine no high winds","Dry","Cyclist"
"4460","20161334I0700",2016-04-18,2016,"Apr",18,"11:20",11,20,"Monday","Slight",1,"Slight","Bus or coach occupant (17 or more pass seats)","Passenger","Male",65,"Unclassified","Single carriageway",30,NA,"Not a Pedestrian","Not a Pedestrian",429578,434761,"E01033006",1,"Not at junction or within 20 metres","Daylight","Fine no high winds","Dry","Bus and goods vehicle occupant"
"4461","20161334I0627",2016-04-18,2016,"Apr",18,"12:25",12,25,"Monday","Serious",1,"Serious","Motorcycle over 125cc and up to 500cc rider or  passenger","Driver or rider","Male",58,"A","Dual carriageway",40,"B","Not a Pedestrian","Not a Pedestrian",433098,434025,"E01011340",2,"T or staggered junction","Daylight","Fine no high winds","Dry","Motorcyclist and pillion"
"4462","20161334I1102",2016-04-18,2016,"Apr",18,"16:40",16,40,"Monday","Slight",1,"Slight","Car occupant","Driver or rider","Male",21,"A","Dual carriageway",30,"Unclassified","Not a Pedestrian","Not a Pedestrian",426821,434975,"E01011482",3,"Other junction","Daylight","Fine no high winds","Dry","Car occupant"
"4463","20161334I1101",2016-04-18,2016,"Apr",18,"16:45",16,45,"Monday","Slight",3,"Slight","Car occupant","Driver or rider","Male",49,"A","Single carriageway",40,NA,"Not a Pedestrian","Not a Pedestrian",422833,442996,"E01032503",3,"Not at junction or within 20 metres","Daylight","Fine no high winds","Dry","Car occupant"
"4464","20161334I1154",2016-04-18,2016,"Apr",18,"17:00",17,0,"Monday","Slight",1,"Slight","Car occupant","Driver or rider","Female",31,"A","Dual carriageway",40,"Unclassified","Not a Pedestrian","Not a Pedestrian",433902,436534,"E01011421",2,"Crossroads","Daylight","Unknown","Dry","Car occupant"
"4465","20161334J1013",2016-04-19,2016,"Apr",19,"15:10",15,10,"Tuesday","Slight",3,"Slight","Car occupant","Driver or rider","Female",45,"Unclassified","Single carriageway",30,"Unclassified","Not a Pedestrian","Not a Pedestrian",421992,433566,"E01011587",2,"T or staggered junction","Daylight","Fine no high winds","Dry","Car occupant"
"4466","20161334J1015",2016-04-19,2016,"Apr",19,"16:10",16,10,"Tuesday","Slight",1,"Slight","Cyclist","Driver or rider","Male",57,"A","Single carriageway",30,NA,"Not a Pedestrian","Not a Pedestrian",430820,433955,"E01033031",2,"Not at junction or within 20 metres","Daylight","Fine no high winds","Dry","Cyclist"
"4467","20161334J1178",2016-04-19,2016,"Apr",19,"16:45",16,45,"Tuesday","Serious",1,"Serious","Cyclist","Driver or rider","Male",13,"Unclassified","Single carriageway",30,NA,"Not a Pedestrian","Not a Pedestrian",433589,435637,"E01011423",2,"Not at junction or within 20 metres","Daylight","Fine no high winds","Dry","Cyclist"
"4468","20161334J1189",2016-04-19,2016,"Apr",19,"17:32",17,32,"Tuesday","Slight",1,"Slight","Car occupant","Driver or rider","Female",54,"A","Roundabout",30,"A(M)","Not a Pedestrian","Not a Pedestrian",424221,428147,"E01011523",2,"Roundabout","Daylight","Fine no high winds","Dry","Car occupant"
"4469","20161334J1212",2016-04-19,2016,"Apr",19,"17:43",17,43,"Tuesday","Slight",1,"Slight","Car occupant","Driver or rider","Male",48,"A(M)","Dual carriageway",70,NA,"Not a Pedestrian","Not a Pedestrian",443362,438882,"E01011309",2,"Not at junction or within 20 metres","Daylight","Fine no high winds","Dry","Car occupant"
"4470","20161334J1748",2016-04-19,2016,"Apr",19,"22:25",22,25,"Tuesday","Slight",1,"Slight","Car occupant","Passenger","Female",23,"B","Single carriageway",60,"Unclassified","Not a Pedestrian","Not a Pedestrian",444823,436471,"E01011297",1,"T or staggered junction","Darkness - no lighting","Fine no high winds","Dry","Car occupant"
"4471","20161334J1808",2016-04-19,2016,"Apr",19,"23:05",23,5,"Tuesday","Serious",1,"Serious","Pedestrian","Pedestrian","Male",23,"Unclassified","Single carriageway",30,"Unclassified","In carriageway, crossing elsewhere","Crossing from driver's nearside",428829,434630,"E01033006",1,"Crossroads","Darkness - lights lit","Fine no high winds","Dry","Pedestrian"
"4472","20161334K0314",2016-04-20,2016,"Apr",20,"07:40",7,40,"Wednesday","Slight",1,"Slight","Cyclist","Driver or rider","Male",50,"A","Single carriageway",30,NA,"Not a Pedestrian","Not a Pedestrian",431055,431968,"E01011467",2,"Not at junction or within 20 metres","Daylight","Fine no high winds","Dry","Cyclist"
"4473","20161334K0258",2016-04-20,2016,"Apr",20,"07:55",7,55,"Wednesday","Slight",1,"Slight","Cyclist","Driver or rider","Male",37,"A","Single carriageway",30,NA,"Not a Pedestrian","Not a Pedestrian",428303,434118,"E01011681",2,"Not at junction or within 20 metres","Daylight","Unknown","Dry","Cyclist"
"4474","20161334K0257",2016-04-20,2016,"Apr",20,"08:00",8,0,"Wednesday","Slight",1,"Slight","Pedestrian","Pedestrian","Male",72,"B","Single carriageway",30,"Unclassified","In carriageway, not crossing","Walking along in carriageway, back to traffic",440314,449472,"E01011698",1,"T or staggered junction","Daylight","Fine no high winds","Dry","Pedestrian"
"4475","20161334K0283",2016-04-20,2016,"Apr",20,"08:30",8,30,"Wednesday","Slight",2,"Slight","Car occupant","Driver or rider","Male",32,"Motorway","Dual carriageway",50,NA,"Not a Pedestrian","Not a Pedestrian",431018,430558,"E01011471",5,"Not at junction or within 20 metres","Daylight","Fine no high winds","Dry","Car occupant"