"","accident_index","date","year","month","day","time","time_hour","time_minute","day_of_week","accident_severity","number_of_casualties","casualty_severity","casualty_type","casualty_class","sex_of_casualty","age_of_casualty","first_road_class","road_type","speed_limit","second_road_class","pedestrian_location","pedestrian_movement","location_easting_osgr","location_northing_osgr","lsoa_of_accident_location","number_of_vehicles","junction_detail","light_conditions","weather_conditions","road_surface_conditions","cas_type"
"4558","2016133530224",2016-05-03,2016,"May",3,"08:23",8,23,"Tuesday","Serious",2,"Slight","Car occupant","Driver or rider","Female",52,"A","Single carriageway",60,NA,"Not a Pedestrian","Not a Pedestrian",432780,439332,"E01011650",2,"Not at junction or within 20 metres","Daylight","Fine no high winds","Dry","Car occupant"
"4559","2016133530276",2016-05-03,2016,"May",3,"08:49",8,49,"Tuesday","Serious",1,"Serious","Motorcycle 125cc and under rider or passenger","Driver or rider","Male",26,"A","Dual carriageway",30,NA,"Not a Pedestrian","Not a Pedestrian",430678,432563,"E01033018",3,"Not at junction or within 20 metres","Daylight","Fine no high winds","Dry","Motorcyclist and pillion"
"4560","2016133530284",2016-05-03,2016,"May",3,"08:50",8,50,"Tuesday","Slight",1,"Slight","Cyclist","Driver or rider","Male",23,"Unclassified","Single carriageway",30,"Unclassified","Not a Pedestrian","Not a Pedestrian",429206,434164,"E01011678",2,"T or staggered junction","Daylight","Fine no high winds","Dry","Cyclist"
"4561","2016133530987",2016-05-03,2016,"May",3,"15:44",15,44,"Tuesday","Serious",1,"Serious","Pedestrian","Pedestrian","Female",38,"B","Single carriageway",30,"Unclassified","In centre of carriageway - not on refuge, island or central reservation","Crossing from driver's nearside",427273,433085,"E01011292",1,"T or staggered junction","Daylight","Fine no high winds","Dry","Pedestrian"
"4562","2016133531200",2016-05-03,2016,"May",3,"17:20",17,20,"Tuesday","Slight",1,"Slight","Pedestrian","Pedestrian","Female",11,"Unclassified","Single carriageway",30,NA,"In carriageway, crossing elsewhere","Crossing from driver's nearside",428519,430746,"E01011315",1,"Not at junction or within 20 metres","Daylight","Fine no high winds","Dry","Pedestrian"
"4563","2016133531244",2016-05-03,2016,"May",3,"17:30",17,30,"Tuesday","Slight",1,"Slight","Car occupant","Driver or rider","Female",28,"Unclassified","Single carriageway",50,"Unclassified","Not a Pedestrian","Not a Pedestrian",415910,442022,"E01011270",2,"Crossroads","Daylight","Fine no high winds","Dry","Car occupant"
"4564","2016133531412",2016-05-03,2016,"May",3,"18:10",18,10,"Tuesday","Slight",1,"Slight","Taxi/Private hire car occupant","Passenger","Female",43,"Unclassified","One way street",30,"Unclassified","Not a Pedestrian","Not a Pedestrian",430358,433916,"E01033010",2,"T or staggered junction","Daylight","Fine no high winds","Dry","Car occupant"
"4565","2016133531853",2016-05-03,2016,"May",3,"23:20",23,20,"Tuesday","Slight",1,"Slight","Car occupant","Driver or rider","Female",24,"A","Slip road",40,"A","Not a Pedestrian","Not a Pedestrian",430606,434564,"E01011671",2,"Slip road","Darkness - lights lit","Fine no high winds","Wet or damp","Car occupant"
"4566","2016133540209",2016-05-04,2016,"May",4,"07:38",7,38,"Wednesday","Slight",1,"Slight","Car occupant","Driver or rider","Female",22,"Motorway","Slip road",70,"Motorway","Not a Pedestrian","Not a Pedestrian",435565,425884,"E01011636",3,"Slip road","Daylight","Fine no high winds","Dry","Car occupant"
"4567","2016133540268",2016-05-04,2016,"May",4,"08:35",8,35,"Wednesday","Serious",1,"Serious","Car occupant","Driver or rider","Male",32,"A","Roundabout",40,"Motorway","Not a Pedestrian","Not a Pedestrian",428067,426542,"E01011538",2,"Roundabout","Daylight","Fine no high winds","Dry","Car occupant"
"4568","2016133540271",2016-05-04,2016,"May",4,"08:42",8,42,"Wednesday","Slight",1,"Slight","Cyclist","Driver or rider","Male",14,"Unclassified","Single carriageway",30,"Unclassified","Not a Pedestrian","Not a Pedestrian",435021,436216,"E01011660",2,"Other junction","Daylight","Fine no high winds","Dry","Cyclist"
"4569","2016133541105",2016-05-04,2016,"May",4,"16:38",16,38,"Wednesday","Slight",1,"Slight","Motorcycle over 500cc rider or passenger","Driver or rider","Male",37,"A","Roundabout",40,"A","Not a Pedestrian","Not a Pedestrian",428424,428709,"E01011531",3,"Roundabout","Daylight","Fine no high winds","Dry","Motorcyclist and pillion"
"4570","2016133541510",2016-05-04,2016,"May",4,"18:10",18,10,"Wednesday","Slight",1,"Slight","Pedestrian","Pedestrian","Male",6,"Unclassified","Single carriageway",30,NA,"In carriageway, crossing elsewhere","Crossing from driver's nearside",436808,436502,"E01011721",1,"Not at junction or within 20 metres","Daylight","Fine no high winds","Dry","Pedestrian"
"4571","2016133550500",2016-05-05,2016,"May",5,"11:20",11,20,"Thursday","Slight",3,"Slight","Car occupant","Driver or rider","Male",32,"A","Dual carriageway",40,NA,"Not a Pedestrian","Not a Pedestrian",427325,431493,"E01011318",3,"Not at junction or within 20 metres","Daylight","Fine no high winds","Dry","Car occupant"
"4572","2016133551192",2016-05-05,2016,"May",5,"17:00",17,0,"Thursday","Slight",1,"Slight","Car occupant","Driver or rider","Male",22,"A","Roundabout",30,"Unclassified","Not a Pedestrian","Not a Pedestrian",426727,431732,"E01011734",2,"Roundabout","Daylight","Fine no high winds","Dry","Car occupant"
"4573","2016133551673",2016-05-05,2016,"May",5,"22:01",22,1,"Thursday","Serious",1,"Serious","Motorcycle 125cc and under rider or passenger","Driver or rider","Male",24,"Unclassified","Single carriageway",30,NA,"Not a Pedestrian","Not a Pedestrian",430789,431378,"E01011468",1,"Not at junction or within 20 metres","Darkness - lights lit","Fine no high winds","Dry","Motorcyclist and pillion"
"4574","2016133560493",2016-05-06,2016,"May",6,"10:36",10,36,"Friday","Slight",2,"Slight","Van / Goods vehicle (3.5 tonnes mgw or under) occupant","Driver or rider","Male",45,"A","One way street",30,"Unclassified","Not a Pedestrian","Not a Pedestrian",439389,432656,"E01011402",3,"T or staggered junction","Daylight","Fine no high winds","Dry","Bus and goods vehicle occupant"
"4575","2016133560710",2016-05-06,2016,"May",6,"12:40",12,40,"Friday","Slight",1,"Slight","Pedestrian","Pedestrian","Male",70,"A","Dual carriageway",40,"Unclassified","Crossing on pedestrian crossing facility","Crossing from nearside - masked by parked or stationary vehicle",436162,435075,"E01011408",1,"T or staggered junction","Daylight","Fine no high winds","Dry","Pedestrian"
"4576","2016133561186",2016-05-06,2016,"May",6,"16:30",16,30,"Friday","Slight",1,"Slight","Motorcycle 50cc and under rider or passenger","Driver or rider","Male",21,"Unclassified","Single carriageway",30,"A","Not a Pedestrian","Not a Pedestrian",425066,434279,"E01032606",2,"T or staggered junction","Daylight","Fine no high winds","Dry","Motorcyclist and pillion"
"4577","2016133561230",2016-05-06,2016,"May",6,"16:46",16,46,"Friday","Slight",1,"Slight","Cyclist","Driver or rider","Male",27,"B","Single carriageway",30,NA,"Not a Pedestrian","Not a Pedestrian",431850,435970,"E01011422",2,"Not at junction or within 20 metres","Daylight","Fine no high winds","Dry","Cyclist"
"4578","2016133561371",2016-05-06,2016,"May",6,"17:55",17,55,"Friday","Serious",1,"Serious","Cyclist","Driver or rider","Male",38,"A","Single carriageway",30,NA,"Not a Pedestrian","Not a Pedestrian",428030,435983,"E01011440",2,"Not at junction or within 20 metres","Daylight","Fine no high winds","Dry","Cyclist"
"4579","2016133561587",2016-05-06,2016,"May",6,"19:45",19,45,"Friday","Slight",1,"Slight","Pedestrian","Pedestrian","Female",10,"Unclassified","Single carriageway",20,NA,"In carriageway, crossing elsewhere","Crossing from nearside - masked by parked or stationary vehicle",429771,431072,"E01011312",1,"Not at junction or within 20 metres","Daylight","Fine no high winds","Dry","Pedestrian"
"4580","2016133651913",2016-05-06,2016,"May",6,"22:38",22,38,"Friday","Serious",1,"Serious","Car occupant","Passenger","Male",17,"Unclassified","One way street",30,"Unclassified","Not a Pedestrian","Not a Pedestrian",435421,436138,"E01011664",1,"T or staggered junction","Darkness - lights lit","Fine no high winds","Dry","Car occupant"
"4581","2016133570667",2016-05-07,2016,"May",7,"11:49",11,49,"Saturday","Slight",2,"Slight","Motorcycle over 500cc rider or passenger","Driver or rider","Male",47,"A","Dual carriageway",30,"A","Not a Pedestrian","Not a Pedestrian",430735,424536,"E01011537",3,"Roundabout","Daylight","Fine no high winds","Dry","Motorcyclist and pillion"
"4582","2016133570899",2016-05-07,2016,"May",7,"14:02",14,2,"Saturday","Slight",1,"Slight","Pedestrian","Pedestrian","Male",2,"Unclassified","Single carriageway",30,NA,"Unknown or other","Crossing from driver's nearside",428809,430387,"E01011315",1,"Not at junction or within 20 metres","Daylight","Fine no high winds","Dry","Pedestrian"
"4583","2016133571119",2016-05-07,2016,"May",7,"16:01",16,1,"Saturday","Slight",2,"Slight","Car occupant","Driver or rider","Female",48,"A","Single carriageway",40,NA,"Not a Pedestrian","Not a Pedestrian",426040,436198,"E01011488",2,"Not at junction or within 20 metres","Daylight","Raining no high winds","Wet or damp","Car occupant"
"4584","2016133571206",2016-05-07,2016,"May",7,"16:45",16,45,"Saturday","Slight",2,"Slight","Car occupant","Driver or rider","Female",22,"Unclassified","Dual carriageway",30,"Unclassified","Not a Pedestrian","Not a Pedestrian",431507,435124,"E01011673",3,"Other junction","Daylight","Fine no high winds","Dry","Car occupant"
"4585","2016133571297",2016-05-07,2016,"May",7,"17:35",17,35,"Saturday","Slight",1,"Slight","Taxi/Private hire car occupant","Passenger","Female",13,"Unclassified","Single carriageway",30,"Unclassified","Not a Pedestrian","Not a Pedestrian",432249,435428,"E01011430",2,"Crossroads","Daylight","Fine no high winds","Dry","Car occupant"
"4586","2016133581175",2016-05-08,2016,"May",8,"04:27",4,27,"Sunday","Slight",2,"Slight","Car occupant","Driver or rider","Male",46,"Unclassified","Single carriageway",20,"Unclassified","Not a Pedestrian","Not a Pedestrian",431582,434010,"E01033031",2,"T or staggered junction","Daylight","Fine no high winds","Dry","Car occupant"
"4587","2016133580616",2016-05-08,2016,"May",8,"09:10",9,10,"Sunday","Slight",4,"Slight","Car occupant","Driver or rider","Male",41,"A","Dual carriageway",70,"Unclassified","Not a Pedestrian","Not a Pedestrian",429249,438590,"E01011505",2,"Crossroads","Daylight","Unknown","Dry","Car occupant"
"4588","2016133580722",2016-05-08,2016,"May",8,"12:30",12,30,"Sunday","Serious",1,"Serious","Pedestrian","Pedestrian","Female",12,"B","Single carriageway",30,NA,"Unknown or other","Crossing from driver's nearside",428014,436685,"E01011692",1,"Not at junction or within 20 metres","Daylight","Fine no high winds","Dry","Pedestrian"
"4589","2016133580871",2016-05-08,2016,"May",8,"13:50",13,50,"Sunday","Slight",1,"Slight","Cyclist","Driver or rider","Male",47,"Unclassified","Single carriageway",60,NA,"Not a Pedestrian","Not a Pedestrian",428401,442137,"E01011554",1,"Not at junction or within 20 metres","Daylight","Fine no high winds","Dry","Cyclist"
"4590","2016133581120",2016-05-08,2016,"May",8,"15:56",15,56,"Sunday","Slight",1,"Slight","Car occupant","Driver or rider","Female",23,"Unclassified","Single carriageway",30,NA,"Not a Pedestrian","Not a Pedestrian",427787,434078,"E01011284",2,"Not at junction or within 20 metres","Daylight","Unknown","Dry","Car occupant"
"4591","2016133581631",2016-05-08,2016,"May",8,"19:40",19,40,"Sunday","Slight",1,"Slight","Cyclist","Driver or rider","Female",21,"A","Single carriageway",40,"Unclassified","Not a Pedestrian","Not a Pedestrian",426218,442464,"E01032504",2,"Roundabout","Daylight","Fine no high winds","Dry","Cyclist"
"4592","2016133590524",2016-05-09,2016,"May",9,"09:55",9,55,"Monday","Slight",4,"Slight","Car occupant","Driver or rider","Male",39,"A","Dual carriageway",40,NA,"Not a Pedestrian","Not a Pedestrian",429994,436525,"E01011358",2,"Not at junction or within 20 metres","Daylight","Fine no high winds","Dry","Car occupant"
"4593","2016133590678",2016-05-09,2016,"May",9,"10:40",10,40,"Monday","Slight",1,"Slight","Car occupant","Driver or rider","Female",40,"Unclassified","Single carriageway",30,NA,"Not a Pedestrian","Not a Pedestrian",431747,435400,"E01011428",2,"Not at junction or within 20 metres","Daylight","Unknown","Dry","Car occupant"
"4594","2016133591204",2016-05-09,2016,"May",9,"14:30",14,30,"Monday","Slight",2,"Slight","Minibus (8 - 16 passenger seats) occupant","Passenger","Female",25,"A","Single carriageway",30,"Unclassified","Not a Pedestrian","Not a Pedestrian",427650,436675,"E01011694",2,"T or staggered junction","Daylight","Fine no high winds","Dry","Bus and goods vehicle occupant"
"4595","2016133591091",2016-05-09,2016,"May",9,"15:49",15,49,"Monday","Serious",1,"Serious","Pedestrian","Pedestrian","Male",12,"A","Single carriageway",30,NA,"In carriageway, crossing elsewhere","Crossing from nearside - masked by parked or stationary vehicle",430904,433482,"E01033011",1,"Not at junction or within 20 metres","Daylight","Fine no high winds","Dry","Pedestrian"
"4596","2016133591260",2016-05-09,2016,"May",9,"17:00",17,0,"Monday","Slight",2,"Slight","Car occupant","Driver or rider","Male",39,"A","Dual carriageway",40,"Unclassified","Not a Pedestrian","Not a Pedestrian",433127,436120,"E01011421",2,"Crossroads","Daylight","Unknown","Dry","Car occupant"
"4597","20161335A1010",2016-05-09,2016,"May",9,"21:30",21,30,"Monday","Slight",1,"Slight","Cyclist","Driver or rider","Male",34,"Unclassified","Single carriageway",30,NA,"Not a Pedestrian","Not a Pedestrian",425810,435122,"E01011281",2,"Not at junction or within 20 metres","Darkness - lights lit","Raining no high winds","Wet or damp","Cyclist"
"4598","20161335A0884",2016-05-10,2016,"May",10,"14:40",14,40,"Tuesday","Slight",1,"Slight","Cyclist","Driver or rider","Male",26,"Unclassified","Single carriageway",30,"Unclassified","Not a Pedestrian","Not a Pedestrian",430800,435338,"E01011360",2,"T or staggered junction","Daylight","Raining no high winds","Wet or damp","Cyclist"
"4599","20161335A0905",2016-05-10,2016,"May",10,"14:50",14,50,"Tuesday","Slight",1,"Slight","Motorcycle over 500cc rider or passenger","Driver or rider","Male",63,"A","Dual carriageway",40,"Unclassified","Not a Pedestrian","Not a Pedestrian",426781,438346,"E01032876",2,"T or staggered junction","Daylight","Raining no high winds","Wet or damp","Motorcyclist and pillion"
"4600","20161335A1040",2016-05-10,2016,"May",10,"16:40",16,40,"Tuesday","Slight",1,"Slight","Taxi/Private hire car occupant","Driver or rider","Male",32,"Unclassified","Single carriageway",30,NA,"Not a Pedestrian","Not a Pedestrian",432604,434865,"E01011344",2,"Not at junction or within 20 metres","Daylight","Fine no high winds","Wet or damp","Car occupant"
"4601","20161335G0357",2016-05-10,2016,"May",10,"21:00",21,0,"Tuesday","Slight",1,"Slight","Pedestrian","Pedestrian","Male",16,"A","Dual carriageway",40,"Unclassified","Crossing on pedestrian crossing facility","Crossing from driver's offside",430474,435612,"E01011357",1,"T or staggered junction","Darkness - lights lit","Unknown","Dry","Pedestrian"
"4602","20161335B0229",2016-05-11,2016,"May",11,"06:55",6,55,"Wednesday","Serious",1,"Serious","Motorcycle over 500cc rider or passenger","Driver or rider","Male",47,"Unclassified","Roundabout",40,"A","Not a Pedestrian","Not a Pedestrian",429913,437027,"E01011507",1,"Roundabout","Daylight","Fine no high winds","Dry","Motorcyclist and pillion"
"4603","20161335B0701",2016-05-11,2016,"May",11,"13:11",13,11,"Wednesday","Slight",1,"Slight","Car occupant","Driver or rider","Female",48,"A","Dual carriageway",40,"Unclassified","Not a Pedestrian","Not a Pedestrian",433178,434015,"E01011617",2,"T or staggered junction","Daylight","Fine no high winds","Dry","Car occupant"
"4604","20161335B1560",2016-05-11,2016,"May",11,"19:00",19,0,"Wednesday","Slight",1,"Slight","Cyclist","Driver or rider","Female",24,"A","Single carriageway",30,NA,"Not a Pedestrian","Not a Pedestrian",419994,440921,"E01011275",2,"Not at junction or within 20 metres","Daylight","Unknown","Dry","Cyclist"
"4605","20161335C1708",2016-05-12,2016,"May",12,"07:40",7,40,"Thursday","Slight",1,"Slight","Pedestrian","Pedestrian","Male",48,"Unclassified","Single carriageway",30,"A","Unknown or other","Unknown or other",428945,435464,"E01011444",1,"Crossroads","Daylight","Unknown","Dry","Pedestrian"
"4606","20161335C0517",2016-05-12,2016,"May",12,"11:08",11,8,"Thursday","Slight",1,"Slight","Car occupant","Passenger","Male",89,"A(M)","Dual carriageway",70,NA,"Not a Pedestrian","Not a Pedestrian",442188,443333,"E01011712",2,"Not at junction or within 20 metres","Daylight","Fine no high winds","Dry","Car occupant"
"4607","20161335C0531",2016-05-12,2016,"May",12,"11:15",11,15,"Thursday","Slight",1,"Slight","Car occupant","Driver or rider","Female",51,"A(M)","Dual carriageway",40,"A(M)","Not a Pedestrian","Not a Pedestrian",429426,433928,"E01033008",2,"Slip road","Daylight","Fine no high winds","Dry","Car occupant"
"4608","20161335C1649",2016-05-12,2016,"May",12,"20:40",20,40,"Thursday","Slight",1,"Slight","Motorcycle over 500cc rider or passenger","Passenger","Female",41,"Unclassified","Dual carriageway",30,"Unclassified","Not a Pedestrian","Not a Pedestrian",434338,427893,"E01011633",2,"T or staggered junction","Daylight","Fine no high winds","Dry","Motorcyclist and pillion"
"4609","20161335C1838",2016-05-12,2016,"May",12,"22:24",22,24,"Thursday","Slight",1,"Slight","Pedestrian","Pedestrian","Male",36,"Unclassified","Single carriageway",30,"B","On footway or verge","Unknown or other",431613,436133,"E01011359",1,"T or staggered junction","Darkness - lights lit","Fine no high winds","Dry","Pedestrian"
"4610","20161335D1020",2016-05-13,2016,"May",13,"08:30",8,30,"Friday","Slight",1,"Slight","Cyclist","Driver or rider","Male",20,"A","Single carriageway",30,NA,"Not a Pedestrian","Not a Pedestrian",429652,434613,"E01033005",2,"Not at junction or within 20 metres","Daylight","Unknown","Dry","Cyclist"
"4611","20161335D0486",2016-05-13,2016,"May",13,"11:18",11,18,"Friday","Serious",1,"Serious","Van / Goods vehicle (3.5 tonnes mgw or under) occupant","Passenger","Female",82,"A(M)","Roundabout",40,"A","Not a Pedestrian","Not a Pedestrian",441030,445794,"E01011707",1,"Roundabout","Daylight","Fine no high winds","Dry","Bus and goods vehicle occupant"
"4612","20161335D1603",2016-05-13,2016,"May",13,"18:00",18,0,"Friday","Slight",1,"Slight","Pedestrian","Pedestrian","Female",12,"B","Single carriageway",30,NA,"In carriageway, crossing elsewhere","Crossing from driver's offside",422170,434468,"E01011596",1,"Not at junction or within 20 metres","Daylight","Unknown","Dry","Pedestrian"
"4613","20161335E0878",2016-05-14,2016,"May",14,"14:10",14,10,"Saturday","Slight",1,"Slight","Pedestrian","Pedestrian","Male",56,"Unclassified","Single carriageway",30,"Unclassified","Crossing on pedestrian crossing facility","Crossing from driver's offside",430030,433365,"E01033010",1,"T or staggered junction","Daylight","Fine no high winds","Dry","Pedestrian"
"4614","20161335E0966",2016-05-14,2016,"May",14,"14:45",14,45,"Saturday","Slight",1,"Slight","Car occupant","Passenger","Female",39,"A","Dual carriageway",40,NA,"Not a Pedestrian","Not a Pedestrian",437676,433143,"E01011411",4,"Not at junction or within 20 metres","Daylight","Fine no high winds","Dry","Car occupant"
"4615","20161335F0783",2016-05-15,2016,"May",15,"11:00",11,0,"Sunday","Slight",1,"Slight","Car occupant","Driver or rider","Female",25,"Motorway","Roundabout",70,"Motorway","Not a Pedestrian","Not a Pedestrian",432414,426105,"E01011499",2,"Roundabout","Daylight","Fine no high winds","Dry","Car occupant"
"4616","20161335F0744",2016-05-15,2016,"May",15,"12:40",12,40,"Sunday","Slight",1,"Slight","Car occupant","Passenger","Female",56,"A","Single carriageway",40,NA,"Not a Pedestrian","Not a Pedestrian",437689,438131,"E01011715",2,"Not at junction or within 20 metres","Daylight","Fine no high winds","Dry","Car occupant"
"4617","20161335F0828",2016-05-15,2016,"May",15,"13:28",13,28,"Sunday","Slight",1,"Slight","Car occupant","Driver or rider","Male",24,"B","Single carriageway",30,"Unclassified","Not a Pedestrian","Not a Pedestrian",429028,437515,"E01011513",2,"Crossroads","Daylight","Fine no high winds","Dry","Car occupant"
"4618","20161335F0883",2016-05-15,2016,"May",15,"13:59",13,59,"Sunday","Serious",2,"Slight","Motorcycle 125cc and under rider or passenger","Driver or rider","Male",14,"Unclassified","Single carriageway",30,"Unclassified","Not a Pedestrian","Not a Pedestrian",426503,433764,"E01032608",2,"Crossroads","Daylight","Fine no high winds","Dry","Motorcyclist and pillion"
"4619","20161335F1453",2016-05-15,2016,"May",15,"19:32",19,32,"Sunday","Slight",1,"Slight","Motorcycle 125cc and under rider or passenger","Driver or rider","Male",17,"A","Roundabout",30,NA,"Not a Pedestrian","Not a Pedestrian",430049,432462,"E01011364",1,"Not at junction or within 20 metres","Daylight","Fine no high winds","Dry","Motorcyclist and pillion"
"4620","20161335F1522",2016-05-15,2016,"May",15,"20:08",20,8,"Sunday","Slight",1,"Slight","Car occupant","Driver or rider","Male",66,"Unclassified","Single carriageway",20,NA,"Not a Pedestrian","Not a Pedestrian",429532,431098,"E01011375",2,"Not at junction or within 20 metres","Darkness - lights lit","Fine no high winds","Dry","Car occupant"
"4621","20161335G0736",2016-05-16,2016,"May",16,"07:20",7,20,"Monday","Slight",1,"Slight","Cyclist","Driver or rider","Male",38,"A","Single carriageway",30,"Unclassified","Not a Pedestrian","Not a Pedestrian",427568,434542,"E01011482",2,"T or staggered junction","Daylight","Fine no high winds","Dry","Cyclist"
"4622","20161335G0635",2016-05-16,2016,"May",16,"12:47",12,47,"Monday","Slight",2,"Slight","Car occupant","Driver or rider","Male",25,"Unclassified","One way street",60,NA,"Not a Pedestrian","Not a Pedestrian",439942,428810,"E01011392",2,"Not at junction or within 20 metres","Daylight","Fine no high winds","Dry","Car occupant"
"4623","20161335G0940",2016-05-16,2016,"May",16,"15:35",15,35,"Monday","Slight",1,"Slight","Cyclist","Driver or rider","Female",23,"B","Single carriageway",30,"Unclassified","Not a Pedestrian","Not a Pedestrian",427278,433077,"E01011292",3,"T or staggered junction","Daylight","Fine no high winds","Dry","Cyclist"
"4624","20161335G1097",2016-05-16,2016,"May",16,"16:58",16,58,"Monday","Slight",2,"Slight","Cyclist","Driver or rider","Male",43,"A","Single carriageway",30,NA,"Not a Pedestrian","Not a Pedestrian",427337,437182,"E01011690",1,"Not at junction or within 20 metres","Daylight","Fine no high winds","Dry","Cyclist"
"4625","20161335G1142",2016-05-16,2016,"May",16,"17:00",17,0,"Monday","Slight",1,"Slight","Cyclist","Driver or rider","Male",19,"Unclassified","Single carriageway",30,"Unclassified","Not a Pedestrian","Not a Pedestrian",428999,432316,"E01033013",2,"T or staggered junction","Daylight","Fine no high winds","Dry","Cyclist"
"4626","20161335H0186",2016-05-17,2016,"May",17,"07:32",7,32,"Tuesday","Slight",1,"Slight","Cyclist","Driver or rider","Male",26,"A","Single carriageway",30,"Unclassified","Not a Pedestrian","Not a Pedestrian",427524,436945,"E01011690",2,"T or staggered junction","Daylight","Fine no high winds","Dry","Cyclist"
"4627","20161335H0201",2016-05-17,2016,"May",17,"07:49",7,49,"Tuesday","Slight",1,"Slight","Cyclist","Driver or rider","Female",19,"A","Single carriageway",30,"Unclassified","Not a Pedestrian","Not a Pedestrian",430839,434003,"E01033031",2,"T or staggered junction","Daylight","Fine no high winds","Dry","Cyclist"
"4628","20161335H0211",2016-05-17,2016,"May",17,"08:10",8,10,"Tuesday","Slight",1,"Slight","Cyclist","Driver or rider","Male",10,"Unclassified","Single carriageway",30,"Unclassified","Not a Pedestrian","Not a Pedestrian",436555,433909,"E01011414",2,"T or staggered junction","Daylight","Fine no high winds","Dry","Cyclist"
"4629","20161335H0223",2016-05-17,2016,"May",17,"08:20",8,20,"Tuesday","Slight",1,"Slight","Pedestrian","Pedestrian","Female",12,"Unclassified","Single carriageway",30,NA,"In carriageway, crossing elsewhere","Crossing from driver's nearside",432416,437358,"E01011641",1,"Not at junction or within 20 metres","Daylight","Fine no high winds","Dry","Pedestrian"
"4630","20161335H0338",2016-05-17,2016,"May",17,"09:45",9,45,"Tuesday","Slight",1,"Slight","Car occupant","Driver or rider","Female",33,"Motorway","Dual carriageway",70,NA,"Not a Pedestrian","Not a Pedestrian",424396,427823,"E01011523",3,"Not at junction or within 20 metres","Daylight","Fine no high winds","Dry","Car occupant"
"4631","20161335H0465",2016-05-17,2016,"May",17,"11:12",11,12,"Tuesday","Serious",1,"Serious","Pedestrian","Pedestrian","Male",2,"Unclassified","Unknown",20,NA,"Unknown or other","Unknown or other",429311,432174,"E01033032",1,"Not at junction or within 20 metres","Daylight","Fine no high winds","Dry","Pedestrian"
"4632","20161335H0484",2016-05-17,2016,"May",17,"11:20",11,20,"Tuesday","Slight",1,"Slight","Cyclist","Driver or rider","Male",51,"A","Dual carriageway",30,NA,"Not a Pedestrian","Not a Pedestrian",428324,434115,"E01011681",2,"Not at junction or within 20 metres","Daylight","Fine no high winds","Dry","Cyclist"
"4633","20161335H0788",2016-05-17,2016,"May",17,"14:00",14,0,"Tuesday","Slight",1,"Slight","Pedestrian","Pedestrian","Male",34,"Unclassified","Dual carriageway",40,"A","In carriageway, crossing elsewhere","Crossing from driver's offside",430221,434366,"E01033002",1,"Other junction","Daylight","Fine no high winds","Dry","Pedestrian"
"4634","20161335H1621",2016-05-17,2016,"May",17,"15:10",15,10,"Tuesday","Slight",1,"Slight","Cyclist","Driver or rider","Male",11,"A","Single carriageway",40,"Unclassified","Not a Pedestrian","Not a Pedestrian",429454,425820,"E01011538",2,"Private drive or entrance","Daylight","Fine no high winds","Dry","Cyclist"
"4635","20161335H0966",2016-05-17,2016,"May",17,"15:27",15,27,"Tuesday","Slight",1,"Slight","Cyclist","Driver or rider","Male",15,"Unclassified","Single carriageway",30,"Unclassified","Not a Pedestrian","Not a Pedestrian",429388,435473,"E01011668",2,"T or staggered junction","Daylight","Fine no high winds","Dry","Cyclist"
"4636","20161335H1699",2016-05-17,2016,"May",17,"21:05",21,5,"Tuesday","Serious",1,"Serious","Cyclist","Driver or rider","Male",53,"Unclassified","Roundabout",40,"A","Not a Pedestrian","Not a Pedestrian",426848,438041,"E01011687",2,"Roundabout","Darkness - lights lit","Fine no high winds","Dry","Cyclist"
"4637","20161335H1777",2016-05-17,2016,"May",17,"21:43",21,43,"Tuesday","Slight",1,"Slight","Pedestrian","Pedestrian","Female",25,"Unclassified","Single carriageway",30,NA,"In carriageway, crossing elsewhere","Unknown or other",431920,434398,"E01011349",1,"Not at junction or within 20 metres","Daylight","Fine no high winds","Dry","Pedestrian"
"4638","20161335I0507",2016-05-18,2016,"May",18,"08:30",8,30,"Wednesday","Slight",2,"Slight","Pedestrian","Pedestrian","Male",14,"A","Unknown",40,"Unclassified","Unknown or other","Crossing from driver's nearside",418068,442610,"E01011280",1,"T or staggered junction","Daylight","Unknown","Wet or damp","Pedestrian"
"4639","20161335I0404",2016-05-18,2016,"May",18,"10:03",10,3,"Wednesday","Slight",1,"Slight","Car occupant","Driver or rider","Female",42,"A","Dual carriageway",30,"A","Not a Pedestrian","Not a Pedestrian",427942,430306,"E01011317",2,"Roundabout","Daylight","Fine no high winds","Dry","Car occupant"
"4640","20161335I0551",2016-05-18,2016,"May",18,"11:41",11,41,"Wednesday","Slight",1,"Slight","Van / Goods vehicle (3.5 tonnes mgw or under) occupant","Driver or rider","Male",49,"Motorway","Dual carriageway",70,NA,"Not a Pedestrian","Not a Pedestrian",440040,434239,"E01011296",1,"Not at junction or within 20 metres","Daylight","Fine no high winds","Dry","Bus and goods vehicle occupant"
"4641","20161335I0677",2016-05-18,2016,"May",18,"12:44",12,44,"Wednesday","Slight",1,"Slight","Car occupant","Driver or rider","Male",45,"A","Dual carriageway",40,"Unclassified","Not a Pedestrian","Not a Pedestrian",426336,435496,"E01011477",2,"T or staggered junction","Daylight","Fine no high winds","Wet or damp","Car occupant"
"4642","20161335I0726",2016-05-18,2016,"May",18,"13:15",13,15,"Wednesday","Slight",1,"Slight","Cyclist","Driver or rider","Male",19,"Unclassified","Single carriageway",30,NA,"Not a Pedestrian","Not a Pedestrian",429596,434707,"E01033005",2,"Not at junction or within 20 metres","Daylight","Raining no high winds","Wet or damp","Cyclist"