"","accident_index","date","year","month","day","time","time_hour","time_minute","day_of_week","accident_severity","number_of_casualties","casualty_severity","casualty_type","casualty_class","sex_of_casualty","age_of_casualty","first_road_class","road_type","speed_limit","second_road_class","pedestrian_location","pedestrian_movement","location_easting_osgr","location_northing_osgr","lsoa_of_accident_location","number_of_vehicles","junction_detail","light_conditions","weather_conditions","road_surface_conditions","cas_type"
"4643","20161335I1110",2016-05-18,2016,"May",18,"16:19",16,19,"Wednesday","Slight",1,"Slight","Van / Goods vehicle (3.5 tonnes mgw or under) occupant","Driver or rider","Male",53,"Motorway","Dual carriageway",70,NA,"Not a Pedestrian","Not a Pedestrian",424296,427883,"E01011523",2,"Not at junction or within 20 metres","Daylight","Fine no high winds","Dry","Bus and goods vehicle occupant"
"4644","20161335J0354",2016-05-18,2016,"May",18,"16:20",16,20,"Wednesday","Slight",1,"Slight","Car occupant","Driver or rider","Male",32,"Unclassified","Single carriageway",30,"Unclassified","Not a Pedestrian","Not a Pedestrian",426349,426897,"E01011546",2,"T or staggered junction","Daylight","Fine no high winds","Dry","Car occupant"
"4645","20161335I1270",2016-05-18,2016,"May",18,"17:35",17,35,"Wednesday","Slight",1,"Slight","Cyclist","Driver or rider","Male",33,"Unclassified","Single carriageway",30,"A","Not a Pedestrian","Not a Pedestrian",423324,434364,"E01011596",2,"T or staggered junction","Daylight","Fine no high winds","Dry","Cyclist"
"4646","20161335I1338",2016-05-18,2016,"May",18,"18:25",18,25,"Wednesday","Slight",1,"Slight","Pedestrian","Pedestrian","Male",38,"Unclassified","One way street",30,"Unclassified","In carriageway, crossing elsewhere","Crossing from nearside - masked by parked or stationary vehicle",426990,433440,"E01011293",1,"T or staggered junction","Daylight","Fine no high winds","Wet or damp","Pedestrian"
"4647","20161335J0966",2016-05-19,2016,"May",19,"15:15",15,15,"Thursday","Slight",1,"Slight","Pedestrian","Pedestrian","Male",12,"Unclassified","Dual carriageway",40,"Unclassified","Crossing on pedestrian crossing facility","Crossing from driver's nearside",431010,433141,"E01033033",1,"T or staggered junction","Daylight","Fine no high winds","Dry","Pedestrian"
"4648","20161335J0987",2016-05-19,2016,"May",19,"15:29",15,29,"Thursday","Slight",1,"Slight","Pedestrian","Pedestrian","Female",41,"Unclassified","Single carriageway",30,NA,"In carriageway, crossing elsewhere","Crossing from driver's nearside",432577,435131,"E01011431",2,"Not at junction or within 20 metres","Daylight","Fine no high winds","Dry","Pedestrian"
"4649","20161335Q0727",2016-05-19,2016,"May",19,"17:20",17,20,"Thursday","Slight",1,"Slight","Cyclist","Driver or rider","Male",39,"Unclassified","Single carriageway",30,NA,"Not a Pedestrian","Not a Pedestrian",430105,433378,"E01033010",2,"Not at junction or within 20 metres","Daylight","Unknown","Dry","Cyclist"
"4650","20161335J1319",2016-05-19,2016,"May",19,"18:20",18,20,"Thursday","Slight",1,"Slight","Cyclist","Driver or rider","Female",35,"A","Single carriageway",30,NA,"Not a Pedestrian","Not a Pedestrian",419750,438776,"E01011457",2,"Not at junction or within 20 metres","Daylight","Fine no high winds","Dry","Cyclist"
"4651","20161335J1407",2016-05-19,2016,"May",19,"18:45",18,45,"Thursday","Slight",2,"Slight","Car occupant","Driver or rider","Female",24,"Motorway","Dual carriageway",70,NA,"Not a Pedestrian","Not a Pedestrian",433625,425845,"E01011500",2,"Not at junction or within 20 metres","Daylight","Raining no high winds","Wet or damp","Car occupant"
"4652","20161335J0868",2016-05-19,2016,"May",19,"19:35",19,35,"Thursday","Slight",1,"Slight","Taxi/Private hire car occupant","Passenger","Female",54,"Unclassified","Single carriageway",30,"Unclassified","Not a Pedestrian","Not a Pedestrian",429037,436316,"E01011450",1,"T or staggered junction","Daylight","Unknown","Dry","Car occupant"
"4653","20161335K0279",2016-05-20,2016,"May",20,"08:08",8,8,"Friday","Slight",1,"Slight","Car occupant","Driver or rider","Female",28,"Unclassified","Single carriageway",30,"Unclassified","Not a Pedestrian","Not a Pedestrian",425546,439944,"E01011377",2,"T or staggered junction","Daylight","Fine no high winds","Dry","Car occupant"
"4654","20161335K0370",2016-05-20,2016,"May",20,"10:05",10,5,"Friday","Serious",1,"Serious","Pedestrian","Pedestrian","Female",75,"Unclassified","Single carriageway",30,"Unclassified","In carriageway, crossing elsewhere","Crossing from driver's nearside",427501,435910,"E01032945",1,"T or staggered junction","Daylight","Fine no high winds","Dry","Pedestrian"
"4655","20161335K0391",2016-05-20,2016,"May",20,"10:15",10,15,"Friday","Serious",1,"Serious","Car occupant","Passenger","Female",78,"A","Roundabout",40,"A","Not a Pedestrian","Not a Pedestrian",430787,439212,"E01011556",1,"Roundabout","Daylight","Fine no high winds","Dry","Car occupant"
"4656","20161335K1736",2016-05-20,2016,"May",20,"15:00",15,0,"Friday","Serious",2,"Slight","Car occupant","Driver or rider","Male",21,"Unclassified","Dual carriageway",30,"Unclassified","Not a Pedestrian","Not a Pedestrian",429962,433220,"E01033016",2,"Other junction","Daylight","Unknown","Dry","Car occupant"
"4657","20161335K1150",2016-05-20,2016,"May",20,"16:58",16,58,"Friday","Slight",1,"Slight","Car occupant","Passenger","Female",79,"A(M)","Slip road",40,"Unclassified","Not a Pedestrian","Not a Pedestrian",430010,434412,"E01033010",6,"Slip road","Daylight","Fine no high winds","Dry","Car occupant"
"4658","20161335K1172",2016-05-20,2016,"May",20,"17:05",17,5,"Friday","Slight",2,"Slight","Car occupant","Driver or rider","Female",37,"Unclassified","Dual carriageway",30,"Unclassified","Not a Pedestrian","Not a Pedestrian",430795,434521,"E01033003",2,"Other junction","Daylight","Fine no high winds","Dry","Car occupant"
"4659","20161335L0757",2016-05-20,2016,"May",20,"20:40",20,40,"Friday","Slight",1,"Slight","Cyclist","Driver or rider","Male",29,"A","Roundabout",40,"B","Not a Pedestrian","Not a Pedestrian",424592,433600,"E01011608",2,"Roundabout","Darkness - lights lit","Unknown","Dry","Cyclist"
"4660","20161335L0596",2016-05-21,2016,"May",21,"10:30",10,30,"Saturday","Slight",1,"Slight","Pedestrian","Pedestrian","Male",10,"A","Single carriageway",30,NA,"In carriageway, crossing elsewhere","Crossing from driver's nearside",420241,445554,"E01011569",1,"Not at junction or within 20 metres","Daylight","Unknown","Dry","Pedestrian"
"4661","20161335L0607",2016-05-21,2016,"May",21,"11:35",11,35,"Saturday","Slight",1,"Slight","Car occupant","Driver or rider","Male",28,"A","Single carriageway",30,NA,"Not a Pedestrian","Not a Pedestrian",427000,440452,"E01011381",1,"Not at junction or within 20 metres","Daylight","Fine no high winds","Dry","Car occupant"
"4662","20161335L1029",2016-05-21,2016,"May",21,"15:50",15,50,"Saturday","Serious",1,"Serious","Pedestrian","Pedestrian","Female",14,"B","Single carriageway",30,"Unclassified","In carriageway, crossing elsewhere","Crossing from driver's nearside",422158,433253,"E01011612",1,"Other junction","Daylight","Fine no high winds","Dry","Pedestrian"
"4663","20161335L1752",2016-05-21,2016,"May",21,"23:10",23,10,"Saturday","Slight",1,"Slight","Motorcycle 125cc and under rider or passenger","Driver or rider","Male",21,"Unclassified","Dual carriageway",30,NA,"Not a Pedestrian","Not a Pedestrian",430327,433739,"E01033010",2,"Not at junction or within 20 metres","Darkness - lights lit","Fine no high winds","Dry","Motorcyclist and pillion"
"4664","20161335L1828",2016-05-21,2016,"May",21,"23:58",23,58,"Saturday","Slight",1,"Slight","Car occupant","Driver or rider","Male",43,"Unclassified","Single carriageway",30,NA,"Not a Pedestrian","Not a Pedestrian",429731,435424,"E01011670",2,"Not at junction or within 20 metres","Darkness - lights lit","Fine no high winds","Dry","Car occupant"
"4665","20161335M0417",2016-05-22,2016,"May",22,"07:20",7,20,"Sunday","Slight",2,"Slight","Cyclist","Driver or rider","Male",48,"A","Single carriageway",30,"Unclassified","Not a Pedestrian","Not a Pedestrian",427009,440075,"E01011381",3,"T or staggered junction","Daylight","Fine no high winds","Dry","Cyclist"
"4666","20161335M1105",2016-05-22,2016,"May",22,"16:10",16,10,"Sunday","Slight",3,"Slight","Car occupant","Driver or rider","Male",78,"Unclassified","Single carriageway",30,"Unclassified","Not a Pedestrian","Not a Pedestrian",428517,425441,"E01011553",2,"T or staggered junction","Daylight","Fine no high winds","Dry","Car occupant"
"4667","20161335M1240",2016-05-22,2016,"May",22,"17:17",17,17,"Sunday","Slight",1,"Slight","Pedestrian","Pedestrian","Male",6,"Unclassified","Single carriageway",30,NA,"In carriageway, crossing elsewhere","Crossing from driver's nearside",431583,429064,"E01011476",1,"Not at junction or within 20 metres","Daylight","Fine no high winds","Dry","Pedestrian"
"4668","20161335N0289",2016-05-23,2016,"May",23,"08:50",8,50,"Monday","Slight",1,"Slight","Pedestrian","Pedestrian","Female",21,"Unclassified","Single carriageway",30,"Unclassified","In carriageway, crossing elsewhere","Crossing from driver's nearside",429824,432529,"E01033032",1,"Roundabout","Daylight","Fine no high winds","Dry","Pedestrian"
"4669","20161335N0564",2016-05-23,2016,"May",23,"11:01",11,1,"Monday","Slight",1,"Slight","Car occupant","Driver or rider","Male",75,"Unclassified","Single carriageway",40,NA,"Not a Pedestrian","Not a Pedestrian",429462,440826,"E01011563",2,"Not at junction or within 20 metres","Daylight","Fine no high winds","Dry","Car occupant"
"4670","20161335M0866",2016-05-23,2016,"May",23,"14:30",14,30,"Monday","Serious",1,"Serious","Pedestrian","Pedestrian","Male",10,"B","Single carriageway",40,NA,"In carriageway, crossing elsewhere","Crossing from offside - masked by  parked or stationary vehicle",428930,436445,"E01011450",1,"Not at junction or within 20 metres","Daylight","Fine no high winds","Dry","Pedestrian"
"4671","20161335N1534",2016-05-23,2016,"May",23,"19:15",19,15,"Monday","Slight",1,"Slight","Pedestrian","Pedestrian","Female",37,"Unclassified","Single carriageway",30,NA,"On footway or verge","Unknown or other",430408,433478,"E01033010",1,"Not at junction or within 20 metres","Daylight","Fine no high winds","Dry","Pedestrian"
"4672","20161335O0524",2016-05-24,2016,"May",24,"07:50",7,50,"Tuesday","Serious",1,"Serious","Motorcycle over 500cc rider or passenger","Driver or rider","Male",62,"Unclassified","Single carriageway",30,"Unclassified","Not a Pedestrian","Not a Pedestrian",431594,439585,"E01011568",2,"T or staggered junction","Daylight","Fine no high winds","Dry","Motorcyclist and pillion"
"4673","20161335O0268",2016-05-24,2016,"May",24,"08:34",8,34,"Tuesday","Slight",2,"Slight","Car occupant","Driver or rider","Male",20,"Motorway","Roundabout",40,"A","Not a Pedestrian","Not a Pedestrian",435906,425854,"E01011636",2,"Roundabout","Daylight","Fine no high winds","Dry","Car occupant"
"4674","20161335O0304",2016-05-24,2016,"May",24,"09:02",9,2,"Tuesday","Slight",1,"Slight","Van / Goods vehicle (3.5 tonnes mgw or under) occupant","Passenger","Male",23,"A(M)","Slip road",30,"Unclassified","Not a Pedestrian","Not a Pedestrian",428952,433435,"E01033015",2,"Slip road","Daylight","Fine no high winds","Dry","Bus and goods vehicle occupant"
"4675","20161335O1489",2016-05-24,2016,"May",24,"13:22",13,22,"Tuesday","Slight",1,"Slight","Car occupant","Passenger","Female",25,"Unclassified","Single carriageway",30,"Unclassified","Not a Pedestrian","Not a Pedestrian",431909,434799,"E01011677",2,"Roundabout","Daylight","Unknown","Dry","Car occupant"
"4676","20161335O0832",2016-05-24,2016,"May",24,"14:10",14,10,"Tuesday","Serious",1,"Serious","Car occupant","Driver or rider","Male",23,"Unclassified","Dual carriageway",40,"A","Not a Pedestrian","Not a Pedestrian",431194,432864,"E01033034",2,"T or staggered junction","Daylight","Unknown","Dry","Car occupant"
"4677","20161335O1915",2016-05-24,2016,"May",24,"23:40",23,40,"Tuesday","Slight",1,"Slight","Cyclist","Driver or rider","Male",24,"Unclassified","Roundabout",30,"Unclassified","Not a Pedestrian","Not a Pedestrian",432174,434627,"E01011433",2,"Roundabout","Darkness - lights lit","Unknown","Dry","Cyclist"
"4678","20161335P0329",2016-05-25,2016,"May",25,"09:14",9,14,"Wednesday","Serious",1,"Serious","Pedestrian","Pedestrian","Female",13,"Unclassified","Single carriageway",30,NA,"In carriageway, crossing elsewhere","Crossing from nearside - masked by parked or stationary vehicle",433872,435218,"E01011339",2,"Not at junction or within 20 metres","Daylight","Fine no high winds","Wet or damp","Pedestrian"
"4679","20161335P0499",2016-05-25,2016,"May",25,"11:00",11,0,"Wednesday","Slight",1,"Slight","Pedestrian","Pedestrian","Male",26,"Unclassified","Single carriageway",30,NA,"Unknown or other","Unknown or other",433449,433782,"E01011617",1,"Not at junction or within 20 metres","Daylight","Fine no high winds","Dry","Pedestrian"
"4680","20161335P0556",2016-05-25,2016,"May",25,"11:45",11,45,"Wednesday","Slight",1,"Slight","Car occupant","Driver or rider","Male",48,"Unclassified","Single carriageway",30,NA,"Not a Pedestrian","Not a Pedestrian",440361,448172,"E01011704",2,"Not at junction or within 20 metres","Daylight","Fine no high winds","Wet or damp","Car occupant"
"4681","20161335P0723",2016-05-25,2016,"May",25,"13:20",13,20,"Wednesday","Serious",2,"Serious","Car occupant","Driver or rider","Female",86,"Unclassified","Single carriageway",30,"Unclassified","Not a Pedestrian","Not a Pedestrian",429879,438360,"E01011514",3,"T or staggered junction","Daylight","Raining no high winds","Wet or damp","Car occupant"
"4682","20161335P1169",2016-05-25,2016,"May",25,"17:46",17,46,"Wednesday","Slight",1,"Slight","Car occupant","Passenger","Male",7,"Unclassified","Single carriageway",40,NA,"Not a Pedestrian","Not a Pedestrian",424441,437766,"E01011463",3,"Not at junction or within 20 metres","Daylight","Raining no high winds","Wet or damp","Car occupant"
"4683","20161335Q0620",2016-05-26,2016,"May",26,"08:45",8,45,"Thursday","Slight",1,"Slight","Pedestrian","Pedestrian","Female",34,"Unclassified","Single carriageway",30,NA,"On footway or verge","Unknown or other",428340,435306,"E01011442",1,"Not at junction or within 20 metres","Daylight","Fine no high winds","Dry","Pedestrian"
"4684","20161335Q0613",2016-05-26,2016,"May",26,"12:57",12,57,"Thursday","Slight",1,"Slight","Car occupant","Passenger","Female",33,"Unclassified","Single carriageway",30,"Unclassified","Not a Pedestrian","Not a Pedestrian",431138,430030,"E01011473",2,"Other junction","Daylight","Fine no high winds","Dry","Car occupant"
"4685","20161335Q0743",2016-05-26,2016,"May",26,"14:05",14,5,"Thursday","Slight",2,"Slight","Car occupant","Driver or rider","Male",52,"A","Dual carriageway",40,"Unclassified","Not a Pedestrian","Not a Pedestrian",430261,432066,"E01011364",2,"T or staggered junction","Daylight","Fine no high winds","Wet or damp","Car occupant"
"4686","20161335Q0989",2016-05-26,2016,"May",26,"16:14",16,14,"Thursday","Slight",2,"Slight","Car occupant","Driver or rider","Male",44,"A","Dual carriageway",30,"Unclassified","Not a Pedestrian","Not a Pedestrian",430769,434620,"E01033003",2,"T or staggered junction","Daylight","Unknown","Dry","Car occupant"
"4687","20161335Q1663",2016-05-26,2016,"May",26,"23:15",23,15,"Thursday","Slight",1,"Slight","Pedestrian","Pedestrian","Male",55,"Unclassified","Dual carriageway",30,"Unclassified","Crossing elsewhere within 50m. of pedestrian crossing","Crossing from driver's nearside",430793,433459,"E01033011",1,"Crossroads","Darkness - lights lit","Fine no high winds","Wet or damp","Pedestrian"
"4688","20161335R0272",2016-05-27,2016,"May",27,"07:37",7,37,"Friday","Serious",1,"Serious","Cyclist","Driver or rider","Male",28,"Unclassified","Single carriageway",30,"Unclassified","Not a Pedestrian","Not a Pedestrian",423036,435907,"E01011327",2,"T or staggered junction","Daylight","Fine no high winds","Dry","Cyclist"
"4689","20161335R1052",2016-05-27,2016,"May",27,"15:30",15,30,"Friday","Serious",1,"Serious","Cyclist","Driver or rider","Male",42,"Unclassified","Single carriageway",30,"Unclassified","Not a Pedestrian","Not a Pedestrian",432711,438570,"E01011653",2,"T or staggered junction","Daylight","Fine no high winds","Dry","Cyclist"
"4690","20161335R0654",2016-05-27,2016,"May",27,"18:30",18,30,"Friday","Slight",1,"Slight","Cyclist","Driver or rider","Male",38,"Unclassified","One way street",30,"Unclassified","Not a Pedestrian","Not a Pedestrian",430784,433454,"E01033011",2,"Other junction","Daylight","Fine no high winds","Dry","Cyclist"
"4691","20161335R1584",2016-05-27,2016,"May",27,"19:50",19,50,"Friday","Slight",2,"Slight","Car occupant","Driver or rider","Female",29,"Unclassified","Single carriageway",30,NA,"Not a Pedestrian","Not a Pedestrian",430119,433382,"E01033010",1,"Not at junction or within 20 metres","Daylight","Fine no high winds","Dry","Car occupant"
"4692","20161335S0810",2016-05-28,2016,"May",28,"12:15",12,15,"Saturday","Slight",3,"Slight","Car occupant","Driver or rider","Female",32,"Motorway","Dual carriageway",70,NA,"Not a Pedestrian","Not a Pedestrian",425748,426345,"E01011546",4,"Not at junction or within 20 metres","Daylight","Fine no high winds","Dry","Car occupant"
"4693","20161335S0826",2016-05-28,2016,"May",28,"12:21",12,21,"Saturday","Slight",1,"Slight","Pedestrian","Pedestrian","Male",8,"Unclassified","Single carriageway",30,NA,"In carriageway, crossing elsewhere","Crossing from offside - masked by  parked or stationary vehicle",428884,431827,"E01011366",1,"Not at junction or within 20 metres","Daylight","Fine no high winds","Dry","Pedestrian"
"4694","20161335S1340",2016-05-28,2016,"May",28,"17:30",17,30,"Saturday","Serious",1,"Serious","Motorcycle over 500cc rider or passenger","Driver or rider","Male",28,"A","Single carriageway",30,"Unclassified","Not a Pedestrian","Not a Pedestrian",428957,435474,"E01011443",2,"Crossroads","Daylight","Fine no high winds","Dry","Motorcyclist and pillion"
"4695","20161335S1402",2016-05-28,2016,"May",28,"18:00",18,0,"Saturday","Slight",1,"Slight","Pedestrian","Pedestrian","Female",7,"Unclassified","Single carriageway",30,NA,"Unknown or other","Unknown or other",425552,435562,"E01011332",1,"Not at junction or within 20 metres","Daylight","Fine no high winds","Dry","Pedestrian"
"4696","20161335S1542",2016-05-28,2016,"May",28,"19:20",19,20,"Saturday","Serious",1,"Serious","Car occupant","Driver or rider","Female",80,"Unclassified","Single carriageway",30,NA,"Not a Pedestrian","Not a Pedestrian",420078,440981,"E01011275",1,"Not at junction or within 20 metres","Daylight","Fine no high winds","Dry","Car occupant"
"4697","20161335S1559",2016-05-28,2016,"May",28,"19:30",19,30,"Saturday","Slight",1,"Slight","Pedestrian","Pedestrian","Male",3,"Unclassified","Single carriageway",20,NA,"In carriageway, crossing elsewhere","Crossing from driver's offside",419709,433965,"E01011597",1,"Not at junction or within 20 metres","Daylight","Fine no high winds","Dry","Pedestrian"
"4698","20161335T1057",2016-05-29,2016,"May",29,"15:40",15,40,"Sunday","Serious",4,"Serious","Car occupant","Driver or rider","Female",81,"A","Single carriageway",60,"Unclassified","Not a Pedestrian","Not a Pedestrian",422295,436830,"E01011589",2,"T or staggered junction","Daylight","Fine no high winds","Dry","Car occupant"
"4699","20161335T1579",2016-05-29,2016,"May",29,"20:00",20,0,"Sunday","Slight",1,"Slight","Motorcycle 50cc and under rider or passenger","Driver or rider","Male",25,"Unclassified","Single carriageway",30,"Unclassified","Not a Pedestrian","Not a Pedestrian",435074,435129,"E01011663",2,"Crossroads","Daylight","Fine no high winds","Dry","Motorcyclist and pillion"
"4700","20161335T1785",2016-05-29,2016,"May",29,"22:00",22,0,"Sunday","Slight",2,"Slight","Car occupant","Driver or rider","Male",31,"A","Single carriageway",30,"Unclassified","Not a Pedestrian","Not a Pedestrian",421631,440846,"E01011578",2,"Crossroads","Darkness - lights lit","Fine no high winds","Dry","Car occupant"
"4701","20161335U0695",2016-05-30,2016,"May",30,"13:35",13,35,"Monday","Slight",3,"Slight","Car occupant","Driver or rider","Male",29,"Unclassified","Dual carriageway",30,"A","Not a Pedestrian","Not a Pedestrian",424058,431834,"E01011728",2,"T or staggered junction","Daylight","Fine no high winds","Dry","Car occupant"
"4702","20161335U1042",2016-05-30,2016,"May",30,"16:44",16,44,"Monday","Fatal",1,"Fatal","Pedestrian","Pedestrian","Female",14,"Unclassified","Single carriageway",60,NA,"In carriageway, crossing elsewhere","Crossing from driver's nearside",437585,432270,"E01011411",1,"Not at junction or within 20 metres","Daylight","Fine no high winds","Dry","Pedestrian"
"4703","20161335U1559",2016-05-30,2016,"May",30,"21:12",21,12,"Monday","Slight",1,"Slight","Pedestrian","Pedestrian","Female",26,"Unclassified","Single carriageway",30,"A","In carriageway, crossing elsewhere","Crossing from driver's nearside",430431,437826,"E01011516",1,"T or staggered junction","Darkness - lights lit","Fine no high winds","Dry","Pedestrian"
"4704","20161335V0797",2016-05-31,2016,"May",31,"14:15",14,15,"Tuesday","Slight",1,"Slight","Pedestrian","Pedestrian","Male",2,"A","Dual carriageway",40,NA,"Crossing elsewhere within 50m. of pedestrian crossing","Crossing from driver's nearside",428980,429894,"E01011320",1,"Not at junction or within 20 metres","Daylight","Fine no high winds","Dry","Pedestrian"
"4705","20161335V1034",2016-05-31,2016,"May",31,"16:45",16,45,"Tuesday","Slight",1,"Slight","Car occupant","Passenger","Female",23,"Unclassified","Single carriageway",20,NA,"Not a Pedestrian","Not a Pedestrian",428256,434706,"E01011447",3,"Not at junction or within 20 metres","Daylight","Unknown","Dry","Car occupant"
"4706","20161335V1090",2016-05-31,2016,"May",31,"17:10",17,10,"Tuesday","Slight",1,"Slight","Pedestrian","Pedestrian","Female",25,"Unclassified","Single carriageway",30,NA,"In carriageway, crossing elsewhere","Crossing from driver's nearside",430254,433817,"E01033010",2,"Not at junction or within 20 metres","Daylight","Fine no high winds","Dry","Pedestrian"
"4707","20161335V1096",2016-05-31,2016,"May",31,"17:15",17,15,"Tuesday","Serious",1,"Serious","Motorcycle 125cc and under rider or passenger","Driver or rider","Male",22,"Unclassified","Single carriageway",30,NA,"Not a Pedestrian","Not a Pedestrian",430888,434824,"E01011671",4,"Not at junction or within 20 metres","Daylight","Fine no high winds","Dry","Motorcyclist and pillion"
"4708","20161336U0958",2016-06-01,2016,"Jun",1,"15:30",15,30,"Wednesday","Slight",1,"Slight","Cyclist","Driver or rider","Male",19,"A","Single carriageway",30,"A","Not a Pedestrian","Not a Pedestrian",426280,435586,"E01011488",2,"T or staggered junction","Daylight","Raining no high winds","Wet or damp","Cyclist"
"4709","2016133611239",2016-06-01,2016,"Jun",1,"18:22",18,22,"Wednesday","Slight",1,"Slight","Cyclist","Driver or rider","Male",38,"Unclassified","Single carriageway",30,NA,"Not a Pedestrian","Not a Pedestrian",443266,444199,"E01011712",2,"Not at junction or within 20 metres","Daylight","Fine no high winds","Dry","Cyclist"
"4710","2016133620591",2016-06-02,2016,"Jun",2,"12:14",12,14,"Thursday","Serious",1,"Serious","Cyclist","Driver or rider","Female",53,"Unclassified","Single carriageway",30,"Unclassified","Not a Pedestrian","Not a Pedestrian",431402,435029,"E01011673",2,"T or staggered junction","Daylight","Fine no high winds","Dry","Cyclist"
"4711","2016133621398",2016-06-02,2016,"Jun",2,"17:30",17,30,"Thursday","Slight",1,"Slight","Cyclist","Driver or rider","Male",21,"B","Single carriageway",30,"Unclassified","Not a Pedestrian","Not a Pedestrian",418962,441738,"E01011265",2,"Crossroads","Daylight","Fine no high winds","Dry","Cyclist"
"4712","2016133640633",2016-06-02,2016,"Jun",2,"18:16",18,16,"Thursday","Slight",2,"Slight","Car occupant","Driver or rider","Female",27,"A","Dual carriageway",40,NA,"Not a Pedestrian","Not a Pedestrian",428381,434053,"E01011681",2,"Not at junction or within 20 metres","Daylight","Fine no high winds","Dry","Car occupant"
"4713","2016133621562",2016-06-02,2016,"Jun",2,"20:30",20,30,"Thursday","Slight",1,"Slight","Cyclist","Driver or rider","Male",56,"A","Single carriageway",30,"Unclassified","Not a Pedestrian","Not a Pedestrian",426330,435490,"E01011477",2,"Private drive or entrance","Daylight","Fine no high winds","Dry","Cyclist"
"4714","2016133621592",2016-06-02,2016,"Jun",2,"20:45",20,45,"Thursday","Slight",1,"Slight","Car occupant","Driver or rider","Male",49,"B","Dual carriageway",40,"A","Not a Pedestrian","Not a Pedestrian",425281,432980,"E01011730",2,"Crossroads","Daylight","Fine no high winds","Dry","Car occupant"
"4715","2016133621792",2016-06-02,2016,"Jun",2,"21:30",21,30,"Thursday","Slight",1,"Slight","Pedestrian","Pedestrian","Female",32,"Unclassified","Single carriageway",30,NA,"In carriageway, not crossing","Unknown or other",430529,433266,"E01033011",1,"Not at junction or within 20 metres","Daylight","Fine no high winds","Dry","Pedestrian"
"4716","2016133631784",2016-06-03,2016,"Jun",3,"05:20",5,20,"Friday","Serious",1,"Serious","Cyclist","Driver or rider","Female",21,"Unclassified","Single carriageway",30,NA,"Not a Pedestrian","Not a Pedestrian",430062,433712,"E01033010",2,"Not at junction or within 20 metres","Daylight","Fine no high winds","Dry","Cyclist"
"4717","2016133631326",2016-06-03,2016,"Jun",3,"12:20",12,20,"Friday","Slight",1,"Slight","Bus or coach occupant (17 or more pass seats)","Passenger","Male",4,"Unclassified","Single carriageway",30,"Unclassified","Not a Pedestrian","Not a Pedestrian",430072,433369,"E01033010",1,"T or staggered junction","Daylight","Unknown","Dry","Bus and goods vehicle occupant"
"4718","2016133631313",2016-06-03,2016,"Jun",3,"18:47",18,47,"Friday","Slight",1,"Slight","Pedestrian","Pedestrian","Male",75,"A","Single carriageway",30,"Unclassified","Crossing on pedestrian crossing facility","Crossing from driver's offside",431470,435116,"E01011673",1,"Other junction","Daylight","Fine no high winds","Dry","Pedestrian"
"4719","2016133631374",2016-06-03,2016,"Jun",3,"19:30",19,30,"Friday","Slight",1,"Slight","Motorcycle 125cc and under rider or passenger","Driver or rider","Male",21,"Unclassified","Single carriageway",30,"Unclassified","Not a Pedestrian","Not a Pedestrian",429386,435421,"E01011670",2,"T or staggered junction","Daylight","Fine no high winds","Dry","Motorcyclist and pillion"
"4720","2016133631506",2016-06-03,2016,"Jun",3,"20:40",20,40,"Friday","Slight",1,"Slight","Cyclist","Driver or rider","Male",24,"Unclassified","Single carriageway",30,NA,"Not a Pedestrian","Not a Pedestrian",428311,435077,"E01011445",2,"Not at junction or within 20 metres","Daylight","Fine no high winds","Dry","Cyclist"
"4721","2016133640635",2016-06-04,2016,"Jun",4,"11:42",11,42,"Saturday","Slight",1,"Slight","Car occupant","Driver or rider","Female",32,"A(M)","Slip road",30,"Unclassified","Not a Pedestrian","Not a Pedestrian",429412,433945,"E01011678",2,"Slip road","Daylight","Fine no high winds","Dry","Car occupant"
"4722","2016133640741",2016-06-04,2016,"Jun",4,"12:45",12,45,"Saturday","Slight",2,"Slight","Car occupant","Driver or rider","Male",29,"A","Single carriageway",30,"Unclassified","Not a Pedestrian","Not a Pedestrian",427793,434427,"E01011483",2,"T or staggered junction","Daylight","Fine no high winds","Dry","Car occupant"
"4723","2016133640976",2016-06-04,2016,"Jun",4,"15:13",15,13,"Saturday","Slight",1,"Slight","Cyclist","Driver or rider","Male",65,"Unclassified","Single carriageway",30,"Unclassified","Not a Pedestrian","Not a Pedestrian",428821,430360,"E01011315",2,"Other junction","Daylight","Fine no high winds","Dry","Cyclist"
"4724","2016133641152",2016-06-04,2016,"Jun",4,"16:50",16,50,"Saturday","Slight",2,"Slight","Car occupant","Passenger","Male",18,"Unclassified","Single carriageway",30,NA,"Not a Pedestrian","Not a Pedestrian",425911,440158,"E01011378",2,"Not at junction or within 20 metres","Daylight","Fine no high winds","Dry","Car occupant"
"4725","2016133641376",2016-06-04,2016,"Jun",4,"19:10",19,10,"Saturday","Slight",2,"Slight","Car occupant","Driver or rider","Male",30,"Unclassified","Single carriageway",30,"Unclassified","Not a Pedestrian","Not a Pedestrian",431660,435164,"E01011673",3,"T or staggered junction","Daylight","Fine no high winds","Dry","Car occupant"
"4726","2016133650851",2016-06-05,2016,"Jun",5,"13:45",13,45,"Sunday","Slight",1,"Slight","Pedestrian","Pedestrian","Male",28,"Unclassified","One way street",20,NA,"Unknown or other","Unknown or other",429784,428068,"E01032498",1,"Not at junction or within 20 metres","Daylight","Fine no high winds","Wet or damp","Pedestrian"