"","accident_index","date","year","month","day","time","time_hour","time_minute","day_of_week","accident_severity","number_of_casualties","casualty_severity","casualty_type","casualty_class","sex_of_casualty","age_of_casualty","first_road_class","road_type","speed_limit","second_road_class","pedestrian_location","pedestrian_movement","location_easting_osgr","location_northing_osgr","lsoa_of_accident_location","number_of_vehicles","junction_detail","light_conditions","weather_conditions","road_surface_conditions","cas_type"
"4727","2016133650911",2016-06-05,2016,"Jun",5,"14:33",14,33,"Sunday","Slight",1,"Slight","Cyclist","Driver or rider","Male",11,"Unclassified","Single carriageway",30,"Unclassified","Not a Pedestrian","Not a Pedestrian",431979,435509,"E01011428",2,"Crossroads","Daylight","Fine no high winds","Dry","Cyclist"
"4728","2016133650949",2016-06-05,2016,"Jun",5,"14:50",14,50,"Sunday","Serious",1,"Serious","Pedestrian","Pedestrian","Male",37,"B","Single carriageway",30,NA,"In carriageway, not crossing","In carriageway, stationary - not crossing  (standing or playing)",421576,440732,"E01011578",2,"Not at junction or within 20 metres","Daylight","Fine no high winds","Dry","Pedestrian"
"4729","2016133650961",2016-06-05,2016,"Jun",5,"14:58",14,58,"Sunday","Slight",1,"Slight","Car occupant","Driver or rider","Female",30,"Unclassified","Single carriageway",20,"Unclassified","Not a Pedestrian","Not a Pedestrian",431158,435635,"E01011361",2,"Crossroads","Daylight","Fine no high winds","Dry","Car occupant"
"4730","2016133651501",2016-06-05,2016,"Jun",5,"20:00",20,0,"Sunday","Slight",1,"Slight","Cyclist","Driver or rider","Male",52,"A","Roundabout",30,"A","Not a Pedestrian","Not a Pedestrian",426835,438058,"E01011685",2,"Roundabout","Daylight","Fine no high winds","Dry","Cyclist"
"4731","2016133651596",2016-06-05,2016,"Jun",5,"20:47",20,47,"Sunday","Slight",1,"Slight","Motorcycle 125cc and under rider or passenger","Driver or rider","Male",20,"Unclassified","Single carriageway",30,NA,"Not a Pedestrian","Not a Pedestrian",422221,435720,"E01011593",2,"Not at junction or within 20 metres","Daylight","Fine no high winds","Dry","Motorcyclist and pillion"
"4732","2016133660328",2016-06-06,2016,"Jun",6,"08:15",8,15,"Monday","Slight",1,"Slight","Car occupant","Driver or rider","Male",81,"Unclassified","Single carriageway",30,"Unclassified","Not a Pedestrian","Not a Pedestrian",435575,433149,"E01011417",3,"T or staggered junction","Daylight","Fine no high winds","Dry","Car occupant"
"4733","2016133660781",2016-06-06,2016,"Jun",6,"13:17",13,17,"Monday","Slight",1,"Slight","Car occupant","Driver or rider","Female",85,"Unclassified","Single carriageway",30,NA,"Not a Pedestrian","Not a Pedestrian",419293,433134,"E01011586",2,"Not at junction or within 20 metres","Daylight","Fine no high winds","Dry","Car occupant"
"4734","2016133660812",2016-06-06,2016,"Jun",6,"13:30",13,30,"Monday","Slight",2,"Slight","Car occupant","Driver or rider","Male",35,"A","Dual carriageway",40,"Unclassified","Not a Pedestrian","Not a Pedestrian",428901,425990,"E01011538",2,"T or staggered junction","Daylight","Fine no high winds","Dry","Car occupant"
"4735","2016133660894",2016-06-06,2016,"Jun",6,"14:14",14,14,"Monday","Slight",1,"Slight","Car occupant","Driver or rider","Male",30,"Unclassified","Single carriageway",30,"Unclassified","Not a Pedestrian","Not a Pedestrian",428603,434580,"E01011681",3,"T or staggered junction","Daylight","Unknown","Dry","Car occupant"
"4736","2016133660729",2016-06-06,2016,"Jun",6,"16:45",16,45,"Monday","Serious",1,"Serious","Pedestrian","Pedestrian","Female",8,"Unclassified","Single carriageway",30,NA,"In carriageway, crossing elsewhere","Crossing from nearside - masked by parked or stationary vehicle",432291,435134,"E01011432",1,"Not at junction or within 20 metres","Daylight","Fine no high winds","Dry","Pedestrian"
"4737","2016133661208",2016-06-06,2016,"Jun",6,"16:45",16,45,"Monday","Slight",1,"Slight","Car occupant","Driver or rider","Male",62,"Unclassified","Single carriageway",30,"Unclassified","Not a Pedestrian","Not a Pedestrian",432885,435597,"E01011424",2,"T or staggered junction","Daylight","Fine no high winds","Dry","Car occupant"
"4738","2016133661209",2016-06-06,2016,"Jun",6,"16:48",16,48,"Monday","Slight",1,"Slight","Car occupant","Driver or rider","Male",36,"Motorway","Dual carriageway",70,NA,"Not a Pedestrian","Not a Pedestrian",424723,427762,"E01011523",3,"Not at junction or within 20 metres","Daylight","Fine no high winds","Dry","Car occupant"
"4739","2016133661238",2016-06-06,2016,"Jun",6,"17:00",17,0,"Monday","Serious",1,"Serious","Cyclist","Driver or rider","Female",52,"Unclassified","Single carriageway",30,"Unclassified","Not a Pedestrian","Not a Pedestrian",429234,435452,"E01033005",2,"T or staggered junction","Daylight","Fine no high winds","Dry","Cyclist"
"4740","2016133661364",2016-06-06,2016,"Jun",6,"17:58",17,58,"Monday","Serious",1,"Serious","Motorcycle 50cc and under rider or passenger","Driver or rider","Male",13,"Unclassified","Single carriageway",30,"Unclassified","Not a Pedestrian","Not a Pedestrian",432220,434741,"E01011433",2,"Crossroads","Daylight","Fine no high winds","Dry","Motorcyclist and pillion"
"4741","2016133661487",2016-06-06,2016,"Jun",6,"19:00",19,0,"Monday","Slight",1,"Slight","Motorcycle over 125cc and up to 500cc rider or  passenger","Driver or rider","Male",55,"A","Dual carriageway",40,NA,"Not a Pedestrian","Not a Pedestrian",430281,434351,"E01033002",1,"Not at junction or within 20 metres","Daylight","Fine no high winds","Dry","Motorcyclist and pillion"
"4742","2016133670864",2016-06-07,2016,"Jun",7,"14:33",14,33,"Tuesday","Slight",3,"Slight","Car occupant","Driver or rider","Male",25,"Unclassified","Single carriageway",30,"Unclassified","Not a Pedestrian","Not a Pedestrian",432392,435560,"E01011430",2,"T or staggered junction","Daylight","Fine no high winds","Dry","Car occupant"
"4743","2016133671218",2016-06-07,2016,"Jun",7,"17:17",17,17,"Tuesday","Slight",2,"Slight","Car occupant","Driver or rider","Male",45,"A","Dual carriageway",40,"A","Not a Pedestrian","Not a Pedestrian",427953,426266,"E01011550",6,"Roundabout","Daylight","Fine no high winds","Dry","Car occupant"
"4744","2016133671249",2016-06-07,2016,"Jun",7,"17:20",17,20,"Tuesday","Slight",1,"Slight","Cyclist","Driver or rider","Male",35,"Unclassified","Dual carriageway",30,"Unclassified","Not a Pedestrian","Not a Pedestrian",431178,433648,"E01033021",2,"Private drive or entrance","Daylight","Fine no high winds","Dry","Cyclist"
"4745","2016133671272",2016-06-07,2016,"Jun",7,"17:32",17,32,"Tuesday","Serious",1,"Serious","Cyclist","Driver or rider","Male",41,"A","Single carriageway",40,NA,"Not a Pedestrian","Not a Pedestrian",425491,443145,"E01011576",2,"Not at junction or within 20 metres","Daylight","Fine no high winds","Dry","Cyclist"
"4746","2016133671741",2016-06-07,2016,"Jun",7,"19:35",19,35,"Tuesday","Serious",1,"Serious","Cyclist","Driver or rider","Male",16,"Unclassified","Single carriageway",30,NA,"Not a Pedestrian","Not a Pedestrian",428506,425477,"E01011553",2,"Not at junction or within 20 metres","Daylight","Fine no high winds","Dry","Cyclist"
"4747","2016133671571",2016-06-07,2016,"Jun",7,"19:58",19,58,"Tuesday","Slight",1,"Slight","Motorcycle 125cc and under rider or passenger","Driver or rider","Male",23,"Unclassified","Roundabout",30,"Unclassified","Not a Pedestrian","Not a Pedestrian",430540,431110,"E01011468",2,"Roundabout","Daylight","Fine no high winds","Dry","Motorcyclist and pillion"
"4748","2016133671656",2016-06-07,2016,"Jun",7,"20:40",20,40,"Tuesday","Slight",1,"Slight","Taxi/Private hire car occupant","Passenger","Female",58,"Unclassified","Dual carriageway",40,"Unclassified","Not a Pedestrian","Not a Pedestrian",434202,436976,"E01011658",2,"Crossroads","Daylight","Fine no high winds","Dry","Car occupant"
"4749","2016133680494",2016-06-08,2016,"Jun",8,"10:30",10,30,"Wednesday","Slight",1,"Slight","Motorcycle 125cc and under rider or passenger","Driver or rider","Male",55,"Unclassified","Single carriageway",30,NA,"Not a Pedestrian","Not a Pedestrian",423873,437413,"E01011465",1,"Not at junction or within 20 metres","Daylight","Fine no high winds","Dry","Motorcyclist and pillion"
"4750","2016133680488",2016-06-08,2016,"Jun",8,"10:45",10,45,"Wednesday","Slight",1,"Slight","Car occupant","Driver or rider","Male",43,"A","Roundabout",40,"Unclassified","Not a Pedestrian","Not a Pedestrian",440866,445750,"E01011704",2,"Roundabout","Daylight","Fine no high winds","Dry","Car occupant"
"4751","2016133681811",2016-06-08,2016,"Jun",8,"12:00",12,0,"Wednesday","Slight",1,"Slight","Pedestrian","Pedestrian","Female",62,"Unclassified","Single carriageway",30,NA,"In carriageway, crossing elsewhere","Crossing from driver's nearside",429930,432723,"E01033016",1,"Not at junction or within 20 metres","Daylight","Fine no high winds","Dry","Pedestrian"
"4752","2016133680800",2016-06-08,2016,"Jun",8,"13:35",13,35,"Wednesday","Serious",1,"Serious","Motorcycle over 500cc rider or passenger","Driver or rider","Male",38,"Unclassified","Single carriageway",30,"Unclassified","Not a Pedestrian","Not a Pedestrian",426780,432051,"E01011736",1,"T or staggered junction","Daylight","Fine no high winds","Dry","Motorcyclist and pillion"
"4753","2016133681429",2016-06-08,2016,"Jun",8,"18:52",18,52,"Wednesday","Slight",1,"Slight","Pedestrian","Pedestrian","Male",14,"Unclassified","Dual carriageway",30,NA,"In carriageway, crossing elsewhere","Crossing from driver's nearside",431276,429351,"E01011475",1,"Not at junction or within 20 metres","Daylight","Fine no high winds","Dry","Pedestrian"
"4754","2016133681547",2016-06-08,2016,"Jun",8,"19:45",19,45,"Wednesday","Slight",1,"Slight","Car occupant","Driver or rider","Female",33,"Unclassified","Single carriageway",60,"Unclassified","Not a Pedestrian","Not a Pedestrian",421313,435629,"E01011592",2,"T or staggered junction","Daylight","Fine no high winds","Dry","Car occupant"
"4755","2016133690383",2016-06-09,2016,"Jun",9,"09:15",9,15,"Thursday","Slight",1,"Slight","Car occupant","Driver or rider","Female",30,"Unclassified","Single carriageway",30,"Unclassified","Not a Pedestrian","Not a Pedestrian",432367,433183,"E01011625",2,"Other junction","Daylight","Fine no high winds","Dry","Car occupant"
"4756","2016133691076",2016-06-09,2016,"Jun",9,"16:10",16,10,"Thursday","Serious",1,"Serious","Pedestrian","Pedestrian","Male",75,"Unclassified","Single carriageway",30,NA,"In carriageway, crossing elsewhere","Crossing from nearside - masked by parked or stationary vehicle",432173,434808,"E01011433",1,"Not at junction or within 20 metres","Daylight","Fine no high winds","Dry","Pedestrian"
"4757","2016133691097",2016-06-09,2016,"Jun",9,"16:15",16,15,"Thursday","Serious",1,"Serious","Pedestrian","Pedestrian","Male",80,"A","Single carriageway",30,NA,"Crossing on pedestrian crossing facility","Crossing from driver's nearside",424507,445159,"E01011570",1,"Not at junction or within 20 metres","Daylight","Fine no high winds","Dry","Pedestrian"
"4758","2016133691222",2016-06-09,2016,"Jun",9,"17:15",17,15,"Thursday","Serious",1,"Serious","Motorcycle 125cc and under rider or passenger","Driver or rider","Male",51,"A","Single carriageway",60,"Unclassified","Not a Pedestrian","Not a Pedestrian",437316,429483,"E01011402",2,"T or staggered junction","Daylight","Fine no high winds","Dry","Motorcyclist and pillion"
"4759","2016133691371",2016-06-09,2016,"Jun",9,"18:30",18,30,"Thursday","Serious",1,"Serious","Motorcycle over 500cc rider or passenger","Driver or rider","Male",39,"A","Single carriageway",30,NA,"Not a Pedestrian","Not a Pedestrian",425400,427052,"E01011530",2,"Not at junction or within 20 metres","Daylight","Fine no high winds","Dry","Motorcyclist and pillion"
"4760","2016133691716",2016-06-09,2016,"Jun",9,"21:19",21,19,"Thursday","Slight",1,"Slight","Pedestrian","Pedestrian","Male",31,"Unclassified","Single carriageway",30,"Unclassified","On footway or verge","Walking along in carriageway, back to traffic",430567,433095,"E01033019",1,"T or staggered junction","Daylight","Fine no high winds","Dry","Pedestrian"
"4761","20161336A0362",2016-06-10,2016,"Jun",10,"07:50",7,50,"Friday","Slight",1,"Slight","Car occupant","Driver or rider","Male",47,"Unclassified","Dual carriageway",70,NA,"Not a Pedestrian","Not a Pedestrian",420932,434416,"E01011599",2,"Not at junction or within 20 metres","Daylight","Raining no high winds","Wet or damp","Car occupant"
"4762","20161336A0544",2016-06-10,2016,"Jun",10,"10:35",10,35,"Friday","Slight",1,"Slight","Cyclist","Driver or rider","Male",15,"Unclassified","Single carriageway",30,"A","Not a Pedestrian","Not a Pedestrian",432078,435959,"E01011647",2,"T or staggered junction","Daylight","Fine no high winds","Wet or damp","Cyclist"
"4763","20161336A0950",2016-06-10,2016,"Jun",10,"14:35",14,35,"Friday","Slight",1,"Slight","Cyclist","Driver or rider","Male",40,"Unclassified","Single carriageway",30,"Unclassified","Not a Pedestrian","Not a Pedestrian",431459,433558,"E01033021",2,"T or staggered junction","Daylight","Fine no high winds","Dry","Cyclist"
"4764","20161336A1188",2016-06-10,2016,"Jun",10,"14:50",14,50,"Friday","Serious",1,"Serious","Pedestrian","Pedestrian","Female",88,"Unclassified","Unknown",30,NA,"Unknown or other","Crossing from driver's offside",424508,435387,"E01011331",1,"Not at junction or within 20 metres","Daylight","Fine no high winds","Dry","Pedestrian"
"4765","20161336A1192",2016-06-10,2016,"Jun",10,"17:10",17,10,"Friday","Slight",1,"Slight","Car occupant","Passenger","Female",54,"Motorway","Dual carriageway",70,NA,"Not a Pedestrian","Not a Pedestrian",428807,426407,"E01011538",3,"Not at junction or within 20 metres","Daylight","Fine no high winds","Wet or damp","Car occupant"
"4766","2016133691956",2016-06-10,2016,"Jun",10,"23:40",23,40,"Friday","Slight",3,"Slight","Bus or coach occupant (17 or more pass seats)","Passenger","Female",22,"Unclassified","Single carriageway",30,NA,"Not a Pedestrian","Not a Pedestrian",430484,433455,"E01033010",1,"Not at junction or within 20 metres","Darkness - lights lit","Fine no high winds","Dry","Bus and goods vehicle occupant"
"4767","20161336B0482",2016-06-11,2016,"Jun",11,"08:45",8,45,"Saturday","Slight",3,"Slight","Car occupant","Passenger","Female",52,"A","Single carriageway",30,"Unclassified","Not a Pedestrian","Not a Pedestrian",427740,436448,"E01011694",2,"Crossroads","Daylight","Fine no high winds","Dry","Car occupant"
"4768","20161336B0787",2016-06-11,2016,"Jun",11,"10:05",10,5,"Saturday","Slight",1,"Slight","Car occupant","Passenger","Male",1,"A","Roundabout",60,"Unclassified","Not a Pedestrian","Not a Pedestrian",421527,428508,"E01011527",2,"Roundabout","Daylight","Fine no high winds","Dry","Car occupant"
"4769","20161336B1176",2016-06-11,2016,"Jun",11,"16:45",16,45,"Saturday","Slight",1,"Slight","Pedestrian","Pedestrian","Male",5,"Unclassified","Single carriageway",30,NA,"In carriageway, crossing elsewhere","Crossing from driver's nearside",432186,435502,"E01011430",1,"Not at junction or within 20 metres","Daylight","Fine no high winds","Dry","Pedestrian"
"4770","20161336B1783",2016-06-11,2016,"Jun",11,"22:21",22,21,"Saturday","Slight",1,"Slight","Motorcycle 125cc and under rider or passenger","Driver or rider","Male",24,"Unclassified","One way street",30,"Unclassified","Not a Pedestrian","Not a Pedestrian",429788,433696,"E01033008",2,"T or staggered junction","Darkness - lights lit","Raining no high winds","Wet or damp","Motorcyclist and pillion"
"4771","20161336C0545",2016-06-12,2016,"Jun",12,"10:12",10,12,"Sunday","Serious",1,"Serious","Cyclist","Driver or rider","Male",63,"Unclassified","Single carriageway",30,"Unclassified","Not a Pedestrian","Not a Pedestrian",425620,433087,"E01011725",1,"T or staggered junction","Daylight","Fine no high winds","Wet or damp","Cyclist"
"4772","20161335D1192",2016-06-12,2016,"Jun",12,"10:43",10,43,"Sunday","Serious",1,"Serious","Pedestrian","Pedestrian","Male",16,"A","Dual carriageway",40,NA,"Crossing on pedestrian crossing facility","Crossing from driver's nearside",426512,431859,"E01011734",1,"Not at junction or within 20 metres","Daylight","Fine no high winds","Dry","Pedestrian"
"4773","20161336C0783",2016-06-12,2016,"Jun",12,"13:00",13,0,"Sunday","Slight",1,"Slight","Car occupant","Driver or rider","Female",23,"A","Dual carriageway",40,NA,"Not a Pedestrian","Not a Pedestrian",433946,434113,"E01011346",2,"Not at junction or within 20 metres","Daylight","Fine no high winds","Wet or damp","Car occupant"
"4774","20161336D0276",2016-06-13,2016,"Jun",13,"08:10",8,10,"Monday","Slight",2,"Slight","Car occupant","Driver or rider","Male",57,"Unclassified","Single carriageway",30,NA,"Not a Pedestrian","Not a Pedestrian",425266,432353,"E01011726",2,"Not at junction or within 20 metres","Daylight","Fine no high winds","Dry","Car occupant"
"4775","20161336D1140",2016-06-13,2016,"Jun",13,"17:01",17,1,"Monday","Slight",1,"Slight","Car occupant","Driver or rider","Male",30,"Unclassified","Single carriageway",30,NA,"Not a Pedestrian","Not a Pedestrian",420017,435460,"E01011590",1,"Not at junction or within 20 metres","Daylight","Raining no high winds","Wet or damp","Car occupant"
"4776","20161336D1213",2016-06-13,2016,"Jun",13,"17:38",17,38,"Monday","Slight",1,"Slight","Pedestrian","Pedestrian","Female",59,"Unclassified","Single carriageway",30,"A","Crossing on pedestrian crossing facility","Crossing from driver's nearside",431862,435685,"E01011422",1,"Crossroads","Daylight","Fine no high winds","Wet or damp","Pedestrian"
"4777","20161336D1327",2016-06-13,2016,"Jun",13,"18:30",18,30,"Monday","Slight",1,"Slight","Car occupant","Driver or rider","Female",30,"Unclassified","Single carriageway",30,NA,"Not a Pedestrian","Not a Pedestrian",421358,444886,"E01011569",2,"Not at junction or within 20 metres","Daylight","Fine no high winds","Wet or damp","Car occupant"
"4778","20161336D1492",2016-06-13,2016,"Jun",13,"19:30",19,30,"Monday","Slight",1,"Slight","Car occupant","Driver or rider","Male",27,"Unclassified","Single carriageway",60,NA,"Not a Pedestrian","Not a Pedestrian",443256,427573,"E01011299",1,"Not at junction or within 20 metres","Daylight","Fine no high winds","Dry","Car occupant"
"4779","20161336D1589",2016-06-13,2016,"Jun",13,"21:03",21,3,"Monday","Slight",4,"Slight","Car occupant","Driver or rider","Female",35,"Unclassified","Single carriageway",30,"Unclassified","Not a Pedestrian","Not a Pedestrian",425242,439479,"E01011379",2,"T or staggered junction","Darkness - lights lit","Raining no high winds","Wet or damp","Car occupant"
"4780","20161336E0492",2016-06-14,2016,"Jun",14,"11:20",11,20,"Tuesday","Slight",2,"Slight","Bus or coach occupant (17 or more pass seats)","Passenger","Female",28,"Unclassified","Single carriageway",30,NA,"Not a Pedestrian","Not a Pedestrian",429967,433790,"E01033010",1,"Not at junction or within 20 metres","Daylight","Fine no high winds","Dry","Bus and goods vehicle occupant"
"4781","20161336E1419",2016-06-14,2016,"Jun",14,"17:05",17,5,"Tuesday","Slight",1,"Slight","Bus or coach occupant (17 or more pass seats)","Passenger","Female",49,"Unclassified","Single carriageway",30,"Unclassified","Not a Pedestrian","Not a Pedestrian",429971,433314,"E01033016",1,"More than 4 arms (not roundabout)","Daylight","Fine no high winds","Dry","Bus and goods vehicle occupant"
"4782","20161336E1785",2016-06-14,2016,"Jun",14,"21:15",21,15,"Tuesday","Slight",1,"Slight","Taxi/Private hire car occupant","Passenger","Female",27,"Unclassified","Single carriageway",30,NA,"Not a Pedestrian","Not a Pedestrian",432386,435149,"E01011432",1,"Not at junction or within 20 metres","Daylight","Unknown","Dry","Car occupant"
"4783","20161336F1007",2016-06-15,2016,"Jun",15,"10:07",10,7,"Wednesday","Fatal",1,"Fatal","Pedestrian","Pedestrian","Male",36,"A(M)","Dual carriageway",70,NA,"Unknown or other","In carriageway, stationary - not crossing  (standing or playing)",443585,437925,"E01011309",2,"Not at junction or within 20 metres","Daylight","Raining no high winds","Wet or damp","Pedestrian"
"4784","20161336F0964",2016-06-15,2016,"Jun",15,"15:10",15,10,"Wednesday","Slight",1,"Slight","Car occupant","Driver or rider","Male",55,"Unclassified","Single carriageway",30,NA,"Not a Pedestrian","Not a Pedestrian",432178,435183,"E01011432",3,"Not at junction or within 20 metres","Daylight","Fine no high winds","Dry","Car occupant"
"4785","20161336F1224",2016-06-15,2016,"Jun",15,"17:15",17,15,"Wednesday","Slight",1,"Slight","Cyclist","Driver or rider","Male",35,"A","Single carriageway",30,NA,"Not a Pedestrian","Not a Pedestrian",423451,435743,"E01011330",2,"Not at junction or within 20 metres","Daylight","Raining no high winds","Wet or damp","Cyclist"
"4786","20161336F1710",2016-06-15,2016,"Jun",15,"17:25",17,25,"Wednesday","Slight",1,"Slight","Cyclist","Driver or rider","Male",47,"Unclassified","One way street",30,"Unclassified","Not a Pedestrian","Not a Pedestrian",419966,446146,"E01011583",2,"T or staggered junction","Daylight","Unknown","Dry","Cyclist"
"4787","20161336F1283",2016-06-15,2016,"Jun",15,"17:43",17,43,"Wednesday","Slight",2,"Slight","Motorcycle over 500cc rider or passenger","Driver or rider","Male",41,"A","Single carriageway",40,"Unclassified","Not a Pedestrian","Not a Pedestrian",444651,431581,"E01011299",3,"Other junction","Daylight","Fine no high winds","Dry","Motorcyclist and pillion"
"4788","20161336G1066",2016-06-15,2016,"Jun",15,"17:50",17,50,"Wednesday","Slight",2,"Slight","Pedestrian","Pedestrian","Female",24,"A","Single carriageway",30,NA,"Crossing on pedestrian crossing facility","Crossing from driver's nearside",427728,434466,"E01011483",1,"Not at junction or within 20 metres","Daylight","Fine no high winds","Dry","Pedestrian"
"4789","20161336F1486",2016-06-15,2016,"Jun",15,"19:28",19,28,"Wednesday","Slight",1,"Slight","Cyclist","Driver or rider","Male",31,"Unclassified","Dual carriageway",30,"Unclassified","Not a Pedestrian","Not a Pedestrian",431077,430364,"E01011472",2,"T or staggered junction","Daylight","Fine no high winds","Dry","Cyclist"
"4790","20161336F1550",2016-06-15,2016,"Jun",15,"20:00",20,0,"Wednesday","Slight",1,"Slight","Car occupant","Driver or rider","Female",25,"Unclassified","Single carriageway",30,"Unclassified","Not a Pedestrian","Not a Pedestrian",429146,438917,"E01011560",2,"Crossroads","Daylight","Unknown","Dry","Car occupant"
"4791","20161336F1606",2016-06-15,2016,"Jun",15,"20:30",20,30,"Wednesday","Slight",1,"Slight","Van / Goods vehicle (3.5 tonnes mgw or under) occupant","Driver or rider","Male",33,"A","Dual carriageway",30,"Unclassified","Not a Pedestrian","Not a Pedestrian",431483,432456,"E01011621",2,"Slip road","Daylight","Fine no high winds","Dry","Bus and goods vehicle occupant"
"4792","20161336F1615",2016-06-15,2016,"Jun",15,"20:40",20,40,"Wednesday","Slight",1,"Slight","Cyclist","Driver or rider","Male",24,"Unclassified","One way street",30,NA,"Not a Pedestrian","Not a Pedestrian",430519,433744,"E01033010",2,"Not at junction or within 20 metres","Daylight","Fine no high winds","Dry","Cyclist"
"4793","20161336G1051",2016-06-16,2016,"Jun",16,"16:20",16,20,"Thursday","Slight",1,"Slight","Pedestrian","Pedestrian","Female",14,"A","Dual carriageway",30,"Unclassified","Crossing on pedestrian crossing facility","Crossing from driver's offside",434472,433687,"E01011616",1,"T or staggered junction","Daylight","Fine no high winds","Dry","Pedestrian"
"4794","20161336G1565",2016-06-16,2016,"Jun",16,"16:30",16,30,"Thursday","Slight",1,"Slight","Car occupant","Driver or rider","Male",52,"A","Dual carriageway",40,"Unclassified","Not a Pedestrian","Not a Pedestrian",428449,429062,"E01011493",2,"T or staggered junction","Daylight","Fine no high winds","Dry","Car occupant"
"4795","20161336H0196",2016-06-17,2016,"Jun",17,"03:32",3,32,"Friday","Slight",2,"Slight","Taxi/Private hire car occupant","Passenger","Female",21,"Unclassified","Single carriageway",30,"Unclassified","Not a Pedestrian","Not a Pedestrian",428791,435161,"E01011444",2,"T or staggered junction","Daylight","Fine no high winds","Dry","Car occupant"
"4796","20161336H0328",2016-06-17,2016,"Jun",17,"08:00",8,0,"Friday","Slight",1,"Slight","Cyclist","Driver or rider","Male",36,"Unclassified","Dual carriageway",30,"Unclassified","Not a Pedestrian","Not a Pedestrian",430856,434104,"E01033031",2,"T or staggered junction","Daylight","Fine no high winds","Dry","Cyclist"
"4797","20161336H0747",2016-06-17,2016,"Jun",17,"12:55",12,55,"Friday","Slight",1,"Slight","Car occupant","Driver or rider","Male",50,"A","Single carriageway",40,"A","Not a Pedestrian","Not a Pedestrian",428468,429227,"E01011493",2,"Slip road","Daylight","Fine no high winds","Dry","Car occupant"
"4798","20161336H1071",2016-06-17,2016,"Jun",17,"16:00",16,0,"Friday","Slight",2,"Slight","Car occupant","Driver or rider","Female",24,"Unclassified","Single carriageway",30,"Unclassified","Not a Pedestrian","Not a Pedestrian",434071,433710,"E01011622",2,"T or staggered junction","Daylight","Fine no high winds","Dry","Car occupant"
"4799","20161336H1473",2016-06-17,2016,"Jun",17,"18:50",18,50,"Friday","Slight",1,"Slight","Car occupant","Driver or rider","Male",28,"Unclassified","Single carriageway",60,NA,"Not a Pedestrian","Not a Pedestrian",440212,435670,"E01011296",2,"Not at junction or within 20 metres","Daylight","Fine no high winds","Wet or damp","Car occupant"
"4800","20161336H1839",2016-06-17,2016,"Jun",17,"22:00",22,0,"Friday","Serious",2,"Slight","Car occupant","Driver or rider","Male",51,"Unclassified","One way street",30,"Unclassified","Not a Pedestrian","Not a Pedestrian",432107,438571,"E01011652",2,"Crossroads","Darkness - lighting unknown","Fine no high winds","Dry","Car occupant"
"4801","20161336H1904",2016-06-17,2016,"Jun",17,"22:30",22,30,"Friday","Slight",1,"Slight","Taxi/Private hire car occupant","Driver or rider","Male",39,"Unclassified","Single carriageway",30,"Unclassified","Not a Pedestrian","Not a Pedestrian",431882,435474,"E01011429",2,"T or staggered junction","Daylight","Fine no high winds","Wet or damp","Car occupant"
"4802","20161336H2034",2016-06-17,2016,"Jun",17,"23:31",23,31,"Friday","Slight",2,"Slight","Taxi/Private hire car occupant","Passenger","Female",67,"Unclassified","Single carriageway",30,"Unclassified","Not a Pedestrian","Not a Pedestrian",426991,427914,"E01032489",2,"Crossroads","Darkness - lights lit","Fine no high winds","Dry","Car occupant"
"4803","20161336I0836",2016-06-18,2016,"Jun",18,"13:26",13,26,"Saturday","Slight",3,"Slight","Van / Goods vehicle (3.5 tonnes mgw or under) occupant","Passenger","Male",26,"Unclassified","Single carriageway",30,NA,"Not a Pedestrian","Not a Pedestrian",431709,429913,"E01011469",1,"Not at junction or within 20 metres","Daylight","Fine no high winds","Dry","Bus and goods vehicle occupant"
"4804","20161336I1493",2016-06-18,2016,"Jun",18,"17:43",17,43,"Saturday","Slight",1,"Slight","Pedestrian","Pedestrian","Male",9,"Unclassified","Single carriageway",30,NA,"In carriageway, not crossing","Unknown or other",435618,434605,"E01011343",1,"Not at junction or within 20 metres","Daylight","Fine no high winds","Dry","Pedestrian"
"4805","20161336I1390",2016-06-18,2016,"Jun",18,"18:10",18,10,"Saturday","Slight",1,"Slight","Cyclist","Driver or rider","Male",54,"A","Dual carriageway",40,NA,"Not a Pedestrian","Not a Pedestrian",437227,433425,"E01011418",2,"Not at junction or within 20 metres","Daylight","Fine no high winds","Dry","Cyclist"
"4806","20161336I0941",2016-06-18,2016,"Jun",18,"19:28",19,28,"Saturday","Slight",1,"Slight","Motorcycle over 125cc and up to 500cc rider or  passenger","Driver or rider","Male",34,"A","Single carriageway",40,NA,"Not a Pedestrian","Not a Pedestrian",422311,436855,"E01011589",2,"Not at junction or within 20 metres","Daylight","Fine no high winds","Dry","Motorcyclist and pillion"
"4807","20161336J0150",2016-06-19,2016,"Jun",19,"01:25",1,25,"Sunday","Slight",2,"Slight","Car occupant","Driver or rider","Male",18,"Motorway","Dual carriageway",70,NA,"Not a Pedestrian","Not a Pedestrian",434981,425880,"E01011636",1,"Not at junction or within 20 metres","Darkness - no lighting","Fine no high winds","Wet or damp","Car occupant"
"4808","20161336J0747",2016-06-19,2016,"Jun",19,"11:50",11,50,"Sunday","Slight",1,"Slight","Pedestrian","Pedestrian","Female",23,"A","Single carriageway",30,NA,"Crossing elsewhere within 50m. of pedestrian crossing","Crossing from driver's nearside",427883,436223,"E01011451",1,"Not at junction or within 20 metres","Daylight","Unknown","Dry","Pedestrian"
"4809","20161336J0941",2016-06-19,2016,"Jun",19,"14:10",14,10,"Sunday","Slight",1,"Slight","Car occupant","Passenger","Female",38,"A","Roundabout",30,"A","Not a Pedestrian","Not a Pedestrian",428433,428718,"E01011493",2,"Roundabout","Daylight","Fine no high winds","Dry","Car occupant"