"","accident_index","date","year","month","day","time","time_hour","time_minute","day_of_week","accident_severity","number_of_casualties","casualty_severity","casualty_type","casualty_class","sex_of_casualty","age_of_casualty","first_road_class","road_type","speed_limit","second_road_class","pedestrian_location","pedestrian_movement","location_easting_osgr","location_northing_osgr","lsoa_of_accident_location","number_of_vehicles","junction_detail","light_conditions","weather_conditions","road_surface_conditions","cas_type"
"4810","20161336J1107",2016-06-19,2016,"Jun",19,"15:38",15,38,"Sunday","Serious",1,"Serious","Motorcycle over 500cc rider or passenger","Driver or rider","Male",64,"A","Roundabout",60,"Motorway","Not a Pedestrian","Not a Pedestrian",435871,425818,"E01011636",2,"Roundabout","Daylight","Fine no high winds","Dry","Motorcyclist and pillion"
"4811","20161336J1387",2016-06-19,2016,"Jun",19,"18:45",18,45,"Sunday","Slight",2,"Slight","Car occupant","Driver or rider","Male",24,"Unclassified","Single carriageway",30,NA,"Not a Pedestrian","Not a Pedestrian",430484,437202,"E01011352",2,"Not at junction or within 20 metres","Daylight","Raining no high winds","Wet or damp","Car occupant"
"4812","20161336J1498",2016-06-19,2016,"Jun",19,"19:40",19,40,"Sunday","Serious",3,"Slight","Car occupant","Driver or rider","Female",26,"A","Dual carriageway",60,NA,"Not a Pedestrian","Not a Pedestrian",425653,429541,"E01011522",2,"Not at junction or within 20 metres","Daylight","Raining no high winds","Wet or damp","Car occupant"
"4813","20161336K0934",2016-06-20,2016,"Jun",20,"15:30",15,30,"Monday","Slight",1,"Slight","Pedestrian","Pedestrian","Female",29,"Unclassified","One way street",30,"Unclassified","In carriageway, crossing elsewhere","Crossing from driver's nearside",429731,433546,"E01033008",1,"Crossroads","Daylight","Fine no high winds","Dry","Pedestrian"
"4814","20161336K1131",2016-06-20,2016,"Jun",20,"17:00",17,0,"Monday","Slight",1,"Slight","Motorcycle 125cc and under rider or passenger","Driver or rider","Male",31,"A","Single carriageway",30,"Unclassified","Not a Pedestrian","Not a Pedestrian",427651,436674,"E01011694",2,"T or staggered junction","Daylight","Unknown","Dry","Motorcyclist and pillion"
"4815","20161336K1238",2016-06-20,2016,"Jun",20,"17:45",17,45,"Monday","Slight",1,"Slight","Motorcycle 50cc and under rider or passenger","Driver or rider","Male",29,"A","Roundabout",30,"Unclassified","Not a Pedestrian","Not a Pedestrian",424933,434409,"E01032606",1,"Roundabout","Daylight","Fine no high winds","Dry","Motorcyclist and pillion"
"4816","20161336K1294",2016-06-20,2016,"Jun",20,"18:10",18,10,"Monday","Serious",1,"Serious","Pedestrian","Pedestrian","Female",9,"A","Single carriageway",30,NA,"On refuge, central island or central reservation","Crossing from driver's offside",432700,426750,"E01032496",1,"Not at junction or within 20 metres","Daylight","Fine no high winds","Dry","Pedestrian"
"4817","20161336K1369",2016-06-20,2016,"Jun",20,"18:45",18,45,"Monday","Slight",1,"Slight","Motorcycle over 125cc and up to 500cc rider or  passenger","Driver or rider","Male",26,"Unclassified","Single carriageway",30,NA,"Not a Pedestrian","Not a Pedestrian",440720,428725,"E01011308",2,"Not at junction or within 20 metres","Daylight","Fine no high winds","Dry","Motorcyclist and pillion"
"4818","20161336L0422",2016-06-21,2016,"Jun",21,"08:10",8,10,"Tuesday","Slight",1,"Slight","Pedestrian","Pedestrian","Male",11,"B","Dual carriageway",40,NA,"Crossing elsewhere within 50m. of pedestrian crossing","Crossing from driver's nearside",434011,433976,"E01011341",1,"Not at junction or within 20 metres","Daylight","Fine no high winds","Dry","Pedestrian"
"4819","20161336H0512",2016-06-21,2016,"Jun",21,"10:40",10,40,"Tuesday","Slight",1,"Slight","Motorcycle 50cc and under rider or passenger","Driver or rider","Male",18,"Unclassified","Single carriageway",30,NA,"Not a Pedestrian","Not a Pedestrian",432195,434772,"E01011433",2,"Not at junction or within 20 metres","Daylight","Unknown","Dry","Motorcyclist and pillion"
"4820","20161335Q0635",2016-06-21,2016,"Jun",21,"13:12",13,12,"Tuesday","Slight",1,"Slight","Pedestrian","Pedestrian","Female",17,"B","Single carriageway",30,NA,"In centre of carriageway - not on refuge, island or central reservation","Crossing from driver's nearside",425125,433335,"E01011739",1,"Not at junction or within 20 metres","Daylight","Unknown","Dry","Pedestrian"
"4821","20161336L1355",2016-06-21,2016,"Jun",21,"18:28",18,28,"Tuesday","Slight",1,"Slight","Motorcycle 125cc and under rider or passenger","Driver or rider","Male",24,"Unclassified","Single carriageway",30,NA,"Not a Pedestrian","Not a Pedestrian",435820,434799,"E01011345",2,"Not at junction or within 20 metres","Daylight","Fine no high winds","Dry","Motorcyclist and pillion"
"4822","20161336L1558",2016-06-21,2016,"Jun",21,"19:45",19,45,"Tuesday","Slight",1,"Slight","Car occupant","Driver or rider","Female",33,"Unclassified","Single carriageway",30,NA,"Not a Pedestrian","Not a Pedestrian",426430,433626,"E01032500",2,"Not at junction or within 20 metres","Daylight","Unknown","Dry","Car occupant"
"4823","20161336M1184",2016-06-22,2016,"Jun",22,"17:12",17,12,"Wednesday","Slight",1,"Slight","Cyclist","Driver or rider","Male",45,"Unclassified","Dual carriageway",30,"Unclassified","Not a Pedestrian","Not a Pedestrian",430842,434106,"E01033003",2,"T or staggered junction","Daylight","Fine no high winds","Dry","Cyclist"
"4824","20161336M1193",2016-06-22,2016,"Jun",22,"17:25",17,25,"Wednesday","Slight",1,"Slight","Pedestrian","Pedestrian","Female",3,"Unclassified","Single carriageway",20,NA,"In carriageway, not crossing","In carriageway, stationary - not crossing  (standing or playing)",434453,432889,"E01011620",1,"Not at junction or within 20 metres","Daylight","Fine no high winds","Dry","Pedestrian"
"4825","20161336N0286",2016-06-23,2016,"Jun",23,"07:10",7,10,"Thursday","Slight",1,"Slight","Cyclist","Driver or rider","Female",32,"A","Single carriageway",30,"Unclassified","Not a Pedestrian","Not a Pedestrian",427005,433737,"E01011284",2,"Private drive or entrance","Daylight","Fine no high winds","Dry","Cyclist"
"4826","20161336N0776",2016-06-23,2016,"Jun",23,"13:00",13,0,"Thursday","Slight",1,"Slight","Car occupant","Driver or rider","Male",81,"Unclassified","Unknown",20,NA,"Not a Pedestrian","Not a Pedestrian",420462,440898,"E01011274",1,"Not at junction or within 20 metres","Daylight","Fine no high winds","Dry","Car occupant"
"4827","20161336N1462",2016-06-23,2016,"Jun",23,"16:00",16,0,"Thursday","Slight",2,"Slight","Car occupant","Driver or rider","Male",20,"A","Single carriageway",40,"Unclassified","Not a Pedestrian","Not a Pedestrian",436400,437056,"E01011718",3,"T or staggered junction","Daylight","Unknown","Dry","Car occupant"
"4828","20161336N1268",2016-06-23,2016,"Jun",23,"16:35",16,35,"Thursday","Slight",1,"Slight","Taxi/Private hire car occupant","Driver or rider","Male",66,"Unclassified","Single carriageway",30,NA,"Not a Pedestrian","Not a Pedestrian",428631,436869,"E01011693",1,"Not at junction or within 20 metres","Daylight","Fine no high winds","Dry","Car occupant"
"4829","20161336N1334",2016-06-23,2016,"Jun",23,"17:10",17,10,"Thursday","Slight",1,"Slight","Cyclist","Driver or rider","Male",38,"A","Single carriageway",30,NA,"Not a Pedestrian","Not a Pedestrian",424241,428232,"E01011523",2,"Not at junction or within 20 metres","Daylight","Fine no high winds","Dry","Cyclist"
"4830","20161336O1340",2016-06-24,2016,"Jun",24,"13:35",13,35,"Friday","Slight",1,"Slight","Motorcycle 50cc and under rider or passenger","Driver or rider","Male",15,"A","Roundabout",40,"A","Not a Pedestrian","Not a Pedestrian",431532,432542,"E01011626",2,"More than 4 arms (not roundabout)","Daylight","Fine no high winds","Dry","Motorcyclist and pillion"
"4831","20161336O1235",2016-06-24,2016,"Jun",24,"16:30",16,30,"Friday","Slight",1,"Slight","Cyclist","Driver or rider","Male",29,"Unclassified","Roundabout",30,"Unclassified","Not a Pedestrian","Not a Pedestrian",434694,428333,"E01011627",2,"Roundabout","Daylight","Fine no high winds","Dry","Cyclist"
"4832","20161336O1561",2016-06-24,2016,"Jun",24,"17:45",17,45,"Friday","Slight",1,"Slight","Cyclist","Driver or rider","Male",15,"A","Single carriageway",30,NA,"Not a Pedestrian","Not a Pedestrian",423620,437374,"E01011454",2,"Not at junction or within 20 metres","Daylight","Fine no high winds","Dry","Cyclist"
"4833","20161336O1644",2016-06-24,2016,"Jun",24,"20:38",20,38,"Friday","Slight",1,"Slight","Cyclist","Driver or rider","Male",14,"Unclassified","Single carriageway",30,NA,"Not a Pedestrian","Not a Pedestrian",432185,435250,"E01011430",1,"Not at junction or within 20 metres","Daylight","Fine no high winds","Dry","Cyclist"
"4834","20161336P0063",2016-06-25,2016,"Jun",25,"00:30",0,30,"Saturday","Serious",1,"Serious","Pedestrian","Pedestrian","Female",21,"Unclassified","Single carriageway",30,NA,"Unknown or other","In carriageway, stationary - not crossing  (standing or playing)",429636,435874,"E01011669",1,"Not at junction or within 20 metres","Darkness - lights lit","Fine no high winds","Dry","Pedestrian"
"4835","20161336P0437",2016-06-25,2016,"Jun",25,"08:30",8,30,"Saturday","Slight",2,"Slight","Car occupant","Passenger","Female",5,"Unclassified","Single carriageway",60,NA,"Not a Pedestrian","Not a Pedestrian",419121,443415,"E01011279",2,"Not at junction or within 20 metres","Daylight","Fine no high winds","Dry","Car occupant"
"4836","20161336P0595",2016-06-25,2016,"Jun",25,"11:40",11,40,"Saturday","Slight",1,"Slight","Pedestrian","Pedestrian","Female",3,"Unclassified","Dual carriageway",30,NA,"Crossing on pedestrian crossing facility","Crossing from nearside - masked by parked or stationary vehicle",430236,433914,"E01033010",1,"Not at junction or within 20 metres","Daylight","Fine no high winds","Dry","Pedestrian"
"4837","20161337C0460",2016-06-25,2016,"Jun",25,"16:00",16,0,"Saturday","Slight",2,"Slight","Car occupant","Driver or rider","Female",51,"B","Single carriageway",40,NA,"Not a Pedestrian","Not a Pedestrian",420645,446725,"E01011584",1,"Not at junction or within 20 metres","Daylight","Other","Wet or damp","Car occupant"
"4838","20161336P1083",2016-06-25,2016,"Jun",25,"16:45",16,45,"Saturday","Slight",1,"Slight","Car occupant","Passenger","Female",57,"A","Single carriageway",30,"Unclassified","Not a Pedestrian","Not a Pedestrian",417933,443181,"E01011280",2,"T or staggered junction","Daylight","Raining no high winds","Wet or damp","Car occupant"
"4839","20161336P1826",2016-06-25,2016,"Jun",25,"23:25",23,25,"Saturday","Slight",1,"Slight","Car occupant","Passenger","Male",29,"A","Dual carriageway",30,"Unclassified","Not a Pedestrian","Not a Pedestrian",430876,434256,"E01033003",2,"Crossroads","Darkness - lights lit","Fine no high winds","Dry","Car occupant"
"4840","20161336Q0055",2016-06-26,2016,"Jun",26,"00:26",0,26,"Sunday","Serious",2,"Serious","Car occupant","Driver or rider","Male",18,"Unclassified","Single carriageway",50,NA,"Not a Pedestrian","Not a Pedestrian",424461,433724,"E01011608",1,"Not at junction or within 20 metres","Darkness - lights lit","Fine no high winds","Dry","Car occupant"
"4841","20161339Q0216",2016-06-26,2016,"Jun",26,"07:31",7,31,"Sunday","Slight",3,"Slight","Car occupant","Driver or rider","Female",55,"Unclassified","Single carriageway",40,"Unclassified","Not a Pedestrian","Not a Pedestrian",436917,434335,"E01011412",2,"Other junction","Daylight","Fine no high winds","Dry","Car occupant"
"4842","20161336Q0769",2016-06-26,2016,"Jun",26,"12:40",12,40,"Sunday","Slight",2,"Slight","Car occupant","Passenger","Male",17,"Unclassified","Single carriageway",30,NA,"Not a Pedestrian","Not a Pedestrian",429926,427657,"E01011492",1,"Not at junction or within 20 metres","Daylight","Fine no high winds","Dry","Car occupant"
"4843","20161336Q0749",2016-06-26,2016,"Jun",26,"12:45",12,45,"Sunday","Slight",2,"Slight","Car occupant","Driver or rider","Male",68,"A","Single carriageway",30,"Unclassified","Not a Pedestrian","Not a Pedestrian",421167,440436,"E01011276",4,"T or staggered junction","Daylight","Fine no high winds","Dry","Car occupant"
"4844","20161336Q1571",2016-06-26,2016,"Jun",26,"20:20",20,20,"Sunday","Slight",1,"Slight","Pedestrian","Pedestrian","Female",44,"Unclassified","Single carriageway",30,"Unclassified","In carriageway, crossing elsewhere","Crossing from offside - masked by  parked or stationary vehicle",430893,436189,"E01011356",1,"T or staggered junction","Daylight","Raining no high winds","Wet or damp","Pedestrian"
"4845","20161336Q1665",2016-06-26,2016,"Jun",26,"21:20",21,20,"Sunday","Slight",1,"Slight","Motorcycle 50cc and under rider or passenger","Driver or rider","Male",22,"Unclassified","One way street",30,NA,"Not a Pedestrian","Not a Pedestrian",430590,433324,"E01033011",2,"Not at junction or within 20 metres","Darkness - lights lit","Raining no high winds","Wet or damp","Motorcyclist and pillion"
"4846","20161336R0219",2016-06-27,2016,"Jun",27,"07:24",7,24,"Monday","Slight",1,"Slight","Motorcycle over 125cc and up to 500cc rider or  passenger","Driver or rider","Male",48,"B","Single carriageway",30,"Unclassified","Not a Pedestrian","Not a Pedestrian",428128,432798,"E01011363",2,"T or staggered junction","Daylight","Fine no high winds","Dry","Motorcyclist and pillion"
"4847","20161336R0388",2016-06-27,2016,"Jun",27,"08:40",8,40,"Monday","Slight",1,"Slight","Car occupant","Driver or rider","Female",49,"Unclassified","Single carriageway",60,"Unclassified","Not a Pedestrian","Not a Pedestrian",414745,442824,"E01011270",2,"T or staggered junction","Daylight","Fine no high winds","Dry","Car occupant"
"4848","20161336R0826",2016-06-27,2016,"Jun",27,"14:10",14,10,"Monday","Slight",3,"Slight","Car occupant","Driver or rider","Male",80,"A","Single carriageway",40,"Unclassified","Not a Pedestrian","Not a Pedestrian",441092,433570,"E01011400",2,"T or staggered junction","Daylight","Unknown","Dry","Car occupant"
"4849","20161336R1133",2016-06-27,2016,"Jun",27,"16:30",16,30,"Monday","Serious",1,"Serious","Motorcycle 125cc and under rider or passenger","Driver or rider","Male",18,"Unclassified","Single carriageway",30,"Unclassified","Not a Pedestrian","Not a Pedestrian",432207,433246,"E01011623",2,"T or staggered junction","Daylight","Fine no high winds","Dry","Motorcyclist and pillion"
"4850","20161336R1252",2016-06-27,2016,"Jun",27,"17:00",17,0,"Monday","Slight",1,"Slight","Car occupant","Driver or rider","Female",35,"Unclassified","Single carriageway",30,NA,"Not a Pedestrian","Not a Pedestrian",426163,437504,"E01011687",2,"Not at junction or within 20 metres","Daylight","Fine no high winds","Dry","Car occupant"
"4851","20161336R0347",2016-06-28,2016,"Jun",28,"09:31",9,31,"Tuesday","Slight",2,"Slight","Car occupant","Driver or rider","Female",30,"A","Dual carriageway",40,"A","Not a Pedestrian","Not a Pedestrian",420846,434412,"E01011595",2,"Other junction","Daylight","Fine no high winds","Dry","Car occupant"
"4852","20161336S0555",2016-06-28,2016,"Jun",28,"11:11",11,11,"Tuesday","Slight",1,"Slight","Goods vehicle (7.5 tonnes mgw and over) occupant","Passenger","Female",50,"Unclassified","Single carriageway",30,"Unclassified","Not a Pedestrian","Not a Pedestrian",431635,433898,"E01011338",2,"Private drive or entrance","Daylight","Fine no high winds","Dry","Bus and goods vehicle occupant"
"4853","20161336S0596",2016-06-28,2016,"Jun",28,"11:50",11,50,"Tuesday","Slight",1,"Slight","Other vehicle occupant","Driver or rider","Male",70,"Unclassified","Single carriageway",30,"Unclassified","Not a Pedestrian","Not a Pedestrian",429659,435853,"E01011669",2,"T or staggered junction","Daylight","Fine no high winds","Dry","Others"
"4854","20161336S1147",2016-06-28,2016,"Jun",28,"16:45",16,45,"Tuesday","Slight",2,"Slight","Cyclist","Driver or rider","Male",14,"Unclassified","Single carriageway",30,NA,"Not a Pedestrian","Not a Pedestrian",421836,433886,"E01011585",2,"Not at junction or within 20 metres","Daylight","Fine no high winds","Wet or damp","Cyclist"
"4855","20161336S1449",2016-06-28,2016,"Jun",28,"17:35",17,35,"Tuesday","Slight",1,"Slight","Cyclist","Driver or rider","Male",29,"A","Single carriageway",30,NA,"Not a Pedestrian","Not a Pedestrian",419587,441574,"E01011273",2,"Not at junction or within 20 metres","Daylight","Raining no high winds","Wet or damp","Cyclist"
"4856","20161336T1217",2016-06-29,2016,"Jun",29,"17:35",17,35,"Wednesday","Slight",2,"Slight","Car occupant","Driver or rider","Male",20,"A","Single carriageway",40,"Unclassified","Not a Pedestrian","Not a Pedestrian",423440,437610,"E01011465",3,"T or staggered junction","Daylight","Unknown","Dry","Car occupant"
"4857","20161336T1402",2016-06-29,2016,"Jun",29,"19:00",19,0,"Wednesday","Slight",1,"Slight","Car occupant","Driver or rider","Male",36,"A","Single carriageway",30,"Unclassified","Not a Pedestrian","Not a Pedestrian",430434,434358,"E01033002",3,"T or staggered junction","Daylight","Fine no high winds","Dry","Car occupant"
"4858","20161336U1766",2016-06-29,2016,"Jun",29,"19:00",19,0,"Wednesday","Slight",1,"Slight","Car occupant","Passenger","Female",30,"A","Roundabout",30,"A","Not a Pedestrian","Not a Pedestrian",428310,429623,"E01011321",2,"Roundabout","Daylight","Fine no high winds","Wet or damp","Car occupant"
"4859","20161336T1592",2016-06-29,2016,"Jun",29,"20:52",20,52,"Wednesday","Slight",1,"Slight","Car occupant","Driver or rider","Male",33,"Unclassified","Dual carriageway",30,"Unclassified","Not a Pedestrian","Not a Pedestrian",431141,433615,"E01033011",4,"T or staggered junction","Daylight","Fine no high winds","Dry","Car occupant"
"4860","20161336U1288",2016-06-30,2016,"Jun",30,"18:05",18,5,"Thursday","Slight",2,"Slight","Car occupant","Driver or rider","Female",29,"A","Single carriageway",60,"Unclassified","Not a Pedestrian","Not a Pedestrian",421976,428176,"E01011527",2,"T or staggered junction","Daylight","Fine no high winds","Dry","Car occupant"
"4861","2016133710084",2016-07-01,2016,"Jul",1,"03:40",3,40,"Friday","Slight",2,"Slight","Car occupant","Driver or rider","Male",34,"A","Dual carriageway",40,"Unclassified","Not a Pedestrian","Not a Pedestrian",429738,430550,"E01011322",2,"T or staggered junction","Darkness - lights lit","Fine no high winds","Dry","Car occupant"
"4862","2016133710258",2016-07-01,2016,"Jul",1,"08:17",8,17,"Friday","Slight",1,"Slight","Cyclist","Driver or rider","Male",51,"Unclassified","Single carriageway",30,NA,"Not a Pedestrian","Not a Pedestrian",431144,436276,"E01011356",2,"Not at junction or within 20 metres","Daylight","Fine no high winds","Dry","Cyclist"
"4863","2016133710603",2016-07-01,2016,"Jul",1,"13:00",13,0,"Friday","Slight",1,"Slight","Cyclist","Driver or rider","Female",41,"Unclassified","Single carriageway",30,"Unclassified","Not a Pedestrian","Not a Pedestrian",421496,440914,"E01011578",2,"T or staggered junction","Daylight","Fine no high winds","Dry","Cyclist"
"4864","2016133710851",2016-07-01,2016,"Jul",1,"14:06",14,6,"Friday","Slight",1,"Slight","Pedestrian","Pedestrian","Male",36,"Unclassified","Single carriageway",30,"Unclassified","In carriageway, crossing elsewhere","Crossing from driver's nearside",428927,435432,"E01011444",1,"T or staggered junction","Daylight","Fine no high winds","Dry","Pedestrian"
"4865","2016133720563",2016-07-02,2016,"Jul",2,"10:57",10,57,"Saturday","Slight",1,"Slight","Pedestrian","Pedestrian","Female",73,"Unclassified","Single carriageway",30,"Unclassified","In carriageway, crossing elsewhere","Crossing from driver's nearside",432455,438756,"E01011653",1,"T or staggered junction","Daylight","Fine no high winds","Wet or damp","Pedestrian"
"4866","2016133720858",2016-07-02,2016,"Jul",2,"14:08",14,8,"Saturday","Slight",1,"Slight","Car occupant","Driver or rider","Female",54,"A","Single carriageway",30,"Unclassified","Not a Pedestrian","Not a Pedestrian",431340,435054,"E01011429",2,"T or staggered junction","Daylight","Fine no high winds","Dry","Car occupant"
"4867","2016133721205",2016-07-02,2016,"Jul",2,"15:26",15,26,"Saturday","Slight",4,"Slight","Bus or coach occupant (17 or more pass seats)","Passenger","Female",70,"Unclassified","Single carriageway",30,"A","Not a Pedestrian","Not a Pedestrian",430780,433454,"E01033011",1,"Crossroads","Daylight","Fine no high winds","Dry","Bus and goods vehicle occupant"
"4868","2016133721063",2016-07-02,2016,"Jul",2,"16:01",16,1,"Saturday","Slight",2,"Slight","Car occupant","Driver or rider","Female",51,"Motorway","Dual carriageway",70,NA,"Not a Pedestrian","Not a Pedestrian",432158,427337,"E01032496",2,"Not at junction or within 20 metres","Daylight","Fine no high winds","Dry","Car occupant"
"4869","2016133721135",2016-07-02,2016,"Jul",2,"16:52",16,52,"Saturday","Slight",1,"Slight","Pedestrian","Pedestrian","Male",51,"Unclassified","Single carriageway",30,NA,"On footway or verge","Walking along in carriageway, facing traffic",430577,425368,"E01011551",1,"Not at junction or within 20 metres","Daylight","Fine no high winds","Dry","Pedestrian"
"4870","2016133721156",2016-07-02,2016,"Jul",2,"16:52",16,52,"Saturday","Serious",1,"Serious","Pedestrian","Pedestrian","Male",65,"Unclassified","Single carriageway",30,"Unclassified","Crossing on pedestrian crossing facility","Crossing from driver's offside",425970,436323,"E01011485",1,"T or staggered junction","Daylight","Fine no high winds","Dry","Pedestrian"
"4871","2016133730711",2016-07-03,2016,"Jul",3,"11:53",11,53,"Sunday","Slight",1,"Slight","Cyclist","Driver or rider","Female",29,"A","Single carriageway",30,"Unclassified","Not a Pedestrian","Not a Pedestrian",427891,436195,"E01011440",2,"T or staggered junction","Daylight","Fine no high winds","Dry","Cyclist"
"4872","2016133710905",2016-07-03,2016,"Jul",3,"14:25",14,25,"Sunday","Slight",1,"Slight","Car occupant","Passenger","Female",16,"Unclassified","Single carriageway",30,"Unclassified","Not a Pedestrian","Not a Pedestrian",432942,440210,"E01011562",2,"Private drive or entrance","Daylight","Fine no high winds","Dry","Car occupant"
"4873","2016133730942",2016-07-03,2016,"Jul",3,"14:30",14,30,"Sunday","Serious",1,"Serious","Motorcycle 125cc and under rider or passenger","Driver or rider","Male",32,"Unclassified","Single carriageway",30,"Unclassified","Not a Pedestrian","Not a Pedestrian",425708,435406,"E01011281",2,"Crossroads","Daylight","Fine no high winds","Dry","Motorcyclist and pillion"
"4874","2016133731246",2016-07-03,2016,"Jul",3,"17:12",17,12,"Sunday","Slight",2,"Slight","Car occupant","Driver or rider","Male",64,"Unclassified","Single carriageway",30,"Unclassified","Not a Pedestrian","Not a Pedestrian",435544,438371,"E01011714",2,"Slip road","Daylight","Fine no high winds","Dry","Car occupant"
"4875","2016133731308",2016-07-03,2016,"Jul",3,"17:40",17,40,"Sunday","Slight",1,"Slight","Car occupant","Driver or rider","Female",45,"A","Dual carriageway",40,NA,"Not a Pedestrian","Not a Pedestrian",421928,441435,"E01011578",2,"Not at junction or within 20 metres","Daylight","Fine no high winds","Dry","Car occupant"
"4876","2016133731431",2016-07-03,2016,"Jul",3,"18:00",18,0,"Sunday","Slight",1,"Slight","Mobility scooter rider","Driver or rider","Male",37,"Unclassified","Single carriageway",30,"A","Not a Pedestrian","Not a Pedestrian",429980,430876,"E01011312",2,"T or staggered junction","Daylight","Fine no high winds","Dry","Others"
"4877","2016133740214",2016-07-04,2016,"Jul",4,"06:05",6,5,"Monday","Serious",1,"Serious","Cyclist","Driver or rider","Male",28,"A","Dual carriageway",30,NA,"Not a Pedestrian","Not a Pedestrian",429334,435000,"E01033005",2,"Not at junction or within 20 metres","Daylight","Fine no high winds","Dry","Cyclist"
"4878","2016133740288",2016-07-04,2016,"Jul",4,"08:25",8,25,"Monday","Slight",1,"Slight","Car occupant","Driver or rider","Female",53,"A","Single carriageway",60,"Unclassified","Not a Pedestrian","Not a Pedestrian",422126,446010,"E01011569",3,"T or staggered junction","Daylight","Fine no high winds","Dry","Car occupant"
"4879","2016133740733",2016-07-04,2016,"Jul",4,"13:15",13,15,"Monday","Serious",2,"Slight","Motorcycle 125cc and under rider or passenger","Driver or rider","Male",21,"Unclassified","Single carriageway",30,NA,"Not a Pedestrian","Not a Pedestrian",430413,433768,"E01033010",1,"Not at junction or within 20 metres","Daylight","Fine no high winds","Dry","Motorcyclist and pillion"
"4880","2016133741261",2016-07-04,2016,"Jul",4,"15:45",15,45,"Monday","Serious",1,"Serious","Cyclist","Driver or rider","Male",12,"A","Dual carriageway",40,NA,"Not a Pedestrian","Not a Pedestrian",420046,434144,"E01011597",2,"Not at junction or within 20 metres","Daylight","Fine no high winds","Dry","Cyclist"
"4881","2016133741226",2016-07-04,2016,"Jul",4,"17:00",17,0,"Monday","Slight",3,"Slight","Taxi/Private hire car occupant","Passenger","Female",33,"A","Dual carriageway",30,"A","Not a Pedestrian","Not a Pedestrian",429999,434154,"E01033010",2,"Crossroads","Daylight","Fine no high winds","Dry","Car occupant"
"4882","2016133741674",2016-07-04,2016,"Jul",4,"18:30",18,30,"Monday","Slight",1,"Slight","Pedestrian","Pedestrian","Male",30,"Unclassified","Single carriageway",30,NA,"On footway or verge","Unknown or other",432025,435306,"E01011428",1,"Not at junction or within 20 metres","Daylight","Fine no high winds","Dry","Pedestrian"
"4883","2016133751329",2016-07-05,2016,"Jul",5,"15:30",15,30,"Tuesday","Slight",2,"Slight","Bus or coach occupant (17 or more pass seats)","Passenger","Female",29,"A","One way street",30,"Unclassified","Not a Pedestrian","Not a Pedestrian",429890,432256,"E01011364",2,"T or staggered junction","Daylight","Fine no high winds","Dry","Bus and goods vehicle occupant"
"4884","2016133751140",2016-07-05,2016,"Jul",5,"16:45",16,45,"Tuesday","Slight",1,"Slight","Pedestrian","Pedestrian","Male",6,"Unclassified","Single carriageway",30,NA,"In carriageway, not crossing","Unknown or other",431982,435697,"E01011428",1,"Not at junction or within 20 metres","Daylight","Fine no high winds","Dry","Pedestrian"
"4885","2016133751639",2016-07-05,2016,"Jul",5,"19:30",19,30,"Tuesday","Slight",1,"Slight","Car occupant","Driver or rider","Female",28,"Unclassified","Single carriageway",30,"Unclassified","Not a Pedestrian","Not a Pedestrian",428655,430791,"E01011369",2,"T or staggered junction","Daylight","Fine no high winds","Dry","Car occupant"
"4886","2016133751714",2016-07-05,2016,"Jul",5,"21:21",21,21,"Tuesday","Slight",1,"Slight","Car occupant","Driver or rider","Male",35,"Unclassified","Single carriageway",30,NA,"Not a Pedestrian","Not a Pedestrian",419451,442805,"E01011279",2,"Not at junction or within 20 metres","Daylight","Unknown","Dry","Car occupant"
"4887","2016133761246",2016-07-06,2016,"Jul",6,"16:40",16,40,"Wednesday","Slight",1,"Slight","Pedestrian","Pedestrian","Male",11,"Unclassified","Single carriageway",30,"Unclassified","In carriageway, crossing elsewhere","Crossing from driver's offside",431877,435326,"E01011428",1,"Other junction","Daylight","Fine no high winds","Dry","Pedestrian"
"4888","2016133761383",2016-07-06,2016,"Jul",6,"17:45",17,45,"Wednesday","Slight",4,"Slight","Car occupant","Driver or rider","Male",65,"Motorway","Dual carriageway",70,NA,"Not a Pedestrian","Not a Pedestrian",434580,430852,"E01011624",2,"Not at junction or within 20 metres","Daylight","Fine no high winds","Dry","Car occupant"
"4889","2016133761556",2016-07-06,2016,"Jul",6,"18:50",18,50,"Wednesday","Slight",1,"Slight","Car occupant","Driver or rider","Female",51,"Unclassified","Single carriageway",30,"Unclassified","Not a Pedestrian","Not a Pedestrian",434702,435087,"E01011343",2,"T or staggered junction","Daylight","Fine no high winds","Dry","Car occupant"
"4890","2016133761691",2016-07-06,2016,"Jul",6,"19:30",19,30,"Wednesday","Slight",1,"Slight","Pedestrian","Pedestrian","Male",64,"B","Single carriageway",30,NA,"In carriageway, not crossing","Unknown or other",422258,433470,"E01011612",1,"Not at junction or within 20 metres","Daylight","Unknown","Dry","Pedestrian"
"4891","2016133762340",2016-07-06,2016,"Jul",6,"23:40",23,40,"Wednesday","Slight",1,"Slight","Car occupant","Passenger","Female",17,"B","Single carriageway",30,NA,"Not a Pedestrian","Not a Pedestrian",426331,427305,"E01011541",1,"Not at junction or within 20 metres","Darkness - lights lit","Fine no high winds","Dry","Car occupant"
"4892","2016133770136",2016-07-07,2016,"Jul",7,"02:15",2,15,"Thursday","Slight",1,"Slight","Car occupant","Driver or rider","Male",45,"A","Dual carriageway",40,"A","Not a Pedestrian","Not a Pedestrian",428641,432959,"E01011363",1,"Roundabout","Darkness - lights lit","Fine no high winds","Dry","Car occupant"