"","accident_index","date","year","month","day","time","time_hour","time_minute","day_of_week","accident_severity","number_of_casualties","casualty_severity","casualty_type","casualty_class","sex_of_casualty","age_of_casualty","first_road_class","road_type","speed_limit","second_road_class","pedestrian_location","pedestrian_movement","location_easting_osgr","location_northing_osgr","lsoa_of_accident_location","number_of_vehicles","junction_detail","light_conditions","weather_conditions","road_surface_conditions","cas_type"
"4893","2016133750969",2016-07-07,2016,"Jul",7,"07:26",7,26,"Thursday","Slight",1,"Slight","Cyclist","Driver or rider","Male",38,"A","Dual carriageway",40,"Unclassified","Not a Pedestrian","Not a Pedestrian",426274,434010,"E01032499",2,"T or staggered junction","Daylight","Unknown","Dry","Cyclist"
"4894","2016133770326",2016-07-07,2016,"Jul",7,"08:00",8,0,"Thursday","Slight",1,"Slight","Cyclist","Driver or rider","Male",42,"Unclassified","Dual carriageway",30,"Unclassified","Not a Pedestrian","Not a Pedestrian",426821,434978,"E01011482",2,"T or staggered junction","Daylight","Fine no high winds","Dry","Cyclist"
"4895","2016133770315",2016-07-07,2016,"Jul",7,"08:07",8,7,"Thursday","Serious",1,"Serious","Cyclist","Driver or rider","Male",31,"A","Single carriageway",30,"Unclassified","Not a Pedestrian","Not a Pedestrian",427396,429670,"E01011518",2,"T or staggered junction","Daylight","Fine no high winds","Dry","Cyclist"
"4896","2016133770535",2016-07-07,2016,"Jul",7,"10:50",10,50,"Thursday","Serious",2,"Serious","Cyclist","Driver or rider","Male",37,"Unclassified","Single carriageway",40,"Unclassified","Not a Pedestrian","Not a Pedestrian",432973,439646,"E01011650",3,"T or staggered junction","Daylight","Fine no high winds","Dry","Cyclist"
"4897","2016133770746",2016-07-07,2016,"Jul",7,"13:00",13,0,"Thursday","Slight",1,"Slight","Motorcycle 125cc and under rider or passenger","Driver or rider","Male",19,"A","Single carriageway",30,"Unclassified","Not a Pedestrian","Not a Pedestrian",427528,434564,"E01011482",2,"T or staggered junction","Daylight","Fine no high winds","Dry","Motorcyclist and pillion"
"4898","2016133771168",2016-07-07,2016,"Jul",7,"16:56",16,56,"Thursday","Slight",1,"Slight","Car occupant","Driver or rider","Male",42,"Unclassified","Dual carriageway",40,"Unclassified","Not a Pedestrian","Not a Pedestrian",423187,434658,"E01011335",2,"Other junction","Daylight","Other","Dry","Car occupant"
"4899","2016133771267",2016-07-07,2016,"Jul",7,"17:35",17,35,"Thursday","Slight",4,"Slight","Car occupant","Driver or rider","Female",45,"A","Single carriageway",30,"Unclassified","Not a Pedestrian","Not a Pedestrian",417884,443315,"E01011266",3,"More than 4 arms (not roundabout)","Daylight","Fine no high winds","Dry","Car occupant"
"4900","2016133771483",2016-07-07,2016,"Jul",7,"18:00",18,0,"Thursday","Slight",1,"Slight","Cyclist","Driver or rider","Female",14,"B","Single carriageway",30,"Unclassified","Not a Pedestrian","Not a Pedestrian",421581,433056,"E01011605",2,"T or staggered junction","Daylight","Fine no high winds","Dry","Cyclist"
"4901","2016133780975",2016-07-08,2016,"Jul",8,"15:34",15,34,"Friday","Slight",1,"Slight","Cyclist","Driver or rider","Female",36,"Unclassified","Single carriageway",30,"Unclassified","Not a Pedestrian","Not a Pedestrian",428111,432804,"E01011362",2,"T or staggered junction","Daylight","Fine no high winds","Dry","Cyclist"
"4902","2016133781157",2016-07-08,2016,"Jul",8,"17:20",17,20,"Friday","Serious",1,"Serious","Pedestrian","Pedestrian","Male",5,"Unclassified","Single carriageway",20,NA,"In carriageway, crossing elsewhere","Crossing from driver's nearside",436822,435918,"E01011723",1,"Not at junction or within 20 metres","Daylight","Fine no high winds","Dry","Pedestrian"
"4903","2016133781218",2016-07-08,2016,"Jul",8,"17:50",17,50,"Friday","Serious",1,"Serious","Pedestrian","Pedestrian","Female",13,"Unclassified","Single carriageway",30,NA,"Crossing on pedestrian crossing facility","Crossing from driver's offside",429134,432089,"E01033013",1,"Not at junction or within 20 metres","Daylight","Fine no high winds","Dry","Pedestrian"
"4904","2016133781557",2016-07-08,2016,"Jul",8,"20:30",20,30,"Friday","Slight",1,"Slight","Car occupant","Driver or rider","Male",26,"Unclassified","Single carriageway",30,"Unclassified","Not a Pedestrian","Not a Pedestrian",428010,429037,"E01011531",2,"Roundabout","Daylight","Fine no high winds","Dry","Car occupant"
"4905","2016133791948",2016-07-09,2016,"Jul",9,"23:47",23,47,"Saturday","Serious",1,"Serious","Motorcycle 125cc and under rider or passenger","Driver or rider","Male",39,"Unclassified","Single carriageway",20,NA,"Not a Pedestrian","Not a Pedestrian",428569,429799,"E01011321",1,"Not at junction or within 20 metres","Darkness - lights lit","Fine no high winds","Dry","Motorcyclist and pillion"
"4906","20161337A0567",2016-07-10,2016,"Jul",10,"09:55",9,55,"Sunday","Serious",4,"Slight","Car occupant","Driver or rider","Female",52,"A","Single carriageway",30,NA,"Not a Pedestrian","Not a Pedestrian",436167,427605,"E01011635",4,"Not at junction or within 20 metres","Daylight","Fine no high winds","Dry","Car occupant"
"4907","20161337A0666",2016-07-10,2016,"Jul",10,"10:15",10,15,"Sunday","Slight",1,"Slight","Cyclist","Driver or rider","Male",28,"A","Single carriageway",50,"A","Not a Pedestrian","Not a Pedestrian",431247,445731,"E01011561",2,"T or staggered junction","Daylight","Fine no high winds","Dry","Cyclist"
"4908","20161337A0763",2016-07-10,2016,"Jul",10,"12:10",12,10,"Sunday","Slight",2,"Slight","Car occupant","Driver or rider","Male",56,"A","Single carriageway",50,NA,"Not a Pedestrian","Not a Pedestrian",439119,439232,"E01011715",3,"Not at junction or within 20 metres","Daylight","Fine no high winds","Dry","Car occupant"
"4909","20161337A0941",2016-07-10,2016,"Jul",10,"14:12",14,12,"Sunday","Slight",1,"Slight","Car occupant","Driver or rider","Male",22,"Unclassified","Single carriageway",30,NA,"Not a Pedestrian","Not a Pedestrian",432348,437010,"E01011641",1,"Not at junction or within 20 metres","Daylight","Fine no high winds","Dry","Car occupant"
"4910","20161337A1233",2016-07-10,2016,"Jul",10,"15:45",15,45,"Sunday","Slight",1,"Slight","Motorcycle 125cc and under rider or passenger","Driver or rider","Male",19,"Unclassified","Single carriageway",30,NA,"Not a Pedestrian","Not a Pedestrian",430005,435549,"E01011670",2,"Not at junction or within 20 metres","Daylight","Fine no high winds","Dry","Motorcyclist and pillion"
"4911","20161337A1580",2016-07-10,2016,"Jul",10,"19:45",19,45,"Sunday","Slight",2,"Slight","Car occupant","Driver or rider","Male",30,"Motorway","Dual carriageway",70,NA,"Not a Pedestrian","Not a Pedestrian",429681,426415,"E01011538",2,"Not at junction or within 20 metres","Daylight","Fine no high winds","Dry","Car occupant"
"4912","20161337B1764",2016-07-11,2016,"Jul",11,"08:40",8,40,"Monday","Slight",1,"Slight","Cyclist","Driver or rider","Female",11,"Unclassified","Single carriageway",30,"Unclassified","Not a Pedestrian","Not a Pedestrian",432749,439977,"E01011566",2,"T or staggered junction","Daylight","Fine no high winds","Dry","Cyclist"
"4913","20161337B1179",2016-07-11,2016,"Jul",11,"17:05",17,5,"Monday","Slight",2,"Slight","Car occupant","Driver or rider","Male",28,"A","Single carriageway",30,NA,"Not a Pedestrian","Not a Pedestrian",419585,441577,"E01011273",2,"Not at junction or within 20 metres","Daylight","Fine no high winds","Dry","Car occupant"
"4914","20161337B1054",2016-07-11,2016,"Jul",11,"17:30",17,30,"Monday","Slight",1,"Slight","Pedestrian","Pedestrian","Female",10,"Unclassified","Single carriageway",30,NA,"On footway or verge","Unknown or other",427466,433288,"E01011293",1,"Not at junction or within 20 metres","Daylight","Fine no high winds","Dry","Pedestrian"
"4915","20161331D0503",2016-07-12,2016,"Jul",12,"08:00",8,0,"Tuesday","Serious",1,"Serious","Cyclist","Driver or rider","Male",51,"A","Single carriageway",30,NA,"Not a Pedestrian","Not a Pedestrian",426060,431588,"E01011737",2,"Not at junction or within 20 metres","Daylight","Fine no high winds","Dry","Cyclist"
"4916","20161337C1249",2016-07-12,2016,"Jul",12,"17:20",17,20,"Tuesday","Slight",1,"Slight","Cyclist","Driver or rider","Male",44,"A","Single carriageway",50,"Unclassified","Not a Pedestrian","Not a Pedestrian",435165,438764,"E01011714",2,"T or staggered junction","Daylight","Fine no high winds","Dry","Cyclist"
"4917","20161337D0249",2016-07-12,2016,"Jul",12,"18:15",18,15,"Tuesday","Serious",1,"Serious","Cyclist","Driver or rider","Male",34,"Unclassified","Single carriageway",30,"Unclassified","Not a Pedestrian","Not a Pedestrian",423323,434982,"E01011333",2,"T or staggered junction","Daylight","Fine no high winds","Dry","Cyclist"
"4918","20161337D0257",2016-07-13,2016,"Jul",13,"07:39",7,39,"Wednesday","Slight",1,"Slight","Cyclist","Driver or rider","Female",26,"Unclassified","Single carriageway",30,"Unclassified","Not a Pedestrian","Not a Pedestrian",427705,432602,"E01011362",2,"T or staggered junction","Daylight","Fine no high winds","Dry","Cyclist"
"4919","20161337D0580",2016-07-13,2016,"Jul",13,"11:40",11,40,"Wednesday","Slight",3,"Slight","Taxi/Private hire car occupant","Driver or rider","Male",48,"A","Dual carriageway",30,"B","Not a Pedestrian","Not a Pedestrian",430894,436566,"E01011356",2,"Crossroads","Daylight","Fine no high winds","Dry","Car occupant"
"4920","20161337D0926",2016-07-13,2016,"Jul",13,"14:53",14,53,"Wednesday","Slight",1,"Slight","Pedestrian","Pedestrian","Male",77,"Unclassified","Single carriageway",30,"Unclassified","In carriageway, crossing elsewhere","Crossing from driver's nearside",428759,430848,"E01011315",1,"Roundabout","Daylight","Fine no high winds","Dry","Pedestrian"
"4921","20161337D1294",2016-07-13,2016,"Jul",13,"17:45",17,45,"Wednesday","Slight",2,"Slight","Car occupant","Passenger","Female",14,"A","Roundabout",30,"Unclassified","Not a Pedestrian","Not a Pedestrian",426648,437199,"E01011685",2,"Roundabout","Daylight","Fine no high winds","Dry","Car occupant"
"4922","20161337D1428",2016-07-13,2016,"Jul",13,"18:50",18,50,"Wednesday","Slight",1,"Slight","Motorcycle over 500cc rider or passenger","Driver or rider","Female",57,"A","Roundabout",40,"Unclassified","Not a Pedestrian","Not a Pedestrian",428497,433110,"E01011363",2,"Roundabout","Daylight","Fine no high winds","Dry","Motorcyclist and pillion"
"4923","20161337D1634",2016-07-13,2016,"Jul",13,"21:02",21,2,"Wednesday","Slight",2,"Slight","Car occupant","Driver or rider","Male",74,"A","Single carriageway",40,NA,"Not a Pedestrian","Not a Pedestrian",427998,433602,"E01011294",1,"Not at junction or within 20 metres","Daylight","Fine no high winds","Dry","Car occupant"
"4924","20161337D1716",2016-07-13,2016,"Jul",13,"21:53",21,53,"Wednesday","Slight",1,"Slight","Motorcycle over 500cc rider or passenger","Driver or rider","Male",39,"Unclassified","Single carriageway",30,NA,"Not a Pedestrian","Not a Pedestrian",430956,434429,"E01033003",2,"Not at junction or within 20 metres","Darkness - lights lit","Fine no high winds","Dry","Motorcyclist and pillion"
"4925","2016133791808",2016-07-14,2016,"Jul",14,"01:30",1,30,"Thursday","Slight",1,"Slight","Taxi/Private hire car occupant","Passenger","Female",22,"A","Single carriageway",30,NA,"Not a Pedestrian","Not a Pedestrian",430082,432334,"E01033016",1,"Not at junction or within 20 metres","Darkness - lights lit","Unknown","Dry","Car occupant"
"4926","20161337E0280",2016-07-14,2016,"Jul",14,"08:00",8,0,"Thursday","Slight",1,"Slight","Motorcycle over 500cc rider or passenger","Driver or rider","Male",39,"A","Dual carriageway",40,"Unclassified","Not a Pedestrian","Not a Pedestrian",429138,435250,"E01033005",2,"Other junction","Daylight","Fine no high winds","Dry","Motorcyclist and pillion"
"4927","20161337E0310",2016-07-14,2016,"Jul",14,"08:25",8,25,"Thursday","Slight",1,"Slight","Car occupant","Driver or rider","Male",21,"A","Single carriageway",40,NA,"Not a Pedestrian","Not a Pedestrian",425577,426912,"E01011534",2,"Not at junction or within 20 metres","Daylight","Fine no high winds","Dry","Car occupant"
"4928","20161337J0552",2016-07-14,2016,"Jul",14,"09:10",9,10,"Thursday","Slight",1,"Slight","Pedestrian","Pedestrian","Male",48,"A","Single carriageway",30,NA,"On footway or verge","Unknown or other",429576,434758,"E01033006",1,"Not at junction or within 20 metres","Daylight","Fine no high winds","Dry","Pedestrian"
"4929","20161337G0543",2016-07-14,2016,"Jul",14,"09:15",9,15,"Thursday","Slight",1,"Slight","Car occupant","Driver or rider","Female",27,"A","Single carriageway",40,NA,"Not a Pedestrian","Not a Pedestrian",428108,431150,"E01011369",2,"Not at junction or within 20 metres","Daylight","Fine no high winds","Dry","Car occupant"
"4930","20161337E0392",2016-07-14,2016,"Jul",14,"09:35",9,35,"Thursday","Serious",1,"Serious","Pedestrian","Pedestrian","Female",72,"Unclassified","Single carriageway",30,"Unclassified","In carriageway, crossing elsewhere","Crossing from driver's offside",430816,438823,"E01011512",1,"T or staggered junction","Daylight","Fine no high winds","Dry","Pedestrian"
"4931","20161337E0436",2016-07-14,2016,"Jul",14,"10:00",10,0,"Thursday","Serious",2,"Slight","Car occupant","Driver or rider","Female",65,"A","Single carriageway",30,"Unclassified","Not a Pedestrian","Not a Pedestrian",427300,433624,"E01011293",1,"More than 4 arms (not roundabout)","Daylight","Fine no high winds","Dry","Car occupant"
"4932","20161337E0791",2016-07-14,2016,"Jul",14,"13:30",13,30,"Thursday","Slight",1,"Slight","Motorcycle 125cc and under rider or passenger","Driver or rider","Male",51,"Unclassified","Single carriageway",30,NA,"Not a Pedestrian","Not a Pedestrian",440913,433755,"E01011400",2,"Not at junction or within 20 metres","Daylight","Fine no high winds","Dry","Motorcyclist and pillion"
"4933","20161337F0307",2016-07-15,2016,"Jul",15,"08:44",8,44,"Friday","Serious",1,"Serious","Car occupant","Driver or rider","Female",44,"Unclassified","Single carriageway",30,NA,"Not a Pedestrian","Not a Pedestrian",432776,440432,"E01011561",1,"Not at junction or within 20 metres","Daylight","Fine no high winds","Dry","Car occupant"
"4934","20161337F0372",2016-07-15,2016,"Jul",15,"09:30",9,30,"Friday","Serious",1,"Serious","Car occupant","Driver or rider","Female",95,"Unclassified","Single carriageway",30,"Unclassified","Not a Pedestrian","Not a Pedestrian",427121,439291,"E01011386",2,"T or staggered junction","Daylight","Fine no high winds","Dry","Car occupant"
"4935","20161337F0643",2016-07-15,2016,"Jul",15,"12:15",12,15,"Friday","Slight",1,"Slight","Car occupant","Driver or rider","Male",74,"A","Single carriageway",40,"Unclassified","Not a Pedestrian","Not a Pedestrian",424748,428788,"E01011522",1,"T or staggered junction","Daylight","Fine no high winds","Dry","Car occupant"
"4936","20161337F1210",2016-07-15,2016,"Jul",15,"15:10",15,10,"Friday","Slight",1,"Slight","Cyclist","Driver or rider","Male",13,"Unclassified","Single carriageway",30,NA,"Not a Pedestrian","Not a Pedestrian",433985,435116,"E01011339",2,"Not at junction or within 20 metres","Daylight","Fine no high winds","Dry","Cyclist"
"4937","20161337F1378",2016-07-15,2016,"Jul",15,"16:30",16,30,"Friday","Slight",2,"Slight","Car occupant","Driver or rider","Male",17,"A","Dual carriageway",40,"A","Not a Pedestrian","Not a Pedestrian",436097,435599,"E01011724",3,"Roundabout","Daylight","Fine no high winds","Dry","Car occupant"
"4938","20161337F1996",2016-07-15,2016,"Jul",15,"23:25",23,25,"Friday","Serious",1,"Serious","Pedestrian","Pedestrian","Male",63,"A","Dual carriageway",40,NA,"Unknown or other","Unknown or other",427884,430471,"E01011317",1,"Not at junction or within 20 metres","Darkness - lights lit","Fine no high winds","Dry","Pedestrian"
"4939","20161337G0113",2016-07-16,2016,"Jul",16,"00:55",0,55,"Saturday","Slight",1,"Slight","Taxi/Private hire car occupant","Driver or rider","Male",59,"Unclassified","Single carriageway",30,NA,"Not a Pedestrian","Not a Pedestrian",422938,435923,"E01011327",2,"Not at junction or within 20 metres","Darkness - lights lit","Fine no high winds","Dry","Car occupant"
"4940","20161337G0757",2016-07-16,2016,"Jul",16,"10:15",10,15,"Saturday","Slight",1,"Slight","Van / Goods vehicle (3.5 tonnes mgw or under) occupant","Driver or rider","Male",23,"A","Dual carriageway",40,"A","Not a Pedestrian","Not a Pedestrian",433911,434094,"E01011346",2,"T or staggered junction","Daylight","Fine no high winds","Dry","Bus and goods vehicle occupant"
"4941","20161337G0944",2016-07-16,2016,"Jul",16,"12:21",12,21,"Saturday","Slight",1,"Slight","Van / Goods vehicle (3.5 tonnes mgw or under) occupant","Passenger","Female",22,"A","Single carriageway",40,NA,"Not a Pedestrian","Not a Pedestrian",418045,444559,"E01011573",2,"Not at junction or within 20 metres","Daylight","Unknown","Dry","Bus and goods vehicle occupant"
"4942","20161337G1431",2016-07-16,2016,"Jul",16,"18:15",18,15,"Saturday","Slight",1,"Slight","Pedestrian","Pedestrian","Female",8,"Unclassified","Dual carriageway",30,NA,"Crossing on pedestrian crossing facility","Crossing from driver's nearside",431190,431851,"E01011467",1,"Not at junction or within 20 metres","Daylight","Fine no high winds","Dry","Pedestrian"
"4943","20161337G1440",2016-07-16,2016,"Jul",16,"18:15",18,15,"Saturday","Slight",1,"Slight","Pedestrian","Pedestrian","Male",16,"Unclassified","Single carriageway",30,"A","In carriageway, crossing elsewhere","Crossing from driver's offside",426344,428465,"E01011525",1,"T or staggered junction","Daylight","Fine no high winds","Dry","Pedestrian"
"4944","20161337G1905",2016-07-16,2016,"Jul",16,"21:44",21,44,"Saturday","Slight",1,"Slight","Car occupant","Driver or rider","Male",32,"Unclassified","Single carriageway",30,NA,"Not a Pedestrian","Not a Pedestrian",433535,434439,"E01011342",3,"Not at junction or within 20 metres","Daylight","Fine no high winds","Dry","Car occupant"
"4945","20161337H0582",2016-07-17,2016,"Jul",17,"09:15",9,15,"Sunday","Serious",1,"Serious","Pedestrian","Pedestrian","Male",21,"Unclassified","Single carriageway",30,NA,"In carriageway, crossing elsewhere","Crossing from driver's nearside",428911,429902,"E01011320",1,"Not at junction or within 20 metres","Daylight","Fine no high winds","Dry","Pedestrian"
"4946","20161337H0648",2016-07-17,2016,"Jul",17,"10:17",10,17,"Sunday","Slight",1,"Slight","Car occupant","Passenger","Male",19,"A(M)","Dual carriageway",70,NA,"Not a Pedestrian","Not a Pedestrian",443576,438006,"E01011309",2,"Not at junction or within 20 metres","Daylight","Fine no high winds","Dry","Car occupant"
"4947","20161337H0789",2016-07-17,2016,"Jul",17,"12:14",12,14,"Sunday","Serious",1,"Serious","Cyclist","Driver or rider","Male",27,"Unclassified","Single carriageway",30,"Unclassified","Not a Pedestrian","Not a Pedestrian",428912,431814,"E01011368",2,"Crossroads","Daylight","Fine no high winds","Dry","Cyclist"
"4948","20161337H1010",2016-07-17,2016,"Jul",17,"14:18",14,18,"Sunday","Slight",1,"Slight","Cyclist","Driver or rider","Female",27,"Unclassified","Single carriageway",30,"Unclassified","Not a Pedestrian","Not a Pedestrian",430214,432919,"E01033016",2,"T or staggered junction","Daylight","Fine no high winds","Dry","Cyclist"
"4949","20161337H1008",2016-07-17,2016,"Jul",17,"14:21",14,21,"Sunday","Slight",2,"Slight","Taxi/Private hire car occupant","Driver or rider","Male",62,"A","Single carriageway",30,NA,"Not a Pedestrian","Not a Pedestrian",430841,435054,"E01011361",2,"Not at junction or within 20 metres","Daylight","Fine no high winds","Dry","Car occupant"
"4950","20161337H1476",2016-07-17,2016,"Jul",17,"17:55",17,55,"Sunday","Slight",1,"Slight","Car occupant","Passenger","Male",10,"Motorway","Dual carriageway",70,NA,"Not a Pedestrian","Not a Pedestrian",429103,426407,"E01011538",2,"Not at junction or within 20 metres","Daylight","Fine no high winds","Dry","Car occupant"
"4951","20161337H2053",2016-07-17,2016,"Jul",17,"22:10",22,10,"Sunday","Slight",1,"Slight","Pedestrian","Pedestrian","Male",54,"A","Single carriageway",30,NA,"Unknown or other","Unknown or other",431485,435119,"E01011673",1,"Not at junction or within 20 metres","Darkness - lighting unknown","Unknown","Dry","Pedestrian"
"4952","20161337I0341",2016-07-18,2016,"Jul",18,"08:45",8,45,"Monday","Slight",1,"Slight","Cyclist","Driver or rider","Female",30,"Unclassified","Dual carriageway",30,"Unclassified","Not a Pedestrian","Not a Pedestrian",429684,432711,"E01033032",2,"T or staggered junction","Daylight","Fine no high winds","Dry","Cyclist"
"4953","20161337I0790",2016-07-18,2016,"Jul",18,"09:30",9,30,"Monday","Slight",1,"Slight","Bus or coach occupant (17 or more pass seats)","Passenger","Female",87,"Unclassified","One way street",30,NA,"Not a Pedestrian","Not a Pedestrian",430371,433422,"E01033011",1,"Not at junction or within 20 metres","Daylight","Fine no high winds","Dry","Bus and goods vehicle occupant"
"4954","20161337I0734",2016-07-18,2016,"Jul",18,"11:05",11,5,"Monday","Slight",1,"Slight","Bus or coach occupant (17 or more pass seats)","Passenger","Female",86,"A","Unknown",20,NA,"Not a Pedestrian","Not a Pedestrian",430729,433498,"E01033011",1,"Not at junction or within 20 metres","Daylight","Fine no high winds","Dry","Bus and goods vehicle occupant"
"4955","20161337I0717",2016-07-18,2016,"Jul",18,"12:35",12,35,"Monday","Slight",3,"Slight","Car occupant","Driver or rider","Male",30,"Unclassified","Single carriageway",30,"Unclassified","Not a Pedestrian","Not a Pedestrian",435643,437442,"E01011720",2,"T or staggered junction","Daylight","Fine no high winds","Dry","Car occupant"
"4956","20161337I0750",2016-07-18,2016,"Jul",18,"12:50",12,50,"Monday","Slight",1,"Slight","Goods vehicle (7.5 tonnes mgw and over) occupant","Passenger","Male",20,"Motorway","Dual carriageway",70,NA,"Not a Pedestrian","Not a Pedestrian",437289,425739,"E01011636",2,"Not at junction or within 20 metres","Daylight","Fine no high winds","Dry","Bus and goods vehicle occupant"
"4957","20161337I0812",2016-07-18,2016,"Jul",18,"13:00",13,0,"Monday","Slight",1,"Slight","Car occupant","Driver or rider","Male",19,"Unclassified","Single carriageway",30,NA,"Not a Pedestrian","Not a Pedestrian",431347,430155,"E01011472",2,"Not at junction or within 20 metres","Daylight","Unknown","Dry","Car occupant"
"4958","20161337I1115",2016-07-18,2016,"Jul",18,"15:52",15,52,"Monday","Slight",1,"Slight","Car occupant","Driver or rider","Male",31,"Motorway","Dual carriageway",70,NA,"Not a Pedestrian","Not a Pedestrian",436095,425920,"E01011636",2,"Not at junction or within 20 metres","Daylight","Fine no high winds","Dry","Car occupant"
"4959","20161337I1278",2016-07-18,2016,"Jul",18,"16:50",16,50,"Monday","Slight",1,"Slight","Cyclist","Driver or rider","Male",9,"Unclassified","Single carriageway",30,NA,"Not a Pedestrian","Not a Pedestrian",420518,433922,"E01011597",2,"Not at junction or within 20 metres","Daylight","Fine no high winds","Dry","Cyclist"
"4960","20161337I1355",2016-07-18,2016,"Jul",18,"17:36",17,36,"Monday","Slight",1,"Slight","Pedestrian","Pedestrian","Female",13,"Unclassified","Single carriageway",30,NA,"In carriageway, crossing elsewhere","Unknown or other",429414,435419,"E01011668",1,"Not at junction or within 20 metres","Daylight","Unknown","Dry","Pedestrian"
"4961","20161337I1719",2016-07-18,2016,"Jul",18,"20:00",20,0,"Monday","Serious",2,"Serious","Motorcycle over 125cc and up to 500cc rider or  passenger","Driver or rider","Male",28,"Unclassified","Single carriageway",60,NA,"Not a Pedestrian","Not a Pedestrian",445252,427977,"E01011299",2,"Not at junction or within 20 metres","Daylight","Fine no high winds","Dry","Motorcyclist and pillion"
"4962","20161337I1756",2016-07-18,2016,"Jul",18,"20:28",20,28,"Monday","Slight",1,"Slight","Car occupant","Passenger","Female",19,"A","Dual carriageway",40,"A","Not a Pedestrian","Not a Pedestrian",425184,434351,"E01032606",2,"T or staggered junction","Darkness - lighting unknown","Unknown","Dry","Car occupant"
"4963","20161337J0373",2016-07-19,2016,"Jul",19,"07:20",7,20,"Tuesday","Slight",2,"Slight","Bus or coach occupant (17 or more pass seats)","Passenger","Female",26,"A","Single carriageway",30,NA,"Not a Pedestrian","Not a Pedestrian",429513,434863,"E01033006",2,"Not at junction or within 20 metres","Daylight","Fine no high winds","Dry","Bus and goods vehicle occupant"
"4964","20161337J0363",2016-07-19,2016,"Jul",19,"08:30",8,30,"Tuesday","Slight",1,"Slight","Car occupant","Driver or rider","Female",22,"Unclassified","Single carriageway",30,NA,"Not a Pedestrian","Not a Pedestrian",424193,434801,"E01011331",2,"Not at junction or within 20 metres","Daylight","Unknown","Dry","Car occupant"
"4965","20161337J0445",2016-07-19,2016,"Jul",19,"09:20",9,20,"Tuesday","Slight",1,"Slight","Taxi/Private hire car occupant","Passenger","Female",28,"A","Dual carriageway",50,"A","Not a Pedestrian","Not a Pedestrian",429867,434398,"E01033008",3,"Other junction","Daylight","Fine no high winds","Dry","Car occupant"
"4966","20161337J0850",2016-07-19,2016,"Jul",19,"13:00",13,0,"Tuesday","Slight",1,"Slight","Car occupant","Driver or rider","Male",42,"Unclassified","Single carriageway",30,NA,"Not a Pedestrian","Not a Pedestrian",430797,436691,"E01011352",2,"Not at junction or within 20 metres","Daylight","Fine no high winds","Dry","Car occupant"
"4967","20161337J1550",2016-07-19,2016,"Jul",19,"18:09",18,9,"Tuesday","Slight",2,"Slight","Car occupant","Driver or rider","Female",22,"Unclassified","Single carriageway",30,"Unclassified","Not a Pedestrian","Not a Pedestrian",434551,436870,"E01011656",3,"T or staggered junction","Daylight","Fine no high winds","Dry","Car occupant"
"4968","20161337J2096",2016-07-19,2016,"Jul",19,"22:15",22,15,"Tuesday","Slight",6,"Slight","Taxi/Private hire car occupant","Driver or rider","Male",34,"Motorway","Dual carriageway",50,"Unclassified","Not a Pedestrian","Not a Pedestrian",429586,432073,"E01011364",2,"Slip road","Darkness - lights lit","Fine no high winds","Dry","Car occupant"
"4969","20161337K0356",2016-07-20,2016,"Jul",20,"07:47",7,47,"Wednesday","Slight",1,"Slight","Cyclist","Driver or rider","Male",37,"Unclassified","Single carriageway",40,NA,"Not a Pedestrian","Not a Pedestrian",422737,437815,"E01011452",2,"Not at junction or within 20 metres","Daylight","Fine no high winds","Dry","Cyclist"
"4970","20161337K0371",2016-07-20,2016,"Jul",20,"08:03",8,3,"Wednesday","Slight",1,"Slight","Cyclist","Driver or rider","Male",25,"A","Single carriageway",30,"Unclassified","Not a Pedestrian","Not a Pedestrian",428717,435614,"E01032946",2,"T or staggered junction","Daylight","Fine no high winds","Dry","Cyclist"
"4971","20161337K0447",2016-07-20,2016,"Jul",20,"09:00",9,0,"Wednesday","Serious",1,"Serious","Cyclist","Driver or rider","Male",25,"A","Single carriageway",30,"Unclassified","Not a Pedestrian","Not a Pedestrian",428906,435515,"E01011443",2,"T or staggered junction","Daylight","Fine no high winds","Dry","Cyclist"
"4972","20161337K0846",2016-07-20,2016,"Jul",20,"12:45",12,45,"Wednesday","Serious",1,"Serious","Bus or coach occupant (17 or more pass seats)","Passenger","Male",85,"A","Single carriageway",30,"B","Not a Pedestrian","Not a Pedestrian",432064,431134,"E01011468",2,"T or staggered junction","Daylight","Fine no high winds","Dry","Bus and goods vehicle occupant"
"4973","20161337K1091",2016-07-20,2016,"Jul",20,"14:50",14,50,"Wednesday","Slight",1,"Slight","Cyclist","Driver or rider","Male",14,"Unclassified","Single carriageway",30,"Unclassified","Not a Pedestrian","Not a Pedestrian",435022,427788,"E01011636",2,"T or staggered junction","Daylight","Fine no high winds","Dry","Cyclist"
"4974","20161337K1113",2016-07-20,2016,"Jul",20,"15:00",15,0,"Wednesday","Slight",1,"Slight","Car occupant","Driver or rider","Female",38,"A","Single carriageway",30,NA,"Not a Pedestrian","Not a Pedestrian",432479,436554,"E01011645",2,"Not at junction or within 20 metres","Daylight","Fine no high winds","Dry","Car occupant"
"4975","20161337K1616",2016-07-20,2016,"Jul",20,"17:50",17,50,"Wednesday","Slight",1,"Slight","Bus or coach occupant (17 or more pass seats)","Passenger","Female",42,"A","Dual carriageway",30,"Unclassified","Not a Pedestrian","Not a Pedestrian",429056,433503,"E01033015",1,"T or staggered junction","Daylight","Fine no high winds","Dry","Bus and goods vehicle occupant"
"4976","20161337K1727",2016-07-20,2016,"Jul",20,"18:45",18,45,"Wednesday","Slight",1,"Slight","Car occupant","Driver or rider","Male",41,"Unclassified","Single carriageway",30,NA,"Not a Pedestrian","Not a Pedestrian",424816,434991,"E01011282",2,"Not at junction or within 20 metres","Daylight","Fine no high winds","Dry","Car occupant"
"4977","20161337L0094",2016-07-21,2016,"Jul",21,"01:21",1,21,"Thursday","Serious",1,"Serious","Car occupant","Passenger","Male",26,"Unclassified","Single carriageway",30,NA,"Not a Pedestrian","Not a Pedestrian",430272,427666,"E01011494",2,"Not at junction or within 20 metres","Darkness - lights lit","Fine no high winds","Dry","Car occupant"