"","accident_index","date","year","month","day","time","time_hour","time_minute","day_of_week","accident_severity","number_of_casualties","casualty_severity","casualty_type","casualty_class","sex_of_casualty","age_of_casualty","first_road_class","road_type","speed_limit","second_road_class","pedestrian_location","pedestrian_movement","location_easting_osgr","location_northing_osgr","lsoa_of_accident_location","number_of_vehicles","junction_detail","light_conditions","weather_conditions","road_surface_conditions","cas_type"
"4978","20161337L0346",2016-07-21,2016,"Jul",21,"08:19",8,19,"Thursday","Slight",1,"Slight","Car occupant","Passenger","Male",6,"Unclassified","Single carriageway",30,NA,"Not a Pedestrian","Not a Pedestrian",436586,436187,"E01011723",2,"Not at junction or within 20 metres","Daylight","Fine no high winds","Dry","Car occupant"
"4979","20161337L0562",2016-07-21,2016,"Jul",21,"10:44",10,44,"Thursday","Slight",1,"Slight","Pedestrian","Pedestrian","Male",33,"Unclassified","Unknown",30,NA,"Unknown or other","Unknown or other",433671,432294,"E01011621",1,"Not at junction or within 20 metres","Daylight","Fine no high winds","Dry","Pedestrian"
"4980","20161337L0747",2016-07-21,2016,"Jul",21,"12:25",12,25,"Thursday","Slight",1,"Slight","Car occupant","Driver or rider","Female",29,"A","Single carriageway",30,NA,"Not a Pedestrian","Not a Pedestrian",439410,446133,"E01011706",1,"Not at junction or within 20 metres","Daylight","Fine no high winds","Dry","Car occupant"
"4981","20161337L0904",2016-07-21,2016,"Jul",21,"13:44",13,44,"Thursday","Slight",1,"Slight","Car occupant","Driver or rider","Female",37,"B","Single carriageway",30,NA,"Not a Pedestrian","Not a Pedestrian",440511,448481,"E01011704",1,"Not at junction or within 20 metres","Daylight","Fine no high winds","Dry","Car occupant"
"4982","20161337L0956",2016-07-21,2016,"Jul",21,"14:05",14,5,"Thursday","Slight",1,"Slight","Car occupant","Driver or rider","Male",19,"A","One way street",30,NA,"Not a Pedestrian","Not a Pedestrian",430689,432976,"E01033018",2,"Not at junction or within 20 metres","Daylight","Fine no high winds","Dry","Car occupant"
"4983","20161337L1042",2016-07-21,2016,"Jul",21,"15:20",15,20,"Thursday","Slight",3,"Slight","Van / Goods vehicle (3.5 tonnes mgw or under) occupant","Passenger","Male",3,"C","Single carriageway",40,"Unclassified","Not a Pedestrian","Not a Pedestrian",422298,440478,"E01011580",2,"T or staggered junction","Daylight","Fine no high winds","Dry","Bus and goods vehicle occupant"
"4984","20161337L1135",2016-07-21,2016,"Jul",21,"15:20",15,20,"Thursday","Serious",1,"Serious","Pedestrian","Pedestrian","Male",13,"A","Single carriageway",40,"Unclassified","In carriageway, crossing elsewhere","Crossing from driver's nearside",425828,438092,"E01011684",1,"T or staggered junction","Daylight","Fine no high winds","Dry","Pedestrian"
"4985","20161337L1553",2016-07-21,2016,"Jul",21,"18:56",18,56,"Thursday","Slight",1,"Slight","Cyclist","Driver or rider","Female",21,"A","Single carriageway",30,"Unclassified","Not a Pedestrian","Not a Pedestrian",427991,436016,"E01011440",3,"T or staggered junction","Daylight","Fine no high winds","Dry","Cyclist"
"4986","20161337L1626",2016-07-21,2016,"Jul",21,"19:10",19,10,"Thursday","Slight",2,"Slight","Car occupant","Driver or rider","Male",37,"Unclassified","Single carriageway",30,NA,"Not a Pedestrian","Not a Pedestrian",430190,432168,"E01033016",2,"Not at junction or within 20 metres","Daylight","Fine no high winds","Dry","Car occupant"
"4987","20161337L1614",2016-07-21,2016,"Jul",21,"19:24",19,24,"Thursday","Slight",1,"Slight","Car occupant","Driver or rider","Male",72,"A","Roundabout",60,"Unclassified","Not a Pedestrian","Not a Pedestrian",421040,444980,"E01011569",1,"Roundabout","Daylight","Fine no high winds","Dry","Car occupant"
"4988","20161337M0362",2016-07-22,2016,"Jul",22,"08:07",8,7,"Friday","Serious",1,"Serious","Cyclist","Driver or rider","Male",49,"Unclassified","Single carriageway",30,"Unclassified","Not a Pedestrian","Not a Pedestrian",419578,446223,"E01011581",2,"T or staggered junction","Daylight","Fine no high winds","Dry","Cyclist"
"4989","20161337M1214",2016-07-22,2016,"Jul",22,"16:05",16,5,"Friday","Slight",1,"Slight","Cyclist","Driver or rider","Male",24,"Unclassified","Dual carriageway",30,"Unclassified","Not a Pedestrian","Not a Pedestrian",431297,429059,"E01011475",2,"T or staggered junction","Daylight","Fine no high winds","Dry","Cyclist"
"4990","20161337M1470",2016-07-22,2016,"Jul",22,"18:12",18,12,"Friday","Slight",1,"Slight","Motorcycle 125cc and under rider or passenger","Driver or rider","Male",26,"A","Dual carriageway",30,"A","Not a Pedestrian","Not a Pedestrian",430046,432671,"E01033032",2,"T or staggered junction","Daylight","Fine no high winds","Dry","Motorcyclist and pillion"
"4991","20161337N0042",2016-07-23,2016,"Jul",23,"00:14",0,14,"Saturday","Slight",3,"Slight","Car occupant","Driver or rider","Male",24,"A","Dual carriageway",40,NA,"Not a Pedestrian","Not a Pedestrian",420665,434351,"E01011595",3,"Not at junction or within 20 metres","Darkness - lights lit","Fine no high winds","Dry","Car occupant"
"4992","20161337N0626",2016-07-23,2016,"Jul",23,"00:50",0,50,"Saturday","Slight",1,"Slight","Taxi/Private hire car occupant","Passenger","Male",57,"Unclassified","Single carriageway",30,NA,"Not a Pedestrian","Not a Pedestrian",426100,437038,"E01011485",1,"Not at junction or within 20 metres","Darkness - lights lit","Fine no high winds","Dry","Car occupant"
"4993","20161337N1854",2016-07-23,2016,"Jul",23,"13:00",13,0,"Saturday","Slight",1,"Slight","Motorcycle 125cc and under rider or passenger","Driver or rider","Male",20,"Unclassified","Single carriageway",30,"Unclassified","Not a Pedestrian","Not a Pedestrian",428727,431524,"E01011366",2,"Other junction","Daylight","Fine no high winds","Dry","Motorcyclist and pillion"
"4994","20161337N1563",2016-07-23,2016,"Jul",23,"18:20",18,20,"Saturday","Slight",1,"Slight","Cyclist","Driver or rider","Male",31,"Unclassified","Single carriageway",20,"Unclassified","Not a Pedestrian","Not a Pedestrian",431985,435541,"E01011428",2,"Crossroads","Daylight","Fine no high winds","Dry","Cyclist"
"4995","20161337O0620",2016-07-23,2016,"Jul",23,"19:00",19,0,"Saturday","Slight",1,"Slight","Car occupant","Passenger","Female",74,"A","Single carriageway",30,"Unclassified","Not a Pedestrian","Not a Pedestrian",430680,432578,"E01033018",2,"T or staggered junction","Daylight","Fine no high winds","Dry","Car occupant"
"4996","20161337N1916",2016-07-23,2016,"Jul",23,"20:05",20,5,"Saturday","Slight",1,"Slight","Cyclist","Driver or rider","Male",15,"Unclassified","Single carriageway",30,"Unclassified","Not a Pedestrian","Not a Pedestrian",420055,435412,"E01011590",2,"T or staggered junction","Daylight","Fine no high winds","Dry","Cyclist"
"4997","20161337O0142",2016-07-24,2016,"Jul",24,"01:00",1,0,"Sunday","Slight",1,"Slight","Car occupant","Driver or rider","Male",87,"A","Roundabout",60,"A","Not a Pedestrian","Not a Pedestrian",442979,431640,"E01011404",1,"Roundabout","Darkness - lights lit","Fine no high winds","Dry","Car occupant"
"4998","20161337O1315",2016-07-24,2016,"Jul",24,"04:00",4,0,"Sunday","Serious",1,"Serious","Pedestrian","Pedestrian","Male",25,"Unclassified","Dual carriageway",30,NA,"In carriageway, crossing elsewhere","Crossing from driver's nearside",430296,433400,"E01033010",1,"Not at junction or within 20 metres","Darkness - lights lit","Fine no high winds","Dry","Pedestrian"
"4999","20161337O0753",2016-07-24,2016,"Jul",24,"11:23",11,23,"Sunday","Slight",1,"Slight","Cyclist","Driver or rider","Male",14,"Unclassified","Single carriageway",30,NA,"Not a Pedestrian","Not a Pedestrian",429853,431858,"E01011364",2,"Not at junction or within 20 metres","Daylight","Fine no high winds","Dry","Cyclist"
"5000","20161337O1422",2016-07-24,2016,"Jul",24,"13:30",13,30,"Sunday","Slight",3,"Slight","Car occupant","Driver or rider","Male",34,"A","Dual carriageway",60,NA,"Not a Pedestrian","Not a Pedestrian",435881,436334,"E01011661",2,"Not at junction or within 20 metres","Daylight","Fine no high winds","Dry","Car occupant"
"5001","20161337P0341",2016-07-25,2016,"Jul",25,"08:00",8,0,"Monday","Slight",1,"Slight","Cyclist","Driver or rider","Male",13,"Unclassified","Single carriageway",30,"Unclassified","Not a Pedestrian","Not a Pedestrian",426656,432018,"E01011736",2,"T or staggered junction","Daylight","Fine no high winds","Dry","Cyclist"
"5002","20161337P0744",2016-07-25,2016,"Jul",25,"13:18",13,18,"Monday","Slight",1,"Slight","Car occupant","Driver or rider","Female",53,"B","Single carriageway",30,"Unclassified","Not a Pedestrian","Not a Pedestrian",421278,434457,"E01011587",3,"T or staggered junction","Daylight","Fine no high winds","Dry","Car occupant"
"5003","20161337P0949",2016-07-25,2016,"Jul",25,"14:20",14,20,"Monday","Serious",3,"Serious","Car occupant","Driver or rider","Male",75,"A","Single carriageway",30,NA,"Not a Pedestrian","Not a Pedestrian",430007,427028,"E01032495",2,"Not at junction or within 20 metres","Daylight","Fine no high winds","Dry","Car occupant"
"5004","20161337P0967",2016-07-25,2016,"Jul",25,"14:34",14,34,"Monday","Slight",1,"Slight","Cyclist","Driver or rider","Female",11,"Unclassified","Single carriageway",30,NA,"Not a Pedestrian","Not a Pedestrian",421292,440468,"E01011276",2,"Not at junction or within 20 metres","Daylight","Fine no high winds","Dry","Cyclist"
"5005","20161337P1061",2016-07-25,2016,"Jul",25,"15:00",15,0,"Monday","Slight",1,"Slight","Pedestrian","Pedestrian","Male",80,"Unclassified","Single carriageway",30,NA,"In carriageway, crossing elsewhere","Unknown or other",430359,437050,"E01011352",1,"Not at junction or within 20 metres","Daylight","Fine no high winds","Dry","Pedestrian"
"5006","20161337P1155",2016-07-25,2016,"Jul",25,"15:56",15,56,"Monday","Slight",1,"Slight","Taxi/Private hire car occupant","Driver or rider","Male",45,"Unclassified","One way street",20,NA,"Not a Pedestrian","Not a Pedestrian",422521,441543,"E01032503",1,"Not at junction or within 20 metres","Daylight","Fine no high winds","Dry","Car occupant"
"5007","20161337P1415",2016-07-25,2016,"Jul",25,"16:45",16,45,"Monday","Slight",1,"Slight","Pedestrian","Pedestrian","Male",20,"A","Dual carriageway",40,"Unclassified","In carriageway, crossing elsewhere","Crossing from driver's nearside",431175,431868,"E01011467",1,"Other junction","Daylight","Fine no high winds","Dry","Pedestrian"
"5008","20161337P1354",2016-07-25,2016,"Jul",25,"16:55",16,55,"Monday","Slight",1,"Slight","Car occupant","Driver or rider","Female",32,"A","Dual carriageway",40,"A","Not a Pedestrian","Not a Pedestrian",435900,436430,"E01011720",2,"Roundabout","Daylight","Fine no high winds","Dry","Car occupant"
"5009","20161337P1299",2016-07-25,2016,"Jul",25,"17:12",17,12,"Monday","Slight",2,"Slight","Car occupant","Driver or rider","Female",40,"Unclassified","Single carriageway",30,NA,"Not a Pedestrian","Not a Pedestrian",425880,426577,"E01011546",3,"Not at junction or within 20 metres","Daylight","Fine no high winds","Dry","Car occupant"
"5010","20161337P1776",2016-07-25,2016,"Jul",25,"21:09",21,9,"Monday","Slight",1,"Slight","Car occupant","Driver or rider","Female",45,"B","Dual carriageway",40,"Unclassified","Not a Pedestrian","Not a Pedestrian",434142,433900,"E01011341",3,"Other junction","Darkness - lights lit","Fine no high winds","Dry","Car occupant"
"5011","20161337Q0592",2016-07-26,2016,"Jul",26,"11:13",11,13,"Tuesday","Slight",1,"Slight","Van / Goods vehicle (3.5 tonnes mgw or under) occupant","Driver or rider","Male",39,"Unclassified","Single carriageway",30,"Unclassified","Not a Pedestrian","Not a Pedestrian",431445,435823,"E01011359",2,"T or staggered junction","Daylight","Fine no high winds","Dry","Bus and goods vehicle occupant"
"5012","20161337Q1719",2016-07-26,2016,"Jul",26,"18:30",18,30,"Tuesday","Slight",1,"Slight","Cyclist","Driver or rider","Male",18,"A","Dual carriageway",40,"Unclassified","Not a Pedestrian","Not a Pedestrian",426962,438122,"E01011685",2,"Private drive or entrance","Daylight","Fine no high winds","Dry","Cyclist"
"5013","20161337Q1453",2016-07-26,2016,"Jul",26,"18:45",18,45,"Tuesday","Slight",5,"Slight","Car occupant","Driver or rider","Male",32,"Unclassified","Single carriageway",30,"Unclassified","Not a Pedestrian","Not a Pedestrian",434693,428333,"E01011627",4,"Mini-roundabout","Daylight","Fine no high winds","Dry","Car occupant"
"5014","20161337Q1692",2016-07-26,2016,"Jul",26,"20:15",20,15,"Tuesday","Slight",1,"Slight","Pedestrian","Pedestrian","Male",10,"Unclassified","Single carriageway",30,NA,"In carriageway, crossing elsewhere","Crossing from driver's nearside",430049,435173,"E01011671",1,"Not at junction or within 20 metres","Daylight","Fine no high winds","Dry","Pedestrian"
"5015","20161337Q1662",2016-07-26,2016,"Jul",26,"20:25",20,25,"Tuesday","Slight",2,"Slight","Car occupant","Driver or rider","Female",22,"A","Dual carriageway",30,"Unclassified","Not a Pedestrian","Not a Pedestrian",431507,435134,"E01011673",2,"T or staggered junction","Daylight","Fine no high winds","Dry","Car occupant"
"5016","20161337R0350",2016-07-27,2016,"Jul",27,"07:21",7,21,"Wednesday","Slight",1,"Slight","Cyclist","Driver or rider","Female",26,"Unclassified","Single carriageway",30,NA,"Not a Pedestrian","Not a Pedestrian",429836,432725,"E01033016",2,"Not at junction or within 20 metres","Daylight","Fine no high winds","Dry","Cyclist"
"5017","20161337R1015",2016-07-27,2016,"Jul",27,"15:00",15,0,"Wednesday","Slight",1,"Slight","Cyclist","Passenger","Male",3,"Unclassified","Single carriageway",30,NA,"Not a Pedestrian","Not a Pedestrian",424661,436005,"E01011325",2,"Not at junction or within 20 metres","Daylight","Fine no high winds","Dry","Cyclist"
"5018","20161337R1074",2016-07-27,2016,"Jul",27,"16:10",16,10,"Wednesday","Serious",1,"Serious","Pedestrian","Pedestrian","Female",11,"Unclassified","Single carriageway",30,NA,"In carriageway, crossing elsewhere","Crossing from nearside - masked by parked or stationary vehicle",430637,428666,"E01032497",2,"Not at junction or within 20 metres","Daylight","Fine no high winds","Dry","Pedestrian"
"5019","20161337R1560",2016-07-27,2016,"Jul",27,"19:55",19,55,"Wednesday","Slight",1,"Slight","Car occupant","Driver or rider","Male",21,"Unclassified","Single carriageway",40,"Unclassified","Not a Pedestrian","Not a Pedestrian",432663,437995,"E01011655",4,"Crossroads","Daylight","Fine no high winds","Dry","Car occupant"
"5020","20161337R1624",2016-07-27,2016,"Jul",27,"20:25",20,25,"Wednesday","Serious",1,"Serious","Cyclist","Driver or rider","Male",14,"Unclassified","Single carriageway",30,"Unclassified","Not a Pedestrian","Not a Pedestrian",436086,428601,"E01032487",2,"Crossroads","Daylight","Fine no high winds","Dry","Cyclist"
"5021","20161337S0609",2016-07-28,2016,"Jul",28,"12:03",12,3,"Thursday","Slight",1,"Slight","Car occupant","Driver or rider","Male",25,"Unclassified","Single carriageway",30,NA,"Not a Pedestrian","Not a Pedestrian",427469,433769,"E01011284",2,"Not at junction or within 20 metres","Daylight","Fine no high winds","Dry","Car occupant"
"5022","20161337S0790",2016-07-28,2016,"Jul",28,"13:46",13,46,"Thursday","Slight",1,"Slight","Car occupant","Driver or rider","Male",24,"Unclassified","Single carriageway",30,"Unclassified","Not a Pedestrian","Not a Pedestrian",429650,430887,"E01011316",2,"Crossroads","Daylight","Fine no high winds","Dry","Car occupant"
"5023","2016133881236",2016-07-28,2016,"Jul",28,"15:00",15,0,"Thursday","Slight",1,"Slight","Cyclist","Driver or rider","Male",43,"A","Dual carriageway",30,"Unclassified","Not a Pedestrian","Not a Pedestrian",430496,435239,"E01011357",2,"T or staggered junction","Daylight","Unknown","Dry","Cyclist"
"5024","20161337S0931",2016-07-28,2016,"Jul",28,"15:20",15,20,"Thursday","Slight",2,"Slight","Taxi/Private hire car occupant","Passenger","Male",67,"A","Single carriageway",30,"Unclassified","Not a Pedestrian","Not a Pedestrian",422163,441829,"E01032503",2,"Roundabout","Daylight","Fine no high winds","Dry","Car occupant"
"5025","20161337S1055",2016-07-28,2016,"Jul",28,"16:27",16,27,"Thursday","Slight",3,"Slight","Car occupant","Driver or rider","Male",25,"Motorway","Dual carriageway",70,NA,"Not a Pedestrian","Not a Pedestrian",427157,430559,"E01011318",2,"Not at junction or within 20 metres","Daylight","Fine no high winds","Dry","Car occupant"
"5026","20161337T0184",2016-07-29,2016,"Jul",29,"03:22",3,22,"Friday","Slight",1,"Slight","Car occupant","Driver or rider","Male",49,"Motorway","Dual carriageway",50,"A","Not a Pedestrian","Not a Pedestrian",428485,431565,"E01011366",3,"Other junction","Darkness - lights lit","Fine no high winds","Dry","Car occupant"
"5027","20161337T0275",2016-07-29,2016,"Jul",29,"06:55",6,55,"Friday","Slight",1,"Slight","Motorcycle over 500cc rider or passenger","Driver or rider","Male",25,"Unclassified","Single carriageway",30,"Unclassified","Not a Pedestrian","Not a Pedestrian",426228,431783,"E01011737",2,"Crossroads","Daylight","Raining no high winds","Wet or damp","Motorcyclist and pillion"
"5028","20161337T0479",2016-07-29,2016,"Jul",29,"10:30",10,30,"Friday","Slight",1,"Slight","Pedestrian","Pedestrian","Female",86,"Unclassified","Unknown",20,NA,"Unknown or other","Unknown or other",434531,428207,"E01011627",1,"Not at junction or within 20 metres","Daylight","Fine no high winds","Dry","Pedestrian"
"5029","20161337T0518",2016-07-29,2016,"Jul",29,"10:55",10,55,"Friday","Slight",2,"Slight","Bus or coach occupant (17 or more pass seats)","Passenger","Male",88,"A","Single carriageway",40,"Unclassified","Not a Pedestrian","Not a Pedestrian",436853,428989,"E01011637",2,"Crossroads","Daylight","Fine no high winds","Dry","Bus and goods vehicle occupant"
"5030","20161337T0374",2016-07-29,2016,"Jul",29,"11:30",11,30,"Friday","Slight",2,"Slight","Car occupant","Driver or rider","Male",30,"A","Slip road",40,NA,"Not a Pedestrian","Not a Pedestrian",424464,433870,"E01011608",2,"Not at junction or within 20 metres","Daylight","Raining no high winds","Wet or damp","Car occupant"
"5031","20161337T0801",2016-07-29,2016,"Jul",29,"13:55",13,55,"Friday","Slight",1,"Slight","Pedestrian","Pedestrian","Male",11,"Unclassified","Single carriageway",30,NA,"In carriageway, crossing elsewhere","Crossing from driver's offside",427015,433453,"E01011293",1,"Not at junction or within 20 metres","Daylight","Fine no high winds","Dry","Pedestrian"
"5032","20161337T1548",2016-07-29,2016,"Jul",29,"19:55",19,55,"Friday","Serious",1,"Serious","Mobility scooter rider","Driver or rider","Male",56,"Unclassified","Single carriageway",30,NA,"Not a Pedestrian","Not a Pedestrian",428509,430845,"E01011369",1,"Not at junction or within 20 metres","Daylight","Fine no high winds","Dry","Others"
"5033","20161337U0361",2016-07-30,2016,"Jul",30,"05:25",5,25,"Saturday","Slight",2,"Slight","Car occupant","Driver or rider","Male",22,"Unclassified","Single carriageway",30,NA,"Not a Pedestrian","Not a Pedestrian",427717,434064,"E01011284",2,"Not at junction or within 20 metres","Daylight","Fine no high winds","Dry","Car occupant"
"5034","20161337U0440",2016-07-30,2016,"Jul",30,"07:39",7,39,"Saturday","Slight",1,"Slight","Cyclist","Driver or rider","Male",39,"Unclassified","Single carriageway",30,NA,"Not a Pedestrian","Not a Pedestrian",425850,443472,"E01011576",1,"Not at junction or within 20 metres","Daylight","Fine no high winds","Dry","Cyclist"
"5035","20161337U0922",2016-07-30,2016,"Jul",30,"12:00",12,0,"Saturday","Slight",1,"Slight","Motorcycle 50cc and under rider or passenger","Driver or rider","Male",19,"Unclassified","Single carriageway",30,"Unclassified","Not a Pedestrian","Not a Pedestrian",425577,432449,"E01011735",2,"T or staggered junction","Daylight","Fine no high winds","Dry","Motorcyclist and pillion"
"5036","20161337U0898",2016-07-30,2016,"Jul",30,"13:20",13,20,"Saturday","Slight",1,"Slight","Cyclist","Driver or rider","Male",34,"Unclassified","Single carriageway",30,"Unclassified","Not a Pedestrian","Not a Pedestrian",425736,439496,"E01011388",2,"T or staggered junction","Daylight","Fine no high winds","Dry","Cyclist"
"5037","20161337U1150",2016-07-30,2016,"Jul",30,"15:30",15,30,"Saturday","Serious",2,"Serious","Motorcycle 50cc and under rider or passenger","Driver or rider","Male",16,"Unclassified","Single carriageway",60,NA,"Not a Pedestrian","Not a Pedestrian",445215,429411,"E01011299",2,"Not at junction or within 20 metres","Daylight","Fine no high winds","Dry","Motorcyclist and pillion"
"5038","20161337V1721",2016-07-31,2016,"Jul",31,"12:40",12,40,"Sunday","Slight",1,"Slight","Motorcycle 125cc and under rider or passenger","Driver or rider","Male",28,"A","Dual carriageway",70,NA,"Not a Pedestrian","Not a Pedestrian",422368,433987,"E01011587",1,"Not at junction or within 20 metres","Darkness - lights lit","Fine no high winds","Dry","Motorcyclist and pillion"
"5039","20161337V1269",2016-07-31,2016,"Jul",31,"17:15",17,15,"Sunday","Slight",2,"Slight","Car occupant","Driver or rider","Male",49,"Unclassified","Single carriageway",30,"Unclassified","Not a Pedestrian","Not a Pedestrian",430399,440724,"E01011563",2,"T or staggered junction","Daylight","Fine no high winds","Dry","Car occupant"
"5040","20161338D1104",2016-08-01,2016,"Aug",1,"07:50",7,50,"Monday","Slight",1,"Slight","Car occupant","Driver or rider","Female",23,"A","Single carriageway",50,NA,"Not a Pedestrian","Not a Pedestrian",429630,426920,"E01032495",2,"Not at junction or within 20 metres","Daylight","Unknown","Dry","Car occupant"
"5041","2016133810361",2016-08-01,2016,"Aug",1,"09:00",9,0,"Monday","Slight",1,"Slight","Car occupant","Driver or rider","Male",40,"Unclassified","Single carriageway",30,"A","Not a Pedestrian","Not a Pedestrian",427569,436873,"E01011694",2,"T or staggered junction","Daylight","Fine no high winds","Dry","Car occupant"
"5042","2016133810455",2016-08-01,2016,"Aug",1,"10:23",10,23,"Monday","Slight",1,"Slight","Pedestrian","Pedestrian","Male",25,"Unclassified","Single carriageway",30,"Unclassified","In carriageway, crossing elsewhere","Crossing from driver's offside",429238,433844,"E01011678",1,"T or staggered junction","Daylight","Fine no high winds","Dry","Pedestrian"
"5043","2016133810518",2016-08-01,2016,"Aug",1,"10:55",10,55,"Monday","Serious",2,"Serious","Car occupant","Driver or rider","Female",79,"A","Single carriageway",40,"Unclassified","Not a Pedestrian","Not a Pedestrian",436180,427380,"E01011635",2,"T or staggered junction","Daylight","Fine no high winds","Dry","Car occupant"
"5044","2016133811059",2016-08-01,2016,"Aug",1,"15:50",15,50,"Monday","Slight",1,"Slight","Bus or coach occupant (17 or more pass seats)","Passenger","Female",62,"Unclassified","Single carriageway",30,NA,"Not a Pedestrian","Not a Pedestrian",427116,433512,"E01011293",1,"Not at junction or within 20 metres","Daylight","Fine no high winds","Dry","Bus and goods vehicle occupant"
"5045","2016133811315",2016-08-01,2016,"Aug",1,"18:00",18,0,"Monday","Slight",1,"Slight","Car occupant","Driver or rider","Female",31,"Unclassified","Single carriageway",30,"Unclassified","Not a Pedestrian","Not a Pedestrian",431381,435355,"E01011429",2,"Crossroads","Daylight","Fine no high winds","Dry","Car occupant"
"5046","2016133811595",2016-08-01,2016,"Aug",1,"20:19",20,19,"Monday","Slight",2,"Slight","Car occupant","Passenger","Male",37,"Unclassified","Single carriageway",30,NA,"Not a Pedestrian","Not a Pedestrian",431908,435069,"E01011434",2,"Not at junction or within 20 metres","Daylight","Fine no high winds","Dry","Car occupant"
"5047","2016133820302",2016-08-02,2016,"Aug",2,"08:15",8,15,"Tuesday","Slight",1,"Slight","Cyclist","Driver or rider","Male",31,"A","Single carriageway",30,NA,"Not a Pedestrian","Not a Pedestrian",428302,434114,"E01011681",2,"Not at junction or within 20 metres","Daylight","Fine no high winds","Dry","Cyclist"
"5048","20161337J1504",2016-08-02,2016,"Aug",2,"17:50",17,50,"Tuesday","Slight",1,"Slight","Car occupant","Driver or rider","Female",52,"Unclassified","Roundabout",30,"Unclassified","Not a Pedestrian","Not a Pedestrian",431922,436777,"E01011645",2,"Roundabout","Daylight","Unknown","Dry","Car occupant"
"5049","2016133821313",2016-08-02,2016,"Aug",2,"18:30",18,30,"Tuesday","Slight",1,"Slight","Cyclist","Driver or rider","Female",55,"A","Dual carriageway",30,"Unclassified","Not a Pedestrian","Not a Pedestrian",430667,434302,"E01033003",2,"T or staggered junction","Daylight","Fine no high winds","Dry","Cyclist"
"5050","20161338N0471",2016-08-02,2016,"Aug",2,"18:50",18,50,"Tuesday","Slight",2,"Slight","Car occupant","Driver or rider","Female",43,"B","Roundabout",70,"A","Not a Pedestrian","Not a Pedestrian",428563,427780,"E01011540",3,"Roundabout","Daylight","Unknown","Dry","Car occupant"
"5051","2016133830263",2016-08-03,2016,"Aug",3,"06:55",6,55,"Wednesday","Slight",1,"Slight","Cyclist","Driver or rider","Male",47,"Unclassified","Roundabout",30,"A","Not a Pedestrian","Not a Pedestrian",428872,432496,"E01033013",2,"Roundabout","Daylight","Fine no high winds","Wet or damp","Cyclist"
"5052","2016133830291",2016-08-03,2016,"Aug",3,"07:45",7,45,"Wednesday","Slight",1,"Slight","Car occupant","Driver or rider","Female",27,"A","Single carriageway",50,NA,"Not a Pedestrian","Not a Pedestrian",431692,441552,"E01011561",1,"Not at junction or within 20 metres","Daylight","Fine no high winds","Dry","Car occupant"
"5053","2016133830335",2016-08-03,2016,"Aug",3,"08:45",8,45,"Wednesday","Slight",1,"Slight","Car occupant","Driver or rider","Female",54,"A","Roundabout",60,"Motorway","Not a Pedestrian","Not a Pedestrian",435875,426021,"E01011636",2,"Roundabout","Daylight","Fine no high winds","Dry","Car occupant"
"5054","2016133830729",2016-08-03,2016,"Aug",3,"13:30",13,30,"Wednesday","Slight",1,"Slight","Cyclist","Driver or rider","Male",29,"A","Single carriageway",30,"Unclassified","Not a Pedestrian","Not a Pedestrian",427485,434593,"E01011482",2,"Other junction","Daylight","Fine no high winds","Dry","Cyclist"
"5055","2016133831111",2016-08-03,2016,"Aug",3,"15:59",15,59,"Wednesday","Slight",1,"Slight","Taxi/Private hire car occupant","Passenger","Male",53,"A","Single carriageway",30,NA,"Not a Pedestrian","Not a Pedestrian",427957,433622,"E01011294",2,"Not at junction or within 20 metres","Daylight","Fine no high winds","Dry","Car occupant"
"5056","2016133831228",2016-08-03,2016,"Aug",3,"16:00",16,0,"Wednesday","Slight",1,"Slight","Pedestrian","Pedestrian","Male",36,"Unclassified","Single carriageway",60,NA,"Crossing on pedestrian crossing facility","Crossing from driver's nearside",420750,445646,"E01011572",1,"Not at junction or within 20 metres","Daylight","Fine no high winds","Dry","Pedestrian"
"5057","2016133810604",2016-08-04,2016,"Aug",4,"11:55",11,55,"Thursday","Slight",1,"Slight","Car occupant","Driver or rider","Female",28,"A","Dual carriageway",30,"B","Not a Pedestrian","Not a Pedestrian",431965,435818,"E01011428",2,"Crossroads","Daylight","Fine no high winds","Dry","Car occupant"
"5058","2016133840919",2016-08-04,2016,"Aug",4,"12:15",12,15,"Thursday","Slight",2,"Slight","Bus or coach occupant (17 or more pass seats)","Passenger","Female",38,"Unclassified","Single carriageway",30,"Unclassified","Not a Pedestrian","Not a Pedestrian",426991,427914,"E01032489",2,"Crossroads","Daylight","Fine no high winds","Dry","Bus and goods vehicle occupant"
"5059","2016133840846",2016-08-04,2016,"Aug",4,"14:10",14,10,"Thursday","Serious",1,"Serious","Motorcycle 50cc and under rider or passenger","Driver or rider","Male",44,"B","Dual carriageway",40,"A","Not a Pedestrian","Not a Pedestrian",433898,434034,"E01011346",2,"T or staggered junction","Daylight","Fine no high winds","Dry","Motorcyclist and pillion"
"5060","2016133841523",2016-08-04,2016,"Aug",4,"19:57",19,57,"Thursday","Slight",2,"Slight","Car occupant","Driver or rider","Male",44,"B","Dual carriageway",40,NA,"Not a Pedestrian","Not a Pedestrian",434120,433913,"E01011341",2,"Not at junction or within 20 metres","Daylight","Fine no high winds","Dry","Car occupant"
"5061","2016133851233",2016-08-05,2016,"Aug",5,"03:30",3,30,"Friday","Slight",1,"Slight","Pedestrian","Pedestrian","Female",19,"Unclassified","Single carriageway",30,NA,"In carriageway, crossing elsewhere","Unknown or other",429700,431103,"E01011372",1,"Not at junction or within 20 metres","Darkness - lights lit","Fine no high winds","Dry","Pedestrian"
"5062","2016133850395",2016-08-05,2016,"Aug",5,"09:20",9,20,"Friday","Slight",1,"Slight","Car occupant","Driver or rider","Female",30,"Unclassified","Single carriageway",30,"Unclassified","Not a Pedestrian","Not a Pedestrian",430539,436997,"E01011352",2,"Private drive or entrance","Daylight","Fine no high winds","Dry","Car occupant"