"","accident_index","date","year","month","day","time","time_hour","time_minute","day_of_week","accident_severity","number_of_casualties","casualty_severity","casualty_type","casualty_class","sex_of_casualty","age_of_casualty","first_road_class","road_type","speed_limit","second_road_class","pedestrian_location","pedestrian_movement","location_easting_osgr","location_northing_osgr","lsoa_of_accident_location","number_of_vehicles","junction_detail","light_conditions","weather_conditions","road_surface_conditions","cas_type"
"5146","20161338O0350",2016-08-24,2016,"Aug",24,"07:15",7,15,"Wednesday","Slight",1,"Slight","Cyclist","Driver or rider","Male",27,"Unclassified","Single carriageway",30,NA,"Not a Pedestrian","Not a Pedestrian",427488,427891,"E01032490",2,"Not at junction or within 20 metres","Daylight","Fine no high winds","Dry","Cyclist"
"5147","20161338O0395",2016-08-24,2016,"Aug",24,"08:20",8,20,"Wednesday","Slight",1,"Slight","Cyclist","Driver or rider","Male",43,"Unclassified","Roundabout",30,"Unclassified","Not a Pedestrian","Not a Pedestrian",422023,434376,"E01011587",2,"Mini-roundabout","Daylight","Fine no high winds","Dry","Cyclist"
"5148","20161338O0388",2016-08-24,2016,"Aug",24,"08:22",8,22,"Wednesday","Slight",1,"Slight","Motorcycle 125cc and under rider or passenger","Driver or rider","Female",35,"Unclassified","Single carriageway",30,"Unclassified","Not a Pedestrian","Not a Pedestrian",429394,435524,"E01011668",2,"T or staggered junction","Daylight","Fine no high winds","Dry","Motorcyclist and pillion"
"5149","20161338O0459",2016-08-24,2016,"Aug",24,"09:20",9,20,"Wednesday","Serious",1,"Serious","Cyclist","Driver or rider","Male",17,"Unclassified","Single carriageway",20,"A","Not a Pedestrian","Not a Pedestrian",425902,432233,"E01011730",2,"T or staggered junction","Daylight","Fine no high winds","Dry","Cyclist"
"5150","20161338O0501",2016-08-24,2016,"Aug",24,"09:54",9,54,"Wednesday","Slight",3,"Slight","Car occupant","Driver or rider","Female",40,"Unclassified","Dual carriageway",40,NA,"Not a Pedestrian","Not a Pedestrian",434092,434196,"E01011346",2,"Not at junction or within 20 metres","Daylight","Fine no high winds","Dry","Car occupant"
"5151","20161338O0570",2016-08-24,2016,"Aug",24,"10:30",10,30,"Wednesday","Slight",1,"Slight","Car occupant","Driver or rider","Female",35,"Unclassified","Single carriageway",30,NA,"Not a Pedestrian","Not a Pedestrian",432148,438744,"E01011652",2,"Not at junction or within 20 metres","Daylight","Fine no high winds","Dry","Car occupant"
"5152","20161338P0901",2016-08-24,2016,"Aug",24,"12:15",12,15,"Wednesday","Slight",1,"Slight","Pedestrian","Pedestrian","Male",33,"Unclassified","Single carriageway",30,NA,"In carriageway, not crossing","In carriageway, stationary - not crossing  (standing or playing)",429479,427285,"E01011497",1,"Not at junction or within 20 metres","Daylight","Fine no high winds","Dry","Pedestrian"
"5153","20161338O1281",2016-08-24,2016,"Aug",24,"16:33",16,33,"Wednesday","Serious",2,"Serious","Car occupant","Passenger","Female",26,"Motorway","Slip road",70,"A","Not a Pedestrian","Not a Pedestrian",430424,424253,"E01011537",1,"Slip road","Daylight","Fine no high winds","Dry","Car occupant"
"5154","20161338O1506",2016-08-24,2016,"Aug",24,"16:40",16,40,"Wednesday","Slight",1,"Slight","Car occupant","Passenger","Male",11,"A","Single carriageway",40,NA,"Not a Pedestrian","Not a Pedestrian",431935,435780,"E01011422",2,"Not at junction or within 20 metres","Daylight","Fine no high winds","Dry","Car occupant"
"5155","20161338O1409",2016-08-24,2016,"Aug",24,"16:50",16,50,"Wednesday","Slight",1,"Slight","Car occupant","Driver or rider","Female",65,"A","Single carriageway",30,"B","Not a Pedestrian","Not a Pedestrian",421079,436764,"E01011589",2,"T or staggered junction","Daylight","Fine no high winds","Dry","Car occupant"
"5156","20161338P0301",2016-08-24,2016,"Aug",24,"18:45",18,45,"Wednesday","Slight",1,"Slight","Bus or coach occupant (17 or more pass seats)","Passenger","Female",80,"Unclassified","Single carriageway",30,NA,"Not a Pedestrian","Not a Pedestrian",420319,445470,"E01011569",1,"Not at junction or within 20 metres","Daylight","Fine no high winds","Dry","Bus and goods vehicle occupant"
"5157","20161338O1671",2016-08-24,2016,"Aug",24,"19:26",19,26,"Wednesday","Slight",1,"Slight","Car occupant","Driver or rider","Male",42,"A","Dual carriageway",40,"Unclassified","Not a Pedestrian","Not a Pedestrian",434702,434556,"E01011341",2,"T or staggered junction","Darkness - lights lit","Fine no high winds","Dry","Car occupant"
"5158","20161338O1845",2016-08-24,2016,"Aug",24,"20:57",20,57,"Wednesday","Serious",1,"Serious","Motorcycle 125cc and under rider or passenger","Driver or rider","Male",22,"Unclassified","Single carriageway",30,NA,"Not a Pedestrian","Not a Pedestrian",423945,435413,"E01011329",2,"Not at junction or within 20 metres","Darkness - lights lit","Fine no high winds","Dry","Motorcyclist and pillion"
"5159","20161338P0284",2016-08-25,2016,"Aug",25,"07:42",7,42,"Thursday","Slight",1,"Slight","Car occupant","Passenger","Male",1,"B","Single carriageway",30,"Unclassified","Not a Pedestrian","Not a Pedestrian",444731,436447,"E01011297",2,"T or staggered junction","Daylight","Fine no high winds","Dry","Car occupant"
"5160","20161338P1011",2016-08-25,2016,"Aug",25,"15:05",15,5,"Thursday","Slight",2,"Slight","Pedestrian","Pedestrian","Female",77,"B","Single carriageway",30,"Unclassified","In carriageway, crossing elsewhere","Crossing from driver's nearside",440389,433269,"E01011396",1,"T or staggered junction","Daylight","Fine no high winds","Wet or damp","Pedestrian"
"5161","20161338P1020",2016-08-25,2016,"Aug",25,"15:10",15,10,"Thursday","Slight",2,"Slight","Car occupant","Driver or rider","Male",24,"Unclassified","Single carriageway",30,"Unclassified","Not a Pedestrian","Not a Pedestrian",429964,430996,"E01011312",2,"T or staggered junction","Daylight","Fine no high winds","Dry","Car occupant"
"5162","20161338P1294",2016-08-25,2016,"Aug",25,"17:00",17,0,"Thursday","Slight",1,"Slight","Pedestrian","Pedestrian","Male",17,"Unclassified","Single carriageway",30,NA,"Unknown or other","Unknown or other",432096,435513,"E01011430",1,"Not at junction or within 20 metres","Daylight","Fine no high winds","Dry","Pedestrian"
"5163","20161338P1414",2016-08-25,2016,"Aug",25,"18:00",18,0,"Thursday","Slight",1,"Slight","Pedestrian","Pedestrian","Female",27,"Unclassified","Dual carriageway",30,NA,"Crossing on pedestrian crossing facility","Crossing from driver's offside",430295,433389,"E01033010",1,"Not at junction or within 20 metres","Daylight","Raining no high winds","Wet or damp","Pedestrian"
"5164","20161338P1548",2016-08-25,2016,"Aug",25,"19:20",19,20,"Thursday","Slight",1,"Slight","Cyclist","Driver or rider","Male",15,"B","Single carriageway",30,NA,"Not a Pedestrian","Not a Pedestrian",425420,433191,"E01011725",2,"Not at junction or within 20 metres","Daylight","Unknown","Dry","Cyclist"
"5165","20161338Q0585",2016-08-26,2016,"Aug",26,"11:54",11,54,"Friday","Slight",1,"Slight","Pedestrian","Pedestrian","Female",68,"Unclassified","Single carriageway",30,NA,"Crossing on pedestrian crossing facility","Crossing from driver's offside",430079,433774,"E01033010",1,"Not at junction or within 20 metres","Daylight","Fine no high winds","Dry","Pedestrian"
"5166","20161338Q0698",2016-08-26,2016,"Aug",26,"12:45",12,45,"Friday","Slight",1,"Slight","Car occupant","Driver or rider","Female",32,"Unclassified","Single carriageway",30,"Unclassified","Not a Pedestrian","Not a Pedestrian",427914,434616,"E01011483",3,"T or staggered junction","Daylight","Fine no high winds","Dry","Car occupant"
"5167","20161338Q0879",2016-08-26,2016,"Aug",26,"14:08",14,8,"Friday","Slight",1,"Slight","Cyclist","Driver or rider","Male",39,"A","Dual carriageway",40,NA,"Not a Pedestrian","Not a Pedestrian",431208,433686,"E01033021",2,"Not at junction or within 20 metres","Daylight","Unknown","Dry","Cyclist"
"5168","20161338Q0909",2016-08-26,2016,"Aug",26,"14:20",14,20,"Friday","Slight",1,"Slight","Motorcycle over 500cc rider or passenger","Driver or rider","Male",55,"A","Single carriageway",40,"Unclassified","Not a Pedestrian","Not a Pedestrian",424636,444930,"E01011570",2,"T or staggered junction","Daylight","Unknown","Dry","Motorcyclist and pillion"
"5169","20161338Q1331",2016-08-26,2016,"Aug",26,"17:14",17,14,"Friday","Serious",1,"Serious","Car occupant","Passenger","Female",28,"Unclassified","One way street",40,"A(M)","Not a Pedestrian","Not a Pedestrian",429400,433822,"E01011678",2,"T or staggered junction","Daylight","Unknown","Dry","Car occupant"
"5170","20161338Q1557",2016-08-26,2016,"Aug",26,"19:00",19,0,"Friday","Slight",2,"Slight","Car occupant","Driver or rider","Male",24,"Motorway","Dual carriageway",50,NA,"Not a Pedestrian","Not a Pedestrian",428893,431659,"E01011366",4,"Not at junction or within 20 metres","Daylight","Fine no high winds","Dry","Car occupant"
"5171","20161338R0191",2016-08-27,2016,"Aug",27,"01:51",1,51,"Saturday","Slight",1,"Slight","Car occupant","Driver or rider","Male",52,"A","Single carriageway",30,NA,"Not a Pedestrian","Not a Pedestrian",429004,429914,"E01011320",3,"Not at junction or within 20 metres","Daylight","Fine no high winds","Dry","Car occupant"
"5172","20161338R0836",2016-08-27,2016,"Aug",27,"12:25",12,25,"Saturday","Slight",1,"Slight","Car occupant","Driver or rider","Male",27,"A","Single carriageway",30,NA,"Not a Pedestrian","Not a Pedestrian",440007,439595,"E01011309",3,"Not at junction or within 20 metres","Daylight","Fine no high winds","Dry","Car occupant"
"5173","20161338R1027",2016-08-27,2016,"Aug",27,"14:13",14,13,"Saturday","Serious",2,"Serious","Motorcycle over 500cc rider or passenger","Driver or rider","Male",23,"Unclassified","Single carriageway",30,NA,"Not a Pedestrian","Not a Pedestrian",419444,432681,"E01011606",2,"Not at junction or within 20 metres","Daylight","Raining no high winds","Wet or damp","Motorcyclist and pillion"
"5174","20161338R2158",2016-08-27,2016,"Aug",27,"21:58",21,58,"Saturday","Serious",2,"Serious","Car occupant","Driver or rider","Male",30,"A","One way street",60,"Unclassified","Not a Pedestrian","Not a Pedestrian",435431,439805,"E01011311",2,"Crossroads","Darkness - no lighting","Raining no high winds","Wet or damp","Car occupant"
"5175","20161338S0061",2016-08-27,2016,"Aug",27,"23:00",23,0,"Saturday","Slight",1,"Slight","Pedestrian","Pedestrian","Female",47,"Unclassified","Single carriageway",30,"Unclassified","In carriageway, crossing elsewhere","Crossing from driver's offside",428100,434754,"E01011447",1,"T or staggered junction","Darkness - lights lit","Raining no high winds","Wet or damp","Pedestrian"
"5176","20161338S0331",2016-08-28,2016,"Aug",28,"06:04",6,4,"Sunday","Slight",1,"Slight","Car occupant","Passenger","Male",32,"Motorway","Dual carriageway",70,NA,"Not a Pedestrian","Not a Pedestrian",431907,428158,"E01011502",2,"Not at junction or within 20 metres","Darkness - lights unlit","Raining no high winds","Wet or damp","Car occupant"
"5177","20161338S1482",2016-08-28,2016,"Aug",28,"10:00",10,0,"Sunday","Slight",1,"Slight","Car occupant","Driver or rider","Female",24,"Unclassified","Single carriageway",30,"Unclassified","Not a Pedestrian","Not a Pedestrian",431418,434089,"E01033035",2,"Crossroads","Daylight","Unknown","Dry","Car occupant"
"5178","20161338S0547",2016-08-28,2016,"Aug",28,"10:45",10,45,"Sunday","Slight",1,"Slight","Pedestrian","Pedestrian","Female",19,"Unclassified","One way street",30,NA,"Crossing on pedestrian crossing facility","Crossing from driver's nearside",430720,428166,"E01011490",1,"Not at junction or within 20 metres","Daylight","Fine no high winds","Dry","Pedestrian"
"5179","20161338S0582",2016-08-28,2016,"Aug",28,"11:30",11,30,"Sunday","Slight",1,"Slight","Pedestrian","Pedestrian","Female",19,"Unclassified","Single carriageway",30,"Unclassified","Unknown or other","Unknown or other",440175,438896,"E01011309",1,"T or staggered junction","Daylight","Fine no high winds","Dry","Pedestrian"
"5180","20161338S0736",2016-08-28,2016,"Aug",28,"13:00",13,0,"Sunday","Slight",1,"Slight","Car occupant","Driver or rider","Female",24,"A(M)","Dual carriageway",70,NA,"Not a Pedestrian","Not a Pedestrian",441357,445063,"E01011707",1,"Not at junction or within 20 metres","Daylight","Fine no high winds","Dry","Car occupant"
"5181","20161338S1196",2016-08-28,2016,"Aug",28,"17:05",17,5,"Sunday","Slight",1,"Slight","Motorcycle 125cc and under rider or passenger","Driver or rider","Male",26,"Unclassified","Single carriageway",30,NA,"Not a Pedestrian","Not a Pedestrian",434924,433092,"E01011415",2,"Not at junction or within 20 metres","Daylight","Unknown","Dry","Motorcyclist and pillion"
"5182","20161338S1854",2016-08-28,2016,"Aug",28,"22:45",22,45,"Sunday","Slight",1,"Slight","Car occupant","Driver or rider","Female",60,"A","Dual carriageway",30,"A","Not a Pedestrian","Not a Pedestrian",430694,433001,"E01033019",2,"Slip road","Darkness - lights lit","Fine no high winds","Wet or damp","Car occupant"
"5183","20161338T0435",2016-08-29,2016,"Aug",29,"07:09",7,9,"Monday","Serious",1,"Serious","Car occupant","Driver or rider","Male",20,"Motorway","Dual carriageway",70,NA,"Not a Pedestrian","Not a Pedestrian",438926,433971,"E01011410",1,"Not at junction or within 20 metres","Daylight","Fine no high winds","Dry","Car occupant"
"5184","20161338T1569",2016-08-29,2016,"Aug",29,"18:55",18,55,"Monday","Slight",1,"Slight","Cyclist","Driver or rider","Female",44,"Unclassified","Single carriageway",30,"Unclassified","Not a Pedestrian","Not a Pedestrian",432303,438830,"E01011653",2,"T or staggered junction","Daylight","Fine no high winds","Dry","Cyclist"
"5185","20161338T1944",2016-08-29,2016,"Aug",29,"21:42",21,42,"Monday","Slight",2,"Slight","Car occupant","Passenger","Female",2,"Unclassified","Single carriageway",30,"B","Not a Pedestrian","Not a Pedestrian",432438,434836,"E01011344",2,"Crossroads","Darkness - lights lit","Fine no high winds","Dry","Car occupant"
"5186","20161338U0330",2016-08-30,2016,"Aug",30,"07:40",7,40,"Tuesday","Slight",1,"Slight","Cyclist","Driver or rider","Male",35,"Unclassified","Single carriageway",30,"Unclassified","Not a Pedestrian","Not a Pedestrian",432057,435969,"E01011647",2,"T or staggered junction","Daylight","Fine no high winds","Dry","Cyclist"
"5187","20161338U0443",2016-08-30,2016,"Aug",30,"10:03",10,3,"Tuesday","Slight",1,"Slight","Cyclist","Driver or rider","Male",52,"Unclassified","Single carriageway",30,"Unclassified","Not a Pedestrian","Not a Pedestrian",428722,437083,"E01011691",2,"T or staggered junction","Daylight","Fine no high winds","Dry","Cyclist"
"5188","20161338U1015",2016-08-30,2016,"Aug",30,"15:07",15,7,"Tuesday","Slight",1,"Slight","Car occupant","Driver or rider","Male",62,"A","Dual carriageway",40,"A","Not a Pedestrian","Not a Pedestrian",428943,425984,"E01011538",3,"T or staggered junction","Daylight","Fine no high winds","Dry","Car occupant"
"5189","20161338U1180",2016-08-30,2016,"Aug",30,"16:15",16,15,"Tuesday","Slight",1,"Slight","Pedestrian","Pedestrian","Male",9,"Unclassified","Single carriageway",30,"Unclassified","In carriageway, crossing elsewhere","Crossing from driver's offside",434629,435509,"E01011664",1,"Other junction","Daylight","Fine no high winds","Dry","Pedestrian"
"5190","20161338U1210",2016-08-30,2016,"Aug",30,"16:30",16,30,"Tuesday","Slight",1,"Slight","Cyclist","Driver or rider","Male",8,"Unclassified","Single carriageway",30,NA,"Not a Pedestrian","Not a Pedestrian",429509,431018,"E01011375",2,"Not at junction or within 20 metres","Daylight","Fine no high winds","Dry","Cyclist"
"5191","20161338U1418",2016-08-30,2016,"Aug",30,"16:30",16,30,"Tuesday","Slight",1,"Slight","Bus or coach occupant (17 or more pass seats)","Passenger","Male",6,"Unclassified","One way street",30,NA,"Not a Pedestrian","Not a Pedestrian",427161,433522,"E01011293",1,"Not at junction or within 20 metres","Daylight","Fine no high winds","Wet or damp","Bus and goods vehicle occupant"
"5192","20161338V0289",2016-08-31,2016,"Aug",31,"07:35",7,35,"Wednesday","Serious",1,"Serious","Motorcycle 125cc and under rider or passenger","Driver or rider","Male",18,"A","Single carriageway",30,NA,"Not a Pedestrian","Not a Pedestrian",425106,427356,"E01011530",2,"Not at junction or within 20 metres","Daylight","Fine no high winds","Dry","Motorcyclist and pillion"
"5193","20161338V0296",2016-08-31,2016,"Aug",31,"07:46",7,46,"Wednesday","Slight",2,"Slight","Car occupant","Driver or rider","Male",37,"A","Single carriageway",40,"A","Not a Pedestrian","Not a Pedestrian",431249,445734,"E01011561",2,"T or staggered junction","Daylight","Unknown","Dry","Car occupant"
"5194","20161338V0314",2016-08-31,2016,"Aug",31,"07:55",7,55,"Wednesday","Slight",1,"Slight","Car occupant","Driver or rider","Male",23,"Unclassified","Slip road",40,"A","Not a Pedestrian","Not a Pedestrian",428967,433445,"E01033015",2,"Slip road","Daylight","Fine no high winds","Dry","Car occupant"
"5195","2016133970563",2016-08-31,2016,"Aug",31,"09:00",9,0,"Wednesday","Serious",1,"Serious","Motorcycle over 500cc rider or passenger","Driver or rider","Male",44,"Unclassified","Single carriageway",30,NA,"Not a Pedestrian","Not a Pedestrian",430277,431184,"E01011374",2,"Not at junction or within 20 metres","Daylight","Unknown","Dry","Motorcyclist and pillion"
"5196","20161338V1144",2016-08-31,2016,"Aug",31,"16:04",16,4,"Wednesday","Slight",1,"Slight","Pedestrian","Pedestrian","Female",85,"Unclassified","Single carriageway",30,"Unclassified","In carriageway, crossing elsewhere","Crossing from driver's nearside",428898,439998,"E01011554",1,"T or staggered junction","Daylight","Fine no high winds","Dry","Pedestrian"
"5197","20161338V1336",2016-08-31,2016,"Aug",31,"18:00",18,0,"Wednesday","Slight",1,"Slight","Cyclist","Driver or rider","Male",39,"Unclassified","Single carriageway",30,"Unclassified","Not a Pedestrian","Not a Pedestrian",431691,435736,"E01011426",2,"Crossroads","Daylight","Fine no high winds","Dry","Cyclist"
"5198","20161338V1509",2016-08-31,2016,"Aug",31,"19:30",19,30,"Wednesday","Slight",1,"Slight","Pedestrian","Pedestrian","Male",13,"Unclassified","Single carriageway",30,"Unclassified","In carriageway, crossing elsewhere","Crossing from driver's offside",427299,433371,"E01011293",1,"T or staggered junction","Daylight","Fine no high winds","Dry","Pedestrian"
"5199","2016133910228",2016-09-01,2016,"Sep",1,"06:55",6,55,"Thursday","Slight",1,"Slight","Car occupant","Driver or rider","Female",38,"Motorway","Slip road",60,"A","Not a Pedestrian","Not a Pedestrian",435910,425857,"E01011636",2,"Roundabout","Daylight","Fine no high winds","Dry","Car occupant"
"5200","2016133911134",2016-09-01,2016,"Sep",1,"07:50",7,50,"Thursday","Slight",1,"Slight","Cyclist","Driver or rider","Male",59,"Unclassified","Single carriageway",30,"Unclassified","Not a Pedestrian","Not a Pedestrian",431085,434206,"E01033031",2,"Crossroads","Daylight","Fine no high winds","Dry","Cyclist"
"5201","2016133910363",2016-09-01,2016,"Sep",1,"09:22",9,22,"Thursday","Slight",1,"Slight","Cyclist","Driver or rider","Male",32,"Unclassified","Single carriageway",30,NA,"Not a Pedestrian","Not a Pedestrian",432820,432033,"E01011621",2,"Not at junction or within 20 metres","Daylight","Fine no high winds","Dry","Cyclist"
"5202","2016133910399",2016-09-01,2016,"Sep",1,"09:47",9,47,"Thursday","Serious",1,"Serious","Motorcycle over 125cc and up to 500cc rider or  passenger","Driver or rider","Female",31,"Unclassified","Single carriageway",30,"Unclassified","Not a Pedestrian","Not a Pedestrian",428543,434276,"E01011681",2,"T or staggered junction","Daylight","Fine no high winds","Dry","Motorcyclist and pillion"
"5203","2016133910481",2016-09-01,2016,"Sep",1,"10:54",10,54,"Thursday","Slight",2,"Slight","Car occupant","Passenger","Female",60,"Motorway","Dual carriageway",70,NA,"Not a Pedestrian","Not a Pedestrian",434993,425884,"E01011636",4,"Not at junction or within 20 metres","Daylight","Fine no high winds","Dry","Car occupant"
"5204","2016133911896",2016-09-01,2016,"Sep",1,"17:25",17,25,"Thursday","Slight",2,"Slight","Car occupant","Driver or rider","Female",50,"A","Single carriageway",60,NA,"Not a Pedestrian","Not a Pedestrian",440117,445945,"E01011696",2,"Not at junction or within 20 metres","Daylight","Unknown","Dry","Car occupant"
"5205","2016133911223",2016-09-01,2016,"Sep",1,"17:32",17,32,"Thursday","Serious",1,"Serious","Motorcycle 125cc and under rider or passenger","Driver or rider","Male",21,"Unclassified","Single carriageway",30,"Unclassified","Not a Pedestrian","Not a Pedestrian",424984,432685,"E01011726",2,"T or staggered junction","Daylight","Fine no high winds","Dry","Motorcyclist and pillion"
"5206","2016133920666",2016-09-02,2016,"Sep",2,"11:55",11,55,"Friday","Slight",2,"Slight","Car occupant","Driver or rider","Male",86,"Unclassified","Single carriageway",30,"Unclassified","Not a Pedestrian","Not a Pedestrian",420804,436820,"E01011589",2,"Crossroads","Daylight","Fine no high winds","Dry","Car occupant"
"5207","2016133920679",2016-09-02,2016,"Sep",2,"12:00",12,0,"Friday","Serious",1,"Serious","Cyclist","Driver or rider","Male",22,"Unclassified","Single carriageway",30,NA,"Not a Pedestrian","Not a Pedestrian",431190,434501,"E01033031",2,"Not at junction or within 20 metres","Daylight","Fine no high winds","Dry","Cyclist"
"5208","2016133920772",2016-09-02,2016,"Sep",2,"13:00",13,0,"Friday","Slight",1,"Slight","Cyclist","Driver or rider","Male",31,"Unclassified","Single carriageway",30,NA,"Not a Pedestrian","Not a Pedestrian",432625,434590,"E01011344",2,"Not at junction or within 20 metres","Daylight","Fine no high winds","Dry","Cyclist"
"5209","2016133921129",2016-09-02,2016,"Sep",2,"15:40",15,40,"Friday","Slight",2,"Slight","Car occupant","Passenger","Female",38,"A","Single carriageway",40,NA,"Not a Pedestrian","Not a Pedestrian",425421,443198,"E01011576",3,"Not at junction or within 20 metres","Daylight","Fine no high winds","Dry","Car occupant"
"5210","2016133921283",2016-09-02,2016,"Sep",2,"16:25",16,25,"Friday","Slight",1,"Slight","Car occupant","Driver or rider","Female",36,"B","Roundabout",30,"Unclassified","Not a Pedestrian","Not a Pedestrian",422023,434372,"E01011587",2,"Roundabout","Daylight","Fine no high winds","Dry","Car occupant"
"5211","2016133921235",2016-09-02,2016,"Sep",2,"16:30",16,30,"Friday","Slight",1,"Slight","Car occupant","Driver or rider","Female",23,"A","Dual carriageway",40,"Unclassified","Not a Pedestrian","Not a Pedestrian",429738,430550,"E01011322",2,"T or staggered junction","Daylight","Fine no high winds","Dry","Car occupant"
"5212","2016133921278",2016-09-02,2016,"Sep",2,"16:45",16,45,"Friday","Slight",3,"Slight","Car occupant","Driver or rider","Male",82,"Unclassified","Single carriageway",30,NA,"Not a Pedestrian","Not a Pedestrian",420622,433728,"E01011613",2,"Not at junction or within 20 metres","Daylight","Fine no high winds","Dry","Car occupant"
"5213","2016133921395",2016-09-02,2016,"Sep",2,"17:30",17,30,"Friday","Slight",1,"Slight","Car occupant","Driver or rider","Female",40,"Unclassified","Single carriageway",30,NA,"Not a Pedestrian","Not a Pedestrian",436138,435674,"E01011724",2,"Not at junction or within 20 metres","Daylight","Fine no high winds","Dry","Car occupant"
"5214","20161339T1918",2016-09-02,2016,"Sep",2,"18:00",18,0,"Friday","Slight",1,"Slight","Pedestrian","Pedestrian","Female",11,"Unclassified","Single carriageway",30,NA,"Crossing elsewhere within 50m. of pedestrian crossing","Crossing from driver's nearside",434066,433354,"E01011616",1,"Not at junction or within 20 metres","Daylight","Fine no high winds","Dry","Pedestrian"
"5215","2016133921449",2016-09-02,2016,"Sep",2,"18:07",18,7,"Friday","Slight",1,"Slight","Motorcycle 50cc and under rider or passenger","Driver or rider","Male",15,"Unclassified","Single carriageway",30,"Unclassified","Not a Pedestrian","Not a Pedestrian",429479,431201,"E01011373",2,"Crossroads","Daylight","Fine no high winds","Dry","Motorcyclist and pillion"
"5216","2016133930215",2016-09-03,2016,"Sep",3,"02:35",2,35,"Saturday","Slight",1,"Slight","Car occupant","Driver or rider","Female",22,"Unclassified","Single carriageway",30,NA,"Not a Pedestrian","Not a Pedestrian",431514,438536,"E01011511",2,"Not at junction or within 20 metres","Darkness - lights lit","Fine no high winds","Dry","Car occupant"
"5217","2016133930839",2016-09-03,2016,"Sep",3,"13:05",13,5,"Saturday","Serious",1,"Serious","Car occupant","Driver or rider","Male",64,"Unclassified","Single carriageway",30,NA,"Not a Pedestrian","Not a Pedestrian",422424,432775,"E01011604",3,"Not at junction or within 20 metres","Daylight","Raining no high winds","Wet or damp","Car occupant"
"5218","2016133930957",2016-09-03,2016,"Sep",3,"14:25",14,25,"Saturday","Slight",6,"Slight","Car occupant","Driver or rider","Male",53,"Unclassified","Single carriageway",30,"Unclassified","Not a Pedestrian","Not a Pedestrian",431229,434786,"E01011673",2,"Crossroads","Daylight","Raining no high winds","Wet or damp","Car occupant"
"5219","2016133931321",2016-09-03,2016,"Sep",3,"15:30",15,30,"Saturday","Slight",1,"Slight","Car occupant","Driver or rider","Female",27,"B","Single carriageway",30,"Unclassified","Not a Pedestrian","Not a Pedestrian",427519,435875,"E01032945",2,"T or staggered junction","Daylight","Fine no high winds","Wet or damp","Car occupant"
"5220","2016133931892",2016-09-03,2016,"Sep",3,"23:50",23,50,"Saturday","Slight",1,"Slight","Taxi/Private hire car occupant","Passenger","Female",22,"Unclassified","Single carriageway",30,NA,"Not a Pedestrian","Not a Pedestrian",428750,434077,"E01011681",2,"Not at junction or within 20 metres","Darkness - lights lit","Fine no high winds","Wet or damp","Car occupant"
"5221","2016133940394",2016-09-04,2016,"Sep",4,"08:00",8,0,"Sunday","Slight",1,"Slight","Car occupant","Driver or rider","Male",34,"Unclassified","Single carriageway",30,"Unclassified","Not a Pedestrian","Not a Pedestrian",428526,432685,"E01011363",2,"T or staggered junction","Daylight","Fine no high winds","Dry","Car occupant"
"5222","2016133940520",2016-09-04,2016,"Sep",4,"10:25",10,25,"Sunday","Serious",3,"Serious","Car occupant","Driver or rider","Male",21,"A","Single carriageway",60,NA,"Not a Pedestrian","Not a Pedestrian",423345,444486,"E01011570",2,"Not at junction or within 20 metres","Daylight","Fine no high winds","Wet or damp","Car occupant"
"5223","2016133941184",2016-09-04,2016,"Sep",4,"11:07",11,7,"Sunday","Slight",1,"Slight","Car occupant","Passenger","Female",28,"Unclassified","Single carriageway",30,NA,"Not a Pedestrian","Not a Pedestrian",431919,435708,"E01011428",2,"Not at junction or within 20 metres","Daylight","Fine no high winds","Dry","Car occupant"
"5224","2016133941118",2016-09-04,2016,"Sep",4,"16:30",16,30,"Sunday","Slight",4,"Slight","Car occupant","Driver or rider","Female",28,"Motorway","Slip road",70,"Motorway","Not a Pedestrian","Not a Pedestrian",437762,432564,"E01011402",2,"Slip road","Daylight","Raining no high winds","Wet or damp","Car occupant"
"5225","2016133950236",2016-09-05,2016,"Sep",5,"06:18",6,18,"Monday","Serious",1,"Serious","Car occupant","Driver or rider","Female",42,"Motorway","Dual carriageway",70,NA,"Not a Pedestrian","Not a Pedestrian",429615,426434,"E01011538",2,"Not at junction or within 20 metres","Daylight","Fine no high winds","Dry","Car occupant"
"5226","2016133950384",2016-09-05,2016,"Sep",5,"09:25",9,25,"Monday","Slight",1,"Slight","Pedestrian","Pedestrian","Female",69,"Unclassified","Single carriageway",30,NA,"On footway or verge","Unknown or other",425907,428597,"E01011532",1,"Not at junction or within 20 metres","Daylight","Fine no high winds","Dry","Pedestrian"
"5227","2016133950667",2016-09-05,2016,"Sep",5,"13:00",13,0,"Monday","Slight",1,"Slight","Motorcycle 125cc and under rider or passenger","Driver or rider","Male",20,"Unclassified","Single carriageway",30,"Unclassified","Not a Pedestrian","Not a Pedestrian",436816,443228,"E01011713",1,"T or staggered junction","Daylight","Fine no high winds","Dry","Motorcyclist and pillion"
"5228","2016133951224",2016-09-05,2016,"Sep",5,"16:50",16,50,"Monday","Slight",1,"Slight","Cyclist","Driver or rider","Male",34,"A","Dual carriageway",30,NA,"Not a Pedestrian","Not a Pedestrian",428520,433927,"E01011363",2,"Not at junction or within 20 metres","Daylight","Fine no high winds","Dry","Cyclist"
"5229","2016133960729",2016-09-06,2016,"Sep",6,"13:07",13,7,"Tuesday","Slight",1,"Slight","Pedestrian","Pedestrian","Female",16,"A","Dual carriageway",40,NA,"Crossing on pedestrian crossing facility","Crossing from driver's nearside",432183,433601,"E01011623",1,"Not at junction or within 20 metres","Daylight","Fine no high winds","Dry","Pedestrian"