"","accident_index","date","year","month","day","time","time_hour","time_minute","day_of_week","accident_severity","number_of_casualties","casualty_severity","casualty_type","casualty_class","sex_of_casualty","age_of_casualty","first_road_class","road_type","speed_limit","second_road_class","pedestrian_location","pedestrian_movement","location_easting_osgr","location_northing_osgr","lsoa_of_accident_location","number_of_vehicles","junction_detail","light_conditions","weather_conditions","road_surface_conditions","cas_type"
"5230","2016133960903",2016-09-06,2016,"Sep",6,"14:45",14,45,"Tuesday","Slight",1,"Slight","Car occupant","Driver or rider","Male",53,"A","Single carriageway",40,NA,"Not a Pedestrian","Not a Pedestrian",421146,439328,"E01011457",1,"Not at junction or within 20 metres","Daylight","Fine no high winds","Dry","Car occupant"
"5231","2016133971286",2016-09-07,2016,"Sep",7,"17:05",17,5,"Wednesday","Slight",1,"Slight","Cyclist","Driver or rider","Male",8,"Unclassified","Single carriageway",30,NA,"Not a Pedestrian","Not a Pedestrian",429561,431591,"E01011364",2,"Not at junction or within 20 metres","Daylight","Fine no high winds","Dry","Cyclist"
"5232","2016133971440",2016-09-07,2016,"Sep",7,"18:14",18,14,"Wednesday","Slight",1,"Slight","Taxi/Private hire car occupant","Passenger","Female",78,"Unclassified","Single carriageway",30,NA,"Not a Pedestrian","Not a Pedestrian",435070,435737,"E01011664",1,"Not at junction or within 20 metres","Daylight","Unknown","Dry","Car occupant"
"5233","2016133980286",2016-09-08,2016,"Sep",8,"08:20",8,20,"Thursday","Slight",1,"Slight","Cyclist","Driver or rider","Male",40,"A","Single carriageway",30,"Unclassified","Not a Pedestrian","Not a Pedestrian",427322,437204,"E01011690",2,"T or staggered junction","Daylight","Fine no high winds","Dry","Cyclist"
"5234","2016133980593",2016-09-08,2016,"Sep",8,"11:40",11,40,"Thursday","Slight",1,"Slight","Pedestrian","Pedestrian","Female",22,"Unclassified","Single carriageway",30,NA,"On footway or verge","Unknown or other",431233,433776,"E01033031",2,"Not at junction or within 20 metres","Daylight","Fine no high winds","Dry","Pedestrian"
"5235","2016133981785",2016-09-08,2016,"Sep",8,"22:20",22,20,"Thursday","Serious",2,"Serious","Car occupant","Passenger","Male",13,"Motorway","Dual carriageway",70,NA,"Not a Pedestrian","Not a Pedestrian",427300,426244,"E01011550",2,"Not at junction or within 20 metres","Darkness - lights lit","Fine no high winds","Dry","Car occupant"
"5236","2016133990592",2016-09-09,2016,"Sep",9,"11:42",11,42,"Friday","Slight",1,"Slight","Car occupant","Passenger","Female",71,"A","Single carriageway",30,"Unclassified","Not a Pedestrian","Not a Pedestrian",434673,428174,"E01011633",2,"T or staggered junction","Daylight","Unknown","Dry","Car occupant"
"5237","2016133960599",2016-09-09,2016,"Sep",9,"12:05",12,5,"Friday","Slight",1,"Slight","Car occupant","Driver or rider","Female",51,"Unclassified","Single carriageway",30,"Unclassified","Not a Pedestrian","Not a Pedestrian",430711,436959,"E01011352",2,"Private drive or entrance","Daylight","Fine no high winds","Dry","Car occupant"
"5238","2016133990740",2016-09-09,2016,"Sep",9,"13:03",13,3,"Friday","Slight",1,"Slight","Cyclist","Driver or rider","Male",18,"A","Roundabout",30,"A","Not a Pedestrian","Not a Pedestrian",418152,442485,"E01011266",2,"Roundabout","Daylight","Fine no high winds","Dry","Cyclist"
"5239","2016133990889",2016-09-09,2016,"Sep",9,"14:05",14,5,"Friday","Slight",2,"Slight","Car occupant","Driver or rider","Female",41,"A","Dual carriageway",40,"Unclassified","Not a Pedestrian","Not a Pedestrian",430466,435596,"E01011357",2,"T or staggered junction","Daylight","Fine no high winds","Dry","Car occupant"
"5240","20161339B0466",2016-09-10,2016,"Sep",10,"11:45",11,45,"Saturday","Slight",3,"Slight","Car occupant","Driver or rider","Male",36,"B","Single carriageway",30,"B","Not a Pedestrian","Not a Pedestrian",425635,433081,"E01011725",2,"T or staggered junction","Daylight","Fine no high winds","Dry","Car occupant"
"5241","20161339A1569",2016-09-10,2016,"Sep",10,"19:30",19,30,"Saturday","Slight",2,"Slight","Car occupant","Driver or rider","Female",29,"A","Single carriageway",40,"Unclassified","Not a Pedestrian","Not a Pedestrian",436761,437359,"E01011714",2,"T or staggered junction","Daylight","Fine no high winds","Dry","Car occupant"
"5242","20161339A2102",2016-09-10,2016,"Sep",10,"23:45",23,45,"Saturday","Serious",1,"Serious","Pedestrian","Pedestrian","Male",21,"A","Single carriageway",40,NA,"In carriageway, not crossing","Walking along in carriageway, facing traffic",429283,435052,"E01033005",1,"Not at junction or within 20 metres","Darkness - lights lit","Fine no high winds","Dry","Pedestrian"
"5243","20161339B0766",2016-09-11,2016,"Sep",11,"11:35",11,35,"Sunday","Slight",4,"Slight","Car occupant","Driver or rider","Female",24,"Unclassified","Single carriageway",30,"Unclassified","Not a Pedestrian","Not a Pedestrian",431911,432896,"E01011626",2,"T or staggered junction","Daylight","Fine no high winds","Dry","Car occupant"
"5244","20161339B0890",2016-09-11,2016,"Sep",11,"12:31",12,31,"Sunday","Slight",1,"Slight","Cyclist","Driver or rider","Female",70,"A","Single carriageway",60,NA,"Not a Pedestrian","Not a Pedestrian",429627,426921,"E01032495",2,"Not at junction or within 20 metres","Daylight","Fine no high winds","Dry","Cyclist"
"5245","20161339C0309",2016-09-12,2016,"Sep",12,"08:40",8,40,"Monday","Slight",1,"Slight","Car occupant","Driver or rider","Female",29,"Motorway","Dual carriageway",50,NA,"Not a Pedestrian","Not a Pedestrian",431334,430535,"E01011472",3,"Not at junction or within 20 metres","Daylight","Fine no high winds","Dry","Car occupant"
"5246","20161339C1406",2016-09-12,2016,"Sep",12,"17:00",17,0,"Monday","Slight",1,"Slight","Pedestrian","Pedestrian","Female",12,"B","Single carriageway",30,NA,"In carriageway, crossing elsewhere","Crossing from driver's nearside",423162,435004,"E01011335",1,"Not at junction or within 20 metres","Daylight","Fine no high winds","Dry","Pedestrian"
"5247","20161339C1804",2016-09-12,2016,"Sep",12,"21:38",21,38,"Monday","Serious",1,"Serious","Motorcycle 125cc and under rider or passenger","Driver or rider","Male",22,"Unclassified","Single carriageway",30,"Unclassified","Not a Pedestrian","Not a Pedestrian",433090,435295,"E01011431",2,"T or staggered junction","Darkness - lights lit","Fine no high winds","Dry","Motorcyclist and pillion"
"5248","20161339D0191",2016-09-13,2016,"Sep",13,"03:50",3,50,"Tuesday","Serious",1,"Serious","Motorcycle 125cc and under rider or passenger","Driver or rider","Male",20,"Unclassified","Single carriageway",30,"Unclassified","Not a Pedestrian","Not a Pedestrian",428327,430445,"E01011317",1,"Other junction","Darkness - lights lit","Fine no high winds","Dry","Motorcyclist and pillion"
"5249","20161339D0394",2016-09-13,2016,"Sep",13,"08:55",8,55,"Tuesday","Serious",3,"Serious","Car occupant","Driver or rider","Female",29,"A","Single carriageway",30,"A","Not a Pedestrian","Not a Pedestrian",424928,427644,"E01011530",2,"Crossroads","Daylight","Fine no high winds","Dry","Car occupant"
"5250","20161339D0592",2016-09-13,2016,"Sep",13,"10:50",10,50,"Tuesday","Serious",1,"Serious","Pedestrian","Pedestrian","Male",63,"Unclassified","Single carriageway",30,NA,"In carriageway, crossing elsewhere","Crossing from driver's offside",419073,444870,"E01011571",1,"Not at junction or within 20 metres","Daylight","Fine no high winds","Dry","Pedestrian"
"5251","20161339D0889",2016-09-13,2016,"Sep",13,"13:35",13,35,"Tuesday","Slight",1,"Slight","Cyclist","Driver or rider","Male",46,"Unclassified","Single carriageway",30,"Unclassified","Not a Pedestrian","Not a Pedestrian",430895,435533,"E01011361",2,"T or staggered junction","Daylight","Fine no high winds","Dry","Cyclist"
"5252","20161339D1125",2016-09-13,2016,"Sep",13,"15:25",15,25,"Tuesday","Serious",1,"Serious","Pedestrian","Pedestrian","Male",9,"Unclassified","Single carriageway",30,NA,"In carriageway, crossing elsewhere","Crossing from nearside - masked by parked or stationary vehicle",438218,440485,"E01011310",1,"Not at junction or within 20 metres","Daylight","Fine no high winds","Dry","Pedestrian"
"5253","20161339D1442",2016-09-13,2016,"Sep",13,"16:20",16,20,"Tuesday","Slight",3,"Slight","Car occupant","Driver or rider","Male",57,"A","Single carriageway",30,NA,"Not a Pedestrian","Not a Pedestrian",426287,435737,"E01011488",2,"Not at junction or within 20 metres","Daylight","Fine no high winds","Dry","Car occupant"
"5254","20161339D0001",2016-09-13,2016,"Sep",13,"19:25",19,25,"Tuesday","Slight",1,"Slight","Motorcycle 125cc and under rider or passenger","Driver or rider","Female",43,"B","Single carriageway",60,"A","Not a Pedestrian","Not a Pedestrian",445976,431196,"E01011299",2,"T or staggered junction","Darkness - no lighting","Fine no high winds","Dry","Motorcyclist and pillion"
"5255","20161339E1119",2016-09-14,2016,"Sep",14,"15:45",15,45,"Wednesday","Slight",1,"Slight","Car occupant","Driver or rider","Female",28,"Unclassified","One way street",30,"Unclassified","Not a Pedestrian","Not a Pedestrian",429238,437207,"E01011688",2,"T or staggered junction","Daylight","Fine no high winds","Dry","Car occupant"
"5256","20161339E1128",2016-09-14,2016,"Sep",14,"15:45",15,45,"Wednesday","Slight",1,"Slight","Pedestrian","Pedestrian","Male",33,"Unclassified","Single carriageway",30,"Unclassified","In carriageway, crossing elsewhere","Crossing from driver's nearside",430756,438436,"E01011514",1,"Crossroads","Daylight","Fine no high winds","Dry","Pedestrian"
"5257","20161339F0065",2016-09-15,2016,"Sep",15,"00:51",0,51,"Thursday","Slight",1,"Slight","Taxi/Private hire car occupant","Driver or rider","Male",45,"Unclassified","Single carriageway",30,"Unclassified","Not a Pedestrian","Not a Pedestrian",428089,435417,"E01011446",2,"T or staggered junction","Darkness - lights lit","Fine no high winds","Dry","Car occupant"
"5258","20161339F0994",2016-09-15,2016,"Sep",15,"14:15",14,15,"Thursday","Slight",1,"Slight","Motorcycle 125cc and under rider or passenger","Driver or rider","Male",32,"A","Single carriageway",30,NA,"Not a Pedestrian","Not a Pedestrian",425731,428087,"E01011532",1,"Not at junction or within 20 metres","Daylight","Fine no high winds","Dry","Motorcyclist and pillion"
"5259","20161339F1107",2016-09-15,2016,"Sep",15,"15:21",15,21,"Thursday","Slight",1,"Slight","Car occupant","Driver or rider","Female",23,"A","Single carriageway",30,"Unclassified","Not a Pedestrian","Not a Pedestrian",427797,434429,"E01011483",2,"T or staggered junction","Daylight","Fine no high winds","Dry","Car occupant"
"5260","20161339F1406",2016-09-15,2016,"Sep",15,"17:30",17,30,"Thursday","Serious",1,"Serious","Pedestrian","Pedestrian","Male",9,"Unclassified","Single carriageway",30,NA,"Crossing on pedestrian crossing facility","Crossing from driver's offside",429492,439370,"E01011559",1,"Not at junction or within 20 metres","Daylight","Fine no high winds","Dry","Pedestrian"
"5261","20161339F1462",2016-09-15,2016,"Sep",15,"18:05",18,5,"Thursday","Slight",3,"Slight","Taxi/Private hire car occupant","Passenger","Female",33,"A","Single carriageway",30,"B","Not a Pedestrian","Not a Pedestrian",428510,433040,"E01011363",2,"Roundabout","Daylight","Fine no high winds","Dry","Car occupant"
"5262","20161339F1824",2016-09-15,2016,"Sep",15,"20:30",20,30,"Thursday","Slight",1,"Slight","Taxi/Private hire car occupant","Passenger","Female",27,"Unclassified","Dual carriageway",30,"Unclassified","Not a Pedestrian","Not a Pedestrian",427275,433490,"E01011293",2,"T or staggered junction","Darkness - lights lit","Unknown","Dry","Car occupant"
"5263","20161339K1759",2016-09-16,2016,"Sep",16,"09:05",9,5,"Friday","Slight",1,"Slight","Pedestrian","Pedestrian","Male",42,"Unclassified","One way street",30,"Unclassified","Unknown or other","Unknown or other",429858,432313,"E01033032",1,"Crossroads","Daylight","Fine no high winds","Dry","Pedestrian"
"5264","20161339G0414",2016-09-16,2016,"Sep",16,"09:29",9,29,"Friday","Serious",1,"Serious","Cyclist","Driver or rider","Male",53,"Unclassified","Single carriageway",30,NA,"Not a Pedestrian","Not a Pedestrian",429859,433411,"E01033016",1,"Not at junction or within 20 metres","Daylight","Raining no high winds","Wet or damp","Cyclist"
"5265","20161339G0908",2016-09-16,2016,"Sep",16,"14:10",14,10,"Friday","Slight",1,"Slight","Car occupant","Driver or rider","Male",48,"A","Dual carriageway",40,NA,"Not a Pedestrian","Not a Pedestrian",429897,436857,"E01011355",2,"Not at junction or within 20 metres","Daylight","Fine no high winds","Dry","Car occupant"
"5266","20161339G1195",2016-09-16,2016,"Sep",16,"15:40",15,40,"Friday","Slight",1,"Slight","Bus or coach occupant (17 or more pass seats)","Passenger","Male",75,"Unclassified","Single carriageway",30,NA,"Not a Pedestrian","Not a Pedestrian",422077,434191,"E01011587",1,"Not at junction or within 20 metres","Daylight","Fine no high winds","Dry","Bus and goods vehicle occupant"
"5267","20161339G1212",2016-09-16,2016,"Sep",16,"16:40",16,40,"Friday","Serious",3,"Slight","Car occupant","Driver or rider","Male",33,"A","Single carriageway",40,"Unclassified","Not a Pedestrian","Not a Pedestrian",420048,437089,"E01011590",3,"T or staggered junction","Daylight","Fine no high winds","Dry","Car occupant"
"5268","20161339G1331",2016-09-16,2016,"Sep",16,"17:35",17,35,"Friday","Slight",1,"Slight","Pedestrian","Pedestrian","Male",5,"Unclassified","Single carriageway",20,NA,"Unknown or other","Crossing from driver's nearside",431494,435607,"E01011426",1,"Not at junction or within 20 metres","Daylight","Fine no high winds","Dry","Pedestrian"
"5269","20161339G1445",2016-09-16,2016,"Sep",16,"18:20",18,20,"Friday","Serious",4,"Serious","Car occupant","Driver or rider","Male",27,"Unclassified","Single carriageway",30,NA,"Not a Pedestrian","Not a Pedestrian",429344,439071,"E01011559",2,"Not at junction or within 20 metres","Daylight","Fine no high winds","Dry","Car occupant"
"5270","20161339G1452",2016-09-16,2016,"Sep",16,"18:20",18,20,"Friday","Slight",1,"Slight","Car occupant","Driver or rider","Female",22,"Unclassified","Single carriageway",30,"Unclassified","Not a Pedestrian","Not a Pedestrian",429116,432175,"E01011364",2,"T or staggered junction","Daylight","Fine no high winds","Dry","Car occupant"
"5271","20161339G1621",2016-09-16,2016,"Sep",16,"19:30",19,30,"Friday","Slight",1,"Slight","Car occupant","Driver or rider","Female",32,"Motorway","Dual carriageway",70,"A","Not a Pedestrian","Not a Pedestrian",431012,424619,"E01011537",2,"Slip road","Darkness - lights lit","Fine no high winds","Dry","Car occupant"
"5272","20161339G1786",2016-09-16,2016,"Sep",16,"21:01",21,1,"Friday","Slight",1,"Slight","Car occupant","Driver or rider","Male",65,"Unclassified","Single carriageway",30,"Unclassified","Not a Pedestrian","Not a Pedestrian",431399,435025,"E01011673",2,"Crossroads","Darkness - lights lit","Unknown","Dry","Car occupant"
"5273","20161339H0171",2016-09-17,2016,"Sep",17,"02:05",2,5,"Saturday","Serious",1,"Serious","Car occupant","Driver or rider","Male",19,"Unclassified","Single carriageway",30,NA,"Not a Pedestrian","Not a Pedestrian",432781,439114,"E01011651",2,"Not at junction or within 20 metres","Daylight","Fine no high winds","Dry","Car occupant"
"5274","20161339H0967",2016-09-17,2016,"Sep",17,"14:17",14,17,"Saturday","Slight",1,"Slight","Cyclist","Driver or rider","Male",33,"A","Roundabout",30,"Unclassified","Not a Pedestrian","Not a Pedestrian",432341,433706,"E01011348",2,"Roundabout","Daylight","Unknown","Dry","Cyclist"
"5275","20161339H1391",2016-09-17,2016,"Sep",17,"18:09",18,9,"Saturday","Slight",1,"Slight","Car occupant","Driver or rider","Female",45,"Unclassified","Single carriageway",30,"A","Not a Pedestrian","Not a Pedestrian",424526,437060,"E01011453",2,"T or staggered junction","Daylight","Fine no high winds","Dry","Car occupant"
"5276","2016133CF0801",2016-09-17,2016,"Sep",17,"20:00",20,0,"Saturday","Slight",1,"Slight","Car occupant","Driver or rider","Female",46,"Unclassified","Single carriageway",30,"Unclassified","Not a Pedestrian","Not a Pedestrian",430936,429941,"E01011472",2,"Mini-roundabout","Darkness - lights lit","Fine no high winds","Dry","Car occupant"
"5277","20161339H1871",2016-09-17,2016,"Sep",17,"22:08",22,8,"Saturday","Slight",2,"Slight","Car occupant","Driver or rider","Male",19,"Unclassified","Dual carriageway",30,"Unclassified","Not a Pedestrian","Not a Pedestrian",431210,433748,"E01033031",3,"T or staggered junction","Daylight","Fine no high winds","Dry","Car occupant"
"5278","20161339I0261",2016-09-18,2016,"Sep",18,"02:55",2,55,"Sunday","Serious",1,"Serious","Car occupant","Driver or rider","Male",56,"A","Single carriageway",50,NA,"Not a Pedestrian","Not a Pedestrian",442623,428166,"E01011299",2,"Not at junction or within 20 metres","Daylight","Fine no high winds","Dry","Car occupant"
"5279","20161339I1421",2016-09-18,2016,"Sep",18,"17:44",17,44,"Sunday","Slight",2,"Slight","Car occupant","Driver or rider","Female",20,"Unclassified","Single carriageway",30,"Unclassified","Not a Pedestrian","Not a Pedestrian",431158,435487,"E01011361",2,"Crossroads","Daylight","Fine no high winds","Dry","Car occupant"
"5280","20161339I1394",2016-09-18,2016,"Sep",18,"17:45",17,45,"Sunday","Slight",1,"Slight","Taxi/Private hire car occupant","Passenger","Female",25,"Motorway","Single carriageway",30,"A","Not a Pedestrian","Not a Pedestrian",428608,431571,"E01011366",2,"Roundabout","Daylight","Fine no high winds","Dry","Car occupant"
"5281","20161339J0232",2016-09-19,2016,"Sep",19,"07:30",7,30,"Monday","Serious",1,"Serious","Cyclist","Driver or rider","Male",26,"Unclassified","Single carriageway",30,"Unclassified","Not a Pedestrian","Not a Pedestrian",430756,436699,"E01011352",2,"Other junction","Daylight","Raining no high winds","Wet or damp","Cyclist"
"5282","20161339J0486",2016-09-19,2016,"Sep",19,"10:15",10,15,"Monday","Slight",1,"Slight","Car occupant","Driver or rider","Female",43,"A","Roundabout",40,"Unclassified","Not a Pedestrian","Not a Pedestrian",420356,434252,"E01011595",2,"Roundabout","Daylight","Unknown","Dry","Car occupant"
"5283","20161339J0616",2016-09-19,2016,"Sep",19,"12:05",12,5,"Monday","Slight",1,"Slight","Car occupant","Driver or rider","Male",17,"Unclassified","Single carriageway",20,"Unclassified","Not a Pedestrian","Not a Pedestrian",418781,441812,"E01011265",2,"T or staggered junction","Daylight","Fine no high winds","Dry","Car occupant"
"5284","20161339J1233",2016-09-19,2016,"Sep",19,"16:45",16,45,"Monday","Slight",1,"Slight","Pedestrian","Pedestrian","Male",12,"Unclassified","Single carriageway",30,NA,"In carriageway, crossing elsewhere","Crossing from driver's nearside",434915,433573,"E01011415",1,"Not at junction or within 20 metres","Daylight","Fine no high winds","Dry","Pedestrian"
"5285","20161339J1326",2016-09-19,2016,"Sep",19,"17:50",17,50,"Monday","Slight",1,"Slight","Car occupant","Driver or rider","Male",21,"A","Roundabout",30,"A","Not a Pedestrian","Not a Pedestrian",424206,428254,"E01011523",2,"Roundabout","Daylight","Fine no high winds","Dry","Car occupant"
"5286","20161339J1630",2016-09-19,2016,"Sep",19,"20:10",20,10,"Monday","Slight",1,"Slight","Cyclist","Driver or rider","Male",28,"Unclassified","One way street",40,NA,"Not a Pedestrian","Not a Pedestrian",430051,432663,"E01033016",2,"Not at junction or within 20 metres","Darkness - lights lit","Fine no high winds","Dry","Cyclist"
"5287","20161339K1189",2016-09-20,2016,"Sep",20,"14:55",14,55,"Tuesday","Slight",1,"Slight","Cyclist","Driver or rider","Female",35,"A","Single carriageway",30,"Unclassified","Not a Pedestrian","Not a Pedestrian",428136,435845,"E01032946",2,"T or staggered junction","Daylight","Fine no high winds","Dry","Cyclist"
"5288","20161339K1397",2016-09-20,2016,"Sep",20,"18:20",18,20,"Tuesday","Slight",1,"Slight","Cyclist","Driver or rider","Male",48,"Unclassified","Single carriageway",30,"Unclassified","Not a Pedestrian","Not a Pedestrian",428842,433988,"E01011678",2,"T or staggered junction","Daylight","Fine no high winds","Dry","Cyclist"
"5289","20161339K1553",2016-09-20,2016,"Sep",20,"19:25",19,25,"Tuesday","Slight",1,"Slight","Cyclist","Driver or rider","Male",44,"Unclassified","Single carriageway",40,"Unclassified","Not a Pedestrian","Not a Pedestrian",423828,431583,"E01011728",2,"T or staggered junction","Darkness - lights lit","Fine no high winds","Dry","Cyclist"
"5290","20161339K1763",2016-09-20,2016,"Sep",20,"21:15",21,15,"Tuesday","Slight",1,"Slight","Pedestrian","Pedestrian","Male",25,"Unclassified","Single carriageway",30,NA,"In carriageway, crossing elsewhere","Crossing from driver's nearside",428822,430309,"E01011315",1,"Not at junction or within 20 metres","Darkness - lights lit","Fine no high winds","Dry","Pedestrian"
"5291","20161339K1936",2016-09-20,2016,"Sep",20,"22:45",22,45,"Tuesday","Slight",2,"Slight","Car occupant","Passenger","Male",21,"Unclassified","Single carriageway",30,"Unclassified","Not a Pedestrian","Not a Pedestrian",431884,435515,"E01011428",2,"T or staggered junction","Darkness - lights lit","Fine no high winds","Dry","Car occupant"
"5292","20161339L0583",2016-09-21,2016,"Sep",21,"10:30",10,30,"Wednesday","Slight",1,"Slight","Pedestrian","Pedestrian","Female",71,"Unclassified","Single carriageway",30,"Unclassified","In carriageway, crossing elsewhere","Crossing from driver's nearside",422589,433727,"E01011612",1,"T or staggered junction","Daylight","Fine no high winds","Dry","Pedestrian"
"5293","20161339L1271",2016-09-21,2016,"Sep",21,"16:30",16,30,"Wednesday","Slight",1,"Slight","Pedestrian","Pedestrian","Female",36,"Unclassified","Single carriageway",30,NA,"Unknown or other","Unknown or other",430682,433457,"E01033011",1,"Not at junction or within 20 metres","Daylight","Fine no high winds","Dry","Pedestrian"
"5294","20161339L1283",2016-09-21,2016,"Sep",21,"16:45",16,45,"Wednesday","Serious",1,"Serious","Car occupant","Driver or rider","Female",44,"B","Single carriageway",30,"Unclassified","Not a Pedestrian","Not a Pedestrian",427019,433108,"E01011292",2,"T or staggered junction","Daylight","Fine no high winds","Dry","Car occupant"
"5295","20161339L1262",2016-09-21,2016,"Sep",21,"17:00",17,0,"Wednesday","Slight",1,"Slight","Pedestrian","Pedestrian","Male",4,"Unclassified","Single carriageway",20,NA,"In carriageway, crossing elsewhere","Crossing from nearside - masked by parked or stationary vehicle",424640,434863,"E01011336",1,"Not at junction or within 20 metres","Daylight","Fine no high winds","Dry","Pedestrian"
"5296","20161339L1808",2016-09-21,2016,"Sep",21,"17:00",17,0,"Wednesday","Slight",1,"Slight","Cyclist","Driver or rider","Female",33,"Unclassified","Single carriageway",30,NA,"Not a Pedestrian","Not a Pedestrian",429352,433479,"E01033008",2,"Not at junction or within 20 metres","Daylight","Fine no high winds","Dry","Cyclist"
"5297","20161339L1709",2016-09-21,2016,"Sep",21,"19:59",19,59,"Wednesday","Serious",1,"Serious","Pedestrian","Pedestrian","Female",69,"Unclassified","Single carriageway",30,NA,"Crossing elsewhere within 50m. of pedestrian crossing","Crossing from driver's offside",431673,434504,"E01033035",1,"Not at junction or within 20 metres","Darkness - lights lit","Raining + high winds","Wet or damp","Pedestrian"
"5298","20161339L1956",2016-09-21,2016,"Sep",21,"22:10",22,10,"Wednesday","Slight",1,"Slight","Car occupant","Driver or rider","Female",39,"A","Roundabout",40,"A","Not a Pedestrian","Not a Pedestrian",430684,439154,"E01011512",2,"Roundabout","Darkness - lights lit","Fine no high winds","Wet or damp","Car occupant"
"5299","20161339M0211",2016-09-22,2016,"Sep",22,"05:55",5,55,"Thursday","Slight",1,"Slight","Car occupant","Driver or rider","Male",19,"Unclassified","Single carriageway",30,NA,"Not a Pedestrian","Not a Pedestrian",433091,429114,"E01011630",2,"Not at junction or within 20 metres","Daylight","Raining no high winds","Wet or damp","Car occupant"
"5300","20161339M0509",2016-09-22,2016,"Sep",22,"10:45",10,45,"Thursday","Slight",2,"Slight","Van / Goods vehicle (3.5 tonnes mgw or under) occupant","Driver or rider","Male",19,"Unclassified","Single carriageway",30,"Unclassified","Not a Pedestrian","Not a Pedestrian",432788,431994,"E01011621",2,"T or staggered junction","Daylight","Fine no high winds","Dry","Bus and goods vehicle occupant"
"5301","20161339M1007",2016-09-22,2016,"Sep",22,"15:20",15,20,"Thursday","Serious",1,"Serious","Pedestrian","Pedestrian","Male",19,"Unclassified","Single carriageway",30,NA,"In carriageway, crossing elsewhere","Crossing from driver's nearside",426113,434359,"E01011281",1,"Not at junction or within 20 metres","Daylight","Fine no high winds","Dry","Pedestrian"
"5302","20161339M1162",2016-09-22,2016,"Sep",22,"16:27",16,27,"Thursday","Slight",1,"Slight","Cyclist","Driver or rider","Male",12,"Unclassified","Single carriageway",30,"Unclassified","Not a Pedestrian","Not a Pedestrian",429847,438427,"E01011505",2,"T or staggered junction","Daylight","Fine no high winds","Dry","Cyclist"
"5303","20161339M1265",2016-09-22,2016,"Sep",22,"17:10",17,10,"Thursday","Slight",1,"Slight","Cyclist","Driver or rider","Male",26,"A","Dual carriageway",40,"A","Not a Pedestrian","Not a Pedestrian",427557,431339,"E01011369",2,"Crossroads","Daylight","Fine no high winds","Dry","Cyclist"
"5304","20161338Q0123",2016-09-23,2016,"Sep",23,"00:16",0,16,"Friday","Slight",1,"Slight","Car occupant","Passenger","Female",53,"Unclassified","Single carriageway",40,NA,"Not a Pedestrian","Not a Pedestrian",426481,430171,"E01011734",1,"Not at junction or within 20 metres","Darkness - lights lit","Raining no high winds","Wet or damp","Car occupant"
"5305","20161339N0215",2016-09-23,2016,"Sep",23,"07:15",7,15,"Friday","Slight",1,"Slight","Cyclist","Driver or rider","Female",29,"A","Roundabout",30,"A","Not a Pedestrian","Not a Pedestrian",428410,432473,"E01011363",2,"Roundabout","Daylight","Fine no high winds","Dry","Cyclist"
"5306","20161339N0257",2016-09-23,2016,"Sep",23,"08:08",8,8,"Friday","Serious",1,"Serious","Cyclist","Driver or rider","Male",33,"A","Dual carriageway",40,"Unclassified","Not a Pedestrian","Not a Pedestrian",432630,435851,"E01011424",2,"T or staggered junction","Daylight","Fine no high winds","Dry","Cyclist"
"5307","20161339N0313",2016-09-23,2016,"Sep",23,"08:56",8,56,"Friday","Slight",1,"Slight","Cyclist","Driver or rider","Female",21,"Unclassified","Single carriageway",30,"Unclassified","Not a Pedestrian","Not a Pedestrian",426692,435792,"E01011489",2,"Crossroads","Daylight","Fine no high winds","Dry","Cyclist"
"5308","20161339N0356",2016-09-23,2016,"Sep",23,"09:21",9,21,"Friday","Slight",1,"Slight","Cyclist","Driver or rider","Male",48,"Unclassified","Single carriageway",30,NA,"Not a Pedestrian","Not a Pedestrian",430918,436095,"E01011356",2,"Not at junction or within 20 metres","Daylight","Fine no high winds","Dry","Cyclist"
"5309","20161339N0868",2016-09-23,2016,"Sep",23,"13:55",13,55,"Friday","Serious",1,"Serious","Pedestrian","Pedestrian","Male",33,"A","Single carriageway",20,NA,"In carriageway, crossing elsewhere","Unknown or other",440872,433587,"E01011396",1,"Not at junction or within 20 metres","Daylight","Unknown","Dry","Pedestrian"
"5310","20161339N0869",2016-09-23,2016,"Sep",23,"14:00",14,0,"Friday","Slight",1,"Slight","Car occupant","Driver or rider","Female",60,"A","Dual carriageway",40,NA,"Not a Pedestrian","Not a Pedestrian",420017,434132,"E01011597",2,"Not at junction or within 20 metres","Daylight","Fine no high winds","Dry","Car occupant"
"5311","20161339N1193",2016-09-23,2016,"Sep",23,"14:48",14,48,"Friday","Slight",1,"Slight","Bus or coach occupant (17 or more pass seats)","Passenger","Female",61,"A","Single carriageway",40,"A","Not a Pedestrian","Not a Pedestrian",424127,444007,"E01032503",1,"Crossroads","Daylight","Fine no high winds","Dry","Bus and goods vehicle occupant"
"5312","20161339N1212",2016-09-23,2016,"Sep",23,"16:45",16,45,"Friday","Serious",1,"Serious","Pedestrian","Pedestrian","Male",14,"Unclassified","Single carriageway",30,NA,"In carriageway, crossing elsewhere","Crossing from driver's nearside",429380,437282,"E01011688",1,"Not at junction or within 20 metres","Daylight","Fine no high winds","Dry","Pedestrian"
"5313","20161339N1408",2016-09-23,2016,"Sep",23,"18:22",18,22,"Friday","Slight",1,"Slight","Pedestrian","Pedestrian","Male",7,"Unclassified","Single carriageway",30,NA,"In carriageway, crossing elsewhere","Crossing from offside - masked by  parked or stationary vehicle",435303,435081,"E01011667",1,"Not at junction or within 20 metres","Daylight","Fine no high winds","Dry","Pedestrian"
"5314","20161339N1617",2016-09-23,2016,"Sep",23,"19:54",19,54,"Friday","Slight",1,"Slight","Taxi/Private hire car occupant","Driver or rider","Male",33,"A","Dual carriageway",40,"Unclassified","Not a Pedestrian","Not a Pedestrian",434202,436976,"E01011658",2,"T or staggered junction","Darkness - lights lit","Fine no high winds","Dry","Car occupant"