"","accident_index","date","year","month","day","time","time_hour","time_minute","day_of_week","accident_severity","number_of_casualties","casualty_severity","casualty_type","casualty_class","sex_of_casualty","age_of_casualty","first_road_class","road_type","speed_limit","second_road_class","pedestrian_location","pedestrian_movement","location_easting_osgr","location_northing_osgr","lsoa_of_accident_location","number_of_vehicles","junction_detail","light_conditions","weather_conditions","road_surface_conditions","cas_type"
"5398","2016133AA1109",2016-10-10,2016,"Oct",10,"16:50",16,50,"Monday","Slight",1,"Slight","Car occupant","Driver or rider","Female",35,"Unclassified","Single carriageway",30,NA,"Not a Pedestrian","Not a Pedestrian",433560,435930,"E01011421",2,"Not at junction or within 20 metres","Daylight","Raining no high winds","Wet or damp","Car occupant"
"5399","2016133AA1713",2016-10-10,2016,"Oct",10,"17:30",17,30,"Monday","Slight",1,"Slight","Motorcycle 125cc and under rider or passenger","Driver or rider","Male",43,"A","Single carriageway",30,"Unclassified","Not a Pedestrian","Not a Pedestrian",426811,429065,"E01011526",2,"T or staggered junction","Daylight","Fine no high winds","Wet or damp","Motorcyclist and pillion"
"5400","2016133AA1241",2016-10-10,2016,"Oct",10,"17:45",17,45,"Monday","Slight",1,"Slight","Cyclist","Driver or rider","Male",27,"A","Single carriageway",30,"Unclassified","Not a Pedestrian","Not a Pedestrian",430018,434178,"E01033010",2,"Slip road","Daylight","Fine no high winds","Dry","Cyclist"
"5401","2016133AA1290",2016-10-10,2016,"Oct",10,"18:20",18,20,"Monday","Slight",1,"Slight","Car occupant","Driver or rider","Female",52,"A","Single carriageway",30,"Unclassified","Not a Pedestrian","Not a Pedestrian",427009,440083,"E01011381",2,"T or staggered junction","Darkness - lights lit","Fine no high winds","Dry","Car occupant"
"5402","2016133AA1344",2016-10-10,2016,"Oct",10,"18:45",18,45,"Monday","Slight",1,"Slight","Motorcycle over 500cc rider or passenger","Driver or rider","Male",41,"Unclassified","Roundabout",40,"B","Not a Pedestrian","Not a Pedestrian",428510,433070,"E01011363",2,"T or staggered junction","Darkness - lights lit","Fine no high winds","Wet or damp","Motorcyclist and pillion"
"5403","2016133AA1428",2016-10-10,2016,"Oct",10,"19:23",19,23,"Monday","Slight",1,"Slight","Cyclist","Driver or rider","Male",43,"Unclassified","Single carriageway",30,"Unclassified","Not a Pedestrian","Not a Pedestrian",433168,435237,"E01011339",2,"Crossroads","Darkness - lights lit","Fine no high winds","Wet or damp","Cyclist"
"5404","2016133AB0314",2016-10-11,2016,"Oct",11,"09:18",9,18,"Tuesday","Slight",1,"Slight","Car occupant","Driver or rider","Female",58,"Unclassified","Single carriageway",30,"Unclassified","Not a Pedestrian","Not a Pedestrian",424784,437960,"E01011463",2,"Crossroads","Daylight","Raining no high winds","Wet or damp","Car occupant"
"5405","2016133AB0467",2016-10-11,2016,"Oct",11,"10:55",10,55,"Tuesday","Slight",1,"Slight","Car occupant","Driver or rider","Female",38,"A","Dual carriageway",30,"Unclassified","Not a Pedestrian","Not a Pedestrian",431826,435623,"E01011422",2,"T or staggered junction","Daylight","Unknown","Dry","Car occupant"
"5406","2016133AB0726",2016-10-11,2016,"Oct",11,"12:45",12,45,"Tuesday","Slight",1,"Slight","Pedestrian","Pedestrian","Female",27,"B","Single carriageway",30,NA,"Crossing on pedestrian crossing facility","Crossing from driver's nearside",422069,433180,"E01011612",1,"Not at junction or within 20 metres","Daylight","Raining no high winds","Wet or damp","Pedestrian"
"5407","2016133AB0707",2016-10-11,2016,"Oct",11,"13:15",13,15,"Tuesday","Slight",2,"Slight","Car occupant","Driver or rider","Female",26,"Unclassified","Single carriageway",30,"Unclassified","Not a Pedestrian","Not a Pedestrian",426647,433496,"E01032607",2,"Crossroads","Daylight","Fine no high winds","Dry","Car occupant"
"5408","2016133AB1043",2016-10-11,2016,"Oct",11,"16:05",16,5,"Tuesday","Slight",1,"Slight","Car occupant","Driver or rider","Male",55,"Unclassified","Single carriageway",30,"Unclassified","Not a Pedestrian","Not a Pedestrian",426991,427914,"E01032489",3,"Crossroads","Daylight","Raining no high winds","Wet or damp","Car occupant"
"5409","2016133AB1405",2016-10-11,2016,"Oct",11,"17:05",17,5,"Tuesday","Slight",1,"Slight","Cyclist","Driver or rider","Male",32,"A","Single carriageway",30,"Unclassified","Not a Pedestrian","Not a Pedestrian",423374,437432,"E01011454",2,"T or staggered junction","Daylight","Raining no high winds","Wet or damp","Cyclist"
"5410","2016133AB1304",2016-10-11,2016,"Oct",11,"18:00",18,0,"Tuesday","Slight",1,"Slight","Van / Goods vehicle (3.5 tonnes mgw or under) occupant","Driver or rider","Male",50,"A","Single carriageway",30,NA,"Not a Pedestrian","Not a Pedestrian",430115,434221,"E01033010",2,"Not at junction or within 20 metres","Daylight","Fine no high winds","Dry","Bus and goods vehicle occupant"
"5411","2016133AC1035",2016-10-12,2016,"Oct",12,"16:10",16,10,"Wednesday","Serious",1,"Serious","Pedestrian","Pedestrian","Female",76,"Unclassified","Unknown",20,NA,"Unknown or other","Unknown or other",431457,434590,"E01033031",2,"Not at junction or within 20 metres","Daylight","Fine no high winds","Dry","Pedestrian"
"5412","2016133AD0174",2016-10-13,2016,"Oct",13,"05:30",5,30,"Thursday","Slight",1,"Slight","Car occupant","Driver or rider","Male",25,"Unclassified","Single carriageway",60,NA,"Not a Pedestrian","Not a Pedestrian",426936,443904,"E01011576",1,"Not at junction or within 20 metres","Darkness - no lighting","Raining no high winds","Wet or damp","Car occupant"
"5413","2016133AD0306",2016-10-13,2016,"Oct",13,"08:00",8,0,"Thursday","Slight",1,"Slight","Car occupant","Driver or rider","Male",26,"Unclassified","Dual carriageway",30,NA,"Not a Pedestrian","Not a Pedestrian",427469,433688,"E01011293",2,"Not at junction or within 20 metres","Daylight","Raining no high winds","Wet or damp","Car occupant"
"5414","2016133AD0263",2016-10-13,2016,"Oct",13,"08:33",8,33,"Thursday","Slight",1,"Slight","Car occupant","Driver or rider","Female",49,"Unclassified","Single carriageway",30,NA,"Not a Pedestrian","Not a Pedestrian",423481,437594,"E01011454",2,"Not at junction or within 20 metres","Daylight","Fine no high winds","Wet or damp","Car occupant"
"5415","2016133AD0563",2016-10-13,2016,"Oct",13,"10:56",10,56,"Thursday","Slight",1,"Slight","Car occupant","Driver or rider","Female",48,"Unclassified","Single carriageway",30,NA,"Not a Pedestrian","Not a Pedestrian",430033,434159,"E01033010",2,"Not at junction or within 20 metres","Daylight","Raining no high winds","Wet or damp","Car occupant"
"5416","2016133AD0479",2016-10-13,2016,"Oct",13,"11:14",11,14,"Thursday","Slight",1,"Slight","Car occupant","Driver or rider","Female",30,"B","Single carriageway",30,"Unclassified","Not a Pedestrian","Not a Pedestrian",432185,431000,"E01011468",2,"Other junction","Daylight","Unknown","Dry","Car occupant"
"5417","2016133AD0701",2016-10-13,2016,"Oct",13,"13:33",13,33,"Thursday","Slight",1,"Slight","Motorcycle 125cc and under rider or passenger","Driver or rider","Female",29,"Unclassified","Single carriageway",30,"A","Not a Pedestrian","Not a Pedestrian",424076,434514,"E01011334",1,"Crossroads","Daylight","Unknown","Dry","Motorcyclist and pillion"
"5418","2016133AD0848",2016-10-13,2016,"Oct",13,"14:50",14,50,"Thursday","Slight",1,"Slight","Car occupant","Driver or rider","Female",39,"Unclassified","Dual carriageway",60,NA,"Not a Pedestrian","Not a Pedestrian",422889,437518,"E01011452",4,"Not at junction or within 20 metres","Daylight","Raining no high winds","Wet or damp","Car occupant"
"5419","2016133AE0425",2016-10-13,2016,"Oct",13,"15:15",15,15,"Thursday","Slight",1,"Slight","Pedestrian","Pedestrian","Female",12,"Unclassified","Single carriageway",30,NA,"In carriageway, crossing elsewhere","Crossing from nearside - masked by parked or stationary vehicle",425697,432088,"E01011735",1,"Not at junction or within 20 metres","Daylight","Fine no high winds","Wet or damp","Pedestrian"
"5420","2016133AD1015",2016-10-13,2016,"Oct",13,"16:05",16,5,"Thursday","Slight",2,"Slight","Car occupant","Driver or rider","Female",23,"A","Dual carriageway",30,"Unclassified","Not a Pedestrian","Not a Pedestrian",429137,435242,"E01033005",2,"T or staggered junction","Daylight","Raining no high winds","Wet or damp","Car occupant"
"5421","2016133AD1157",2016-10-13,2016,"Oct",13,"17:17",17,17,"Thursday","Serious",6,"Serious","Car occupant","Driver or rider","Female",21,"Unclassified","Single carriageway",30,"Unclassified","Not a Pedestrian","Not a Pedestrian",430850,435449,"E01011360",2,"Crossroads","Daylight","Fine no high winds","Wet or damp","Car occupant"
"5422","2016133AD1358",2016-10-13,2016,"Oct",13,"18:56",18,56,"Thursday","Slight",1,"Slight","Pedestrian","Pedestrian","Male",10,"Unclassified","Single carriageway",30,NA,"In carriageway, crossing elsewhere","Crossing from driver's offside",434644,434313,"E01011341",1,"Not at junction or within 20 metres","Darkness - lights lit","Raining no high winds","Wet or damp","Pedestrian"
"5423","2016133AD1575",2016-10-13,2016,"Oct",13,"20:49",20,49,"Thursday","Slight",1,"Slight","Car occupant","Driver or rider","Male",46,"Unclassified","Single carriageway",30,NA,"Not a Pedestrian","Not a Pedestrian",418155,442420,"E01011266",2,"Not at junction or within 20 metres","Darkness - lights lit","Raining no high winds","Wet or damp","Car occupant"
"5424","2016133AE0209",2016-10-14,2016,"Oct",14,"07:00",7,0,"Friday","Serious",1,"Serious","Cyclist","Driver or rider","Male",48,"A","Single carriageway",30,"Unclassified","Not a Pedestrian","Not a Pedestrian",424467,437099,"E01011453",2,"T or staggered junction","Daylight","Raining no high winds","Wet or damp","Cyclist"
"5425","2016133AE0267",2016-10-14,2016,"Oct",14,"08:15",8,15,"Friday","Slight",1,"Slight","Pedestrian","Pedestrian","Male",13,"Unclassified","Single carriageway",30,NA,"In carriageway, crossing elsewhere","Crossing from driver's nearside",430392,432168,"E01033016",1,"Not at junction or within 20 metres","Daylight","Fine no high winds","Dry","Pedestrian"
"5426","2016133AE0273",2016-10-14,2016,"Oct",14,"08:23",8,23,"Friday","Serious",2,"Slight","Van / Goods vehicle (3.5 tonnes mgw or under) occupant","Driver or rider","Male",53,"Motorway","Dual carriageway",50,"A","Not a Pedestrian","Not a Pedestrian",430263,431947,"E01011371",3,"Slip road","Daylight","Fine no high winds","Dry","Bus and goods vehicle occupant"
"5427","2016133AE0276",2016-10-14,2016,"Oct",14,"08:25",8,25,"Friday","Slight",2,"Slight","Van / Goods vehicle (3.5 tonnes mgw or under) occupant","Driver or rider","Male",48,"A","Single carriageway",30,NA,"Not a Pedestrian","Not a Pedestrian",419439,445089,"E01011571",2,"Not at junction or within 20 metres","Daylight","Unknown","Dry","Bus and goods vehicle occupant"
"5428","2016133AE0966",2016-10-14,2016,"Oct",14,"11:00",11,0,"Friday","Slight",1,"Slight","Pedestrian","Pedestrian","Male",16,"B","Single carriageway",30,NA,"On footway or verge","Unknown or other",422271,433453,"E01011612",1,"Not at junction or within 20 metres","Daylight","Unknown","Dry","Pedestrian"
"5429","2016133AE1165",2016-10-14,2016,"Oct",14,"17:10",17,10,"Friday","Serious",1,"Serious","Motorcycle 125cc and under rider or passenger","Driver or rider","Male",21,"Unclassified","Single carriageway",30,"Unclassified","Not a Pedestrian","Not a Pedestrian",428987,432348,"E01033013",2,"T or staggered junction","Daylight","Fine no high winds","Dry","Motorcyclist and pillion"
"5430","2016133AE1458",2016-10-14,2016,"Oct",14,"19:25",19,25,"Friday","Slight",1,"Slight","Car occupant","Driver or rider","Female",37,"A","Dual carriageway",40,NA,"Not a Pedestrian","Not a Pedestrian",426832,438715,"E01011383",2,"Not at junction or within 20 metres","Darkness - lights lit","Fine no high winds","Dry","Car occupant"
"5431","2016133AF0590",2016-10-15,2016,"Oct",15,"10:50",10,50,"Saturday","Slight",2,"Slight","Car occupant","Driver or rider","Male",60,"Unclassified","Single carriageway",30,NA,"Not a Pedestrian","Not a Pedestrian",420590,433819,"E01011599",2,"Not at junction or within 20 metres","Daylight","Fine no high winds","Dry","Car occupant"
"5432","2016133AF0903",2016-10-15,2016,"Oct",15,"14:14",14,14,"Saturday","Slight",3,"Slight","Car occupant","Driver or rider","Female",55,"A","Single carriageway",30,"Unclassified","Not a Pedestrian","Not a Pedestrian",431832,435632,"E01011422",3,"T or staggered junction","Daylight","Fine no high winds","Dry","Car occupant"
"5433","2016133AJ0659",2016-10-15,2016,"Oct",15,"14:20",14,20,"Saturday","Slight",4,"Slight","Car occupant","Driver or rider","Female",29,"A","Dual carriageway",40,"Unclassified","Not a Pedestrian","Not a Pedestrian",425467,432874,"E01011730",2,"Roundabout","Daylight","Fine no high winds","Wet or damp","Car occupant"
"5434","2016133AF1482",2016-10-15,2016,"Oct",15,"19:06",19,6,"Saturday","Slight",4,"Slight","Car occupant","Driver or rider","Male",52,"A","Dual carriageway",60,"Unclassified","Not a Pedestrian","Not a Pedestrian",429255,438589,"E01011505",2,"Crossroads","Darkness - lights lit","Unknown","Dry","Car occupant"
"5435","2016133AG0599",2016-10-16,2016,"Oct",16,"10:39",10,39,"Sunday","Serious",4,"Slight","Car occupant","Passenger","Male",23,"A","Dual carriageway",40,"A","Not a Pedestrian","Not a Pedestrian",430218,434371,"E01033002",2,"Crossroads","Daylight","Raining no high winds","Wet or damp","Car occupant"
"5436","2016133AG0510",2016-10-16,2016,"Oct",16,"12:00",12,0,"Sunday","Serious",1,"Serious","Pedestrian","Pedestrian","Female",85,"Unclassified","Single carriageway",30,NA,"On footway or verge","Unknown or other",440606,448125,"E01011705",1,"Not at junction or within 20 metres","Daylight","Fine no high winds","Dry","Pedestrian"
"5437","2016133AG1321",2016-10-16,2016,"Oct",16,"17:35",17,35,"Sunday","Slight",1,"Slight","Cyclist","Driver or rider","Male",49,"Unclassified","Single carriageway",30,"Unclassified","Not a Pedestrian","Not a Pedestrian",421708,435106,"E01011598",2,"T or staggered junction","Daylight","Fine no high winds","Dry","Cyclist"
"5438","2016133AH0238",2016-10-17,2016,"Oct",17,"08:30",8,30,"Monday","Slight",1,"Slight","Car occupant","Driver or rider","Female",33,"A","Dual carriageway",30,NA,"Not a Pedestrian","Not a Pedestrian",428427,428662,"E01011531",3,"Not at junction or within 20 metres","Daylight","Fine no high winds","Dry","Car occupant"
"5439","2016133AH1012",2016-10-17,2016,"Oct",17,"16:15",16,15,"Monday","Slight",1,"Slight","Bus or coach occupant (17 or more pass seats)","Passenger","Male",65,"A","Single carriageway",50,NA,"Not a Pedestrian","Not a Pedestrian",435318,439376,"E01011311",1,"Not at junction or within 20 metres","Daylight","Fine no high winds","Dry","Bus and goods vehicle occupant"
"5440","2016133AI0424",2016-10-18,2016,"Oct",18,"10:26",10,26,"Tuesday","Slight",1,"Slight","Pedestrian","Pedestrian","Female",75,"A","Single carriageway",40,"Unclassified","Crossing on pedestrian crossing facility","Unknown or other",422723,437829,"E01011452",1,"T or staggered junction","Daylight","Fine no high winds","Dry","Pedestrian"
"5441","2016133AI0512",2016-10-18,2016,"Oct",18,"11:31",11,31,"Tuesday","Slight",1,"Slight","Cyclist","Driver or rider","Male",17,"Unclassified","Single carriageway",30,NA,"Not a Pedestrian","Not a Pedestrian",429961,431811,"E01011364",2,"Not at junction or within 20 metres","Daylight","Fine no high winds","Dry","Cyclist"
"5442","2016133AI0999",2016-10-18,2016,"Oct",18,"16:10",16,10,"Tuesday","Slight",2,"Slight","Car occupant","Driver or rider","Male",25,"A","Roundabout",40,"A","Not a Pedestrian","Not a Pedestrian",424139,428159,"E01011523",2,"Roundabout","Daylight","Fine no high winds","Wet or damp","Car occupant"
"5443","2016133AI1210",2016-10-18,2016,"Oct",18,"16:10",16,10,"Tuesday","Slight",1,"Slight","Van / Goods vehicle (3.5 tonnes mgw or under) occupant","Driver or rider","Male",30,"A","Single carriageway",30,NA,"Not a Pedestrian","Not a Pedestrian",426046,428250,"E01011525",2,"Not at junction or within 20 metres","Daylight","Fine no high winds","Wet or damp","Bus and goods vehicle occupant"
"5444","2016133AJ0508",2016-10-19,2016,"Oct",19,"11:50",11,50,"Wednesday","Slight",1,"Slight","Car occupant","Driver or rider","Female",34,"A","Dual carriageway",40,NA,"Not a Pedestrian","Not a Pedestrian",440117,439660,"E01011309",2,"Not at junction or within 20 metres","Daylight","Fine no high winds","Dry","Car occupant"
"5445","2016133AJ0450",2016-10-19,2016,"Oct",19,"14:40",14,40,"Wednesday","Slight",1,"Slight","Car occupant","Driver or rider","Female",24,"A","Roundabout",40,"Unclassified","Not a Pedestrian","Not a Pedestrian",429776,438891,"E01011558",2,"Roundabout","Daylight","Fine no high winds","Dry","Car occupant"
"5446","2016133AJ0978",2016-10-19,2016,"Oct",19,"15:45",15,45,"Wednesday","Slight",2,"Slight","Car occupant","Driver or rider","Male",38,"A","Single carriageway",30,"Unclassified","Not a Pedestrian","Not a Pedestrian",428896,425982,"E01011538",4,"Crossroads","Daylight","Fine no high winds","Dry","Car occupant"
"5447","2016133AJ1322",2016-10-19,2016,"Oct",19,"19:00",19,0,"Wednesday","Slight",1,"Slight","Cyclist","Driver or rider","Male",25,"Unclassified","Single carriageway",20,"Unclassified","Not a Pedestrian","Not a Pedestrian",427421,435989,"E01032945",2,"Crossroads","Darkness - lights lit","Fine no high winds","Dry","Cyclist"
"5448","2016133AJ1419",2016-10-19,2016,"Oct",19,"19:46",19,46,"Wednesday","Serious",1,"Serious","Pedestrian","Pedestrian","Female",13,"Unclassified","Single carriageway",30,NA,"In carriageway, crossing elsewhere","Crossing from driver's nearside",432548,434901,"E01011433",1,"Not at junction or within 20 metres","Darkness - lights lit","Fine no high winds","Wet or damp","Pedestrian"
"5449","2016133AJ1442",2016-10-19,2016,"Oct",19,"19:58",19,58,"Wednesday","Slight",1,"Slight","Cyclist","Driver or rider","Male",44,"Unclassified","Roundabout",30,"Unclassified","Not a Pedestrian","Not a Pedestrian",432437,433773,"E01011348",2,"Roundabout","Darkness - lights lit","Fine no high winds","Dry","Cyclist"
"5450","2016133AK0616",2016-10-20,2016,"Oct",20,"06:45",6,45,"Thursday","Slight",1,"Slight","Cyclist","Driver or rider","Male",24,"A","Roundabout",40,"A","Not a Pedestrian","Not a Pedestrian",428129,430352,"E01011317",2,"Roundabout","Darkness - lights lit","Fine no high winds","Dry","Cyclist"
"5451","2016133AK0502",2016-10-20,2016,"Oct",20,"07:00",7,0,"Thursday","Slight",1,"Slight","Pedestrian","Pedestrian","Female",36,"Unclassified","Single carriageway",30,"Unclassified","In carriageway, crossing elsewhere","Crossing from driver's nearside",434070,428866,"E01011639",1,"T or staggered junction","Daylight","Fine no high winds","Wet or damp","Pedestrian"
"5452","2016133AK0298",2016-10-20,2016,"Oct",20,"08:00",8,0,"Thursday","Slight",3,"Slight","Van / Goods vehicle (3.5 tonnes mgw or under) occupant","Driver or rider","Male",26,"Unclassified","Single carriageway",30,"Unclassified","Not a Pedestrian","Not a Pedestrian",431805,435832,"E01011426",2,"Crossroads","Daylight","Fine no high winds","Dry","Bus and goods vehicle occupant"
"5453","2016133AK0900",2016-10-20,2016,"Oct",20,"11:15",11,15,"Thursday","Slight",1,"Slight","Bus or coach occupant (17 or more pass seats)","Passenger","Female",47,"Unclassified","Single carriageway",30,NA,"Not a Pedestrian","Not a Pedestrian",429663,433431,"E01033008",1,"Not at junction or within 20 metres","Daylight","Fine no high winds","Dry","Bus and goods vehicle occupant"
"5454","2016133AK1016",2016-10-20,2016,"Oct",20,"15:27",15,27,"Thursday","Slight",2,"Slight","Car occupant","Driver or rider","Female",26,"Unclassified","Single carriageway",30,"Unclassified","Not a Pedestrian","Not a Pedestrian",426433,433303,"E01032607",2,"Crossroads","Daylight","Fine no high winds","Dry","Car occupant"
"5455","2016133AK1051",2016-10-20,2016,"Oct",20,"15:59",15,59,"Thursday","Slight",4,"Slight","Car occupant","Driver or rider","Female",30,"A","Single carriageway",30,NA,"Not a Pedestrian","Not a Pedestrian",427915,430175,"E01011317",3,"Not at junction or within 20 metres","Daylight","Fine no high winds","Dry","Car occupant"
"5456","2016133AK1157",2016-10-20,2016,"Oct",20,"16:40",16,40,"Thursday","Serious",1,"Serious","Pedestrian","Pedestrian","Male",15,"Unclassified","Single carriageway",30,NA,"In carriageway, crossing elsewhere","Crossing from driver's nearside",431847,427707,"E01011490",1,"Not at junction or within 20 metres","Daylight","Raining no high winds","Wet or damp","Pedestrian"
"5457","2016133AK1380",2016-10-20,2016,"Oct",20,"18:30",18,30,"Thursday","Slight",1,"Slight","Car occupant","Driver or rider","Male",24,"Unclassified","Single carriageway",30,"Unclassified","Not a Pedestrian","Not a Pedestrian",431896,434951,"E01011434",2,"T or staggered junction","Darkness - lights lit","Fine no high winds","Wet or damp","Car occupant"
"5458","2016133AL0691",2016-10-20,2016,"Oct",20,"18:40",18,40,"Thursday","Slight",3,"Slight","Bus or coach occupant (17 or more pass seats)","Passenger","Female",57,"Unclassified","Single carriageway",30,"Unclassified","Not a Pedestrian","Not a Pedestrian",428534,434285,"E01011681",2,"T or staggered junction","Darkness - lights lit","Fine no high winds","Dry","Bus and goods vehicle occupant"
"5459","2016133AK1641",2016-10-20,2016,"Oct",20,"20:35",20,35,"Thursday","Serious",1,"Serious","Cyclist","Driver or rider","Male",37,"A","Dual carriageway",40,NA,"Not a Pedestrian","Not a Pedestrian",433290,434051,"E01011340",2,"Not at junction or within 20 metres","Darkness - lights lit","Unknown","Dry","Cyclist"
"5460","2016133AA1830",2016-10-20,2016,"Oct",20,"22:18",22,18,"Thursday","Slight",1,"Slight","Pedestrian","Pedestrian","Male",19,"Unclassified","Single carriageway",30,NA,"On footway or verge","Walking along in carriageway, back to traffic",426136,428967,"E01011528",1,"Not at junction or within 20 metres","Darkness - no lighting","Unknown","Dry","Pedestrian"
"5461","2016133AL0193",2016-10-21,2016,"Oct",21,"07:09",7,9,"Friday","Slight",1,"Slight","Car occupant","Driver or rider","Male",59,"A","Single carriageway",40,"A","Not a Pedestrian","Not a Pedestrian",425213,437870,"E01011464",2,"Other junction","Daylight","Fine no high winds","Wet or damp","Car occupant"
"5462","2016133AL0206",2016-10-21,2016,"Oct",21,"07:20",7,20,"Friday","Slight",1,"Slight","Car occupant","Driver or rider","Male",30,"A(M)","Slip road",40,"Unclassified","Not a Pedestrian","Not a Pedestrian",429826,434396,"E01033008",2,"Slip road","Daylight","Unknown","Dry","Car occupant"
"5463","2016133AL0251",2016-10-21,2016,"Oct",21,"08:15",8,15,"Friday","Serious",1,"Serious","Motorcycle over 500cc rider or passenger","Driver or rider","Male",35,"A","Dual carriageway",40,NA,"Not a Pedestrian","Not a Pedestrian",433863,429534,"E01011639",2,"Not at junction or within 20 metres","Daylight","Fine no high winds","Dry","Motorcyclist and pillion"
"5464","2016133AL1264",2016-10-21,2016,"Oct",21,"17:40",17,40,"Friday","Slight",1,"Slight","Pedestrian","Pedestrian","Male",25,"Unclassified","Single carriageway",30,"Unclassified","Crossing elsewhere within 50m. of pedestrian crossing","Unknown or other",430250,433231,"E01033016",1,"T or staggered junction","Daylight","Fine no high winds","Dry","Pedestrian"
"5465","2016133AL1893",2016-10-21,2016,"Oct",21,"22:55",22,55,"Friday","Slight",1,"Slight","Car occupant","Passenger","Male",22,"Unclassified","Roundabout",30,"A","Not a Pedestrian","Not a Pedestrian",436133,435578,"E01011406",1,"Roundabout","Darkness - lights lit","Fine no high winds","Dry","Car occupant"
"5466","2016133AM0599",2016-10-22,2016,"Oct",22,"11:20",11,20,"Saturday","Slight",1,"Slight","Pedestrian","Pedestrian","Female",71,"Unclassified","Single carriageway",30,NA,"Crossing elsewhere within 50m. of pedestrian crossing","Crossing from driver's nearside",429892,433800,"E01033010",1,"Not at junction or within 20 metres","Daylight","Fine no high winds","Dry","Pedestrian"
"5467","2016133AO1002",2016-10-22,2016,"Oct",22,"14:30",14,30,"Saturday","Slight",1,"Slight","Car occupant","Driver or rider","Female",29,"A","Dual carriageway",30,"A","Not a Pedestrian","Not a Pedestrian",424929,427641,"E01011530",2,"Crossroads","Daylight","Unknown","Dry","Car occupant"
"5468","2016133AM1126",2016-10-22,2016,"Oct",22,"16:18",16,18,"Saturday","Slight",1,"Slight","Car occupant","Passenger","Male",22,"Unclassified","Single carriageway",30,"Unclassified","Not a Pedestrian","Not a Pedestrian",429655,433381,"E01033008",2,"T or staggered junction","Daylight","Fine no high winds","Dry","Car occupant"
"5469","2016133AM1263",2016-10-22,2016,"Oct",22,"16:50",16,50,"Saturday","Slight",2,"Slight","Car occupant","Driver or rider","Male",45,"A","Dual carriageway",40,NA,"Not a Pedestrian","Not a Pedestrian",435801,426891,"E01011636",2,"Not at junction or within 20 metres","Daylight","Fine no high winds","Dry","Car occupant"
"5470","2016133AM1209",2016-10-22,2016,"Oct",22,"17:00",17,0,"Saturday","Slight",5,"Slight","Car occupant","Driver or rider","Female",47,"A","Single carriageway",30,NA,"Not a Pedestrian","Not a Pedestrian",432570,428094,"E01011496",2,"Not at junction or within 20 metres","Daylight","Fine no high winds","Dry","Car occupant"
"5471","2016133AM1372",2016-10-22,2016,"Oct",22,"18:30",18,30,"Saturday","Slight",2,"Slight","Car occupant","Driver or rider","Male",23,"A","Single carriageway",30,"Unclassified","Not a Pedestrian","Not a Pedestrian",428463,431349,"E01011369",2,"Crossroads","Darkness - lights lit","Raining no high winds","Wet or damp","Car occupant"
"5472","2016133AM1609",2016-10-22,2016,"Oct",22,"20:45",20,45,"Saturday","Slight",1,"Slight","Car occupant","Passenger","Female",29,"Unclassified","Single carriageway",30,"Unclassified","Not a Pedestrian","Not a Pedestrian",419828,440701,"E01011277",2,"Crossroads","Darkness - lights lit","Fine no high winds","Dry","Car occupant"
"5473","2016133AN0678",2016-10-23,2016,"Oct",23,"11:45",11,45,"Sunday","Slight",1,"Slight","Cyclist","Driver or rider","Female",39,"A","Single carriageway",30,"Unclassified","Not a Pedestrian","Not a Pedestrian",417877,443330,"E01011266",2,"T or staggered junction","Daylight","Fine no high winds","Dry","Cyclist"
"5474","2016133AN0822",2016-10-23,2016,"Oct",23,"13:21",13,21,"Sunday","Slight",1,"Slight","Car occupant","Passenger","Female",77,"B","Single carriageway",30,NA,"Not a Pedestrian","Not a Pedestrian",422771,428675,"E01011521",2,"Not at junction or within 20 metres","Daylight","Fine no high winds","Dry","Car occupant"
"5475","2016133AN1034",2016-10-23,2016,"Oct",23,"15:16",15,16,"Sunday","Slight",4,"Slight","Car occupant","Driver or rider","Male",25,"A","Dual carriageway",40,NA,"Not a Pedestrian","Not a Pedestrian",419960,434130,"E01011597",4,"Not at junction or within 20 metres","Daylight","Fine no high winds","Wet or damp","Car occupant"
"5476","2016133AN1036",2016-10-23,2016,"Oct",23,"15:18",15,18,"Sunday","Slight",1,"Slight","Car occupant","Driver or rider","Female",20,"Unclassified","Single carriageway",30,NA,"Not a Pedestrian","Not a Pedestrian",430587,425741,"E01011551",2,"Not at junction or within 20 metres","Daylight","Fine no high winds","Dry","Car occupant"
"5477","2016133AN1449",2016-10-23,2016,"Oct",23,"18:45",18,45,"Sunday","Slight",3,"Slight","Car occupant","Driver or rider","Male",21,"A","Dual carriageway",70,"Unclassified","Not a Pedestrian","Not a Pedestrian",429237,438605,"E01011559",2,"Crossroads","Darkness - lights lit","Fine no high winds","Dry","Car occupant"
"5478","2016133AO0327",2016-10-24,2016,"Oct",24,"09:00",9,0,"Monday","Slight",1,"Slight","Cyclist","Driver or rider","Male",26,"Unclassified","Single carriageway",30,"Unclassified","Not a Pedestrian","Not a Pedestrian",428686,434950,"E01011444",2,"Crossroads","Daylight","Fine no high winds","Dry","Cyclist"
"5479","2016133AO0549",2016-10-24,2016,"Oct",24,"09:10",9,10,"Monday","Slight",2,"Slight","Bus or coach occupant (17 or more pass seats)","Passenger","Female",21,"A","Single carriageway",30,NA,"Not a Pedestrian","Not a Pedestrian",427844,430860,"E01011369",1,"Not at junction or within 20 metres","Daylight","Unknown","Dry","Bus and goods vehicle occupant"
"5480","2016133AO0750",2016-10-24,2016,"Oct",24,"13:42",13,42,"Monday","Slight",1,"Slight","Taxi/Private hire car occupant","Passenger","Female",19,"A","Dual carriageway",30,"Unclassified","Not a Pedestrian","Not a Pedestrian",430716,435010,"E01011671",2,"Other junction","Daylight","Unknown","Dry","Car occupant"
"5481","2016133AO0993",2016-10-24,2016,"Oct",24,"15:38",15,38,"Monday","Slight",2,"Slight","Car occupant","Driver or rider","Male",30,"A","Dual carriageway",30,NA,"Not a Pedestrian","Not a Pedestrian",428601,432822,"E01011363",2,"Not at junction or within 20 metres","Daylight","Unknown","Dry","Car occupant"