"","accident_index","date","year","month","day","time","time_hour","time_minute","day_of_week","accident_severity","number_of_casualties","casualty_severity","casualty_type","casualty_class","sex_of_casualty","age_of_casualty","first_road_class","road_type","speed_limit","second_road_class","pedestrian_location","pedestrian_movement","location_easting_osgr","location_northing_osgr","lsoa_of_accident_location","number_of_vehicles","junction_detail","light_conditions","weather_conditions","road_surface_conditions","cas_type"
"5482","2016133AO1097",2016-10-24,2016,"Oct",24,"16:25",16,25,"Monday","Slight",1,"Slight","Pedestrian","Pedestrian","Male",18,"Unclassified","Unknown",20,NA,"On footway or verge","Unknown or other",433877,436496,"E01011421",1,"Not at junction or within 20 metres","Daylight","Unknown","Dry","Pedestrian"
"5483","2016133AO1221",2016-10-24,2016,"Oct",24,"17:15",17,15,"Monday","Slight",2,"Slight","Car occupant","Passenger","Female",23,"Unclassified","Single carriageway",30,"Unclassified","Not a Pedestrian","Not a Pedestrian",431450,435578,"E01011426",2,"T or staggered junction","Daylight","Fine no high winds","Dry","Car occupant"
"5484","2016133AP0255",2016-10-25,2016,"Oct",25,"07:02",7,2,"Tuesday","Slight",1,"Slight","Cyclist","Driver or rider","Male",37,"Unclassified","Roundabout",20,"Unclassified","Not a Pedestrian","Not a Pedestrian",432177,434627,"E01011433",2,"Roundabout","Daylight","Unknown","Dry","Cyclist"
"5485","2016133AP0288",2016-10-25,2016,"Oct",25,"07:15",7,15,"Tuesday","Serious",1,"Serious","Cyclist","Driver or rider","Male",34,"Unclassified","Single carriageway",30,"Unclassified","Not a Pedestrian","Not a Pedestrian",428629,434184,"E01011681",2,"T or staggered junction","Daylight","Unknown","Wet or damp","Cyclist"
"5486","2016133AP0995",2016-10-25,2016,"Oct",25,"15:57",15,57,"Tuesday","Slight",1,"Slight","Cyclist","Driver or rider","Female",51,"A","Dual carriageway",40,"Unclassified","Not a Pedestrian","Not a Pedestrian",430833,434014,"E01033031",2,"T or staggered junction","Daylight","Fine no high winds","Dry","Cyclist"
"5487","2016133AP1417",2016-10-25,2016,"Oct",25,"16:30",16,30,"Tuesday","Serious",1,"Serious","Pedestrian","Pedestrian","Female",4,"Unclassified","Single carriageway",30,"Unclassified","On footway or verge","Unknown or other",431885,434905,"E01011677",1,"Crossroads","Daylight","Fine no high winds","Dry","Pedestrian"
"5488","2016133AP1308",2016-10-25,2016,"Oct",25,"18:21",18,21,"Tuesday","Slight",1,"Slight","Cyclist","Driver or rider","Male",32,"A","Dual carriageway",30,"A(M)","Not a Pedestrian","Not a Pedestrian",430222,434406,"E01033002",2,"T or staggered junction","Darkness - lights lit","Fine no high winds","Dry","Cyclist"
"5489","2016133AQ0302",2016-10-26,2016,"Oct",26,"08:35",8,35,"Wednesday","Serious",1,"Serious","Cyclist","Driver or rider","Male",34,"A","Single carriageway",30,"Unclassified","Not a Pedestrian","Not a Pedestrian",436233,434285,"E01011408",2,"Crossroads","Daylight","Fine no high winds","Dry","Cyclist"
"5490","2016133AQ0489",2016-10-26,2016,"Oct",26,"11:15",11,15,"Wednesday","Slight",1,"Slight","Bus or coach occupant (17 or more pass seats)","Passenger","Female",48,"Unclassified","Single carriageway",30,NA,"Not a Pedestrian","Not a Pedestrian",430576,433446,"E01033011",1,"Not at junction or within 20 metres","Daylight","Fine no high winds","Dry","Bus and goods vehicle occupant"
"5491","2016133AQ0622",2016-10-26,2016,"Oct",26,"12:51",12,51,"Wednesday","Slight",2,"Slight","Car occupant","Driver or rider","Male",32,"Unclassified","Single carriageway",30,"Unclassified","Not a Pedestrian","Not a Pedestrian",428674,434618,"E01011681",2,"T or staggered junction","Daylight","Fine no high winds","Dry","Car occupant"
"5492","2016133AQ0775",2016-10-26,2016,"Oct",26,"14:08",14,8,"Wednesday","Slight",1,"Slight","Car occupant","Driver or rider","Female",27,"Unclassified","Single carriageway",30,"Unclassified","Not a Pedestrian","Not a Pedestrian",442390,445860,"E01011697",2,"T or staggered junction","Daylight","Fine no high winds","Dry","Car occupant"
"5493","2016133AQ0911",2016-10-26,2016,"Oct",26,"15:14",15,14,"Wednesday","Slight",3,"Slight","Car occupant","Driver or rider","Female",34,"Motorway","Dual carriageway",70,NA,"Not a Pedestrian","Not a Pedestrian",443616,435523,"E01011297",3,"Not at junction or within 20 metres","Daylight","Fine no high winds","Dry","Car occupant"
"5494","2016133AQ1580",2016-10-26,2016,"Oct",26,"17:00",17,0,"Wednesday","Slight",1,"Slight","Car occupant","Driver or rider","Female",40,"A","Dual carriageway",30,NA,"Not a Pedestrian","Not a Pedestrian",420965,434367,"E01011595",2,"Not at junction or within 20 metres","Daylight","Fine no high winds","Dry","Car occupant"
"5495","2016133AQ1178",2016-10-26,2016,"Oct",26,"17:10",17,10,"Wednesday","Slight",1,"Slight","Pedestrian","Pedestrian","Female",21,"Unclassified","Single carriageway",30,NA,"In carriageway, not crossing","In carriageway, stationary - not crossing  (standing or playing)",429255,435644,"E01011668",1,"Not at junction or within 20 metres","Daylight","Fine no high winds","Dry","Pedestrian"
"5496","2016133AQ1464",2016-10-26,2016,"Oct",26,"17:55",17,55,"Wednesday","Slight",1,"Slight","Bus or coach occupant (17 or more pass seats)","Passenger","Female",68,"Unclassified","Single carriageway",30,NA,"Not a Pedestrian","Not a Pedestrian",436173,434517,"E01011408",2,"Not at junction or within 20 metres","Daylight","Fine no high winds","Dry","Bus and goods vehicle occupant"
"5497","2016133AQ1413",2016-10-26,2016,"Oct",26,"18:50",18,50,"Wednesday","Slight",1,"Slight","Car occupant","Driver or rider","Female",29,"Unclassified","Single carriageway",30,NA,"Not a Pedestrian","Not a Pedestrian",431253,437843,"E01011504",1,"Not at junction or within 20 metres","Darkness - lighting unknown","Unknown","Dry","Car occupant"
"5498","2016133AS0532",2016-10-27,2016,"Oct",27,"12:00",12,0,"Thursday","Slight",1,"Slight","Car occupant","Driver or rider","Male",39,"Unclassified","Single carriageway",30,NA,"Not a Pedestrian","Not a Pedestrian",431002,435795,"E01011359",2,"Not at junction or within 20 metres","Daylight","Fine no high winds","Dry","Car occupant"
"5499","2016133AR1122",2016-10-27,2016,"Oct",27,"16:35",16,35,"Thursday","Slight",1,"Slight","Cyclist","Driver or rider","Male",53,"Unclassified","Single carriageway",30,"Unclassified","Not a Pedestrian","Not a Pedestrian",429826,432960,"E01033016",2,"T or staggered junction","Daylight","Fine no high winds","Dry","Cyclist"
"5500","2016133AR1181",2016-10-27,2016,"Oct",27,"17:00",17,0,"Thursday","Slight",1,"Slight","Motorcycle over 500cc rider or passenger","Driver or rider","Male",52,"Unclassified","Single carriageway",30,"Unclassified","Not a Pedestrian","Not a Pedestrian",427519,433839,"E01011284",2,"T or staggered junction","Daylight","Fine no high winds","Dry","Motorcyclist and pillion"
"5501","2016133AR1229",2016-10-27,2016,"Oct",27,"17:30",17,30,"Thursday","Slight",1,"Slight","Car occupant","Driver or rider","Male",61,"Motorway","Dual carriageway",70,NA,"Not a Pedestrian","Not a Pedestrian",431624,426417,"E01011499",2,"Not at junction or within 20 metres","Darkness - lights lit","Fine no high winds","Dry","Car occupant"
"5502","2016133AR1956",2016-10-27,2016,"Oct",27,"23:35",23,35,"Thursday","Slight",3,"Slight","Car occupant","Driver or rider","Female",22,"Unclassified","Single carriageway",30,"Unclassified","Not a Pedestrian","Not a Pedestrian",428044,435069,"E01011446",2,"T or staggered junction","Darkness - lights lit","Fine no high winds","Dry","Car occupant"
"5503","2016133AS0267",2016-10-28,2016,"Oct",28,"07:08",7,8,"Friday","Slight",1,"Slight","Cyclist","Driver or rider","Male",20,"Unclassified","Single carriageway",30,"Unclassified","Not a Pedestrian","Not a Pedestrian",430784,433454,"E01033011",2,"Crossroads","Darkness - lights lit","Fine no high winds","Dry","Cyclist"
"5504","2016133AS0285",2016-10-28,2016,"Oct",28,"07:30",7,30,"Friday","Slight",1,"Slight","Car occupant","Driver or rider","Female",25,"Unclassified","Single carriageway",60,"Unclassified","Not a Pedestrian","Not a Pedestrian",434619,441231,"E01011713",2,"Crossroads","Darkness - no lighting","Fine no high winds","Dry","Car occupant"
"5505","2016133AS0296",2016-10-28,2016,"Oct",28,"07:35",7,35,"Friday","Slight",1,"Slight","Cyclist","Driver or rider","Male",59,"A","Roundabout",40,"Unclassified","Not a Pedestrian","Not a Pedestrian",427954,430306,"E01011317",2,"Roundabout","Daylight","Fine no high winds","Dry","Cyclist"
"5506","2016133AS1083",2016-10-28,2016,"Oct",28,"16:00",16,0,"Friday","Slight",1,"Slight","Van / Goods vehicle (3.5 tonnes mgw or under) occupant","Driver or rider","Male",25,"Unclassified","Single carriageway",30,"Unclassified","Not a Pedestrian","Not a Pedestrian",424112,434586,"E01011334",4,"T or staggered junction","Daylight","Fine no high winds","Dry","Bus and goods vehicle occupant"
"5507","2016133AS1114",2016-10-28,2016,"Oct",28,"16:10",16,10,"Friday","Slight",1,"Slight","Car occupant","Driver or rider","Female",79,"A","Roundabout",30,"A","Not a Pedestrian","Not a Pedestrian",426835,438058,"E01011685",2,"Roundabout","Daylight","Unknown","Dry","Car occupant"
"5508","2016133AT0612",2016-10-29,2016,"Oct",29,"10:09",10,9,"Saturday","Fatal",1,"Fatal","Pedestrian","Pedestrian","Female",41,"A","Dual carriageway",50,NA,"In carriageway, crossing elsewhere","Crossing from driver's nearside",438888,432555,"E01011402",1,"Not at junction or within 20 metres","Daylight","Fine no high winds","Dry","Pedestrian"
"5509","2016133AT0735",2016-10-29,2016,"Oct",29,"11:30",11,30,"Saturday","Slight",1,"Slight","Pedestrian","Pedestrian","Male",42,"Unclassified","Single carriageway",30,NA,"Unknown or other","Unknown or other",431202,429737,"E01011474",1,"Not at junction or within 20 metres","Daylight","Fine no high winds","Dry","Pedestrian"
"5510","2016133AT0945",2016-10-29,2016,"Oct",29,"13:40",13,40,"Saturday","Slight",1,"Slight","Pedestrian","Pedestrian","Female",21,"Unclassified","One way street",30,"Unclassified","Unknown or other","Crossing from driver's offside",429739,433540,"E01033010",1,"Crossroads","Daylight","Fine no high winds","Dry","Pedestrian"
"5511","2016133AT1230",2016-10-29,2016,"Oct",29,"16:10",16,10,"Saturday","Serious",1,"Serious","Cyclist","Driver or rider","Male",15,"A","Single carriageway",30,"B","Not a Pedestrian","Not a Pedestrian",427726,436479,"E01011694",2,"Crossroads","Daylight","Fine no high winds","Dry","Cyclist"
"5512","2016133AT1477",2016-10-29,2016,"Oct",29,"18:25",18,25,"Saturday","Slight",1,"Slight","Pedestrian","Pedestrian","Male",78,"Unclassified","Single carriageway",30,"Unclassified","Crossing on pedestrian crossing facility","Crossing from driver's nearside",430247,433241,"E01033016",1,"Crossroads","Darkness - lights lit","Fine no high winds","Dry","Pedestrian"
"5513","2016133AT1878",2016-10-29,2016,"Oct",29,"21:50",21,50,"Saturday","Slight",1,"Slight","Car occupant","Driver or rider","Female",46,"Unclassified","Single carriageway",30,"Unclassified","Not a Pedestrian","Not a Pedestrian",429533,439290,"E01011559",2,"T or staggered junction","Darkness - lights lit","Fine no high winds","Dry","Car occupant"
"5514","2016133AU0297",2016-10-30,2016,"Oct",30,"01:40",1,40,"Sunday","Slight",2,"Slight","Taxi/Private hire car occupant","Driver or rider","Male",33,"Unclassified","Single carriageway",30,"Unclassified","Not a Pedestrian","Not a Pedestrian",428098,434518,"E01011481",2,"Crossroads","Darkness - lights lit","Fine no high winds","Dry","Car occupant"
"5515","2016133AU0629",2016-10-30,2016,"Oct",30,"05:35",5,35,"Sunday","Slight",1,"Slight","Car occupant","Driver or rider","Male",23,"A","Single carriageway",40,"Unclassified","Not a Pedestrian","Not a Pedestrian",436470,434065,"E01011408",2,"T or staggered junction","Darkness - lights lit","Fine no high winds","Dry","Car occupant"
"5516","2016133AU0624",2016-10-30,2016,"Oct",30,"07:48",7,48,"Sunday","Slight",2,"Slight","Motorcycle over 125cc and up to 500cc rider or  passenger","Driver or rider","Male",53,"Motorway","Dual carriageway",70,NA,"Not a Pedestrian","Not a Pedestrian",427090,426097,"E01011550",1,"Not at junction or within 20 metres","Daylight","Fine no high winds","Dry","Motorcyclist and pillion"
"5517","2016133AU1390",2016-10-30,2016,"Oct",30,"16:14",16,14,"Sunday","Slight",2,"Slight","Car occupant","Driver or rider","Male",76,"A","Single carriageway",30,"Unclassified","Not a Pedestrian","Not a Pedestrian",420591,440142,"E01011278",2,"T or staggered junction","Daylight","Fine no high winds","Dry","Car occupant"
"5518","2016133AU1758",2016-10-30,2016,"Oct",30,"18:00",18,0,"Sunday","Slight",2,"Slight","Cyclist","Driver or rider","Male",14,"Unclassified","Single carriageway",30,"Unclassified","Not a Pedestrian","Not a Pedestrian",428837,436575,"E01011691",3,"Crossroads","Darkness - lights lit","Fine no high winds","Dry","Cyclist"
"5519","2016133AV0382",2016-10-31,2016,"Oct",31,"09:30",9,30,"Monday","Slight",1,"Slight","Pedestrian","Pedestrian","Female",19,"A","Single carriageway",30,NA,"In carriageway, crossing elsewhere","Crossing from driver's offside",429588,434699,"E01033006",1,"Not at junction or within 20 metres","Daylight","Fine no high winds","Dry","Pedestrian"
"5520","2016133AV0551",2016-10-31,2016,"Oct",31,"11:19",11,19,"Monday","Slight",2,"Slight","Car occupant","Driver or rider","Female",29,"A","Dual carriageway",30,"Unclassified","Not a Pedestrian","Not a Pedestrian",436182,434467,"E01011408",2,"Crossroads","Daylight","Fine no high winds","Dry","Car occupant"
"5521","2016133AV1403",2016-10-31,2016,"Oct",31,"18:00",18,0,"Monday","Serious",1,"Serious","Pedestrian","Pedestrian","Male",12,"Unclassified","Single carriageway",30,NA,"In carriageway, crossing elsewhere","Crossing from nearside - masked by parked or stationary vehicle",438513,430325,"E01011390",1,"Not at junction or within 20 metres","Darkness - lights lit","Fine no high winds","Dry","Pedestrian"
"5522","2016133AV1506",2016-10-31,2016,"Oct",31,"18:10",18,10,"Monday","Slight",1,"Slight","Pedestrian","Pedestrian","Male",6,"Unclassified","Single carriageway",30,NA,"In carriageway, crossing elsewhere","Crossing from nearside - masked by parked or stationary vehicle",431937,439283,"E01011508",1,"Not at junction or within 20 metres","Darkness - lights lit","Fine no high winds","Dry","Pedestrian"
"5523","2016133B10454",2016-11-01,2016,"Nov",1,"07:45",7,45,"Tuesday","Slight",1,"Slight","Cyclist","Driver or rider","Male",23,"A","Dual carriageway",30,"Unclassified","Not a Pedestrian","Not a Pedestrian",430839,434003,"E01033031",2,"T or staggered junction","Daylight","Fine no high winds","Dry","Cyclist"
"5524","2016133B10350",2016-11-01,2016,"Nov",1,"08:35",8,35,"Tuesday","Slight",1,"Slight","Cyclist","Driver or rider","Male",24,"A","Dual carriageway",30,"Unclassified","Not a Pedestrian","Not a Pedestrian",431909,435733,"E01011428",2,"T or staggered junction","Daylight","Fine no high winds","Dry","Cyclist"
"5525","2016133B11347",2016-11-01,2016,"Nov",1,"23:30",23,30,"Tuesday","Slight",2,"Slight","Taxi/Private hire car occupant","Driver or rider","Male",27,"A","Dual carriageway",40,NA,"Not a Pedestrian","Not a Pedestrian",430236,434413,"E01033002",2,"Not at junction or within 20 metres","Darkness - lights lit","Fine no high winds","Dry","Car occupant"
"5526","2016133B20189",2016-11-02,2016,"Nov",2,"07:25",7,25,"Wednesday","Slight",1,"Slight","Car occupant","Driver or rider","Female",62,"Unclassified","Single carriageway",30,NA,"Not a Pedestrian","Not a Pedestrian",430147,437574,"E01011506",2,"Not at junction or within 20 metres","Daylight","Fine no high winds","Wet or damp","Car occupant"
"5527","2016133B20858",2016-11-02,2016,"Nov",2,"14:18",14,18,"Wednesday","Slight",2,"Slight","Car occupant","Driver or rider","Male",22,"A","Dual carriageway",30,"A","Not a Pedestrian","Not a Pedestrian",424151,428163,"E01011523",2,"Roundabout","Daylight","Fine no high winds","Dry","Car occupant"
"5528","2016133B21094",2016-11-02,2016,"Nov",2,"16:00",16,0,"Wednesday","Slight",1,"Slight","Van / Goods vehicle (3.5 tonnes mgw or under) occupant","Driver or rider","Female",38,"Unclassified","Single carriageway",30,NA,"Not a Pedestrian","Not a Pedestrian",431913,435719,"E01011428",2,"Not at junction or within 20 metres","Darkness - lights lit","Fine no high winds","Dry","Bus and goods vehicle occupant"
"5529","2016133B21115",2016-11-02,2016,"Nov",2,"16:14",16,14,"Wednesday","Slight",2,"Slight","Car occupant","Driver or rider","Male",23,"A","Single carriageway",40,NA,"Not a Pedestrian","Not a Pedestrian",428718,426013,"E01011553",2,"Not at junction or within 20 metres","Daylight","Fine no high winds","Dry","Car occupant"
"5530","2016133B21169",2016-11-02,2016,"Nov",2,"16:45",16,45,"Wednesday","Serious",5,"Slight","Car occupant","Driver or rider","Male",31,"Motorway","Dual carriageway",50,NA,"Not a Pedestrian","Not a Pedestrian",429030,431750,"E01011366",5,"Not at junction or within 20 metres","Daylight","Fine no high winds","Dry","Car occupant"
"5531","2016133B30883",2016-11-02,2016,"Nov",2,"17:30",17,30,"Wednesday","Slight",1,"Slight","Cyclist","Driver or rider","Male",36,"B","Single carriageway",30,NA,"Not a Pedestrian","Not a Pedestrian",422651,428775,"E01011521",2,"Not at junction or within 20 metres","Darkness - lights lit","Unknown","Dry","Cyclist"
"5532","2016133B21483",2016-11-02,2016,"Nov",2,"19:00",19,0,"Wednesday","Slight",1,"Slight","Cyclist","Driver or rider","Male",39,"A","Single carriageway",30,"Unclassified","Not a Pedestrian","Not a Pedestrian",429788,430628,"E01011322",2,"T or staggered junction","Darkness - lights lit","Fine no high winds","Dry","Cyclist"
"5533","2016133B30341",2016-11-03,2016,"Nov",3,"09:15",9,15,"Thursday","Slight",1,"Slight","Pedestrian","Pedestrian","Male",24,"A","Single carriageway",30,"Unclassified","Crossing on pedestrian crossing facility","Crossing from driver's nearside",431491,435123,"E01011673",1,"T or staggered junction","Daylight","Fine no high winds","Dry","Pedestrian"
"5534","2016133B30392",2016-11-03,2016,"Nov",3,"09:50",9,50,"Thursday","Serious",2,"Slight","Car occupant","Driver or rider","Male",81,"A","Dual carriageway",40,"Unclassified","Not a Pedestrian","Not a Pedestrian",441055,432040,"E01011302",2,"T or staggered junction","Daylight","Fine no high winds","Dry","Car occupant"
"5535","2016133B30992",2016-11-03,2016,"Nov",3,"15:10",15,10,"Thursday","Slight",1,"Slight","Pedestrian","Pedestrian","Male",13,"Unclassified","Dual carriageway",30,NA,"In carriageway, crossing elsewhere","Crossing from driver's offside",430458,431163,"E01011374",1,"Not at junction or within 20 metres","Daylight","Fine no high winds","Dry","Pedestrian"
"5536","2016133B31024",2016-11-03,2016,"Nov",3,"15:29",15,29,"Thursday","Slight",5,"Slight","Car occupant","Driver or rider","Female",26,"Unclassified","Single carriageway",30,"Unclassified","Not a Pedestrian","Not a Pedestrian",433423,437240,"E01011644",4,"T or staggered junction","Daylight","Fine no high winds","Dry","Car occupant"
"5537","2016133B31108",2016-11-03,2016,"Nov",3,"15:30",15,30,"Thursday","Slight",1,"Slight","Pedestrian","Pedestrian","Male",10,"Unclassified","Dual carriageway",20,NA,"Unknown or other","Unknown or other",431724,428501,"E01011502",1,"Not at junction or within 20 metres","Daylight","Raining no high winds","Wet or damp","Pedestrian"
"5538","2016133B31234",2016-11-03,2016,"Nov",3,"16:57",16,57,"Thursday","Slight",1,"Slight","Car occupant","Driver or rider","Female",44,"B","Single carriageway",30,"Unclassified","Not a Pedestrian","Not a Pedestrian",428294,432863,"E01011363",2,"Other junction","Darkness - lights lit","Fine no high winds","Dry","Car occupant"
"5539","2016133B31258",2016-11-03,2016,"Nov",3,"17:10",17,10,"Thursday","Slight",1,"Slight","Motorcycle 125cc and under rider or passenger","Driver or rider","Male",33,"Unclassified","Single carriageway",30,"Unclassified","Not a Pedestrian","Not a Pedestrian",427420,434987,"E01011478",2,"Crossroads","Darkness - lights lit","Fine no high winds","Dry","Motorcyclist and pillion"
"5540","2016133B31302",2016-11-03,2016,"Nov",3,"17:33",17,33,"Thursday","Slight",3,"Slight","Car occupant","Driver or rider","Male",39,"Unclassified","Single carriageway",30,NA,"Not a Pedestrian","Not a Pedestrian",430940,433494,"E01033011",2,"Not at junction or within 20 metres","Darkness - lights lit","Unknown","Wet or damp","Car occupant"
"5541","2016133B41069",2016-11-04,2016,"Nov",4,"06:10",6,10,"Friday","Slight",1,"Slight","Cyclist","Driver or rider","Male",21,"A","Single carriageway",30,"A","Not a Pedestrian","Not a Pedestrian",426798,426674,"E01011547",2,"Other junction","Darkness - lights lit","Fine no high winds","Dry","Cyclist"
"5542","2016133CD0365",2016-11-04,2016,"Nov",4,"08:45",8,45,"Friday","Slight",1,"Slight","Pedestrian","Pedestrian","Male",9,"Unclassified","Single carriageway",30,NA,"Unknown or other","Unknown or other",420250,434003,"E01011586",1,"Not at junction or within 20 metres","Daylight","Fine no high winds","Dry","Pedestrian"
"5543","2016133B40563",2016-11-04,2016,"Nov",4,"11:40",11,40,"Friday","Slight",1,"Slight","Pedestrian","Pedestrian","Female",54,"Unclassified","Single carriageway",30,NA,"Unknown or other","Crossing from driver's nearside",440773,433630,"E01011396",1,"Not at junction or within 20 metres","Daylight","Fine no high winds","Dry","Pedestrian"
"5544","2016133B41240",2016-11-04,2016,"Nov",4,"17:08",17,8,"Friday","Slight",1,"Slight","Car occupant","Driver or rider","Female",87,"Unclassified","Single carriageway",30,"Unclassified","Not a Pedestrian","Not a Pedestrian",419520,441505,"E01011273",1,"T or staggered junction","Daylight","Unknown","Dry","Car occupant"
"5545","2016133B42162",2016-11-04,2016,"Nov",4,"22:44",22,44,"Friday","Slight",1,"Slight","Car occupant","Driver or rider","Male",23,"A","Single carriageway",30,"Unclassified","Not a Pedestrian","Not a Pedestrian",429941,425134,"E01011537",2,"T or staggered junction","Daylight","Raining no high winds","Wet or damp","Car occupant"
"5546","2016133B42296",2016-11-04,2016,"Nov",4,"23:40",23,40,"Friday","Slight",3,"Slight","Car occupant","Driver or rider","Male",31,"Unclassified","Single carriageway",30,NA,"Not a Pedestrian","Not a Pedestrian",438484,436400,"E01011719",3,"Not at junction or within 20 metres","Darkness - lights lit","Fine no high winds","Dry","Car occupant"
"5547","2016133B50364",2016-11-05,2016,"Nov",5,"06:42",6,42,"Saturday","Slight",1,"Slight","Motorcycle 125cc and under rider or passenger","Driver or rider","Male",22,"A","Dual carriageway",60,"Unclassified","Not a Pedestrian","Not a Pedestrian",436029,435907,"E01011724",2,"T or staggered junction","Darkness - lights lit","Unknown","Dry","Motorcyclist and pillion"
"5548","2016133B50951",2016-11-05,2016,"Nov",5,"14:30",14,30,"Saturday","Serious",1,"Serious","Pedestrian","Pedestrian","Female",52,"A","Dual carriageway",40,"Unclassified","Crossing on pedestrian crossing facility","Crossing from driver's offside",430975,440089,"E01011557",1,"T or staggered junction","Daylight","Fine no high winds","Dry","Pedestrian"
"5549","2016133B51014",2016-11-05,2016,"Nov",5,"15:05",15,5,"Saturday","Slight",1,"Slight","Cyclist","Driver or rider","Male",71,"A","Single carriageway",40,"Unclassified","Not a Pedestrian","Not a Pedestrian",425162,429001,"E01011522",2,"Crossroads","Daylight","Unknown","Dry","Cyclist"
"5550","2016133B51148",2016-11-05,2016,"Nov",5,"16:15",16,15,"Saturday","Slight",1,"Slight","Pedestrian","Pedestrian","Male",51,"Unclassified","Single carriageway",30,"Unclassified","In carriageway, crossing elsewhere","Crossing from driver's nearside",427015,433112,"E01011292",1,"T or staggered junction","Daylight","Fine + high winds","Dry","Pedestrian"
"5551","2016133B71247",2016-11-05,2016,"Nov",5,"18:00",18,0,"Saturday","Slight",2,"Slight","Car occupant","Driver or rider","Male",24,"Unclassified","Unknown",20,NA,"Not a Pedestrian","Not a Pedestrian",428700,437062,"E01011691",2,"Not at junction or within 20 metres","Darkness - lights lit","Fine no high winds","Dry","Car occupant"
"5552","2016133B51456",2016-11-05,2016,"Nov",5,"18:40",18,40,"Saturday","Slight",1,"Slight","Pedestrian","Pedestrian","Female",14,"Unclassified","Single carriageway",30,NA,"In carriageway, not crossing","Unknown or other",444010,433772,"E01011297",1,"Not at junction or within 20 metres","Darkness - lights lit","Fine + high winds","Dry","Pedestrian"
"5553","2016133B51465",2016-11-05,2016,"Nov",5,"18:47",18,47,"Saturday","Serious",1,"Serious","Pedestrian","Pedestrian","Female",20,"A","Single carriageway",30,"Unclassified","On footway or verge","Unknown or other",429308,435027,"E01033005",1,"T or staggered junction","Darkness - lights lit","Unknown","Dry","Pedestrian"
"5554","2016133B60653",2016-11-06,2016,"Nov",6,"10:40",10,40,"Sunday","Slight",1,"Slight","Motorcycle 50cc and under rider or passenger","Driver or rider","Male",17,"A","Single carriageway",30,NA,"Not a Pedestrian","Not a Pedestrian",435294,428484,"E01011627",2,"Not at junction or within 20 metres","Daylight","Fine no high winds","Wet or damp","Motorcyclist and pillion"
"5555","2016133B60634",2016-11-06,2016,"Nov",6,"11:16",11,16,"Sunday","Slight",1,"Slight","Cyclist","Driver or rider","Male",21,"Unclassified","One way street",30,NA,"Not a Pedestrian","Not a Pedestrian",430062,433712,"E01033010",2,"Not at junction or within 20 metres","Daylight","Fine no high winds","Dry","Cyclist"
"5556","2016133B60786",2016-11-06,2016,"Nov",6,"13:05",13,5,"Sunday","Slight",1,"Slight","Cyclist","Driver or rider","Male",42,"Unclassified","Roundabout",30,"A","Not a Pedestrian","Not a Pedestrian",428756,432720,"E01033013",2,"Roundabout","Daylight","Raining no high winds","Wet or damp","Cyclist"
"5557","2016133B60860",2016-11-06,2016,"Nov",6,"13:45",13,45,"Sunday","Slight",1,"Slight","Pedestrian","Pedestrian","Female",82,"B","Single carriageway",30,"B","In carriageway, crossing elsewhere","Crossing from driver's nearside",421480,434420,"E01011587",1,"T or staggered junction","Daylight","Fine no high winds","Dry","Pedestrian"
"5558","2016133B61607",2016-11-06,2016,"Nov",6,"21:15",21,15,"Sunday","Slight",2,"Slight","Car occupant","Passenger","Female",20,"Unclassified","Single carriageway",30,"Unclassified","Not a Pedestrian","Not a Pedestrian",431139,434296,"E01033031",2,"Crossroads","Darkness - lights lit","Raining no high winds","Wet or damp","Car occupant"
"5559","2016133B70167",2016-11-07,2016,"Nov",7,"07:25",7,25,"Monday","Slight",1,"Slight","Car occupant","Driver or rider","Female",48,"Unclassified","Single carriageway",30,"Unclassified","Not a Pedestrian","Not a Pedestrian",431077,430359,"E01011472",2,"Crossroads","Daylight","Fine no high winds","Wet or damp","Car occupant"
"5560","2016133B70768",2016-11-07,2016,"Nov",7,"14:11",14,11,"Monday","Slight",1,"Slight","Car occupant","Driver or rider","Male",40,"Unclassified","Single carriageway",30,NA,"Not a Pedestrian","Not a Pedestrian",431317,429063,"E01011475",3,"Not at junction or within 20 metres","Daylight","Fine no high winds","Dry","Car occupant"
"5561","2016133B71304",2016-11-07,2016,"Nov",7,"18:30",18,30,"Monday","Slight",1,"Slight","Bus or coach occupant (17 or more pass seats)","Passenger","Female",53,"Unclassified","Single carriageway",30,"Unclassified","Not a Pedestrian","Not a Pedestrian",431752,434601,"E01011677",2,"T or staggered junction","Darkness - lights lit","Fine no high winds","Wet or damp","Bus and goods vehicle occupant"
"5562","2016133B71577",2016-11-07,2016,"Nov",7,"20:50",20,50,"Monday","Slight",1,"Slight","Pedestrian","Pedestrian","Female",21,"A","Single carriageway",30,"Unclassified","Crossing on pedestrian crossing facility","Crossing from driver's nearside",427845,436278,"E01011440",1,"Other junction","Darkness - lights lit","Fine no high winds","Wet or damp","Pedestrian"
"5563","2016133B80261",2016-11-08,2016,"Nov",8,"08:26",8,26,"Tuesday","Slight",1,"Slight","Pedestrian","Pedestrian","Female",15,"Unclassified","Single carriageway",30,"Unclassified","In carriageway, crossing elsewhere","Crossing from driver's nearside",433045,435647,"E01011424",1,"T or staggered junction","Daylight","Fine no high winds","Dry","Pedestrian"
"5564","2016133B80400",2016-11-08,2016,"Nov",8,"10:35",10,35,"Tuesday","Serious",1,"Serious","Cyclist","Driver or rider","Male",23,"Unclassified","Single carriageway",30,"Unclassified","Not a Pedestrian","Not a Pedestrian",429203,434166,"E01011678",2,"T or staggered junction","Daylight","Fine no high winds","Dry","Cyclist"