"","accident_index","date","year","month","day","time","time_hour","time_minute","day_of_week","accident_severity","number_of_casualties","casualty_severity","casualty_type","casualty_class","sex_of_casualty","age_of_casualty","first_road_class","road_type","speed_limit","second_road_class","pedestrian_location","pedestrian_movement","location_easting_osgr","location_northing_osgr","lsoa_of_accident_location","number_of_vehicles","junction_detail","light_conditions","weather_conditions","road_surface_conditions","cas_type"
"5646","2016133BO1351",2016-11-24,2016,"Nov",24,"18:10",18,10,"Thursday","Slight",1,"Slight","Motorcycle over 500cc rider or passenger","Driver or rider","Male",40,"Unclassified","Single carriageway",30,"Unclassified","Not a Pedestrian","Not a Pedestrian",436564,435582,"E01011406",2,"Crossroads","Darkness - lights lit","Fine no high winds","Wet or damp","Motorcyclist and pillion"
"5647","2016133BP0227",2016-11-25,2016,"Nov",25,"07:00",7,0,"Friday","Slight",2,"Slight","Car occupant","Driver or rider","Male",50,"Unclassified","Single carriageway",60,NA,"Not a Pedestrian","Not a Pedestrian",429115,423538,"E01011536",2,"Not at junction or within 20 metres","Darkness - no lighting","Fine no high winds","Dry","Car occupant"
"5648","2016133BP1040",2016-11-25,2016,"Nov",25,"10:39",10,39,"Friday","Slight",2,"Slight","Car occupant","Driver or rider","Female",45,"A","One way street",60,"A","Not a Pedestrian","Not a Pedestrian",431230,445729,"E01011561",2,"T or staggered junction","Daylight","Fine no high winds","Wet or damp","Car occupant"
"5649","2016133BP1128",2016-11-25,2016,"Nov",25,"16:33",16,33,"Friday","Slight",3,"Slight","Car occupant","Driver or rider","Female",76,"A","Dual carriageway",40,"Unclassified","Not a Pedestrian","Not a Pedestrian",427739,425804,"E01011548",2,"Crossroads","Darkness - lights lit","Fine no high winds","Dry","Car occupant"
"5650","2016133BP1354",2016-11-25,2016,"Nov",25,"18:15",18,15,"Friday","Slight",1,"Slight","Car occupant","Passenger","Male",3,"A","Single carriageway",30,"Unclassified","Not a Pedestrian","Not a Pedestrian",437198,444242,"E01011713",2,"T or staggered junction","Darkness - lights lit","Fine no high winds","Dry","Car occupant"
"5651","2016133BP1369",2016-11-25,2016,"Nov",25,"18:20",18,20,"Friday","Serious",2,"Serious","Pedestrian","Pedestrian","Male",15,"A","Single carriageway",60,NA,"In carriageway, crossing elsewhere","Crossing from driver's nearside",423071,427971,"E01011529",1,"Not at junction or within 20 metres","Darkness - lights lit","Raining no high winds","Dry","Pedestrian"
"5652","2016133BQ0874",2016-11-26,2016,"Nov",26,"13:40",13,40,"Saturday","Slight",1,"Slight","Cyclist","Driver or rider","Male",50,"Unclassified","Single carriageway",60,NA,"Not a Pedestrian","Not a Pedestrian",423161,442801,"E01032503",2,"Not at junction or within 20 metres","Daylight","Fine no high winds","Wet or damp","Cyclist"
"5653","2016133BQ0961",2016-11-26,2016,"Nov",26,"14:36",14,36,"Saturday","Serious",1,"Serious","Pedestrian","Pedestrian","Male",25,"A","Dual carriageway",30,NA,"In carriageway, crossing elsewhere","Crossing from driver's nearside",429785,430612,"E01011316",1,"Not at junction or within 20 metres","Daylight","Fine no high winds","Dry","Pedestrian"
"5654","2016133BQ1709",2016-11-26,2016,"Nov",26,"20:45",20,45,"Saturday","Slight",2,"Slight","Car occupant","Passenger","Male",36,"A","Dual carriageway",40,"Unclassified","Not a Pedestrian","Not a Pedestrian",429092,429970,"E01011320",2,"Other junction","Darkness - lights lit","Fine no high winds","Wet or damp","Car occupant"
"5655","2016133BQ1977",2016-11-26,2016,"Nov",26,"23:40",23,40,"Saturday","Slight",1,"Slight","Pedestrian","Pedestrian","Male",19,"Unclassified","Single carriageway",30,"Unclassified","In carriageway, not crossing","Unknown or other",430638,434240,"E01033002",1,"T or staggered junction","Darkness - lights lit","Fine no high winds","Wet or damp","Pedestrian"
"5656","2016133BR0698",2016-11-27,2016,"Nov",27,"12:05",12,5,"Sunday","Slight",1,"Slight","Bus or coach occupant (17 or more pass seats)","Passenger","Female",22,"Unclassified","Single carriageway",30,"Unclassified","Not a Pedestrian","Not a Pedestrian",429707,439017,"E01011558",2,"T or staggered junction","Daylight","Fine no high winds","Dry","Bus and goods vehicle occupant"
"5657","2016133BS0240",2016-11-28,2016,"Nov",28,"08:05",8,5,"Monday","Slight",1,"Slight","Pedestrian","Pedestrian","Male",12,"Unclassified","Single carriageway",20,NA,"In carriageway, crossing elsewhere","Crossing from driver's offside",431777,435872,"E01011426",1,"Not at junction or within 20 metres","Daylight","Fine no high winds","Dry","Pedestrian"
"5658","2016133BS0594",2016-11-28,2016,"Nov",28,"11:25",11,25,"Monday","Slight",1,"Slight","Bus or coach occupant (17 or more pass seats)","Passenger","Male",16,"Unclassified","Single carriageway",30,NA,"Not a Pedestrian","Not a Pedestrian",436355,433759,"E01011414",1,"Not at junction or within 20 metres","Daylight","Fine no high winds","Dry","Bus and goods vehicle occupant"
"5659","2016133BS0604",2016-11-28,2016,"Nov",28,"12:04",12,4,"Monday","Slight",1,"Slight","Pedestrian","Pedestrian","Male",22,"A","Dual carriageway",40,NA,"On refuge, central island or central reservation","Crossing from driver's offside",427404,431410,"E01011318",1,"Not at junction or within 20 metres","Daylight","Fine no high winds","Dry","Pedestrian"
"5660","2016133BS0556",2016-11-28,2016,"Nov",28,"12:05",12,5,"Monday","Slight",3,"Slight","Car occupant","Passenger","Male",20,"Unclassified","Single carriageway",50,NA,"Not a Pedestrian","Not a Pedestrian",424123,431724,"E01011728",4,"Not at junction or within 20 metres","Daylight","Fine no high winds","Dry","Car occupant"
"5661","2016133BS1179",2016-11-28,2016,"Nov",28,"16:55",16,55,"Monday","Slight",1,"Slight","Pedestrian","Pedestrian","Female",12,"Unclassified","Dual carriageway",40,"A","Crossing on pedestrian crossing facility","Crossing from driver's nearside",436086,434786,"E01011345",1,"Roundabout","Darkness - lights lit","Fine no high winds","Wet or damp","Pedestrian"
"5662","2016133BT0210",2016-11-28,2016,"Nov",28,"17:07",17,7,"Monday","Slight",1,"Slight","Car occupant","Driver or rider","Female",31,"A","Dual carriageway",50,"Unclassified","Not a Pedestrian","Not a Pedestrian",438467,432693,"E01011402",3,"Slip road","Darkness - lights lit","Fine no high winds","Dry","Car occupant"
"5663","2016133BS1390",2016-11-28,2016,"Nov",28,"18:35",18,35,"Monday","Slight",3,"Slight","Car occupant","Driver or rider","Male",24,"B","Single carriageway",30,"Unclassified","Not a Pedestrian","Not a Pedestrian",422301,436846,"E01011589",2,"T or staggered junction","Darkness - lights lit","Fine no high winds","Wet or damp","Car occupant"
"5664","2016133BT0022",2016-11-29,2016,"Nov",29,"00:23",0,23,"Tuesday","Slight",1,"Slight","Car occupant","Driver or rider","Male",33,"Unclassified","Single carriageway",30,"Unclassified","Not a Pedestrian","Not a Pedestrian",430023,435534,"E01011670",2,"T or staggered junction","Darkness - lights lit","Fine no high winds","Dry","Car occupant"
"5665","2016133BT0205",2016-11-29,2016,"Nov",29,"07:30",7,30,"Tuesday","Serious",1,"Serious","Pedestrian","Pedestrian","Male",12,"Unclassified","Single carriageway",30,"Unclassified","In carriageway, crossing elsewhere","Crossing from driver's nearside",433184,433971,"E01011617",1,"T or staggered junction","Daylight","Fine no high winds","Frost or ice","Pedestrian"
"5666","2016133BT0231",2016-11-29,2016,"Nov",29,"07:55",7,55,"Tuesday","Serious",1,"Serious","Cyclist","Driver or rider","Male",54,"Unclassified","Single carriageway",20,NA,"Not a Pedestrian","Not a Pedestrian",427953,433261,"E01011294",2,"Not at junction or within 20 metres","Daylight","Fine no high winds","Wet or damp","Cyclist"
"5667","2016133BT0269",2016-11-29,2016,"Nov",29,"08:45",8,45,"Tuesday","Serious",1,"Serious","Cyclist","Driver or rider","Male",48,"B","Single carriageway",60,NA,"Not a Pedestrian","Not a Pedestrian",441660,449694,"E01011704",2,"Not at junction or within 20 metres","Daylight","Fine no high winds","Dry","Cyclist"
"5668","2016133BT0289",2016-11-29,2016,"Nov",29,"08:59",8,59,"Tuesday","Slight",1,"Slight","Car occupant","Driver or rider","Male",56,"Unclassified","Single carriageway",30,NA,"Not a Pedestrian","Not a Pedestrian",441728,427895,"E01011307",2,"Not at junction or within 20 metres","Daylight","Fine no high winds","Dry","Car occupant"
"5669","2016133BT0753",2016-11-29,2016,"Nov",29,"14:00",14,0,"Tuesday","Slight",2,"Slight","Van / Goods vehicle (3.5 tonnes mgw or under) occupant","Passenger","Male",39,"Unclassified","Single carriageway",30,"Unclassified","Not a Pedestrian","Not a Pedestrian",435544,438371,"E01011714",2,"Crossroads","Daylight","Fine no high winds","Wet or damp","Bus and goods vehicle occupant"
"5670","2016133BT0971",2016-11-29,2016,"Nov",29,"16:31",16,31,"Tuesday","Slight",2,"Slight","Car occupant","Driver or rider","Female",32,"Unclassified","Single carriageway",30,"Unclassified","Not a Pedestrian","Not a Pedestrian",429014,430280,"E01011320",2,"T or staggered junction","Darkness - lights lit","Fine no high winds","Dry","Car occupant"
"5671","2016133BT1030",2016-11-29,2016,"Nov",29,"17:05",17,5,"Tuesday","Slight",1,"Slight","Car occupant","Passenger","Female",43,"A","Single carriageway",40,"A","Not a Pedestrian","Not a Pedestrian",428448,429069,"E01011493",2,"T or staggered junction","Darkness - lights lit","Fine no high winds","Wet or damp","Car occupant"
"5672","2016133BT1430",2016-11-29,2016,"Nov",29,"20:45",20,45,"Tuesday","Fatal",2,"Fatal","Car occupant","Driver or rider","Male",26,"Unclassified","Single carriageway",30,"Unclassified","Not a Pedestrian","Not a Pedestrian",430340,428060,"E01011490",1,"T or staggered junction","Darkness - lights lit","Fine no high winds","Dry","Car occupant"
"5673","2016133C20895",2016-11-30,2016,"Nov",30,"07:29",7,29,"Wednesday","Slight",1,"Slight","Pedestrian","Pedestrian","Male",39,"Unclassified","Single carriageway",30,NA,"In carriageway, not crossing","In carriageway, stationary - not crossing  (standing or playing) - masked by parked or stationary vehicle",419394,441914,"E01011267",1,"Not at junction or within 20 metres","Darkness - lights lit","Fine no high winds","Dry","Pedestrian"
"5674","2016133BU1231",2016-11-30,2016,"Nov",30,"17:29",17,29,"Wednesday","Slight",3,"Slight","Car occupant","Driver or rider","Female",60,"Motorway","Dual carriageway",50,NA,"Not a Pedestrian","Not a Pedestrian",429048,431765,"E01011366",3,"Not at junction or within 20 metres","Darkness - lights lit","Fine no high winds","Wet or damp","Car occupant"
"5675","2016133BU1398",2016-11-30,2016,"Nov",30,"18:30",18,30,"Wednesday","Slight",1,"Slight","Car occupant","Driver or rider","Male",51,"A","Roundabout",40,"Unclassified","Not a Pedestrian","Not a Pedestrian",428659,433169,"E01033013",3,"Roundabout","Darkness - lights lit","Fine no high winds","Dry","Car occupant"
"5676","2016133BU1372",2016-11-30,2016,"Nov",30,"18:35",18,35,"Wednesday","Slight",1,"Slight","Car occupant","Passenger","Female",17,"A","Dual carriageway",60,"A","Not a Pedestrian","Not a Pedestrian",436859,433644,"E01011411",2,"Crossroads","Darkness - lights lit","Fine no high winds","Dry","Car occupant"
"5677","2016133BU1379",2016-11-30,2016,"Nov",30,"18:45",18,45,"Wednesday","Slight",2,"Slight","Goods vehicle (over 3.5t. and under 7.5t.) occupant","Driver or rider","Male",46,"Motorway","Dual carriageway",70,NA,"Not a Pedestrian","Not a Pedestrian",437235,425772,"E01011636",2,"Not at junction or within 20 metres","Darkness - no lighting","Fine no high winds","Dry","Bus and goods vehicle occupant"
"5678","2016133BU1531",2016-11-30,2016,"Nov",30,"20:05",20,5,"Wednesday","Slight",1,"Slight","Car occupant","Driver or rider","Female",28,"Motorway","Dual carriageway",70,NA,"Not a Pedestrian","Not a Pedestrian",435426,425916,"E01011636",3,"Not at junction or within 20 metres","Darkness - lights lit","Fine no high winds","Dry","Car occupant"
"5679","2016133C10461",2016-12-01,2016,"Dec",1,"10:30",10,30,"Thursday","Slight",3,"Slight","Bus or coach occupant (17 or more pass seats)","Passenger","Female",82,"Unclassified","Single carriageway",60,NA,"Not a Pedestrian","Not a Pedestrian",440693,437411,"E01011309",1,"Not at junction or within 20 metres","Daylight","Fine no high winds","Wet or damp","Bus and goods vehicle occupant"
"5680","2016133C11780",2016-12-01,2016,"Dec",1,"11:15",11,15,"Thursday","Slight",1,"Slight","Car occupant","Driver or rider","Male",24,"Motorway","Dual carriageway",70,NA,"Not a Pedestrian","Not a Pedestrian",429881,432146,"E01011364",2,"Not at junction or within 20 metres","Daylight","Fine no high winds","Dry","Car occupant"
"5681","2016133C10716",2016-12-01,2016,"Dec",1,"12:45",12,45,"Thursday","Slight",1,"Slight","Car occupant","Driver or rider","Male",55,"Unclassified","Single carriageway",30,"Unclassified","Not a Pedestrian","Not a Pedestrian",432256,433354,"E01011623",3,"T or staggered junction","Daylight","Fine no high winds","Dry","Car occupant"
"5682","2016133C11000",2016-12-01,2016,"Dec",1,"15:28",15,28,"Thursday","Slight",1,"Slight","Car occupant","Driver or rider","Female",22,"A","Roundabout",40,"A","Not a Pedestrian","Not a Pedestrian",428434,429576,"E01011321",2,"Roundabout","Darkness - lights lit","Fine no high winds","Dry","Car occupant"
"5683","2016133C11170",2016-12-01,2016,"Dec",1,"16:49",16,49,"Thursday","Slight",1,"Slight","Cyclist","Driver or rider","Male",14,"Unclassified","Single carriageway",50,"Unclassified","Not a Pedestrian","Not a Pedestrian",423206,432712,"E01011601",1,"T or staggered junction","Darkness - lights lit","Fine no high winds","Wet or damp","Cyclist"
"5684","2016133C11311",2016-12-01,2016,"Dec",1,"17:31",17,31,"Thursday","Slight",1,"Slight","Pedestrian","Pedestrian","Female",32,"Unclassified","Single carriageway",30,NA,"On footway or verge","Unknown or other",443986,433831,"E01011297",1,"Not at junction or within 20 metres","Darkness - lights lit","Fine no high winds","Dry","Pedestrian"
"5685","2016133C11303",2016-12-01,2016,"Dec",1,"20:20",20,20,"Thursday","Serious",1,"Serious","Goods vehicle (over 3.5t. and under 7.5t.) occupant","Driver or rider","Male",58,"Unclassified","Single carriageway",20,NA,"Not a Pedestrian","Not a Pedestrian",428653,433908,"E01011678",2,"Not at junction or within 20 metres","Darkness - lights lit","Fine no high winds","Dry","Bus and goods vehicle occupant"
"5686","2016133C20271",2016-12-02,2016,"Dec",2,"07:29",7,29,"Friday","Slight",1,"Slight","Car occupant","Driver or rider","Male",20,"A","Single carriageway",20,NA,"Not a Pedestrian","Not a Pedestrian",435721,435145,"E01011666",2,"Not at junction or within 20 metres","Daylight","Fine no high winds","Wet or damp","Car occupant"
"5687","2016133C20483",2016-12-02,2016,"Dec",2,"10:10",10,10,"Friday","Slight",1,"Slight","Car occupant","Driver or rider","Male",29,"A","Dual carriageway",30,"Unclassified","Not a Pedestrian","Not a Pedestrian",428955,435473,"E01011443",2,"Crossroads","Daylight","Fine no high winds","Dry","Car occupant"
"5688","2016133C20550",2016-12-02,2016,"Dec",2,"11:00",11,0,"Friday","Slight",1,"Slight","Cyclist","Driver or rider","Male",34,"A","Dual carriageway",40,NA,"Not a Pedestrian","Not a Pedestrian",431992,430825,"E01011468",2,"Not at junction or within 20 metres","Daylight","Fine no high winds","Dry","Cyclist"
"5689","2016133C20873",2016-12-02,2016,"Dec",2,"11:16",11,16,"Friday","Slight",1,"Slight","Bus or coach occupant (17 or more pass seats)","Passenger","Female",80,"Unclassified","Unknown",30,NA,"Not a Pedestrian","Not a Pedestrian",420314,445457,"E01011569",1,"Not at junction or within 20 metres","Daylight","Fine no high winds","Dry","Bus and goods vehicle occupant"
"5690","2016133C20633",2016-12-02,2016,"Dec",2,"11:56",11,56,"Friday","Slight",1,"Slight","Pedestrian","Pedestrian","Female",19,"Unclassified","Single carriageway",30,NA,"In carriageway, crossing elsewhere","Crossing from driver's nearside",423085,434936,"E01011335",1,"Not at junction or within 20 metres","Daylight","Fine no high winds","Dry","Pedestrian"
"5691","2016133C21495",2016-12-02,2016,"Dec",2,"13:45",13,45,"Friday","Slight",1,"Slight","Bus or coach occupant (17 or more pass seats)","Passenger","Female",60,"Unclassified","Unknown",30,NA,"Not a Pedestrian","Not a Pedestrian",424693,435013,"E01011336",1,"Not at junction or within 20 metres","Daylight","Fine no high winds","Dry","Bus and goods vehicle occupant"
"5692","2016133C30010",2016-12-03,2016,"Dec",3,"00:10",0,10,"Saturday","Serious",1,"Serious","Pedestrian","Pedestrian","Male",23,"Unclassified","One way street",30,"Unclassified","In carriageway, crossing elsewhere","Crossing from driver's offside",430249,433229,"E01033016",1,"Crossroads","Darkness - lights lit","Fine no high winds","Dry","Pedestrian"
"5693","2016133C31059",2016-12-03,2016,"Dec",3,"15:30",15,30,"Saturday","Slight",1,"Slight","Cyclist","Driver or rider","Male",42,"Unclassified","Single carriageway",30,NA,"Not a Pedestrian","Not a Pedestrian",430714,434646,"E01011671",2,"Not at junction or within 20 metres","Daylight","Fine no high winds","Dry","Cyclist"
"5694","2016133C31145",2016-12-03,2016,"Dec",3,"16:05",16,5,"Saturday","Slight",1,"Slight","Car occupant","Driver or rider","Male",32,"A","Single carriageway",30,NA,"Not a Pedestrian","Not a Pedestrian",430235,425114,"E01011537",2,"Not at junction or within 20 metres","Darkness - lights lit","Fine no high winds","Wet or damp","Car occupant"
"5695","2016133C31947",2016-12-03,2016,"Dec",3,"23:21",23,21,"Saturday","Slight",1,"Slight","Pedestrian","Pedestrian","Male",25,"Unclassified","Unknown",20,NA,"Unknown or other","Unknown or other",440628,448612,"E01011700",1,"Not at junction or within 20 metres","Darkness - lights lit","Fine no high winds","Wet or damp","Pedestrian"
"5696","2016133C40351",2016-12-04,2016,"Dec",4,"04:51",4,51,"Sunday","Serious",1,"Serious","Taxi/Private hire car occupant","Driver or rider","Male",41,"A","Dual carriageway",40,NA,"Not a Pedestrian","Not a Pedestrian",425431,434306,"E01011286",4,"Not at junction or within 20 metres","Darkness - lights lit","Fine no high winds","Wet or damp","Car occupant"
"5697","2016133C40794",2016-12-04,2016,"Dec",4,"12:51",12,51,"Sunday","Serious",2,"Serious","Car occupant","Driver or rider","Female",51,"Unclassified","Roundabout",30,"Unclassified","Not a Pedestrian","Not a Pedestrian",435025,434969,"E01011667",2,"Mini-roundabout","Daylight","Fine no high winds","Dry","Car occupant"
"5698","2016133C40865",2016-12-04,2016,"Dec",4,"13:35",13,35,"Sunday","Slight",2,"Slight","Car occupant","Driver or rider","Male",47,"Unclassified","Single carriageway",20,"Unclassified","Not a Pedestrian","Not a Pedestrian",432213,434656,"E01011433",2,"T or staggered junction","Daylight","Fine no high winds","Dry","Car occupant"
"5699","2016133C40941",2016-12-04,2016,"Dec",4,"14:22",14,22,"Sunday","Slight",1,"Slight","Pedestrian","Pedestrian","Female",8,"Unclassified","Single carriageway",30,NA,"In carriageway, crossing elsewhere","Crossing from driver's nearside",431470,433501,"E01033021",1,"Not at junction or within 20 metres","Daylight","Fine no high winds","Dry","Pedestrian"
"5700","2016133C41053",2016-12-04,2016,"Dec",4,"15:26",15,26,"Sunday","Slight",3,"Slight","Car occupant","Driver or rider","Female",25,"A","Single carriageway",30,"Unclassified","Not a Pedestrian","Not a Pedestrian",435737,436946,"E01011720",2,"T or staggered junction","Daylight","Fine no high winds","Dry","Car occupant"
"5701","2016133C41220",2016-12-04,2016,"Dec",4,"16:10",16,10,"Sunday","Slight",2,"Slight","Car occupant","Driver or rider","Female",30,"Motorway","Roundabout",30,"Motorway","Not a Pedestrian","Not a Pedestrian",432240,426274,"E01011499",2,"Roundabout","Daylight","Fine no high winds","Dry","Car occupant"
"5702","2016133C41203",2016-12-04,2016,"Dec",4,"16:45",16,45,"Sunday","Serious",3,"Slight","Car occupant","Driver or rider","Female",25,"Unclassified","Single carriageway",30,"Unclassified","Not a Pedestrian","Not a Pedestrian",430759,439910,"E01011565",2,"Crossroads","Darkness - lights lit","Fine no high winds","Wet or damp","Car occupant"
"5703","2016133B41326",2016-12-04,2016,"Dec",4,"17:25",17,25,"Sunday","Slight",1,"Slight","Pedestrian","Pedestrian","Male",62,"Unclassified","Single carriageway",30,NA,"On footway or verge","Unknown or other",430398,427022,"E01032495",1,"Not at junction or within 20 metres","Darkness - lights lit","Fine no high winds","Dry","Pedestrian"
"5704","2016133C41498",2016-12-04,2016,"Dec",4,"19:25",19,25,"Sunday","Slight",1,"Slight","Car occupant","Passenger","Male",18,"A","Single carriageway",50,NA,"Not a Pedestrian","Not a Pedestrian",436776,443749,"E01011713",1,"Not at junction or within 20 metres","Darkness - no lighting","Fine no high winds","Dry","Car occupant"
"5705","2016133C50563",2016-12-05,2016,"Dec",5,"12:15",12,15,"Monday","Slight",1,"Slight","Car occupant","Driver or rider","Female",57,"A","Single carriageway",30,"Unclassified","Not a Pedestrian","Not a Pedestrian",430547,435123,"E01011361",2,"Crossroads","Daylight","Fine no high winds","Dry","Car occupant"
"5706","2016133C51045",2016-12-05,2016,"Dec",5,"13:00",13,0,"Monday","Slight",2,"Slight","Car occupant","Driver or rider","Female",53,"A","Single carriageway",30,NA,"Not a Pedestrian","Not a Pedestrian",419211,441839,"E01011265",2,"Not at junction or within 20 metres","Daylight","Fine no high winds","Wet or damp","Car occupant"
"5707","2016133C50993",2016-12-05,2016,"Dec",5,"16:05",16,5,"Monday","Slight",2,"Slight","Bus or coach occupant (17 or more pass seats)","Passenger","Female",20,"A","Single carriageway",30,"Unclassified","Not a Pedestrian","Not a Pedestrian",429956,430864,"E01011312",2,"T or staggered junction","Darkness - lights lit","Fine no high winds","Dry","Bus and goods vehicle occupant"
"5708","2016133C60203",2016-12-06,2016,"Dec",6,"07:08",7,8,"Tuesday","Slight",1,"Slight","Cyclist","Driver or rider","Male",29,"Unclassified","Single carriageway",30,NA,"Not a Pedestrian","Not a Pedestrian",421099,439898,"E01011579",2,"Not at junction or within 20 metres","Darkness - lights lit","Fog or mist","Wet or damp","Cyclist"
"5709","2016133C60453",2016-12-06,2016,"Dec",6,"11:10",11,10,"Tuesday","Slight",1,"Slight","Motorcycle over 500cc rider or passenger","Driver or rider","Female",63,"Unclassified","Single carriageway",40,"A","Not a Pedestrian","Not a Pedestrian",429942,425127,"E01011537",2,"T or staggered junction","Daylight","Fine + high winds","Wet or damp","Motorcyclist and pillion"
"5710","2016134160976",2016-12-06,2016,"Dec",6,"16:01",16,1,"Tuesday","Serious",2,"Serious","Car occupant","Driver or rider","Female",47,"A","Single carriageway",30,"Unclassified","Not a Pedestrian","Not a Pedestrian",419983,440944,"E01011275",2,"T or staggered junction","Darkness - lights lit","Fine no high winds","Dry","Car occupant"
"5711","2016133C60720",2016-12-06,2016,"Dec",6,"17:00",17,0,"Tuesday","Slight",1,"Slight","Cyclist","Driver or rider","Male",46,"Unclassified","One way street",30,NA,"Not a Pedestrian","Not a Pedestrian",429769,433923,"E01033008",3,"Not at junction or within 20 metres","Darkness - lights lit","Fine no high winds","Dry","Cyclist"
"5712","2016133C61154",2016-12-06,2016,"Dec",6,"17:42",17,42,"Tuesday","Serious",1,"Serious","Motorcycle 125cc and under rider or passenger","Driver or rider","Male",33,"A","Single carriageway",30,"Unclassified","Not a Pedestrian","Not a Pedestrian",430101,431501,"E01011371",2,"T or staggered junction","Darkness - lights lit","Fine no high winds","Wet or damp","Motorcyclist and pillion"
"5713","2016133C70212",2016-12-07,2016,"Dec",7,"06:34",6,34,"Wednesday","Serious",1,"Serious","Motorcycle 125cc and under rider or passenger","Driver or rider","Male",41,"A","Single carriageway",30,"Unclassified","Not a Pedestrian","Not a Pedestrian",424277,428350,"E01011523",2,"T or staggered junction","Darkness - lights lit","Fine no high winds","Wet or damp","Motorcyclist and pillion"
"5714","2016133C70241",2016-12-07,2016,"Dec",7,"07:22",7,22,"Wednesday","Slight",1,"Slight","Car occupant","Driver or rider","Female",42,"Unclassified","Roundabout",30,"Unclassified","Not a Pedestrian","Not a Pedestrian",426223,427463,"E01011541",2,"Roundabout","Darkness - lights lit","Fine no high winds","Wet or damp","Car occupant"
"5715","2016133C70262",2016-12-07,2016,"Dec",7,"07:41",7,41,"Wednesday","Slight",1,"Slight","Pedestrian","Pedestrian","Female",60,"A","Single carriageway",30,"Unclassified","In carriageway, crossing elsewhere","Crossing from offside - masked by  parked or stationary vehicle",436851,428990,"E01011637",1,"T or staggered junction","Daylight","Fine no high winds","Dry","Pedestrian"
"5716","2016133C70300",2016-12-07,2016,"Dec",7,"07:43",7,43,"Wednesday","Slight",1,"Slight","Car occupant","Driver or rider","Female",25,"A(M)","Dual carriageway",40,"Unclassified","Not a Pedestrian","Not a Pedestrian",428918,433406,"E01033015",2,"Slip road","Darkness - lights lit","Fine no high winds","Wet or damp","Car occupant"
"5717","2016133C70422",2016-12-07,2016,"Dec",7,"09:30",9,30,"Wednesday","Slight",1,"Slight","Cyclist","Driver or rider","Male",17,"Unclassified","Single carriageway",30,NA,"Not a Pedestrian","Not a Pedestrian",429246,432157,"E01033032",2,"Not at junction or within 20 metres","Daylight","Fine no high winds","Dry","Cyclist"
"5718","2016133C70742",2016-12-07,2016,"Dec",7,"12:55",12,55,"Wednesday","Slight",2,"Slight","Taxi/Private hire car occupant","Driver or rider","Male",60,"A(M)","Dual carriageway",40,"Unclassified","Not a Pedestrian","Not a Pedestrian",428944,433439,"E01033015",4,"Slip road","Daylight","Fine no high winds","Wet or damp","Car occupant"
"5719","2016133C71022",2016-12-07,2016,"Dec",7,"15:10",15,10,"Wednesday","Slight",1,"Slight","Pedestrian","Pedestrian","Male",11,"A","Single carriageway",40,NA,"In carriageway, crossing elsewhere","Crossing from driver's offside",424338,435319,"E01011331",2,"Not at junction or within 20 metres","Daylight","Fine no high winds","Dry","Pedestrian"
"5720","2016133C60890",2016-12-07,2016,"Dec",7,"15:25",15,25,"Wednesday","Slight",1,"Slight","Pedestrian","Pedestrian","Female",61,"Unclassified","Single carriageway",30,NA,"Unknown or other","Unknown or other",428652,436834,"E01011693",2,"Not at junction or within 20 metres","Daylight","Fine no high winds","Wet or damp","Pedestrian"
"5721","2016133C71157",2016-12-07,2016,"Dec",7,"16:15",16,15,"Wednesday","Slight",1,"Slight","Car occupant","Passenger","Male",60,"Unclassified","Single carriageway",30,"Unclassified","Not a Pedestrian","Not a Pedestrian",432934,440131,"E01011650",2,"Crossroads","Daylight","Fine no high winds","Wet or damp","Car occupant"
"5722","2016133C71162",2016-12-07,2016,"Dec",7,"16:15",16,15,"Wednesday","Slight",1,"Slight","Pedestrian","Pedestrian","Male",14,"Unclassified","One way street",30,"Unclassified","Crossing elsewhere within 50m. of pedestrian crossing","Crossing from driver's nearside",429872,433414,"E01033016",1,"More than 4 arms (not roundabout)","Darkness - lights lit","Fine no high winds","Wet or damp","Pedestrian"
"5723","2016133C71177",2016-12-07,2016,"Dec",7,"16:24",16,24,"Wednesday","Slight",1,"Slight","Cyclist","Driver or rider","Male",60,"Unclassified","Single carriageway",40,"Unclassified","Not a Pedestrian","Not a Pedestrian",419257,445183,"E01011571",2,"T or staggered junction","Darkness - lights lit","Fine no high winds","Wet or damp","Cyclist"
"5724","2016133C71536",2016-12-07,2016,"Dec",7,"18:15",18,15,"Wednesday","Slight",1,"Slight","Pedestrian","Pedestrian","Female",69,"Unclassified","Single carriageway",30,"Unclassified","In carriageway, crossing elsewhere","Crossing from driver's offside",423521,437811,"E01011465",1,"T or staggered junction","Darkness - lights lit","Fine no high winds","Dry","Pedestrian"
"5725","2016133C80009",2016-12-08,2016,"Dec",8,"00:10",0,10,"Thursday","Slight",1,"Slight","Car occupant","Driver or rider","Male",55,"A","Roundabout",30,"A","Not a Pedestrian","Not a Pedestrian",421985,436516,"E01011591",2,"Roundabout","Darkness - lights lit","Fine no high winds","Wet or damp","Car occupant"
"5726","2016133C80255",2016-12-08,2016,"Dec",8,"07:42",7,42,"Thursday","Slight",1,"Slight","Goods vehicle (7.5 tonnes mgw and over) occupant","Driver or rider","Male",41,"Unclassified","Single carriageway",30,NA,"Not a Pedestrian","Not a Pedestrian",429282,432813,"E01033015",1,"Not at junction or within 20 metres","Daylight","Raining no high winds","Wet or damp","Bus and goods vehicle occupant"
"5727","2016133C80361",2016-12-08,2016,"Dec",8,"08:20",8,20,"Thursday","Slight",1,"Slight","Pedestrian","Pedestrian","Female",15,"Unclassified","Single carriageway",30,"Unclassified","On footway or verge","Unknown or other",423312,435723,"E01011330",1,"Private drive or entrance","Darkness - lighting unknown","Fine no high winds","Dry","Pedestrian"