"","accident_index","date","year","month","day","time","time_hour","time_minute","day_of_week","accident_severity","number_of_casualties","casualty_severity","casualty_type","casualty_class","sex_of_casualty","age_of_casualty","first_road_class","road_type","speed_limit","second_road_class","pedestrian_location","pedestrian_movement","location_easting_osgr","location_northing_osgr","lsoa_of_accident_location","number_of_vehicles","junction_detail","light_conditions","weather_conditions","road_surface_conditions","cas_type"
"5728","2016133C80618",2016-12-08,2016,"Dec",8,"09:00",9,0,"Thursday","Slight",1,"Slight","Cyclist","Driver or rider","Male",50,"Unclassified","Single carriageway",30,"Unclassified","Not a Pedestrian","Not a Pedestrian",427083,433505,"E01011293",2,"T or staggered junction","Daylight","Fine no high winds","Wet or damp","Cyclist"
"5729","2016133C70383",2016-12-08,2016,"Dec",8,"09:05",9,5,"Thursday","Slight",1,"Slight","Cyclist","Driver or rider","Male",7,"Unclassified","Single carriageway",30,"Unclassified","Not a Pedestrian","Not a Pedestrian",431768,434246,"E01011349",2,"T or staggered junction","Daylight","Fine no high winds","Dry","Cyclist"
"5730","2016133C81366",2016-12-08,2016,"Dec",8,"14:30",14,30,"Thursday","Slight",1,"Slight","Bus or coach occupant (17 or more pass seats)","Passenger","Female",82,"Unclassified","Single carriageway",30,NA,"Not a Pedestrian","Not a Pedestrian",425840,433742,"E01032499",1,"Not at junction or within 20 metres","Daylight","Unknown","Wet or damp","Bus and goods vehicle occupant"
"5731","2016133C81300",2016-12-08,2016,"Dec",8,"18:46",18,46,"Thursday","Fatal",1,"Fatal","Pedestrian","Pedestrian","Male",77,"Unclassified","Single carriageway",30,"Unclassified","In carriageway, crossing elsewhere","Crossing from driver's nearside",436802,434677,"E01011409",1,"T or staggered junction","Darkness - lights lit","Fine no high winds","Wet or damp","Pedestrian"
"5732","2016133C90476",2016-12-08,2016,"Dec",8,"22:00",22,0,"Thursday","Slight",1,"Slight","Car occupant","Driver or rider","Female",28,"A","Single carriageway",30,NA,"Not a Pedestrian","Not a Pedestrian",430055,434187,"E01033010",2,"Not at junction or within 20 metres","Darkness - lights lit","Fine no high winds","Dry","Car occupant"
"5733","2016133C90267",2016-12-09,2016,"Dec",9,"08:00",8,0,"Friday","Slight",1,"Slight","Car occupant","Driver or rider","Female",44,"Unclassified","Single carriageway",30,NA,"Not a Pedestrian","Not a Pedestrian",423979,434377,"E01011334",2,"Not at junction or within 20 metres","Daylight","Fine no high winds","Wet or damp","Car occupant"
"5734","2016133C90318",2016-12-09,2016,"Dec",9,"08:45",8,45,"Friday","Serious",1,"Serious","Motorcycle over 500cc rider or passenger","Driver or rider","Male",35,"Unclassified","Single carriageway",30,"Unclassified","Not a Pedestrian","Not a Pedestrian",428618,440714,"E01011554",3,"T or staggered junction","Daylight","Fine no high winds","Wet or damp","Motorcyclist and pillion"
"5735","2016133C90474",2016-12-09,2016,"Dec",9,"10:35",10,35,"Friday","Slight",1,"Slight","Car occupant","Driver or rider","Female",41,"Unclassified","Single carriageway",30,"Unclassified","Not a Pedestrian","Not a Pedestrian",428835,425824,"E01011552",2,"T or staggered junction","Daylight","Fine no high winds","Wet or damp","Car occupant"
"5736","2016133C90871",2016-12-09,2016,"Dec",9,"14:25",14,25,"Friday","Slight",1,"Slight","Motorcycle 125cc and under rider or passenger","Driver or rider","Male",22,"A","Dual carriageway",40,NA,"Not a Pedestrian","Not a Pedestrian",429817,430668,"E01011322",2,"Not at junction or within 20 metres","Daylight","Fine no high winds","Wet or damp","Motorcyclist and pillion"
"5737","2016133C91094",2016-12-09,2016,"Dec",9,"15:55",15,55,"Friday","Slight",1,"Slight","Van / Goods vehicle (3.5 tonnes mgw or under) occupant","Driver or rider","Female",19,"A","Single carriageway",40,"A","Not a Pedestrian","Not a Pedestrian",425219,437872,"E01011464",2,"Other junction","Daylight","Fine no high winds","Dry","Bus and goods vehicle occupant"
"5738","2016133C91764",2016-12-09,2016,"Dec",9,"17:45",17,45,"Friday","Slight",1,"Slight","Pedestrian","Pedestrian","Male",16,"Unclassified","Single carriageway",30,"Unclassified","In carriageway, crossing elsewhere","Crossing from driver's offside",423483,435451,"E01011330",1,"T or staggered junction","Darkness - lights lit","Fine no high winds","Dry","Pedestrian"
"5739","2016133CA0309",2016-12-10,2016,"Dec",10,"03:41",3,41,"Saturday","Slight",4,"Slight","Car occupant","Driver or rider","Male",20,"Unclassified","Single carriageway",30,NA,"Not a Pedestrian","Not a Pedestrian",433513,436039,"E01011421",2,"Not at junction or within 20 metres","Darkness - lights lit","Fine no high winds","Wet or damp","Car occupant"
"5740","2016133CA0780",2016-12-10,2016,"Dec",10,"12:02",12,2,"Saturday","Slight",1,"Slight","Pedestrian","Pedestrian","Female",55,"Unclassified","Single carriageway",20,NA,"Crossing on pedestrian crossing facility","Crossing from driver's nearside",430374,433535,"E01033010",1,"Not at junction or within 20 metres","Daylight","Fine no high winds","Dry","Pedestrian"
"5741","2016133CA1194",2016-12-10,2016,"Dec",10,"16:18",16,18,"Saturday","Slight",1,"Slight","Pedestrian","Pedestrian","Male",50,"Unclassified","Single carriageway",30,NA,"In carriageway, not crossing","In carriageway, stationary - not crossing  (standing or playing)",424614,436001,"E01011325",1,"Not at junction or within 20 metres","Darkness - lights lit","Fine no high winds","Wet or damp","Pedestrian"
"5742","2016133CA1529",2016-12-10,2016,"Dec",10,"19:37",19,37,"Saturday","Serious",1,"Serious","Motorcycle 125cc and under rider or passenger","Driver or rider","Male",24,"Unclassified","Single carriageway",20,"Unclassified","Not a Pedestrian","Not a Pedestrian",436731,433192,"E01011419",2,"T or staggered junction","Darkness - lights lit","Fine no high winds","Wet or damp","Motorcyclist and pillion"
"5743","2016133CB0163",2016-12-11,2016,"Dec",11,"01:40",1,40,"Sunday","Serious",1,"Serious","Pedestrian","Pedestrian","Male",53,"Unclassified","One way street",30,"Unclassified","In carriageway, crossing elsewhere","Crossing from driver's nearside",430341,433905,"E01033010",1,"Crossroads","Daylight","Fine no high winds","Dry","Pedestrian"
"5744","2016133CB0924",2016-12-11,2016,"Dec",11,"14:24",14,24,"Sunday","Slight",2,"Slight","Car occupant","Driver or rider","Male",58,"Unclassified","Single carriageway",50,"C","Not a Pedestrian","Not a Pedestrian",420926,433538,"E01011613",2,"Crossroads","Daylight","Fine no high winds","Dry","Car occupant"
"5745","2016133CB1196",2016-12-11,2016,"Dec",11,"14:30",14,30,"Sunday","Slight",1,"Slight","Cyclist","Driver or rider","Male",20,"Unclassified","Single carriageway",30,"Unclassified","Not a Pedestrian","Not a Pedestrian",428397,434388,"E01011681",2,"T or staggered junction","Daylight","Fine no high winds","Dry","Cyclist"
"5746","2016133CB1279",2016-12-11,2016,"Dec",11,"16:00",16,0,"Sunday","Serious",1,"Serious","Motorcycle 125cc and under rider or passenger","Driver or rider","Male",22,"Unclassified","Single carriageway",30,NA,"Not a Pedestrian","Not a Pedestrian",432887,435449,"E01011424",2,"Not at junction or within 20 metres","Darkness - lights lit","Fine no high winds","Dry","Motorcyclist and pillion"
"5747","2016133CC0249",2016-12-12,2016,"Dec",12,"07:20",7,20,"Monday","Fatal",1,"Fatal","Cyclist","Driver or rider","Male",58,"A","Single carriageway",30,"Unclassified","Not a Pedestrian","Not a Pedestrian",436836,433725,"E01011411",2,"T or staggered junction","Darkness - lights lit","Fine no high winds","Wet or damp","Cyclist"
"5748","2016133CC0264",2016-12-12,2016,"Dec",12,"07:48",7,48,"Monday","Slight",1,"Slight","Van / Goods vehicle (3.5 tonnes mgw or under) occupant","Driver or rider","Female",39,"Unclassified","Single carriageway",30,NA,"Not a Pedestrian","Not a Pedestrian",428809,430409,"E01011315",2,"Not at junction or within 20 metres","Darkness - lights lit","Fine no high winds","Dry","Bus and goods vehicle occupant"
"5749","2016133CC0303",2016-12-12,2016,"Dec",12,"08:25",8,25,"Monday","Slight",1,"Slight","Cyclist","Driver or rider","Female",34,"Unclassified","Single carriageway",30,"Unclassified","Not a Pedestrian","Not a Pedestrian",431483,435012,"E01011673",2,"Crossroads","Daylight","Fine no high winds","Dry","Cyclist"
"5750","2016133CC0920",2016-12-12,2016,"Dec",12,"15:00",15,0,"Monday","Slight",1,"Slight","Pedestrian","Pedestrian","Female",56,"Unclassified","Single carriageway",30,"Unclassified","On footway or verge","Unknown or other",430774,435249,"E01011360",1,"T or staggered junction","Daylight","Fine no high winds","Dry","Pedestrian"
"5751","2016133CC1092",2016-12-12,2016,"Dec",12,"16:35",16,35,"Monday","Slight",1,"Slight","Car occupant","Passenger","Female",14,"B","Roundabout",30,"Unclassified","Not a Pedestrian","Not a Pedestrian",424339,429261,"E01011519",2,"Mini-roundabout","Darkness - lights lit","Fine no high winds","Dry","Car occupant"
"5752","2016133CC1220",2016-12-12,2016,"Dec",12,"17:53",17,53,"Monday","Slight",5,"Slight","Car occupant","Driver or rider","Male",43,"Unclassified","Single carriageway",30,"Unclassified","Not a Pedestrian","Not a Pedestrian",433151,435257,"E01011431",2,"Crossroads","Darkness - lights lit","Raining no high winds","Wet or damp","Car occupant"
"5753","2016133CC1279",2016-12-12,2016,"Dec",12,"18:15",18,15,"Monday","Slight",1,"Slight","Cyclist","Driver or rider","Male",52,"Unclassified","Single carriageway",30,"Unclassified","Not a Pedestrian","Not a Pedestrian",422215,433913,"E01011610",2,"Roundabout","Darkness - lights lit","Fine no high winds","Dry","Cyclist"
"5754","2016133CC1466",2016-12-12,2016,"Dec",12,"20:00",20,0,"Monday","Slight",1,"Slight","Van / Goods vehicle (3.5 tonnes mgw or under) occupant","Driver or rider","Male",22,"A","Single carriageway",30,"Unclassified","Not a Pedestrian","Not a Pedestrian",431739,431420,"E01011468",2,"T or staggered junction","Darkness - lights lit","Fine no high winds","Dry","Bus and goods vehicle occupant"
"5755","2016133CD0350",2016-12-13,2016,"Dec",13,"08:16",8,16,"Tuesday","Slight",1,"Slight","Car occupant","Driver or rider","Female",61,"Unclassified","Single carriageway",30,"Unclassified","Not a Pedestrian","Not a Pedestrian",423866,435751,"E01011330",2,"T or staggered junction","Daylight","Fine no high winds","Dry","Car occupant"
"5756","2016133CD0639",2016-12-13,2016,"Dec",13,"12:40",12,40,"Tuesday","Serious",2,"Serious","Car occupant","Driver or rider","Male",28,"A","Dual carriageway",40,"Unclassified","Not a Pedestrian","Not a Pedestrian",426620,433883,"E01032500",2,"T or staggered junction","Daylight","Raining no high winds","Wet or damp","Car occupant"
"5757","2016133CD0746",2016-12-13,2016,"Dec",13,"13:54",13,54,"Tuesday","Slight",1,"Slight","Pedestrian","Pedestrian","Female",25,"Unclassified","Single carriageway",30,"Unclassified","In carriageway, crossing elsewhere","Crossing from driver's nearside",431513,434301,"E01033035",1,"T or staggered junction","Daylight","Fine no high winds","Dry","Pedestrian"
"5758","2016133CD1089",2016-12-13,2016,"Dec",13,"16:50",16,50,"Tuesday","Slight",1,"Slight","Car occupant","Driver or rider","Male",61,"A","Dual carriageway",30,"A","Not a Pedestrian","Not a Pedestrian",430784,433254,"E01033011",3,"Crossroads","Darkness - lights lit","Raining no high winds","Wet or damp","Car occupant"
"5759","2016133CD1195",2016-12-13,2016,"Dec",13,"17:55",17,55,"Tuesday","Slight",1,"Slight","Cyclist","Driver or rider","Male",59,"Unclassified","Single carriageway",30,"Unclassified","Not a Pedestrian","Not a Pedestrian",428496,431281,"E01011369",2,"T or staggered junction","Darkness - lights lit","Raining no high winds","Wet or damp","Cyclist"
"5760","2016133CD1234",2016-12-13,2016,"Dec",13,"18:00",18,0,"Tuesday","Slight",1,"Slight","Bus or coach occupant (17 or more pass seats)","Passenger","Female",18,"Unclassified","Single carriageway",30,"Unclassified","Not a Pedestrian","Not a Pedestrian",431081,433152,"E01033033",2,"T or staggered junction","Darkness - lights lit","Fine no high winds","Wet or damp","Bus and goods vehicle occupant"
"5761","2016133CE0068",2016-12-14,2016,"Dec",14,"01:05",1,5,"Wednesday","Slight",1,"Slight","Car occupant","Driver or rider","Female",28,"Motorway","Slip road",70,NA,"Not a Pedestrian","Not a Pedestrian",431816,430459,"E01011469",1,"Not at junction or within 20 metres","Darkness - lights lit","Raining no high winds","Wet or damp","Car occupant"
"5762","2016133CD0400",2016-12-14,2016,"Dec",14,"09:57",9,57,"Wednesday","Slight",4,"Slight","Van / Goods vehicle (3.5 tonnes mgw or under) occupant","Driver or rider","Male",47,"Motorway","Single carriageway",30,"Unclassified","Not a Pedestrian","Not a Pedestrian",429146,431788,"E01011366",2,"T or staggered junction","Daylight","Fine no high winds","Wet or damp","Bus and goods vehicle occupant"
"5763","2016133CC0353",2016-12-14,2016,"Dec",14,"15:30",15,30,"Wednesday","Serious",1,"Serious","Cyclist","Driver or rider","Male",41,"Unclassified","Single carriageway",30,"Unclassified","Not a Pedestrian","Not a Pedestrian",430984,434450,"E01033031",2,"T or staggered junction","Daylight","Fine no high winds","Dry","Cyclist"
"5764","2016133CE1533",2016-12-14,2016,"Dec",14,"19:35",19,35,"Wednesday","Slight",1,"Slight","Car occupant","Driver or rider","Female",45,"Motorway","Dual carriageway",70,NA,"Not a Pedestrian","Not a Pedestrian",423318,427883,"E01011527",2,"Not at junction or within 20 metres","Darkness - lights lit","Raining no high winds","Wet or damp","Car occupant"
"5765","2016133CE1789",2016-12-14,2016,"Dec",14,"21:49",21,49,"Wednesday","Slight",1,"Slight","Car occupant","Driver or rider","Female",24,"Unclassified","Roundabout",30,"Unclassified","Not a Pedestrian","Not a Pedestrian",431482,431715,"E01011468",2,"Roundabout","Darkness - lights lit","Fine no high winds","Dry","Car occupant"
"5766","2016133CF0250",2016-12-15,2016,"Dec",15,"07:09",7,9,"Thursday","Slight",2,"Slight","Car occupant","Driver or rider","Male",35,"Unclassified","Single carriageway",60,"Unclassified","Not a Pedestrian","Not a Pedestrian",434616,441232,"E01011713",2,"Crossroads","Darkness - no lighting","Fog or mist","Wet or damp","Car occupant"
"5767","2016133CF0311",2016-12-15,2016,"Dec",15,"08:30",8,30,"Thursday","Slight",1,"Slight","Car occupant","Driver or rider","Male",59,"Unclassified","Single carriageway",40,"A","Not a Pedestrian","Not a Pedestrian",424763,427904,"E01011530",2,"T or staggered junction","Daylight","Fine no high winds","Wet or damp","Car occupant"
"5768","2016133CF0887",2016-12-15,2016,"Dec",15,"15:10",15,10,"Thursday","Slight",1,"Slight","Pedestrian","Pedestrian","Male",13,"Unclassified","Single carriageway",30,NA,"Crossing elsewhere within 50m. of pedestrian crossing","Crossing from driver's offside",430668,433452,"E01033011",1,"Not at junction or within 20 metres","Daylight","Fine no high winds","Wet or damp","Pedestrian"
"5769","2016133CF1233",2016-12-15,2016,"Dec",15,"18:10",18,10,"Thursday","Slight",2,"Slight","Car occupant","Driver or rider","Female",53,"Unclassified","Dual carriageway",40,"Unclassified","Not a Pedestrian","Not a Pedestrian",428421,432520,"E01011363",2,"Roundabout","Darkness - lights lit","Fine no high winds","Dry","Car occupant"
"5770","2016133CG0196",2016-12-16,2016,"Dec",16,"06:32",6,32,"Friday","Slight",1,"Slight","Car occupant","Driver or rider","Female",31,"Unclassified","Single carriageway",30,"Unclassified","Not a Pedestrian","Not a Pedestrian",435151,434881,"E01011667",2,"Other junction","Darkness - lights lit","Fine no high winds","Dry","Car occupant"
"5771","2016133CG0261",2016-12-16,2016,"Dec",16,"08:04",8,4,"Friday","Slight",1,"Slight","Car occupant","Driver or rider","Female",30,"Motorway","Dual carriageway",70,NA,"Not a Pedestrian","Not a Pedestrian",428868,426431,"E01011538",2,"Not at junction or within 20 metres","Daylight","Fine no high winds","Dry","Car occupant"
"5772","2016133CG0318",2016-12-16,2016,"Dec",16,"08:55",8,55,"Friday","Slight",1,"Slight","Van / Goods vehicle (3.5 tonnes mgw or under) occupant","Driver or rider","Male",34,"Unclassified","Single carriageway",30,"Unclassified","Not a Pedestrian","Not a Pedestrian",422227,433677,"E01011610",1,"T or staggered junction","Daylight","Fine no high winds","Dry","Bus and goods vehicle occupant"
"5773","2016133CG0598",2016-12-16,2016,"Dec",16,"11:58",11,58,"Friday","Slight",1,"Slight","Motorcycle over 125cc and up to 500cc rider or  passenger","Driver or rider","Male",21,"A(M)","Dual carriageway",40,"Unclassified","Not a Pedestrian","Not a Pedestrian",429412,433946,"E01011678",2,"Slip road","Daylight","Fine no high winds","Wet or damp","Motorcyclist and pillion"
"5774","2016133CG0869",2016-12-16,2016,"Dec",16,"13:00",13,0,"Friday","Slight",1,"Slight","Pedestrian","Pedestrian","Female",36,"Unclassified","Single carriageway",30,"A","On footway or verge","Unknown or other",430064,431119,"E01011371",1,"Slip road","Daylight","Fine no high winds","Dry","Pedestrian"
"5775","2016133CG0758",2016-12-16,2016,"Dec",16,"13:20",13,20,"Friday","Slight",1,"Slight","Car occupant","Driver or rider","Female",55,"A","Single carriageway",30,"Unclassified","Not a Pedestrian","Not a Pedestrian",422948,443101,"E01032503",2,"Crossroads","Daylight","Fine no high winds","Dry","Car occupant"
"5776","2016133CG0923",2016-12-16,2016,"Dec",16,"14:45",14,45,"Friday","Slight",5,"Slight","Car occupant","Driver or rider","Male",28,"A","Dual carriageway",40,"Unclassified","Not a Pedestrian","Not a Pedestrian",435416,433579,"E01011417",4,"T or staggered junction","Daylight","Fine no high winds","Dry","Car occupant"
"5777","2016133CG0866",2016-12-16,2016,"Dec",16,"15:00",15,0,"Friday","Serious",2,"Slight","Pedestrian","Pedestrian","Female",74,"Unclassified","Single carriageway",30,"Unclassified","In carriageway, crossing elsewhere","Crossing from driver's offside",432716,438967,"E01011650",1,"T or staggered junction","Daylight","Fine no high winds","Wet or damp","Pedestrian"
"5778","2016133CJ1060",2016-12-16,2016,"Dec",16,"15:15",15,15,"Friday","Serious",1,"Serious","Cyclist","Driver or rider","Male",44,"Unclassified","Single carriageway",30,NA,"Not a Pedestrian","Not a Pedestrian",436401,428390,"E01011635",1,"Not at junction or within 20 metres","Daylight","Fine no high winds","Dry","Cyclist"
"5779","2016133CG1091",2016-12-16,2016,"Dec",16,"16:05",16,5,"Friday","Slight",1,"Slight","Pedestrian","Pedestrian","Female",74,"Unclassified","Single carriageway",30,"Unclassified","In carriageway, crossing elsewhere","Crossing from driver's nearside",422424,433495,"E01011612",1,"T or staggered junction","Darkness - lights lit","Fine no high winds","Dry","Pedestrian"
"5780","2016133CF1638",2016-12-16,2016,"Dec",16,"16:38",16,38,"Friday","Slight",2,"Slight","Car occupant","Driver or rider","Female",21,"A","Dual carriageway",70,NA,"Not a Pedestrian","Not a Pedestrian",421004,434320,"E01011595",2,"Not at junction or within 20 metres","Darkness - lights lit","Fine no high winds","Dry","Car occupant"
"5781","2016133CG1145",2016-12-16,2016,"Dec",16,"16:50",16,50,"Friday","Slight",1,"Slight","Car occupant","Driver or rider","Female",26,"Motorway","Slip road",70,"Motorway","Not a Pedestrian","Not a Pedestrian",432294,425968,"E01011499",2,"Slip road","Darkness - lights lit","Fine no high winds","Dry","Car occupant"
"5782","2016133CG1628",2016-12-16,2016,"Dec",16,"20:40",20,40,"Friday","Slight",1,"Slight","Pedestrian","Pedestrian","Male",47,"Unclassified","Single carriageway",30,NA,"Unknown or other","In carriageway, stationary - not crossing  (standing or playing) - masked by parked or stationary vehicle",432219,435318,"E01011432",1,"Not at junction or within 20 metres","Darkness - lights lit","Fine no high winds","Dry","Pedestrian"
"5783","2016133CG1977",2016-12-16,2016,"Dec",16,"23:35",23,35,"Friday","Slight",1,"Slight","Car occupant","Driver or rider","Male",30,"Unclassified","Single carriageway",30,NA,"Not a Pedestrian","Not a Pedestrian",430332,433348,"E01033010",2,"Not at junction or within 20 metres","Darkness - lights lit","Fine no high winds","Dry","Car occupant"
"5784","2016133CH0085",2016-12-17,2016,"Dec",17,"00:45",0,45,"Saturday","Slight",2,"Slight","Car occupant","Driver or rider","Male",30,"Unclassified","Single carriageway",30,"Unclassified","Not a Pedestrian","Not a Pedestrian",431544,433972,"E01011349",1,"T or staggered junction","Darkness - lights lit","Fine no high winds","Dry","Car occupant"
"5785","2016133CH0146",2016-12-17,2016,"Dec",17,"01:18",1,18,"Saturday","Slight",3,"Slight","Car occupant","Driver or rider","Female",27,"A","Dual carriageway",30,"Unclassified","Not a Pedestrian","Not a Pedestrian",429137,435242,"E01033005",2,"T or staggered junction","Darkness - lights lit","Fine no high winds","Dry","Car occupant"
"5786","2016133CH0608",2016-12-17,2016,"Dec",17,"10:25",10,25,"Saturday","Serious",1,"Serious","Pedestrian","Pedestrian","Male",80,"Unclassified","Single carriageway",20,"Unclassified","In carriageway, crossing elsewhere","Crossing from driver's nearside",428481,437179,"E01011689",1,"T or staggered junction","Daylight","Fine no high winds","Dry","Pedestrian"
"5787","2016133CH0677",2016-12-17,2016,"Dec",17,"11:05",11,5,"Saturday","Slight",1,"Slight","Car occupant","Passenger","Female",74,"A","Roundabout",30,"Unclassified","Not a Pedestrian","Not a Pedestrian",430153,438255,"E01011514",2,"Roundabout","Daylight","Fine no high winds","Dry","Car occupant"
"5788","2016133CG0238",2016-12-18,2016,"Dec",18,"07:35",7,35,"Sunday","Slight",1,"Slight","Taxi/Private hire car occupant","Passenger","Female",24,"A(M)","Dual carriageway",40,"A","Not a Pedestrian","Not a Pedestrian",430188,434387,"E01033002",2,"Slip road","Darkness - lights lit","Fine no high winds","Dry","Car occupant"
"5789","2016133CG1273",2016-12-18,2016,"Dec",18,"17:54",17,54,"Sunday","Slight",1,"Slight","Car occupant","Passenger","Female",8,"A","Roundabout",40,"Unclassified","Not a Pedestrian","Not a Pedestrian",433337,436250,"E01011646",3,"Roundabout","Darkness - lights lit","Fine no high winds","Dry","Car occupant"
"5790","2016133CI1412",2016-12-18,2016,"Dec",18,"19:28",19,28,"Sunday","Serious",3,"Serious","Car occupant","Driver or rider","Male",29,"B","Single carriageway",30,"Unclassified","Not a Pedestrian","Not a Pedestrian",426636,433090,"E01011729",2,"Crossroads","Darkness - lights lit","Fine no high winds","Dry","Car occupant"
"5791","2016133CJ0217",2016-12-19,2016,"Dec",19,"05:45",5,45,"Monday","Slight",2,"Slight","Goods vehicle (7.5 tonnes mgw and over) occupant","Driver or rider","Male",27,"Motorway","Dual carriageway",70,NA,"Not a Pedestrian","Not a Pedestrian",432270,426958,"E01011499",2,"Not at junction or within 20 metres","Darkness - lights lit","Fine no high winds","Dry","Bus and goods vehicle occupant"
"5792","2016133CJ0270",2016-12-19,2016,"Dec",19,"07:48",7,48,"Monday","Slight",3,"Slight","Car occupant","Driver or rider","Male",62,"Motorway","Dual carriageway",60,NA,"Not a Pedestrian","Not a Pedestrian",429530,426401,"E01011538",3,"Not at junction or within 20 metres","Daylight","Fine no high winds","Dry","Car occupant"
"5793","2016133CK1466",2016-12-20,2016,"Dec",20,"09:51",9,51,"Tuesday","Slight",1,"Slight","Car occupant","Driver or rider","Male",43,"Motorway","Dual carriageway",70,"A","Not a Pedestrian","Not a Pedestrian",431960,430420,"E01011469",2,"Slip road","Daylight","Fine no high winds","Dry","Car occupant"
"5794","2016133CK0647",2016-12-20,2016,"Dec",20,"12:55",12,55,"Tuesday","Slight",1,"Slight","Pedestrian","Pedestrian","Male",46,"Unclassified","Single carriageway",30,NA,"In carriageway, crossing elsewhere","Unknown or other",431316,434917,"E01011673",1,"Not at junction or within 20 metres","Daylight","Fine no high winds","Dry","Pedestrian"
"5795","2016133CK0690",2016-12-20,2016,"Dec",20,"13:00",13,0,"Tuesday","Slight",1,"Slight","Car occupant","Driver or rider","Male",33,"A","Single carriageway",40,"Unclassified","Not a Pedestrian","Not a Pedestrian",428010,432089,"E01011362",2,"T or staggered junction","Daylight","Fine no high winds","Dry","Car occupant"
"5796","2016133CK0762",2016-12-20,2016,"Dec",20,"14:10",14,10,"Tuesday","Slight",1,"Slight","Bus or coach occupant (17 or more pass seats)","Passenger","Female",88,"Unclassified","Single carriageway",30,NA,"Not a Pedestrian","Not a Pedestrian",430643,433451,"E01033011",1,"Not at junction or within 20 metres","Daylight","Fine no high winds","Wet or damp","Bus and goods vehicle occupant"
"5797","2016133CK0738",2016-12-20,2016,"Dec",20,"14:31",14,31,"Tuesday","Slight",1,"Slight","Cyclist","Driver or rider","Male",16,"Unclassified","Single carriageway",30,"Unclassified","Not a Pedestrian","Not a Pedestrian",431813,435889,"E01011426",2,"T or staggered junction","Daylight","Raining + high winds","Wet or damp","Cyclist"
"5798","2016133CK1013",2016-12-20,2016,"Dec",20,"16:15",16,15,"Tuesday","Slight",1,"Slight","Car occupant","Driver or rider","Male",35,"B","Single carriageway",50,"B","Not a Pedestrian","Not a Pedestrian",431661,426460,"E01011499",2,"T or staggered junction","Darkness - lights lit","Fine no high winds","Wet or damp","Car occupant"
"5799","2016133CK1244",2016-12-20,2016,"Dec",20,"18:20",18,20,"Tuesday","Slight",2,"Slight","Car occupant","Driver or rider","Female",27,"Motorway","Dual carriageway",50,NA,"Not a Pedestrian","Not a Pedestrian",432253,426389,"E01011499",2,"Not at junction or within 20 metres","Darkness - lights lit","Fine no high winds","Dry","Car occupant"
"5800","2016133CK1621",2016-12-20,2016,"Dec",20,"21:40",21,40,"Tuesday","Slight",1,"Slight","Car occupant","Passenger","Male",30,"A","Dual carriageway",40,"Unclassified","Not a Pedestrian","Not a Pedestrian",434425,434435,"E01011341",2,"Crossroads","Darkness - lights lit","Fine no high winds","Wet or damp","Car occupant"
"5801","2016133CK1672",2016-12-20,2016,"Dec",20,"22:13",22,13,"Tuesday","Slight",2,"Slight","Car occupant","Driver or rider","Male",23,"Unclassified","Single carriageway",30,"Unclassified","Not a Pedestrian","Not a Pedestrian",435962,437146,"E01011718",3,"T or staggered junction","Darkness - lights lit","Fine no high winds","Wet or damp","Car occupant"
"5802","2016133CL0341",2016-12-21,2016,"Dec",21,"09:20",9,20,"Wednesday","Slight",2,"Slight","Taxi/Private hire car occupant","Driver or rider","Male",45,"A","Dual carriageway",30,"A","Not a Pedestrian","Not a Pedestrian",430980,433149,"E01033033",2,"T or staggered junction","Daylight","Fine no high winds","Wet or damp","Car occupant"
"5803","2016133CL0640",2016-12-21,2016,"Dec",21,"12:40",12,40,"Wednesday","Slight",1,"Slight","Cyclist","Driver or rider","Male",27,"Unclassified","Single carriageway",30,"Unclassified","Not a Pedestrian","Not a Pedestrian",429193,435346,"E01033005",2,"T or staggered junction","Daylight","Fine no high winds","Dry","Cyclist"
"5804","2016133CL0689",2016-12-21,2016,"Dec",21,"12:45",12,45,"Wednesday","Slight",2,"Slight","Car occupant","Passenger","Female",45,"A","Dual carriageway",30,"Unclassified","Not a Pedestrian","Not a Pedestrian",430177,434291,"E01033010",2,"Other junction","Daylight","Fine no high winds","Dry","Car occupant"
"5805","2016133CL0854",2016-12-21,2016,"Dec",21,"14:14",14,14,"Wednesday","Slight",1,"Slight","Pedestrian","Pedestrian","Female",74,"Unclassified","Unknown",20,"Unclassified","In carriageway, crossing elsewhere","Unknown or other",420847,441087,"E01011274",2,"T or staggered junction","Daylight","Fine no high winds","Dry","Pedestrian"
"5806","2016133CH1687",2016-12-21,2016,"Dec",21,"19:15",19,15,"Wednesday","Slight",1,"Slight","Car occupant","Driver or rider","Female",45,"Motorway","Slip road",70,"A","Not a Pedestrian","Not a Pedestrian",427559,431057,"E01011318",2,"Slip road","Darkness - lighting unknown","Fine no high winds","Dry","Car occupant"
"5807","2016133CL1403",2016-12-21,2016,"Dec",21,"19:45",19,45,"Wednesday","Slight",1,"Slight","Cyclist","Driver or rider","Male",20,"Unclassified","Single carriageway",30,"Unclassified","Not a Pedestrian","Not a Pedestrian",428102,434513,"E01011481",2,"Crossroads","Darkness - lights lit","Fine no high winds","Wet or damp","Cyclist"
"5808","2016133CL1451",2016-12-21,2016,"Dec",21,"20:15",20,15,"Wednesday","Serious",1,"Serious","Car occupant","Driver or rider","Male",24,"Motorway","Dual carriageway",70,NA,"Not a Pedestrian","Not a Pedestrian",437417,431263,"E01011402",1,"Not at junction or within 20 metres","Darkness - no lighting","Fine no high winds","Wet or damp","Car occupant"