"","accident_index","date","year","month","day","time","time_hour","time_minute","day_of_week","accident_severity","number_of_casualties","casualty_severity","casualty_type","casualty_class","sex_of_casualty","age_of_casualty","first_road_class","road_type","speed_limit","second_road_class","pedestrian_location","pedestrian_movement","location_easting_osgr","location_northing_osgr","lsoa_of_accident_location","number_of_vehicles","junction_detail","light_conditions","weather_conditions","road_surface_conditions","cas_type"
"5809","2016133CM0249",2016-12-22,2016,"Dec",22,"07:14",7,14,"Thursday","Slight",4,"Slight","Car occupant","Driver or rider","Male",46,"Motorway","Dual carriageway",70,"Motorway","Not a Pedestrian","Not a Pedestrian",431900,425447,"E01011551",3,"Slip road","Darkness - lights lit","Fine no high winds","Wet or damp","Car occupant"
"5810","2016133CM0334",2016-12-22,2016,"Dec",22,"08:59",8,59,"Thursday","Slight",1,"Slight","Cyclist","Driver or rider","Male",69,"A","Slip road",30,"Motorway","Not a Pedestrian","Not a Pedestrian",442207,434632,"E01011297",2,"Slip road","Daylight","Fine no high winds","Wet or damp","Cyclist"
"5811","2016133CM0497",2016-12-22,2016,"Dec",22,"11:10",11,10,"Thursday","Slight",1,"Slight","Car occupant","Driver or rider","Male",54,"Motorway","Dual carriageway",70,NA,"Not a Pedestrian","Not a Pedestrian",433298,429642,"E01011639",2,"Not at junction or within 20 metres","Daylight","Fine no high winds","Dry","Car occupant"
"5812","2016133CM0726",2016-12-22,2016,"Dec",22,"12:30",12,30,"Thursday","Slight",2,"Slight","Bus or coach occupant (17 or more pass seats)","Passenger","Female",51,"Unclassified","Single carriageway",30,NA,"Not a Pedestrian","Not a Pedestrian",430378,433537,"E01033010",1,"Not at junction or within 20 metres","Daylight","Fine no high winds","Dry","Bus and goods vehicle occupant"
"5813","2016133CM1153",2016-12-22,2016,"Dec",22,"17:17",17,17,"Thursday","Slight",1,"Slight","Car occupant","Driver or rider","Male",19,"A(M)","Dual carriageway",70,NA,"Not a Pedestrian","Not a Pedestrian",443361,438884,"E01011309",1,"Not at junction or within 20 metres","Darkness - lights lit","Fine no high winds","Dry","Car occupant"
"5814","2016133CN0283",2016-12-23,2016,"Dec",23,"08:00",8,0,"Friday","Slight",1,"Slight","Car occupant","Driver or rider","Female",20,"A","Dual carriageway",30,"Unclassified","Not a Pedestrian","Not a Pedestrian",428010,434343,"E01011481",2,"Crossroads","Daylight","Fine no high winds","Dry","Car occupant"
"5815","2016133CN0944",2016-12-23,2016,"Dec",23,"15:30",15,30,"Friday","Slight",1,"Slight","Car occupant","Driver or rider","Male",23,"Unclassified","Single carriageway",30,"Unclassified","Not a Pedestrian","Not a Pedestrian",431112,432101,"E01011467",2,"T or staggered junction","Daylight","Fine no high winds","Dry","Car occupant"
"5816","2016133CN1740",2016-12-23,2016,"Dec",23,"23:45",23,45,"Friday","Slight",1,"Slight","Car occupant","Driver or rider","Female",21,"Unclassified","Single carriageway",30,"Unclassified","Not a Pedestrian","Not a Pedestrian",427693,434468,"E01011483",2,"T or staggered junction","Darkness - lights lit","Fine no high winds","Dry","Car occupant"
"5817","2016133CO0893",2016-12-24,2016,"Dec",24,"12:00",12,0,"Saturday","Slight",1,"Slight","Cyclist","Driver or rider","Male",22,"A","Roundabout",30,"Motorway","Not a Pedestrian","Not a Pedestrian",442200,434494,"E01011297",2,"Roundabout","Daylight","Fine no high winds","Dry","Cyclist"
"5818","2016133CP0716",2016-12-25,2016,"Dec",25,"15:44",15,44,"Sunday","Serious",2,"Serious","Car occupant","Driver or rider","Male",79,"A","Single carriageway",30,NA,"Not a Pedestrian","Not a Pedestrian",417962,442826,"E01011266",2,"Not at junction or within 20 metres","Darkness - lights lit","Fine no high winds","Wet or damp","Car occupant"
"5819","2016133CQ0439",2016-12-26,2016,"Dec",26,"10:40",10,40,"Monday","Slight",1,"Slight","Van / Goods vehicle (3.5 tonnes mgw or under) occupant","Passenger","Female",38,"A","Single carriageway",50,"Unclassified","Not a Pedestrian","Not a Pedestrian",435935,440522,"E01011311",2,"Private drive or entrance","Daylight","Fine no high winds","Dry","Bus and goods vehicle occupant"
"5820","20161341F0446",2016-12-26,2016,"Dec",26,"17:30",17,30,"Monday","Serious",1,"Serious","Pedestrian","Pedestrian","Male",36,"Unclassified","Single carriageway",30,NA,"On footway or verge","Walking along in carriageway, back to traffic",427222,433739,"E01011284",1,"Not at junction or within 20 metres","Darkness - lights lit","Fine no high winds","Dry","Pedestrian"
"5821","2016133CQ1029",2016-12-26,2016,"Dec",26,"17:55",17,55,"Monday","Serious",1,"Serious","Pedestrian","Pedestrian","Female",33,"A","Dual carriageway",40,NA,"Crossing on pedestrian crossing facility","Crossing from driver's offside",425504,432825,"E01011730",1,"Not at junction or within 20 metres","Darkness - lights lit","Fine no high winds","Dry","Pedestrian"
"5822","2016133CQ1200",2016-12-26,2016,"Dec",26,"19:33",19,33,"Monday","Slight",1,"Slight","Pedestrian","Pedestrian","Male",22,"Unclassified","Single carriageway",30,NA,"In carriageway, crossing elsewhere","Unknown or other",428758,430830,"E01011315",1,"Not at junction or within 20 metres","Daylight","Fine no high winds","Dry","Pedestrian"
"5823","2016133CQ1471",2016-12-26,2016,"Dec",26,"22:10",22,10,"Monday","Slight",3,"Slight","Car occupant","Driver or rider","Male",20,"A","Dual carriageway",40,NA,"Not a Pedestrian","Not a Pedestrian",424025,428223,"E01011523",2,"Not at junction or within 20 metres","Darkness - lights lit","Fine no high winds","Wet or damp","Car occupant"
"5824","2016133CQ1650",2016-12-26,2016,"Dec",26,"23:55",23,55,"Monday","Serious",2,"Slight","Car occupant","Driver or rider","Male",22,"Unclassified","Single carriageway",30,NA,"Not a Pedestrian","Not a Pedestrian",433235,433028,"E01011621",5,"Not at junction or within 20 metres","Darkness - lights lit","Fine no high winds","Wet or damp","Car occupant"
"5825","2016133CS0222",2016-12-28,2016,"Dec",28,"07:15",7,15,"Wednesday","Slight",1,"Slight","Car occupant","Driver or rider","Female",36,"Unclassified","Single carriageway",40,NA,"Not a Pedestrian","Not a Pedestrian",420072,435762,"E01011590",1,"Not at junction or within 20 metres","Darkness - lights lit","Fine no high winds","Frost or ice","Car occupant"
"5826","2016133CS0508",2016-12-28,2016,"Dec",28,"11:50",11,50,"Wednesday","Slight",2,"Slight","Car occupant","Driver or rider","Female",60,"Unclassified","Single carriageway",30,"Unclassified","Not a Pedestrian","Not a Pedestrian",426638,427220,"E01011547",2,"T or staggered junction","Daylight","Fine no high winds","Wet or damp","Car occupant"
"5827","2016133CS0678",2016-12-28,2016,"Dec",28,"13:20",13,20,"Wednesday","Slight",4,"Slight","Car occupant","Driver or rider","Male",30,"Unclassified","Single carriageway",30,"Unclassified","Not a Pedestrian","Not a Pedestrian",431521,434303,"E01033035",2,"T or staggered junction","Daylight","Fine no high winds","Wet or damp","Car occupant"
"5828","2016133CT0534",2016-12-29,2016,"Dec",29,"11:43",11,43,"Thursday","Slight",1,"Slight","Car occupant","Driver or rider","Male",25,"Motorway","Dual carriageway",70,NA,"Not a Pedestrian","Not a Pedestrian",440169,434251,"E01011296",2,"Not at junction or within 20 metres","Daylight","Fine no high winds","Frost or ice","Car occupant"
"5829","2016133CT0550",2016-12-29,2016,"Dec",29,"11:45",11,45,"Thursday","Slight",1,"Slight","Van / Goods vehicle (3.5 tonnes mgw or under) occupant","Driver or rider","Male",22,"Unclassified","Single carriageway",20,"Unclassified","Not a Pedestrian","Not a Pedestrian",427492,430615,"E01011318",1,"T or staggered junction","Daylight","Fine no high winds","Frost or ice","Bus and goods vehicle occupant"
"5830","2016133CT0978",2016-12-29,2016,"Dec",29,"13:50",13,50,"Thursday","Slight",1,"Slight","Bus or coach occupant (17 or more pass seats)","Passenger","Female",82,"Unclassified","Single carriageway",30,NA,"Not a Pedestrian","Not a Pedestrian",420763,441191,"E01011269",1,"Not at junction or within 20 metres","Daylight","Fine no high winds","Dry","Bus and goods vehicle occupant"
"5831","2016133CT0794",2016-12-29,2016,"Dec",29,"14:05",14,5,"Thursday","Slight",1,"Slight","Cyclist","Driver or rider","Male",66,"Unclassified","Single carriageway",20,NA,"Not a Pedestrian","Not a Pedestrian",427074,434913,"E01011482",2,"Not at junction or within 20 metres","Daylight","Fine no high winds","Frost or ice","Cyclist"
"5832","2016133CT1005",2016-12-29,2016,"Dec",29,"15:53",15,53,"Thursday","Slight",1,"Slight","Car occupant","Driver or rider","Male",41,"A","Single carriageway",30,"A","Not a Pedestrian","Not a Pedestrian",424159,444000,"E01032503",2,"T or staggered junction","Darkness - lights lit","Fine no high winds","Dry","Car occupant"
"5833","2016133CT1179",2016-12-29,2016,"Dec",29,"17:25",17,25,"Thursday","Slight",1,"Slight","Pedestrian","Pedestrian","Female",23,"Unclassified","One way street",30,"Unclassified","Crossing on pedestrian crossing facility","Crossing from offside - masked by  parked or stationary vehicle",429839,433406,"E01033016",1,"T or staggered junction","Darkness - lights lit","Fine no high winds","Dry","Pedestrian"
"5834","2016133CT1407",2016-12-29,2016,"Dec",29,"19:51",19,51,"Thursday","Slight",1,"Slight","Car occupant","Driver or rider","Female",66,"A","Roundabout",30,"Unclassified","Not a Pedestrian","Not a Pedestrian",436884,433607,"E01011411",3,"Roundabout","Darkness - lights lit","Fine no high winds","Dry","Car occupant"
"5835","2016133CU0772",2016-12-30,2016,"Dec",30,"15:00",15,0,"Friday","Slight",1,"Slight","Car occupant","Driver or rider","Female",30,"Unclassified","Single carriageway",30,"Unclassified","Not a Pedestrian","Not a Pedestrian",427629,433965,"E01011284",4,"T or staggered junction","Daylight","Fine no high winds","Dry","Car occupant"
"5836","2016133CV0486",2016-12-30,2016,"Dec",30,"21:50",21,50,"Friday","Slight",1,"Slight","Cyclist","Driver or rider","Male",20,"Unclassified","Single carriageway",30,"Unclassified","Not a Pedestrian","Not a Pedestrian",430904,435552,"E01011360",2,"T or staggered junction","Darkness - lights lit","Fine no high winds","Dry","Cyclist"
"5837","2016133CV0712",2016-12-31,2016,"Dec",31,"13:50",13,50,"Saturday","Slight",1,"Slight","Car occupant","Passenger","Male",4,"A","Roundabout",30,"A","Not a Pedestrian","Not a Pedestrian",427934,426304,"E01011550",2,"Roundabout","Daylight","Fine no high winds","Dry","Car occupant"
"5838","2016133CV0884",2016-12-31,2016,"Dec",31,"15:15",15,15,"Saturday","Slight",1,"Slight","Car occupant","Driver or rider","Female",24,"Motorway","Roundabout",60,"A","Not a Pedestrian","Not a Pedestrian",442203,434488,"E01011297",2,"Roundabout","Daylight","Fine no high winds","Dry","Car occupant"
"5839","2016133CV1171",2016-12-31,2016,"Dec",31,"18:50",18,50,"Saturday","Slight",1,"Slight","Motorcycle 125cc and under rider or passenger","Driver or rider","Male",29,"Unclassified","Single carriageway",30,NA,"Not a Pedestrian","Not a Pedestrian",423815,434248,"E01011608",2,"Not at junction or within 20 metres","Darkness - lights lit","Fine no high winds","Wet or damp","Motorcyclist and pillion"
"5840","2016133CV1423",2016-12-31,2016,"Dec",31,"21:55",21,55,"Saturday","Slight",1,"Slight","Car occupant","Driver or rider","Female",30,"Unclassified","Single carriageway",30,"Unclassified","Not a Pedestrian","Not a Pedestrian",427102,427700,"E01032492",2,"T or staggered junction","Darkness - lights lit","Fine no high winds","Wet or damp","Car occupant"
"5841","2017134110858",2017-01-01,2017,"Jan",1,"08:05",8,5,"Sunday","Slight",2,"Slight","Car occupant","Driver or rider","Male",32,"A","Single carriageway",40,"Unclassified","Not a Pedestrian","Not a Pedestrian",428940,429856,"E01011320",2,"Crossroads","Daylight","Fine no high winds","Wet or damp","Car occupant"
"5842","2017134111706",2017-01-01,2017,"Jan",1,"12:00",12,0,"Sunday","Slight",1,"Slight","Car occupant","Driver or rider","Female",34,"Unclassified","Single carriageway",30,NA,"Not a Pedestrian","Not a Pedestrian",435946,436807,"E01011720",2,"Not at junction or within 20 metres","Daylight","Fine no high winds","Dry","Car occupant"
"5843","2017134111495",2017-01-01,2017,"Jan",1,"17:05",17,5,"Sunday","Slight",1,"Slight","Car occupant","Passenger","Female",26,"Unclassified","Single carriageway",30,"A","Not a Pedestrian","Not a Pedestrian",429899,434277,"E01033008",2,"Crossroads","Darkness - lights lit","Raining no high winds","Wet or damp","Car occupant"
"5844","2017134120471",2017-01-02,2017,"Jan",2,"12:30",12,30,"Monday","Slight",2,"Slight","Car occupant","Driver or rider","Male",39,"A(M)","Dual carriageway",70,NA,"Not a Pedestrian","Not a Pedestrian",443658,436768,"E01011297",3,"Not at junction or within 20 metres","Daylight","Fine no high winds","Dry","Car occupant"
"5845","2017134121066",2017-01-02,2017,"Jan",2,"18:00",18,0,"Monday","Slight",1,"Slight","Motorcycle over 125cc and up to 500cc rider or  passenger","Driver or rider","Male",36,"Unclassified","Single carriageway",30,"Unclassified","Not a Pedestrian","Not a Pedestrian",430501,437057,"E01011352",2,"Other junction","Darkness - lights lit","Fine no high winds","Dry","Motorcyclist and pillion"
"5846","2017134121054",2017-01-02,2017,"Jan",2,"18:07",18,7,"Monday","Serious",3,"Slight","Car occupant","Driver or rider","Male",18,"Motorway","Dual carriageway",70,NA,"Not a Pedestrian","Not a Pedestrian",442103,434572,"E01011297",2,"Not at junction or within 20 metres","Darkness - no lighting","Fine no high winds","Dry","Car occupant"
"5847","2017134121358",2017-01-02,2017,"Jan",2,"21:20",21,20,"Monday","Serious",1,"Serious","Pedestrian","Pedestrian","Male",50,"Unclassified","Single carriageway",20,"Unclassified","In carriageway, crossing elsewhere","Crossing from driver's nearside",431382,438004,"E01011504",1,"T or staggered junction","Darkness - lights lit","Fine no high winds","Wet or damp","Pedestrian"
"5848","2017134130470",2017-01-03,2017,"Jan",3,"11:15",11,15,"Tuesday","Slight",1,"Slight","Car occupant","Driver or rider","Female",67,"Unclassified","Single carriageway",30,NA,"Not a Pedestrian","Not a Pedestrian",420176,445342,"E01011569",2,"Not at junction or within 20 metres","Daylight","Fine no high winds","Dry","Car occupant"
"5849","2017134170512",2017-01-03,2017,"Jan",3,"17:30",17,30,"Tuesday","Slight",2,"Slight","Other vehicle occupant","Driver or rider","Male",46,"Motorway","Slip road",70,"A","Not a Pedestrian","Not a Pedestrian",435907,425856,"E01011636",2,"T or staggered junction","Darkness - lights lit","Fine no high winds","Dry","Others"
"5850","2017134140404",2017-01-04,2017,"Jan",4,"10:48",10,48,"Wednesday","Serious",1,"Serious","Cyclist","Driver or rider","Male",82,"A","Roundabout",30,"A","Not a Pedestrian","Not a Pedestrian",421525,428537,"E01011527",2,"Roundabout","Daylight","Fine no high winds","Wet or damp","Cyclist"
"5851","2017134140453",2017-01-04,2017,"Jan",4,"11:30",11,30,"Wednesday","Slight",2,"Slight","Car occupant","Driver or rider","Male",72,"Unclassified","Single carriageway",30,"Unclassified","Not a Pedestrian","Not a Pedestrian",427512,432598,"E01011362",2,"T or staggered junction","Daylight","Fine no high winds","Dry","Car occupant"
"5852","2017134140460",2017-01-04,2017,"Jan",4,"11:32",11,32,"Wednesday","Slight",1,"Slight","Pedestrian","Pedestrian","Female",86,"Unclassified","Single carriageway",30,NA,"Crossing on pedestrian crossing facility","Crossing from driver's nearside",440390,433058,"E01011396",1,"Not at junction or within 20 metres","Daylight","Fine no high winds","Dry","Pedestrian"
"5853","2017134141114",2017-01-04,2017,"Jan",4,"16:45",16,45,"Wednesday","Slight",1,"Slight","Car occupant","Driver or rider","Male",23,"A","Roundabout",40,"Unclassified","Not a Pedestrian","Not a Pedestrian",429926,437020,"E01011355",2,"Roundabout","Darkness - lights lit","Fine no high winds","Dry","Car occupant"
"5854","2017134141066",2017-01-04,2017,"Jan",4,"17:00",17,0,"Wednesday","Serious",1,"Serious","Motorcycle 50cc and under rider or passenger","Driver or rider","Male",42,"A","Dual carriageway",40,"A","Not a Pedestrian","Not a Pedestrian",428934,433453,"E01011363",2,"Slip road","Darkness - lights lit","Fine no high winds","Dry","Motorcyclist and pillion"
"5855","2017134141070",2017-01-04,2017,"Jan",4,"17:10",17,10,"Wednesday","Slight",1,"Slight","Motorcycle 50cc and under rider or passenger","Driver or rider","Male",48,"Unclassified","Single carriageway",30,NA,"Not a Pedestrian","Not a Pedestrian",431409,429362,"E01011475",1,"Not at junction or within 20 metres","Darkness - lights lit","Fine no high winds","Dry","Motorcyclist and pillion"
"5856","2017134150393",2017-01-05,2017,"Jan",5,"10:05",10,5,"Thursday","Slight",1,"Slight","Pedestrian","Pedestrian","Male",30,"A","Roundabout",40,"B","Crossing elsewhere within 50m. of pedestrian crossing","Crossing from offside - masked by  parked or stationary vehicle",429962,436643,"E01011350",1,"Roundabout","Daylight","Fine no high winds","Dry","Pedestrian"
"5857","2017134150550",2017-01-05,2017,"Jan",5,"12:00",12,0,"Thursday","Slight",1,"Slight","Car occupant","Driver or rider","Female",26,"Unclassified","Single carriageway",30,NA,"Not a Pedestrian","Not a Pedestrian",426818,435487,"E01011477",2,"Not at junction or within 20 metres","Daylight","Other","Frost or ice","Car occupant"
"5858","2017134150991",2017-01-05,2017,"Jan",5,"15:50",15,50,"Thursday","Slight",1,"Slight","Pedestrian","Pedestrian","Male",20,"Unclassified","Single carriageway",30,NA,"In carriageway, crossing elsewhere","Crossing from driver's nearside",432483,433871,"E01011348",1,"Not at junction or within 20 metres","Daylight","Fine no high winds","Dry","Pedestrian"
"5859","20171341I1381",2017-01-05,2017,"Jan",5,"17:40",17,40,"Thursday","Serious",1,"Serious","Pedestrian","Pedestrian","Male",34,"A","Single carriageway",30,"Unclassified","Crossing on pedestrian crossing facility","Crossing from driver's nearside",427999,436010,"E01011440",1,"T or staggered junction","Darkness - lights lit","Fine no high winds","Wet or damp","Pedestrian"
"5860","2017134161249",2017-01-06,2017,"Jan",6,"18:57",18,57,"Friday","Slight",1,"Slight","Car occupant","Passenger","Male",25,"A","Dual carriageway",30,NA,"Not a Pedestrian","Not a Pedestrian",428268,434138,"E01011681",2,"Not at junction or within 20 metres","Darkness - lighting unknown","Fine no high winds","Dry","Car occupant"
"5861","2017134161393",2017-01-06,2017,"Jan",6,"20:10",20,10,"Friday","Slight",4,"Slight","Car occupant","Driver or rider","Female",42,"B","Roundabout",30,"B","Not a Pedestrian","Not a Pedestrian",426232,427445,"E01011541",2,"Roundabout","Darkness - lights lit","Fine no high winds","Wet or damp","Car occupant"
"5862","2017134170465",2017-01-07,2017,"Jan",7,"09:56",9,56,"Saturday","Slight",1,"Slight","Cyclist","Driver or rider","Male",48,"Unclassified","Single carriageway",30,"Unclassified","Not a Pedestrian","Not a Pedestrian",419001,442121,"E01011265",2,"T or staggered junction","Daylight","Fine no high winds","Dry","Cyclist"
"5863","2017134170476",2017-01-07,2017,"Jan",7,"10:04",10,4,"Saturday","Slight",1,"Slight","Cyclist","Driver or rider","Male",46,"A","Single carriageway",40,NA,"Not a Pedestrian","Not a Pedestrian",418684,445539,"E01011582",2,"Not at junction or within 20 metres","Daylight","Fine no high winds","Wet or damp","Cyclist"
"5864","2017134170626",2017-01-07,2017,"Jan",7,"11:00",11,0,"Saturday","Slight",1,"Slight","Cyclist","Driver or rider","Male",51,"A","Slip road",30,"A","Not a Pedestrian","Not a Pedestrian",430604,434563,"E01011671",2,"T or staggered junction","Daylight","Fine no high winds","Dry","Cyclist"
"5865","2017134C71829",2017-01-07,2017,"Jan",7,"18:00",18,0,"Saturday","Slight",1,"Slight","Taxi/Private hire car occupant","Passenger","Female",15,"Unclassified","Single carriageway",20,NA,"Not a Pedestrian","Not a Pedestrian",431177,431732,"E01011467",1,"Not at junction or within 20 metres","Darkness - lights lit","Fine no high winds","Dry","Car occupant"
"5866","2017134171908",2017-01-07,2017,"Jan",7,"23:33",23,33,"Saturday","Slight",1,"Slight","Car occupant","Driver or rider","Male",20,"Unclassified","Single carriageway",30,"Unclassified","Not a Pedestrian","Not a Pedestrian",431003,434499,"E01033003",1,"T or staggered junction","Darkness - lights lit","Fine no high winds","Wet or damp","Car occupant"
"5867","2017134190321",2017-01-09,2017,"Jan",9,"08:47",8,47,"Monday","Slight",2,"Slight","Car occupant","Driver or rider","Male",61,"A","Single carriageway",50,"Unclassified","Not a Pedestrian","Not a Pedestrian",422393,442334,"E01032503",3,"T or staggered junction","Daylight","Raining no high winds","Wet or damp","Car occupant"
"5868","2017134190351",2017-01-09,2017,"Jan",9,"09:12",9,12,"Monday","Slight",1,"Slight","Car occupant","Driver or rider","Female",31,"Motorway","Dual carriageway",50,NA,"Not a Pedestrian","Not a Pedestrian",429125,431824,"E01011368",2,"Not at junction or within 20 metres","Daylight","Fine no high winds","Dry","Car occupant"
"5869","2017134190923",2017-01-09,2017,"Jan",9,"15:10",15,10,"Monday","Slight",1,"Slight","Car occupant","Passenger","Female",38,"A","Single carriageway",40,"Unclassified","Not a Pedestrian","Not a Pedestrian",422670,437868,"E01011458",2,"T or staggered junction","Daylight","Raining no high winds","Wet or damp","Car occupant"
"5870","2017134191303",2017-01-09,2017,"Jan",9,"18:53",18,53,"Monday","Slight",1,"Slight","Car occupant","Driver or rider","Female",24,"A(M)","Dual carriageway",40,NA,"Not a Pedestrian","Not a Pedestrian",429284,433672,"E01011678",3,"Not at junction or within 20 metres","Darkness - lights lit","Fine no high winds","Wet or damp","Car occupant"
"5871","20171341S0531",2017-01-10,2017,"Jan",10,"07:25",7,25,"Tuesday","Slight",1,"Slight","Pedestrian","Pedestrian","Male",32,"B","Single carriageway",20,NA,"In carriageway, crossing elsewhere","Crossing from nearside - masked by parked or stationary vehicle",433001,426259,"E01011500",1,"Not at junction or within 20 metres","Darkness - lighting unknown","Fine no high winds","Dry","Pedestrian"
"5872","20171341A1358",2017-01-10,2017,"Jan",10,"09:54",9,54,"Tuesday","Slight",4,"Slight","Pedestrian","Pedestrian","Male",41,"Unclassified","Dual carriageway",30,NA,"Crossing on pedestrian crossing facility","Unknown or other",431081,430345,"E01011473",3,"Not at junction or within 20 metres","Darkness - lights lit","Fine no high winds","Dry","Pedestrian"
"5873","20171341A0725",2017-01-10,2017,"Jan",10,"14:00",14,0,"Tuesday","Slight",2,"Slight","Bus or coach occupant (17 or more pass seats)","Passenger","Female",52,"Unclassified","Unknown",30,"A(M)","Not a Pedestrian","Not a Pedestrian",430424,433960,"E01033010",1,"Crossroads","Daylight","Other","Dry","Bus and goods vehicle occupant"
"5874","20171341A0837",2017-01-10,2017,"Jan",10,"15:20",15,20,"Tuesday","Serious",1,"Serious","Pedestrian","Pedestrian","Female",63,"Unclassified","Single carriageway",30,"Unclassified","Crossing on pedestrian crossing facility","Crossing from driver's offside",429398,431344,"E01011373",2,"Crossroads","Daylight","Fine no high winds","Dry","Pedestrian"
"5875","20171341A1233",2017-01-10,2017,"Jan",10,"18:50",18,50,"Tuesday","Slight",1,"Slight","Car occupant","Driver or rider","Female",27,"Unclassified","Single carriageway",30,NA,"Not a Pedestrian","Not a Pedestrian",431946,435786,"E01011428",3,"Not at junction or within 20 metres","Darkness - lighting unknown","Fine no high winds","Dry","Car occupant"
"5876","20171341B0375",2017-01-11,2017,"Jan",11,"07:45",7,45,"Wednesday","Serious",1,"Serious","Cyclist","Driver or rider","Female",34,"A","Single carriageway",30,"Unclassified","Not a Pedestrian","Not a Pedestrian",427322,437205,"E01011690",2,"T or staggered junction","Daylight","Fine + high winds","Wet or damp","Cyclist"
"5877","20171341B0716",2017-01-11,2017,"Jan",11,"11:45",11,45,"Wednesday","Slight",2,"Slight","Car occupant","Passenger","Female",18,"A","Single carriageway",30,"A","Not a Pedestrian","Not a Pedestrian",424929,427642,"E01011530",2,"Crossroads","Daylight","Fine + high winds","Wet or damp","Car occupant"
"5878","20171341B0624",2017-01-11,2017,"Jan",11,"13:00",13,0,"Wednesday","Serious",2,"Slight","Motorcycle 125cc and under rider or passenger","Driver or rider","Male",20,"Unclassified","Single carriageway",30,"Unclassified","Not a Pedestrian","Not a Pedestrian",436201,436472,"E01011721",2,"T or staggered junction","Daylight","Fine no high winds","Dry","Motorcyclist and pillion"
"5879","20171341B1649",2017-01-11,2017,"Jan",11,"20:40",20,40,"Wednesday","Slight",1,"Slight","Car occupant","Driver or rider","Female",52,"A","Roundabout",30,"Unclassified","Not a Pedestrian","Not a Pedestrian",428570,433002,"E01011363",2,"Other junction","Darkness - lights lit","Fine no high winds","Dry","Car occupant"
"5880","20171351B1932",2017-01-11,2017,"Jan",11,"23:20",23,20,"Wednesday","Serious",1,"Serious","Motorcycle 125cc and under rider or passenger","Driver or rider","Male",34,"Unclassified","Single carriageway",30,NA,"Not a Pedestrian","Not a Pedestrian",431947,435868,"E01011422",2,"Not at junction or within 20 metres","Darkness - lights lit","Fine no high winds","Wet or damp","Motorcyclist and pillion"
"5881","20171341C0190",2017-01-12,2017,"Jan",12,"06:40",6,40,"Thursday","Serious",2,"Serious","Car occupant","Driver or rider","Male",25,"Unclassified","Single carriageway",30,"Unclassified","Not a Pedestrian","Not a Pedestrian",423052,439311,"E01011455",2,"T or staggered junction","Darkness - lighting unknown","Fine no high winds","Dry","Car occupant"
"5882","20171341C0202",2017-01-12,2017,"Jan",12,"07:10",7,10,"Thursday","Slight",1,"Slight","Cyclist","Driver or rider","Male",49,"A","Single carriageway",40,"Unclassified","Not a Pedestrian","Not a Pedestrian",422686,437858,"E01011458",2,"T or staggered junction","Darkness - lighting unknown","Fine no high winds","Dry","Cyclist"
"5883","20171341C0311",2017-01-12,2017,"Jan",12,"08:15",8,15,"Thursday","Slight",1,"Slight","Cyclist","Driver or rider","Male",32,"A","Single carriageway",30,"Unclassified","Not a Pedestrian","Not a Pedestrian",426197,435960,"E01011488",2,"T or staggered junction","Daylight","Fine no high winds","Dry","Cyclist"
"5884","20171341C0267",2017-01-12,2017,"Jan",12,"08:20",8,20,"Thursday","Slight",1,"Slight","Cyclist","Driver or rider","Female",50,"A","Roundabout",30,"Unclassified","Not a Pedestrian","Not a Pedestrian",424944,434437,"E01011336",2,"Roundabout","Daylight","Fine no high winds","Wet or damp","Cyclist"
"5885","20171341C0498",2017-01-12,2017,"Jan",12,"11:25",11,25,"Thursday","Serious",1,"Serious","Car occupant","Driver or rider","Male",80,"Unclassified","Single carriageway",30,"Unclassified","Not a Pedestrian","Not a Pedestrian",429913,437438,"E01011507",2,"Crossroads","Daylight","Fine no high winds","Dry","Car occupant"
"5886","20171341C0563",2017-01-12,2017,"Jan",12,"12:05",12,5,"Thursday","Slight",1,"Slight","Cyclist","Driver or rider","Male",10,"Unclassified","Single carriageway",30,"Unclassified","Not a Pedestrian","Not a Pedestrian",434855,428429,"E01011627",2,"T or staggered junction","Daylight","Raining no high winds","Wet or damp","Cyclist"
"5887","20171341C0873",2017-01-12,2017,"Jan",12,"15:00",15,0,"Thursday","Slight",1,"Slight","Car occupant","Driver or rider","Female",49,"Unclassified","Single carriageway",30,"Unclassified","Not a Pedestrian","Not a Pedestrian",437291,435675,"E01011410",2,"Private drive or entrance","Daylight","Fine no high winds","Dry","Car occupant"
"5888","20171341C1238",2017-01-12,2017,"Jan",12,"18:45",18,45,"Thursday","Slight",1,"Slight","Pedestrian","Pedestrian","Male",30,"Unclassified","One way street",30,"Unclassified","In carriageway, crossing elsewhere","Crossing from driver's nearside",431381,435358,"E01011429",1,"T or staggered junction","Darkness - lights lit","Fine no high winds","Wet or damp","Pedestrian"
"5889","20171341D0238",2017-01-13,2017,"Jan",13,"07:15",7,15,"Friday","Slight",1,"Slight","Pedestrian","Pedestrian","Female",13,"Unclassified","Single carriageway",30,"Unclassified","In carriageway, crossing elsewhere","Unknown or other",428080,433188,"E01011363",1,"T or staggered junction","Darkness - lighting unknown","Fine no high winds","Wet or damp","Pedestrian"
"5890","20171341D0323",2017-01-13,2017,"Jan",13,"08:54",8,54,"Friday","Slight",1,"Slight","Car occupant","Passenger","Male",1,"Unclassified","Single carriageway",30,"Unclassified","Not a Pedestrian","Not a Pedestrian",430266,436769,"E01011350",2,"T or staggered junction","Daylight","Fine no high winds","Frost or ice","Car occupant"
"5891","20171341D0385",2017-01-13,2017,"Jan",13,"09:25",9,25,"Friday","Slight",1,"Slight","Car occupant","Driver or rider","Female",47,"A","Dual carriageway",30,"Unclassified","Not a Pedestrian","Not a Pedestrian",430815,434504,"E01033003",2,"Crossroads","Daylight","Fine no high winds","Wet or damp","Car occupant"