"","accident_index","date","year","month","day","time","time_hour","time_minute","day_of_week","accident_severity","number_of_casualties","casualty_severity","casualty_type","casualty_class","sex_of_casualty","age_of_casualty","first_road_class","road_type","speed_limit","second_road_class","pedestrian_location","pedestrian_movement","location_easting_osgr","location_northing_osgr","lsoa_of_accident_location","number_of_vehicles","junction_detail","light_conditions","weather_conditions","road_surface_conditions","cas_type"
"5892","20171341D1270",2017-01-13,2017,"Jan",13,"17:10",17,10,"Friday","Slight",1,"Slight","Car occupant","Driver or rider","Female",46,"A","Roundabout",40,"A","Not a Pedestrian","Not a Pedestrian",430708,439034,"E01011512",2,"Roundabout","Darkness - lights lit","Fine no high winds","Dry","Car occupant"
"5893","20171341D1308",2017-01-13,2017,"Jan",13,"17:50",17,50,"Friday","Slight",2,"Slight","Car occupant","Driver or rider","Male",84,"Unclassified","Single carriageway",60,NA,"Not a Pedestrian","Not a Pedestrian",440332,434550,"E01011297",2,"Not at junction or within 20 metres","Darkness - no lighting","Fine no high winds","Wet or damp","Car occupant"
"5894","20171341D1678",2017-01-13,2017,"Jan",13,"21:15",21,15,"Friday","Slight",2,"Slight","Car occupant","Driver or rider","Female",26,"Motorway","Dual carriageway",50,NA,"Not a Pedestrian","Not a Pedestrian",428276,431564,"E01011369",2,"Not at junction or within 20 metres","Darkness - lights lit","Fine no high winds","Wet or damp","Car occupant"
"5895","20171341E0023",2017-01-14,2017,"Jan",14,"00:10",0,10,"Saturday","Slight",1,"Slight","Car occupant","Driver or rider","Male",21,"Unclassified","Single carriageway",60,NA,"Not a Pedestrian","Not a Pedestrian",437522,431960,"E01011411",1,"Not at junction or within 20 metres","Darkness - no lighting","Fine no high winds","Frost or ice","Car occupant"
"5896","20171341E0499",2017-01-14,2017,"Jan",14,"11:03",11,3,"Saturday","Slight",1,"Slight","Pedestrian","Pedestrian","Female",75,"Unclassified","Single carriageway",30,NA,"Crossing on pedestrian crossing facility","Crossing from driver's nearside",420203,445698,"E01011569",1,"Not at junction or within 20 metres","Darkness - lights lit","Fine no high winds","Wet or damp","Pedestrian"
"5897","2017133BE0850",2017-01-14,2017,"Jan",14,"13:30",13,30,"Saturday","Slight",1,"Slight","Cyclist","Driver or rider","Male",36,"A","Dual carriageway",40,NA,"Not a Pedestrian","Not a Pedestrian",430828,433222,"E01033033",2,"Not at junction or within 20 metres","Daylight","Fine no high winds","Dry","Cyclist"
"5898","20171341E0929",2017-01-14,2017,"Jan",14,"15:15",15,15,"Saturday","Slight",1,"Slight","Cyclist","Driver or rider","Male",16,"A","Roundabout",30,"A","Not a Pedestrian","Not a Pedestrian",428378,432525,"E01011363",2,"Roundabout","Daylight","Fine no high winds","Dry","Cyclist"
"5899","20171341E1254",2017-01-14,2017,"Jan",14,"18:17",18,17,"Saturday","Slight",1,"Slight","Cyclist","Driver or rider","Male",18,"Unclassified","Single carriageway",30,"Unclassified","Not a Pedestrian","Not a Pedestrian",430498,437103,"E01011352",2,"T or staggered junction","Darkness - lighting unknown","Fine no high winds","Dry","Cyclist"
"5900","20171341E1591",2017-01-14,2017,"Jan",14,"21:20",21,20,"Saturday","Slight",3,"Slight","Car occupant","Driver or rider","Male",32,"Unclassified","Single carriageway",30,"Unclassified","Not a Pedestrian","Not a Pedestrian",431863,435107,"E01011673",2,"T or staggered junction","Darkness - lights lit","Fine no high winds","Dry","Car occupant"
"5901","20171341F0014",2017-01-15,2017,"Jan",15,"00:09",0,9,"Sunday","Slight",1,"Slight","Taxi/Private hire car occupant","Passenger","Male",36,"B","Single carriageway",30,"Unclassified","Not a Pedestrian","Not a Pedestrian",432853,434337,"E01011347",2,"T or staggered junction","Darkness - lights lit","Fine no high winds","Wet or damp","Car occupant"
"5902","20171341F0594",2017-01-15,2017,"Jan",15,"12:30",12,30,"Sunday","Serious",2,"Slight","Car occupant","Driver or rider","Male",87,"Unclassified","Single carriageway",30,"Unclassified","Not a Pedestrian","Not a Pedestrian",428837,440134,"E01011554",3,"T or staggered junction","Daylight","Fine no high winds","Wet or damp","Car occupant"
"5903","20171341F0644",2017-01-15,2017,"Jan",15,"13:08",13,8,"Sunday","Slight",1,"Slight","Cyclist","Driver or rider","Male",31,"B","Single carriageway",30,"Unclassified","Not a Pedestrian","Not a Pedestrian",429987,438567,"E01011514",2,"Roundabout","Daylight","Fine no high winds","Wet or damp","Cyclist"
"5904","20171341F1134",2017-01-15,2017,"Jan",15,"18:00",18,0,"Sunday","Slight",2,"Slight","Car occupant","Driver or rider","Female",57,"A(M)","Dual carriageway",70,NA,"Not a Pedestrian","Not a Pedestrian",443545,438278,"E01011309",2,"Not at junction or within 20 metres","Darkness - lights lit","Fine no high winds","Wet or damp","Car occupant"
"5905","20171341F1285",2017-01-15,2017,"Jan",15,"19:17",19,17,"Sunday","Slight",1,"Slight","Car occupant","Driver or rider","Male",30,"Unclassified","Single carriageway",30,"Unclassified","Not a Pedestrian","Not a Pedestrian",430511,434358,"E01033003",2,"T or staggered junction","Darkness - lights lit","Raining no high winds","Wet or damp","Car occupant"
"5906","20171341F1420",2017-01-15,2017,"Jan",15,"21:00",21,0,"Sunday","Slight",2,"Slight","Car occupant","Driver or rider","Female",35,"Unclassified","Single carriageway",30,"Unclassified","Not a Pedestrian","Not a Pedestrian",425909,435509,"E01011324",2,"T or staggered junction","Darkness - lighting unknown","Fine no high winds","Dry","Car occupant"
"5907","20171341G0068",2017-01-16,2017,"Jan",16,"01:40",1,40,"Monday","Slight",1,"Slight","Car occupant","Driver or rider","Male",30,"A","Dual carriageway",40,"Unclassified","Not a Pedestrian","Not a Pedestrian",432754,429756,"E01011470",1,"Roundabout","Darkness - lights lit","Raining no high winds","Wet or damp","Car occupant"
"5908","20171341G0151",2017-01-16,2017,"Jan",16,"06:27",6,27,"Monday","Slight",1,"Slight","Cyclist","Driver or rider","Male",52,"Unclassified","Single carriageway",30,"Unclassified","Not a Pedestrian","Not a Pedestrian",424945,434437,"E01011336",2,"Roundabout","Darkness - lights lit","Raining no high winds","Wet or damp","Cyclist"
"5909","20171341G0256",2017-01-16,2017,"Jan",16,"09:05",9,5,"Monday","Slight",1,"Slight","Motorcycle 125cc and under rider or passenger","Driver or rider","Male",19,"A","Single carriageway",60,NA,"Not a Pedestrian","Not a Pedestrian",421307,428923,"E01011521",2,"Not at junction or within 20 metres","Daylight","Fine no high winds","Wet or damp","Motorcyclist and pillion"
"5910","20171341G0491",2017-01-16,2017,"Jan",16,"11:20",11,20,"Monday","Slight",1,"Slight","Goods vehicle (7.5 tonnes mgw and over) occupant","Passenger","Male",56,"A","Dual carriageway",40,"A","Not a Pedestrian","Not a Pedestrian",432278,432587,"E01011625",2,"T or staggered junction","Daylight","Fine no high winds","Dry","Bus and goods vehicle occupant"
"5911","20171341F0731",2017-01-16,2017,"Jan",16,"14:00",14,0,"Monday","Serious",6,"Serious","Car occupant","Driver or rider","Male",62,"A","Dual carriageway",30,NA,"Not a Pedestrian","Not a Pedestrian",428342,434078,"E01011363",5,"Not at junction or within 20 metres","Daylight","Fine no high winds","Wet or damp","Car occupant"
"5912","20171341G1022",2017-01-16,2017,"Jan",16,"16:05",16,5,"Monday","Slight",1,"Slight","Car occupant","Driver or rider","Male",38,"Motorway","Slip road",50,NA,"Not a Pedestrian","Not a Pedestrian",431816,430458,"E01011469",1,"Not at junction or within 20 metres","Darkness - lights lit","Raining no high winds","Wet or damp","Car occupant"
"5913","20171341G1249",2017-01-16,2017,"Jan",16,"17:55",17,55,"Monday","Slight",1,"Slight","Car occupant","Driver or rider","Female",52,"B","Single carriageway",60,"Unclassified","Not a Pedestrian","Not a Pedestrian",443329,435492,"E01011297",2,"Crossroads","Darkness - lights lit","Fog or mist","Wet or damp","Car occupant"
"5914","20171341G1279",2017-01-16,2017,"Jan",16,"18:15",18,15,"Monday","Slight",1,"Slight","Car occupant","Driver or rider","Female",21,"Unclassified","Slip road",30,"Unclassified","Not a Pedestrian","Not a Pedestrian",430882,432024,"E01033018",2,"T or staggered junction","Darkness - lights lit","Raining no high winds","Wet or damp","Car occupant"
"5915","20171341H0941",2017-01-17,2017,"Jan",17,"14:30",14,30,"Tuesday","Slight",4,"Slight","Car occupant","Driver or rider","Male",52,"Unclassified","Single carriageway",30,"Unclassified","Not a Pedestrian","Not a Pedestrian",430855,433361,"E01033033",3,"T or staggered junction","Daylight","Fine no high winds","Dry","Car occupant"
"5916","20171341H1534",2017-01-17,2017,"Jan",17,"17:15",17,15,"Tuesday","Slight",1,"Slight","Cyclist","Driver or rider","Female",23,"Unclassified","Single carriageway",30,"Unclassified","Not a Pedestrian","Not a Pedestrian",428931,432429,"E01033013",2,"T or staggered junction","Darkness - lights lit","Fine no high winds","Dry","Cyclist"
"5917","20171341H1209",2017-01-17,2017,"Jan",17,"17:30",17,30,"Tuesday","Serious",4,"Serious","Car occupant","Passenger","Female",45,"A","Dual carriageway",40,"A","Not a Pedestrian","Not a Pedestrian",427498,425512,"E01011548",2,"Crossroads","Darkness - lights lit","Fine no high winds","Wet or damp","Car occupant"
"5918","20171341K1235",2017-01-17,2017,"Jan",17,"17:30",17,30,"Tuesday","Slight",1,"Slight","Cyclist","Driver or rider","Male",16,"Unclassified","Single carriageway",30,NA,"Not a Pedestrian","Not a Pedestrian",425131,433893,"E01032606",2,"Not at junction or within 20 metres","Darkness - lighting unknown","Fine no high winds","Dry","Cyclist"
"5919","20171341I0945",2017-01-18,2017,"Jan",18,"15:45",15,45,"Wednesday","Slight",2,"Slight","Car occupant","Driver or rider","Male",28,"A","Dual carriageway",30,NA,"Not a Pedestrian","Not a Pedestrian",437637,433169,"E01011411",2,"Not at junction or within 20 metres","Daylight","Fine no high winds","Dry","Car occupant"
"5920","20171341J0590",2017-01-18,2017,"Jan",18,"17:00",17,0,"Wednesday","Slight",1,"Slight","Pedestrian","Pedestrian","Female",14,"Unclassified","Roundabout",30,"Unclassified","In carriageway, crossing elsewhere","Unknown or other",432831,435186,"E01011431",1,"Roundabout","Darkness - lights lit","Fine no high winds","Dry","Pedestrian"
"5921","20171341I1210",2017-01-18,2017,"Jan",18,"17:58",17,58,"Wednesday","Slight",1,"Slight","Pedestrian","Pedestrian","Male",29,"Unclassified","Single carriageway",30,"Unclassified","In carriageway, crossing elsewhere","Unknown or other",432385,436372,"E01011647",1,"T or staggered junction","Darkness - lights lit","Fine no high winds","Wet or damp","Pedestrian"
"5922","20171341N0728",2017-01-18,2017,"Jan",18,"18:45",18,45,"Wednesday","Slight",1,"Slight","Cyclist","Driver or rider","Male",47,"A","Roundabout",40,"Unclassified","Not a Pedestrian","Not a Pedestrian",421032,445002,"E01011572",2,"Roundabout","Darkness - lighting unknown","Fine no high winds","Dry","Cyclist"
"5923","20171341J0305",2017-01-19,2017,"Jan",19,"08:35",8,35,"Thursday","Serious",1,"Serious","Motorcycle 125cc and under rider or passenger","Driver or rider","Male",18,"A","Single carriageway",30,"Unclassified","Not a Pedestrian","Not a Pedestrian",431435,431610,"E01011467",2,"T or staggered junction","Daylight","Fine no high winds","Dry","Motorcyclist and pillion"
"5924","20171341J0331",2017-01-19,2017,"Jan",19,"09:01",9,1,"Thursday","Slight",2,"Slight","Car occupant","Driver or rider","Male",33,"Unclassified","Single carriageway",20,NA,"Not a Pedestrian","Not a Pedestrian",431115,430363,"E01011472",3,"Not at junction or within 20 metres","Daylight","Fine no high winds","Dry","Car occupant"
"5925","20171341J0608",2017-01-19,2017,"Jan",19,"11:45",11,45,"Thursday","Slight",1,"Slight","Cyclist","Driver or rider","Male",21,"Unclassified","Single carriageway",30,"Unclassified","Not a Pedestrian","Not a Pedestrian",428377,435261,"E01011445",2,"T or staggered junction","Daylight","Fine no high winds","Dry","Cyclist"
"5926","20171341J0890",2017-01-19,2017,"Jan",19,"19:20",19,20,"Thursday","Slight",1,"Slight","Car occupant","Driver or rider","Female",46,"A","Roundabout",40,"Motorway","Not a Pedestrian","Not a Pedestrian",430842,424389,"E01011537",2,"Roundabout","Darkness - lighting unknown","Fine no high winds","Dry","Car occupant"
"5927","20171341K0261",2017-01-20,2017,"Jan",20,"07:45",7,45,"Friday","Slight",1,"Slight","Car occupant","Driver or rider","Male",52,"Motorway","Dual carriageway",70,NA,"Not a Pedestrian","Not a Pedestrian",433670,425849,"E01011500",2,"Not at junction or within 20 metres","Darkness - lights lit","Fine no high winds","Dry","Car occupant"
"5928","20171341K0529",2017-01-20,2017,"Jan",20,"11:00",11,0,"Friday","Serious",1,"Serious","Pedestrian","Pedestrian","Male",60,"Unclassified","Single carriageway",30,NA,"Unknown or other","Unknown or other",423365,433599,"E01011611",1,"Not at junction or within 20 metres","Daylight","Fine no high winds","Dry","Pedestrian"
"5929","20171341L0776",2017-01-20,2017,"Jan",20,"13:00",13,0,"Friday","Slight",1,"Slight","Cyclist","Driver or rider","Male",19,"Unclassified","Single carriageway",20,"Unclassified","Not a Pedestrian","Not a Pedestrian",427976,435308,"E01011441",2,"T or staggered junction","Daylight","Fine no high winds","Dry","Cyclist"
"5930","20171341K1027",2017-01-20,2017,"Jan",20,"15:40",15,40,"Friday","Slight",2,"Slight","Car occupant","Driver or rider","Male",50,"A","Roundabout",40,"A","Not a Pedestrian","Not a Pedestrian",428137,426346,"E01011550",2,"Roundabout","Daylight","Fine no high winds","Dry","Car occupant"
"5931","20171341K1530",2017-01-20,2017,"Jan",20,"20:07",20,7,"Friday","Slight",3,"Slight","Taxi/Private hire car occupant","Driver or rider","Male",24,"A(M)","Slip road",40,"A(M)","Not a Pedestrian","Not a Pedestrian",429410,433938,"E01011678",2,"Slip road","Darkness - lighting unknown","Fine no high winds","Wet or damp","Car occupant"
"5932","20171341K1558",2017-01-20,2017,"Jan",20,"20:15",20,15,"Friday","Slight",2,"Slight","Pedestrian","Pedestrian","Female",5,"Unclassified","Single carriageway",30,"Unclassified","In carriageway, crossing elsewhere","Crossing from driver's nearside",432042,434989,"E01011434",1,"T or staggered junction","Darkness - lights lit","Fine no high winds","Dry","Pedestrian"
"5933","20171341K1642",2017-01-20,2017,"Jan",20,"20:20",20,20,"Friday","Slight",1,"Slight","Cyclist","Driver or rider","Female",26,"Unclassified","Single carriageway",30,"Unclassified","Not a Pedestrian","Not a Pedestrian",429895,433410,"E01033016",2,"T or staggered junction","Darkness - lights lit","Fine no high winds","Dry","Cyclist"
"5934","20171341K1678",2017-01-20,2017,"Jan",20,"21:28",21,28,"Friday","Slight",1,"Slight","Car occupant","Driver or rider","Male",19,"Unclassified","Single carriageway",30,"Unclassified","Not a Pedestrian","Not a Pedestrian",429034,431996,"E01011368",2,"T or staggered junction","Darkness - lights lit","Fine no high winds","Dry","Car occupant"
"5935","20171341L0610",2017-01-21,2017,"Jan",21,"11:00",11,0,"Saturday","Slight",3,"Slight","Car occupant","Driver or rider","Female",84,"A","Single carriageway",40,"Unclassified","Not a Pedestrian","Not a Pedestrian",422947,443102,"E01032503",2,"Crossroads","Daylight","Fine no high winds","Wet or damp","Car occupant"
"5936","20171341L0722",2017-01-21,2017,"Jan",21,"12:24",12,24,"Saturday","Slight",1,"Slight","Van / Goods vehicle (3.5 tonnes mgw or under) occupant","Driver or rider","Male",37,"A","Roundabout",30,"A","Not a Pedestrian","Not a Pedestrian",431965,430309,"E01011469",2,"Roundabout","Daylight","Fine no high winds","Dry","Bus and goods vehicle occupant"
"5937","20171341L0823",2017-01-21,2017,"Jan",21,"13:29",13,29,"Saturday","Slight",1,"Slight","Car occupant","Passenger","Female",41,"Motorway","Slip road",70,NA,"Not a Pedestrian","Not a Pedestrian",424149,427904,"E01011523",2,"Not at junction or within 20 metres","Daylight","Fine no high winds","Dry","Car occupant"
"5938","20171341L0862",2017-01-21,2017,"Jan",21,"13:50",13,50,"Saturday","Slight",3,"Slight","Car occupant","Driver or rider","Male",18,"Unclassified","Single carriageway",30,NA,"Not a Pedestrian","Not a Pedestrian",432287,438836,"E01011653",3,"Not at junction or within 20 metres","Daylight","Fine no high winds","Wet or damp","Car occupant"
"5939","2017134281569",2017-01-21,2017,"Jan",21,"17:00",17,0,"Saturday","Slight",1,"Slight","Car occupant","Driver or rider","Male",55,"A(M)","Slip road",40,"Unclassified","Not a Pedestrian","Not a Pedestrian",429040,433534,"E01033008",2,"Slip road","Darkness - lighting unknown","Fine no high winds","Dry","Car occupant"
"5940","2017134230500",2017-01-21,2017,"Jan",21,"19:09",19,9,"Saturday","Serious",1,"Serious","Cyclist","Driver or rider","Male",25,"Unclassified","Single carriageway",30,"Unclassified","Not a Pedestrian","Not a Pedestrian",430119,433796,"E01033010",2,"T or staggered junction","Darkness - lights lit","Fine no high winds","Dry","Cyclist"
"5941","20171341L1506",2017-01-21,2017,"Jan",21,"19:50",19,50,"Saturday","Slight",1,"Slight","Car occupant","Driver or rider","Male",46,"Unclassified","Single carriageway",30,"Unclassified","Not a Pedestrian","Not a Pedestrian",429169,431942,"E01011368",2,"T or staggered junction","Darkness - lights lit","Fine no high winds","Dry","Car occupant"
"5942","20171341L1628",2017-01-21,2017,"Jan",21,"21:18",21,18,"Saturday","Slight",1,"Slight","Cyclist","Driver or rider","Male",19,"Unclassified","Dual carriageway",40,NA,"Not a Pedestrian","Not a Pedestrian",430024,432605,"E01033032",2,"Not at junction or within 20 metres","Darkness - lights lit","Fine no high winds","Dry","Cyclist"
"5943","20171341M0349",2017-01-22,2017,"Jan",22,"06:45",6,45,"Sunday","Slight",1,"Slight","Car occupant","Driver or rider","Male",33,"A","Dual carriageway",40,NA,"Not a Pedestrian","Not a Pedestrian",429293,433679,"E01011678",2,"Not at junction or within 20 metres","Darkness - lights lit","Fine no high winds","Wet or damp","Car occupant"
"5944","20171341M0542",2017-01-22,2017,"Jan",22,"11:15",11,15,"Sunday","Serious",1,"Serious","Pedestrian","Pedestrian","Male",13,"Unclassified","Single carriageway",30,NA,"In carriageway, crossing elsewhere","Crossing from driver's nearside",434937,428908,"E01011628",2,"Not at junction or within 20 metres","Daylight","Fine no high winds","Dry","Pedestrian"
"5945","20171341M0938",2017-01-22,2017,"Jan",22,"15:30",15,30,"Sunday","Slight",1,"Slight","Cyclist","Driver or rider","Male",30,"Unclassified","Single carriageway",30,"Unclassified","Not a Pedestrian","Not a Pedestrian",434252,434278,"E01011346",2,"T or staggered junction","Daylight","Fine no high winds","Dry","Cyclist"
"5946","20171341M1009",2017-01-22,2017,"Jan",22,"16:30",16,30,"Sunday","Slight",1,"Slight","Motorcycle 125cc and under rider or passenger","Driver or rider","Male",23,"A","Single carriageway",30,"Unclassified","Not a Pedestrian","Not a Pedestrian",427483,434591,"E01011482",2,"T or staggered junction","Daylight","Fine no high winds","Dry","Motorcyclist and pillion"
"5947","20171341M1270",2017-01-22,2017,"Jan",22,"19:03",19,3,"Sunday","Slight",3,"Slight","Car occupant","Driver or rider","Female",26,"Unclassified","Dual carriageway",30,"Unclassified","Not a Pedestrian","Not a Pedestrian",431966,435835,"E01011422",3,"Crossroads","Darkness - lights lit","Fine no high winds","Wet or damp","Car occupant"
"5948","20171341M1419",2017-01-22,2017,"Jan",22,"20:30",20,30,"Sunday","Slight",1,"Slight","Car occupant","Passenger","Female",34,"Unclassified","Single carriageway",30,NA,"Not a Pedestrian","Not a Pedestrian",433495,435155,"E01011339",2,"Not at junction or within 20 metres","Darkness - lights lit","Fine no high winds","Dry","Car occupant"
"5949","20171341N1111",2017-01-23,2017,"Jan",23,"17:00",17,0,"Monday","Slight",1,"Slight","Car occupant","Passenger","Female",29,"Unclassified","Roundabout",40,"Unclassified","Not a Pedestrian","Not a Pedestrian",428420,428758,"E01011493",2,"Roundabout","Darkness - lighting unknown","Fine no high winds","Wet or damp","Car occupant"
"5950","20171341O0306",2017-01-24,2017,"Jan",24,"09:01",9,1,"Tuesday","Slight",1,"Slight","Pedestrian","Pedestrian","Female",40,"Unclassified","Single carriageway",30,NA,"In carriageway, crossing elsewhere","Crossing from driver's offside",430973,435826,"E01011356",1,"Not at junction or within 20 metres","Daylight","Fine no high winds","Dry","Pedestrian"
"5951","20171341O0573",2017-01-24,2017,"Jan",24,"12:05",12,5,"Tuesday","Slight",1,"Slight","Cyclist","Driver or rider","Female",42,"A","Single carriageway",30,"Unclassified","Not a Pedestrian","Not a Pedestrian",427312,434684,"E01011482",2,"T or staggered junction","Daylight","Fine no high winds","Dry","Cyclist"
"5952","20171341O0994",2017-01-24,2017,"Jan",24,"16:08",16,8,"Tuesday","Slight",1,"Slight","Car occupant","Driver or rider","Female",26,"Motorway","Dual carriageway",50,NA,"Not a Pedestrian","Not a Pedestrian",427529,430960,"E01011318",1,"Not at junction or within 20 metres","Daylight","Fine no high winds","Wet or damp","Car occupant"
"5953","20171341O1063",2017-01-24,2017,"Jan",24,"16:40",16,40,"Tuesday","Slight",1,"Slight","Motorcycle 125cc and under rider or passenger","Driver or rider","Male",27,"Unclassified","Single carriageway",30,NA,"Not a Pedestrian","Not a Pedestrian",436558,436164,"E01011723",2,"Not at junction or within 20 metres","Darkness - lights lit","Fine no high winds","Wet or damp","Motorcyclist and pillion"
"5954","20171341P0047",2017-01-25,2017,"Jan",25,"01:28",1,28,"Wednesday","Serious",1,"Serious","Car occupant","Driver or rider","Male",17,"Unclassified","Single carriageway",30,"Unclassified","Not a Pedestrian","Not a Pedestrian",425569,433062,"E01011730",2,"T or staggered junction","Darkness - lights lit","Fine no high winds","Frost or ice","Car occupant"
"5955","20171341P0349",2017-01-25,2017,"Jan",25,"09:55",9,55,"Wednesday","Serious",1,"Serious","Pedestrian","Pedestrian","Male",52,"Unclassified","Single carriageway",30,"Unclassified","In carriageway, crossing elsewhere","Crossing from driver's offside",430355,433052,"E01033016",1,"Crossroads","Daylight","Fine no high winds","Dry","Pedestrian"
"5956","20171341P0498",2017-01-25,2017,"Jan",25,"11:25",11,25,"Wednesday","Slight",1,"Slight","Motorcycle 125cc and under rider or passenger","Driver or rider","Male",57,"A","Single carriageway",30,"Unclassified","Not a Pedestrian","Not a Pedestrian",430103,431583,"E01011371",2,"T or staggered junction","Daylight","Fine no high winds","Wet or damp","Motorcyclist and pillion"
"5957","20171341P0554",2017-01-25,2017,"Jan",25,"11:47",11,47,"Wednesday","Slight",1,"Slight","Car occupant","Driver or rider","Female",77,"Motorway","Dual carriageway",50,NA,"Not a Pedestrian","Not a Pedestrian",430574,430623,"E01011468",2,"Not at junction or within 20 metres","Daylight","Fine no high winds","Dry","Car occupant"
"5958","20171341P0602",2017-01-25,2017,"Jan",25,"12:00",12,0,"Wednesday","Slight",1,"Slight","Pedestrian","Pedestrian","Male",12,"Unclassified","Single carriageway",30,NA,"Crossing on pedestrian crossing facility","Crossing from driver's offside",431949,432600,"E01011625",1,"Not at junction or within 20 metres","Daylight","Fine no high winds","Dry","Pedestrian"
"5959","20171341P0877",2017-01-25,2017,"Jan",25,"15:00",15,0,"Wednesday","Serious",1,"Serious","Pedestrian","Pedestrian","Male",78,"A","Single carriageway",30,NA,"In carriageway, crossing elsewhere","Crossing from driver's offside",434608,428101,"E01011633",1,"Not at junction or within 20 metres","Daylight","Fine no high winds","Wet or damp","Pedestrian"
"5960","20171341P1213",2017-01-25,2017,"Jan",25,"17:54",17,54,"Wednesday","Slight",1,"Slight","Cyclist","Driver or rider","Male",43,"A","Roundabout",40,"Unclassified","Not a Pedestrian","Not a Pedestrian",426190,442454,"E01032504",1,"Roundabout","Darkness - lighting unknown","Fine no high winds","Dry","Cyclist"
"5961","20171341Q0386",2017-01-26,2017,"Jan",26,"09:53",9,53,"Thursday","Serious",1,"Serious","Pedestrian","Pedestrian","Male",26,"Unclassified","Single carriageway",30,"Unclassified","Crossing on pedestrian crossing facility","Crossing from driver's nearside",431388,435014,"E01011673",1,"Crossroads","Daylight","Fine no high winds","Dry","Pedestrian"
"5962","20171341Q0952",2017-01-26,2017,"Jan",26,"12:32",12,32,"Thursday","Slight",1,"Slight","Car occupant","Driver or rider","Male",45,"A","Roundabout",30,"A","Not a Pedestrian","Not a Pedestrian",424179,428212,"E01011523",2,"Roundabout","Daylight","Fine no high winds","Dry","Car occupant"
"5963","20171341Q1278",2017-01-26,2017,"Jan",26,"17:16",17,16,"Thursday","Slight",1,"Slight","Cyclist","Driver or rider","Male",54,"Unclassified","Single carriageway",30,NA,"Not a Pedestrian","Not a Pedestrian",429647,433796,"E01033008",2,"Not at junction or within 20 metres","Darkness - lights lit","Fine no high winds","Dry","Cyclist"
"5964","20171341Q1329",2017-01-26,2017,"Jan",26,"18:45",18,45,"Thursday","Slight",1,"Slight","Car occupant","Driver or rider","Female",34,"Unclassified","Roundabout",30,"Unclassified","Not a Pedestrian","Not a Pedestrian",432908,435044,"E01011431",2,"Roundabout","Darkness - lights lit","Fine no high winds","Dry","Car occupant"
"5965","20171341R0226",2017-01-27,2017,"Jan",27,"07:35",7,35,"Friday","Slight",3,"Slight","Car occupant","Driver or rider","Female",36,"Motorway","Dual carriageway",50,NA,"Not a Pedestrian","Not a Pedestrian",430518,431577,"E01011374",2,"Not at junction or within 20 metres","Daylight","Fine no high winds","Dry","Car occupant"
"5966","20171341R0385",2017-01-27,2017,"Jan",27,"10:10",10,10,"Friday","Serious",1,"Serious","Car occupant","Driver or rider","Female",21,"A","Single carriageway",60,NA,"Not a Pedestrian","Not a Pedestrian",440401,446862,"E01011704",2,"Not at junction or within 20 metres","Daylight","Fine no high winds","Wet or damp","Car occupant"
"5967","20171341R1275",2017-01-27,2017,"Jan",27,"18:55",18,55,"Friday","Serious",1,"Serious","Motorcycle 125cc and under rider or passenger","Driver or rider","Male",20,"Unclassified","Single carriageway",30,"Unclassified","Not a Pedestrian","Not a Pedestrian",438357,440696,"E01011310",2,"T or staggered junction","Darkness - lights lit","Fine no high winds","Dry","Motorcyclist and pillion"
"5968","20171341R1294",2017-01-27,2017,"Jan",27,"19:00",19,0,"Friday","Slight",2,"Slight","Car occupant","Driver or rider","Male",27,"A","Single carriageway",60,NA,"Not a Pedestrian","Not a Pedestrian",421957,428201,"E01011527",3,"Not at junction or within 20 metres","Darkness - lights lit","Fine no high winds","Wet or damp","Car occupant"
"5969","20171341R1582",2017-01-27,2017,"Jan",27,"22:00",22,0,"Friday","Slight",1,"Slight","Pedestrian","Pedestrian","Female",19,"Unclassified","Single carriageway",30,"Unclassified","Crossing on pedestrian crossing facility","Crossing from driver's offside",430316,431181,"E01011374",1,"T or staggered junction","Darkness - lights lit","Raining no high winds","Wet or damp","Pedestrian"
"5970","20171341S0145",2017-01-28,2017,"Jan",28,"02:00",2,0,"Saturday","Slight",4,"Slight","Car occupant","Driver or rider","Male",67,"A","Single carriageway",30,"Unclassified","Not a Pedestrian","Not a Pedestrian",427201,434752,"E01011482",2,"T or staggered junction","Darkness - lights lit","Fine no high winds","Wet or damp","Car occupant"
"5971","20171341S1246",2017-01-28,2017,"Jan",28,"14:45",14,45,"Saturday","Serious",1,"Serious","Motorcycle over 125cc and up to 500cc rider or  passenger","Driver or rider","Male",23,"Unclassified","Single carriageway",30,NA,"Not a Pedestrian","Not a Pedestrian",431036,431334,"E01011467",2,"Not at junction or within 20 metres","Darkness - lights lit","Fine no high winds","Dry","Motorcyclist and pillion"
"5972","20171341S0890",2017-01-28,2017,"Jan",28,"15:10",15,10,"Saturday","Slight",1,"Slight","Car occupant","Driver or rider","Female",36,"A","Roundabout",30,"Unclassified","Not a Pedestrian","Not a Pedestrian",428500,433200,"E01011363",2,"Roundabout","Daylight","Fine no high winds","Dry","Car occupant"
"5973","2017134CS1526",2017-01-28,2017,"Jan",28,"19:55",19,55,"Saturday","Slight",1,"Slight","Car occupant","Driver or rider","Male",56,"A","Single carriageway",30,"Unclassified","Not a Pedestrian","Not a Pedestrian",431350,435060,"E01011429",2,"T or staggered junction","Darkness - lights lit","Fine no high winds","Dry","Car occupant"
"5974","20171341T0497",2017-01-29,2017,"Jan",29,"10:45",10,45,"Sunday","Serious",1,"Serious","Cyclist","Driver or rider","Male",41,"Unclassified","Single carriageway",40,"B","Not a Pedestrian","Not a Pedestrian",424150,435969,"E01011325",2,"T or staggered junction","Daylight","Fine no high winds","Wet or damp","Cyclist"