"","accident_index","date","year","month","day","time","time_hour","time_minute","day_of_week","accident_severity","number_of_casualties","casualty_severity","casualty_type","casualty_class","sex_of_casualty","age_of_casualty","first_road_class","road_type","speed_limit","second_road_class","pedestrian_location","pedestrian_movement","location_easting_osgr","location_northing_osgr","lsoa_of_accident_location","number_of_vehicles","junction_detail","light_conditions","weather_conditions","road_surface_conditions","cas_type"
"6057","20171342H0172",2017-02-17,2017,"Feb",17,"04:30",4,30,"Friday","Serious",2,"Serious","Car occupant","Driver or rider","Male",21,"Unclassified","Single carriageway",30,"Unclassified","Not a Pedestrian","Not a Pedestrian",422439,432162,"E01011603",5,"T or staggered junction","Darkness - lights lit","Raining + high winds","Wet or damp","Car occupant"
"6058","20171342H0287",2017-02-17,2017,"Feb",17,"08:05",8,5,"Friday","Slight",1,"Slight","Cyclist","Driver or rider","Female",27,"A","Single carriageway",20,"Unclassified","Not a Pedestrian","Not a Pedestrian",427569,434540,"E01011482",2,"Other junction","Daylight","Fog or mist","Wet or damp","Cyclist"
"6059","20171342H0769",2017-02-17,2017,"Feb",17,"08:45",8,45,"Friday","Slight",1,"Slight","Taxi/Private hire car occupant","Passenger","Female",21,"A","Dual carriageway",30,"Unclassified","Not a Pedestrian","Not a Pedestrian",427710,430880,"E01011318",2,"Crossroads","Daylight","Raining no high winds","Wet or damp","Car occupant"
"6060","20171342H0887",2017-02-17,2017,"Feb",17,"14:38",14,38,"Friday","Slight",1,"Slight","Pedestrian","Pedestrian","Female",3,"Unclassified","Single carriageway",30,NA,"In carriageway, crossing elsewhere","Crossing from offside - masked by  parked or stationary vehicle",434359,432773,"E01011624",1,"Not at junction or within 20 metres","Daylight","Fine no high winds","Dry","Pedestrian"
"6061","20171342H1068",2017-02-17,2017,"Feb",17,"16:00",16,0,"Friday","Slight",1,"Slight","Pedestrian","Pedestrian","Female",39,"Unclassified","Single carriageway",30,"Unclassified","Crossing elsewhere within 50m. of pedestrian crossing","Crossing from offside - masked by  parked or stationary vehicle",432656,436882,"E01011645",1,"Crossroads","Daylight","Fine no high winds","Dry","Pedestrian"
"6062","20171342H1544",2017-02-17,2017,"Feb",17,"20:00",20,0,"Friday","Slight",1,"Slight","Car occupant","Driver or rider","Male",35,"B","Dual carriageway",40,NA,"Not a Pedestrian","Not a Pedestrian",434683,433570,"E01011415",2,"Not at junction or within 20 metres","Darkness - lights lit","Fine no high winds","Dry","Car occupant"
"6063","20171342I0049",2017-02-18,2017,"Feb",18,"00:40",0,40,"Saturday","Serious",1,"Serious","Car occupant","Passenger","Male",18,"Unclassified","Single carriageway",30,NA,"Not a Pedestrian","Not a Pedestrian",430569,435259,"E01011361",1,"Not at junction or within 20 metres","Darkness - lights lit","Fine no high winds","Dry","Car occupant"
"6064","20171342I1347",2017-02-18,2017,"Feb",18,"16:40",16,40,"Saturday","Slight",1,"Slight","Bus or coach occupant (17 or more pass seats)","Passenger","Female",35,"Unclassified","Single carriageway",30,NA,"Not a Pedestrian","Not a Pedestrian",430418,433809,"E01033010",1,"Not at junction or within 20 metres","Daylight","Fine no high winds","Dry","Bus and goods vehicle occupant"
"6065","20171342I1688",2017-02-18,2017,"Feb",18,"20:56",20,56,"Saturday","Slight",1,"Slight","Car occupant","Passenger","Female",44,"A","Single carriageway",30,"B","Not a Pedestrian","Not a Pedestrian",426282,435582,"E01011488",2,"Crossroads","Darkness - lights lit","Raining no high winds","Wet or damp","Car occupant"
"6066","20171342J0537",2017-02-19,2017,"Feb",19,"09:35",9,35,"Sunday","Slight",1,"Slight","Car occupant","Driver or rider","Male",69,"A","Single carriageway",50,NA,"Not a Pedestrian","Not a Pedestrian",435845,440373,"E01011311",2,"Not at junction or within 20 metres","Daylight","Fine no high winds","Wet or damp","Car occupant"
"6067","20171342J0807",2017-02-19,2017,"Feb",19,"13:00",13,0,"Sunday","Slight",1,"Slight","Car occupant","Passenger","Female",59,"Unclassified","Single carriageway",30,"A","Not a Pedestrian","Not a Pedestrian",433926,434122,"E01011346",2,"T or staggered junction","Daylight","Fine no high winds","Dry","Car occupant"
"6068","20171342J0883",2017-02-19,2017,"Feb",19,"13:50",13,50,"Sunday","Slight",2,"Slight","Car occupant","Passenger","Female",16,"Motorway","Dual carriageway",70,NA,"Not a Pedestrian","Not a Pedestrian",437431,425628,"E01011636",2,"Not at junction or within 20 metres","Daylight","Fine no high winds","Dry","Car occupant"
"6069","20171342J1447",2017-02-19,2017,"Feb",19,"18:55",18,55,"Sunday","Slight",2,"Slight","Car occupant","Driver or rider","Male",36,"A","Single carriageway",40,NA,"Not a Pedestrian","Not a Pedestrian",441546,431859,"E01011404",2,"Not at junction or within 20 metres","Darkness - lights lit","Fine no high winds","Dry","Car occupant"
"6070","20171342J1718",2017-02-19,2017,"Feb",19,"21:49",21,49,"Sunday","Serious",5,"Slight","Car occupant","Driver or rider","Male",46,"Motorway","Dual carriageway",70,NA,"Not a Pedestrian","Not a Pedestrian",434386,425866,"E01011634",2,"Not at junction or within 20 metres","Darkness - no lighting","Fine no high winds","Dry","Car occupant"
"6071","20171342K0813",2017-02-20,2017,"Feb",20,"12:45",12,45,"Monday","Slight",1,"Slight","Car occupant","Passenger","Female",39,"Unclassified","Dual carriageway",30,"Unclassified","Not a Pedestrian","Not a Pedestrian",421962,436562,"E01011591",2,"T or staggered junction","Daylight","Other","Wet or damp","Car occupant"
"6072","20171342L0971",2017-02-21,2017,"Feb",21,"15:06",15,6,"Tuesday","Slight",1,"Slight","Pedestrian","Pedestrian","Female",13,"Unclassified","Single carriageway",30,"Unclassified","In carriageway, crossing elsewhere","Crossing from driver's nearside",421626,434915,"E01011594",1,"T or staggered junction","Daylight","Raining no high winds","Wet or damp","Pedestrian"
"6073","20171342M0677",2017-02-22,2017,"Feb",22,"10:15",10,15,"Wednesday","Slight",1,"Slight","Pedestrian","Pedestrian","Male",31,"A","Dual carriageway",40,NA,"Crossing on pedestrian crossing facility","Crossing from driver's nearside",430840,433326,"E01033033",1,"Not at junction or within 20 metres","Daylight","Fine no high winds","Dry","Pedestrian"
"6074","20171342M0823",2017-02-22,2017,"Feb",22,"15:15",15,15,"Wednesday","Slight",1,"Slight","Car occupant","Driver or rider","Female",30,"Unclassified","Single carriageway",30,NA,"Not a Pedestrian","Not a Pedestrian",431745,428514,"E01011502",2,"Not at junction or within 20 metres","Daylight","Fine no high winds","Dry","Car occupant"
"6075","20171342M1015",2017-02-22,2017,"Feb",22,"15:26",15,26,"Wednesday","Serious",1,"Serious","Pedestrian","Pedestrian","Male",12,"Unclassified","Single carriageway",30,NA,"Crossing elsewhere within 50m. of pedestrian crossing","Crossing from driver's offside",426223,427417,"E01011541",1,"Not at junction or within 20 metres","Daylight","Fine no high winds","Dry","Pedestrian"
"6076","20171342M1389",2017-02-22,2017,"Feb",22,"18:22",18,22,"Wednesday","Slight",1,"Slight","Cyclist","Driver or rider","Male",45,"A","Roundabout",40,"Unclassified","Not a Pedestrian","Not a Pedestrian",425024,433158,"E01011727",2,"Roundabout","Darkness - lights lit","Fine no high winds","Dry","Cyclist"
"6077","20171342N0039",2017-02-23,2017,"Feb",23,"00:43",0,43,"Thursday","Slight",2,"Slight","Car occupant","Driver or rider","Male",26,"A","Roundabout",40,"A","Not a Pedestrian","Not a Pedestrian",428682,433139,"E01011363",2,"Roundabout","Darkness - lights lit","Raining + high winds","Wet or damp","Car occupant"
"6078","20171342N0362",2017-02-23,2017,"Feb",23,"09:05",9,5,"Thursday","Slight",1,"Slight","Cyclist","Driver or rider","Male",17,"A","Dual carriageway",30,NA,"Not a Pedestrian","Not a Pedestrian",430542,432699,"E01033016",2,"Not at junction or within 20 metres","Daylight","Fine no high winds","Dry","Cyclist"
"6079","20171342N1476",2017-02-23,2017,"Feb",23,"15:00",15,0,"Thursday","Slight",1,"Slight","Pedestrian","Pedestrian","Female",11,"B","Single carriageway",30,NA,"In carriageway, crossing elsewhere","Crossing from driver's nearside",435554,433602,"E01011417",1,"Not at junction or within 20 metres","Daylight","Fine no high winds","Dry","Pedestrian"
"6080","20171342N1143",2017-02-23,2017,"Feb",23,"17:30",17,30,"Thursday","Slight",1,"Slight","Cyclist","Driver or rider","Female",21,"Unclassified","Single carriageway",30,NA,"Not a Pedestrian","Not a Pedestrian",427498,435929,"E01032945",2,"Not at junction or within 20 metres","Darkness - lights lit","Raining no high winds","Wet or damp","Cyclist"
"6081","20171342O0353",2017-02-24,2017,"Feb",24,"09:00",9,0,"Friday","Slight",1,"Slight","Pedestrian","Pedestrian","Male",7,"Unclassified","Single carriageway",30,NA,"In carriageway, crossing elsewhere","Crossing from offside - masked by  parked or stationary vehicle",435087,436579,"E01011659",1,"Not at junction or within 20 metres","Daylight","Fine no high winds","Dry","Pedestrian"
"6082","20171342O0451",2017-02-24,2017,"Feb",24,"10:04",10,4,"Friday","Serious",1,"Serious","Cyclist","Driver or rider","Male",72,"Unclassified","Single carriageway",30,"Unclassified","Not a Pedestrian","Not a Pedestrian",420496,445124,"E01011572",2,"Crossroads","Daylight","Fine no high winds","Dry","Cyclist"
"6083","20171342O0601",2017-02-24,2017,"Feb",24,"11:30",11,30,"Friday","Serious",1,"Serious","Motorcycle over 500cc rider or passenger","Driver or rider","Male",48,"A","Dual carriageway",50,"Unclassified","Not a Pedestrian","Not a Pedestrian",432735,429742,"E01011470",2,"Roundabout","Daylight","Fine no high winds","Dry","Motorcyclist and pillion"
"6084","20171342O0673",2017-02-24,2017,"Feb",24,"12:16",12,16,"Friday","Slight",1,"Slight","Pedestrian","Pedestrian","Male",71,"Unclassified","Single carriageway",30,"Unclassified","In carriageway, crossing elsewhere","Unknown or other",430773,438444,"E01011512",1,"T or staggered junction","Daylight","Fine no high winds","Dry","Pedestrian"
"6085","20171342O0912",2017-02-24,2017,"Feb",24,"14:30",14,30,"Friday","Slight",1,"Slight","Car occupant","Driver or rider","Male",39,"Unclassified","Single carriageway",30,"Unclassified","Not a Pedestrian","Not a Pedestrian",429002,431052,"E01011314",2,"T or staggered junction","Daylight","Fine no high winds","Dry","Car occupant"
"6086","20171342O1335",2017-02-24,2017,"Feb",24,"18:10",18,10,"Friday","Slight",1,"Slight","Cyclist","Driver or rider","Male",26,"Unclassified","Single carriageway",30,"Unclassified","Not a Pedestrian","Not a Pedestrian",424723,434446,"E01011336",2,"T or staggered junction","Darkness - lights lit","Fine no high winds","Dry","Cyclist"
"6087","20171342O0419",2017-02-24,2017,"Feb",24,"18:30",18,30,"Friday","Slight",1,"Slight","Car occupant","Driver or rider","Female",27,"A","Dual carriageway",70,NA,"Not a Pedestrian","Not a Pedestrian",421206,434127,"E01011599",2,"Not at junction or within 20 metres","Darkness - lighting unknown","Fine no high winds","Dry","Car occupant"
"6088","20171342P0067",2017-02-25,2017,"Feb",25,"00:33",0,33,"Saturday","Slight",1,"Slight","Bus or coach occupant (17 or more pass seats)","Passenger","Male",81,"Unclassified","Single carriageway",30,"Unclassified","Not a Pedestrian","Not a Pedestrian",426632,433498,"E01032607",2,"T or staggered junction","Darkness - lighting unknown","Fine no high winds","Dry","Bus and goods vehicle occupant"
"6089","20171342P0073",2017-02-25,2017,"Feb",25,"00:50",0,50,"Saturday","Slight",1,"Slight","Pedestrian","Pedestrian","Female",20,"Unclassified","Single carriageway",30,NA,"On footway or verge","Unknown or other",422056,434242,"E01011587",1,"Not at junction or within 20 metres","Darkness - lights lit","Fine no high winds","Dry","Pedestrian"
"6090","20171342P0232",2017-02-25,2017,"Feb",25,"03:20",3,20,"Saturday","Serious",3,"Slight","Car occupant","Driver or rider","Male",33,"Motorway","Dual carriageway",70,"Motorway","Not a Pedestrian","Not a Pedestrian",430404,424224,"E01011537",2,"Slip road","Darkness - no lighting","Fine no high winds","Dry","Car occupant"
"6091","20171342P1293",2017-02-25,2017,"Feb",25,"18:13",18,13,"Saturday","Slight",1,"Slight","Cyclist","Driver or rider","Male",56,"Unclassified","Roundabout",30,"Unclassified","Not a Pedestrian","Not a Pedestrian",427482,432594,"E01011733",2,"Mini-roundabout","Darkness - lights lit","Fine no high winds","Wet or damp","Cyclist"
"6092","20171342P1826",2017-02-25,2017,"Feb",25,"23:20",23,20,"Saturday","Slight",3,"Slight","Taxi/Private hire car occupant","Driver or rider","Male",36,"Unclassified","Single carriageway",30,"Unclassified","Not a Pedestrian","Not a Pedestrian",429469,430434,"E01011316",2,"T or staggered junction","Darkness - lights lit","Raining no high winds","Wet or damp","Car occupant"
"6093","20171342Q0010",2017-02-26,2017,"Feb",26,"00:04",0,4,"Sunday","Serious",1,"Serious","Pedestrian","Pedestrian","Male",36,"Unclassified","Single carriageway",30,"Unclassified","In carriageway, not crossing","Walking along in carriageway, back to traffic",436352,433868,"E01011414",2,"Other junction","Darkness - lights lit","Raining no high winds","Wet or damp","Pedestrian"
"6094","20171342Q1021",2017-02-26,2017,"Feb",26,"14:45",14,45,"Sunday","Slight",1,"Slight","Car occupant","Driver or rider","Male",32,"Unclassified","Single carriageway",30,"Unclassified","Not a Pedestrian","Not a Pedestrian",424993,432898,"E01011727",2,"Crossroads","Daylight","Fine no high winds","Dry","Car occupant"
"6095","20171342R0224",2017-02-27,2017,"Feb",27,"08:10",8,10,"Monday","Serious",1,"Serious","Car occupant","Driver or rider","Female",53,"Unclassified","Single carriageway",30,"Unclassified","Not a Pedestrian","Not a Pedestrian",420184,441799,"E01011268",2,"T or staggered junction","Daylight","Raining no high winds","Wet or damp","Car occupant"
"6096","20171342R0333",2017-02-27,2017,"Feb",27,"08:25",8,25,"Monday","Slight",1,"Slight","Car occupant","Driver or rider","Female",37,"Motorway","Dual carriageway",50,"Motorway","Not a Pedestrian","Not a Pedestrian",430221,431982,"E01011364",2,"Slip road","Daylight","Fine no high winds","Dry","Car occupant"
"6097","20171342R0651",2017-02-27,2017,"Feb",27,"12:40",12,40,"Monday","Slight",1,"Slight","Car occupant","Passenger","Female",65,"A","Dual carriageway",40,"Motorway","Not a Pedestrian","Not a Pedestrian",424067,428058,"E01011523",2,"T or staggered junction","Daylight","Fine no high winds","Wet or damp","Car occupant"
"6098","20171342R0855",2017-02-27,2017,"Feb",27,"14:25",14,25,"Monday","Slight",1,"Slight","Car occupant","Driver or rider","Male",64,"Motorway","Dual carriageway",70,NA,"Not a Pedestrian","Not a Pedestrian",429150,426408,"E01011538",2,"Not at junction or within 20 metres","Daylight","Raining no high winds","Wet or damp","Car occupant"
"6099","20171342S0227",2017-02-28,2017,"Feb",28,"08:00",8,0,"Tuesday","Slight",1,"Slight","Car occupant","Driver or rider","Female",35,"A","Single carriageway",30,"Unclassified","Not a Pedestrian","Not a Pedestrian",432866,427586,"E01011634",2,"T or staggered junction","Daylight","Fine no high winds","Dry","Car occupant"
"6100","20171342S0853",2017-02-28,2017,"Feb",28,"14:25",14,25,"Tuesday","Serious",1,"Serious","Pedestrian","Pedestrian","Male",47,"Unclassified","Single carriageway",30,NA,"On footway or verge","Unknown or other",423910,430226,"E01011728",1,"Not at junction or within 20 metres","Daylight","Fine no high winds","Dry","Pedestrian"
"6101","20171342S1557",2017-02-28,2017,"Feb",28,"16:30",16,30,"Tuesday","Slight",1,"Slight","Car occupant","Driver or rider","Female",26,"Unclassified","Single carriageway",30,"Unclassified","Not a Pedestrian","Not a Pedestrian",428836,434635,"E01033006",2,"Crossroads","Daylight","Fine no high winds","Dry","Car occupant"
"6102","20171342S1230",2017-02-28,2017,"Feb",28,"16:43",16,43,"Tuesday","Slight",1,"Slight","Car occupant","Passenger","Male",56,"A(M)","Dual carriageway",40,NA,"Not a Pedestrian","Not a Pedestrian",429556,434236,"E01011678",2,"Not at junction or within 20 metres","Darkness - lighting unknown","Fine no high winds","Dry","Car occupant"
"6103","20171342S1338",2017-02-28,2017,"Feb",28,"18:13",18,13,"Tuesday","Slight",1,"Slight","Cyclist","Driver or rider","Male",23,"Unclassified","Dual carriageway",30,NA,"Not a Pedestrian","Not a Pedestrian",430174,432871,"E01033016",2,"Not at junction or within 20 metres","Darkness - lights lit","Fine no high winds","Dry","Cyclist"
"6104","2017134310185",2017-03-01,2017,"Mar",1,"06:58",6,58,"Wednesday","Serious",1,"Serious","Motorcycle 125cc and under rider or passenger","Driver or rider","Male",21,"Unclassified","Single carriageway",30,"Unclassified","Not a Pedestrian","Not a Pedestrian",432491,434874,"E01011433",2,"Other junction","Darkness - lights lit","Raining no high winds","Wet or damp","Motorcyclist and pillion"
"6105","2017134310195",2017-03-01,2017,"Mar",1,"07:20",7,20,"Wednesday","Slight",2,"Slight","Car occupant","Driver or rider","Male",33,"Unclassified","Single carriageway",30,NA,"Not a Pedestrian","Not a Pedestrian",417632,441398,"E01011270",2,"Not at junction or within 20 metres","Darkness - lighting unknown","Fine no high winds","Dry","Car occupant"
"6106","2017134310587",2017-03-01,2017,"Mar",1,"12:21",12,21,"Wednesday","Slight",1,"Slight","Pedestrian","Pedestrian","Male",66,"Unclassified","Single carriageway",30,"B","In carriageway, crossing elsewhere","Crossing from driver's offside",422235,433356,"E01011612",1,"T or staggered junction","Daylight","Fine no high winds","Dry","Pedestrian"
"6107","2017134310640",2017-03-01,2017,"Mar",1,"12:46",12,46,"Wednesday","Serious",1,"Serious","Pedestrian","Pedestrian","Female",19,"Unclassified","Single carriageway",30,NA,"In carriageway, crossing elsewhere","Crossing from driver's offside",429787,427582,"E01011497",1,"Not at junction or within 20 metres","Daylight","Raining no high winds","Wet or damp","Pedestrian"
"6108","2017134310998",2017-03-01,2017,"Mar",1,"15:51",15,51,"Wednesday","Slight",1,"Slight","Pedestrian","Pedestrian","Female",15,"Unclassified","Single carriageway",30,NA,"In carriageway, crossing elsewhere","Crossing from driver's nearside",429796,438126,"E01011505",1,"Not at junction or within 20 metres","Daylight","Fine no high winds","Dry","Pedestrian"
"6109","2017134311068",2017-03-01,2017,"Mar",1,"16:26",16,26,"Wednesday","Slight",2,"Slight","Car occupant","Driver or rider","Female",28,"Unclassified","Single carriageway",30,"Unclassified","Not a Pedestrian","Not a Pedestrian",431052,437866,"E01011504",2,"T or staggered junction","Daylight","Fine no high winds","Wet or damp","Car occupant"
"6110","2017134311364",2017-03-01,2017,"Mar",1,"18:15",18,15,"Wednesday","Slight",1,"Slight","Pedestrian","Pedestrian","Male",50,"Unclassified","Single carriageway",30,NA,"Unknown or other","Unknown or other",428497,437147,"E01011689",1,"Not at junction or within 20 metres","Darkness - lights lit","Fine no high winds","Dry","Pedestrian"
"6111","2017134311490",2017-03-01,2017,"Mar",1,"18:35",18,35,"Wednesday","Slight",1,"Slight","Cyclist","Driver or rider","Male",22,"Unclassified","Single carriageway",20,"Unclassified","Not a Pedestrian","Not a Pedestrian",428550,434981,"E01011448",2,"T or staggered junction","Darkness - lights lit","Raining no high winds","Wet or damp","Cyclist"
"6112","20171342S0213",2017-03-02,2017,"Mar",2,"07:54",7,54,"Thursday","Serious",1,"Serious","Motorcycle over 500cc rider or passenger","Driver or rider","Male",51,"Motorway","Dual carriageway",70,NA,"Not a Pedestrian","Not a Pedestrian",431917,428200,"E01011502",2,"Not at junction or within 20 metres","Daylight","Fine no high winds","Dry","Motorcyclist and pillion"
"6113","2017134320618",2017-03-02,2017,"Mar",2,"11:46",11,46,"Thursday","Slight",2,"Slight","Car occupant","Driver or rider","Female",54,"Unclassified","Single carriageway",30,"Unclassified","Not a Pedestrian","Not a Pedestrian",428455,431349,"E01011369",2,"Crossroads","Daylight","Fine no high winds","Dry","Car occupant"
"6114","2017134320734",2017-03-02,2017,"Mar",2,"12:55",12,55,"Thursday","Slight",1,"Slight","Cyclist","Driver or rider","Male",28,"Unclassified","Single carriageway",30,"Unclassified","Not a Pedestrian","Not a Pedestrian",423649,434879,"E01011337",2,"T or staggered junction","Daylight","Fine no high winds","Dry","Cyclist"
"6115","2017134321314",2017-03-02,2017,"Mar",2,"13:40",13,40,"Thursday","Slight",3,"Slight","Car occupant","Driver or rider","Female",25,"A","Roundabout",40,"B","Not a Pedestrian","Not a Pedestrian",420944,434447,"E01011595",2,"Roundabout","Daylight","Fine no high winds","Dry","Car occupant"
"6116","2017134321414",2017-03-02,2017,"Mar",2,"18:36",18,36,"Thursday","Slight",3,"Slight","Car occupant","Driver or rider","Female",25,"A","Single carriageway",50,"Unclassified","Not a Pedestrian","Not a Pedestrian",443110,433207,"E01011298",2,"T or staggered junction","Darkness - lighting unknown","Fine no high winds","Dry","Car occupant"
"6117","2017134330322",2017-03-03,2017,"Mar",3,"08:15",8,15,"Friday","Slight",1,"Slight","Cyclist","Driver or rider","Male",16,"Unclassified","Single carriageway",30,NA,"Not a Pedestrian","Not a Pedestrian",432498,434027,"E01011348",2,"Not at junction or within 20 metres","Daylight","Fine no high winds","Dry","Cyclist"
"6118","2017134331016",2017-03-03,2017,"Mar",3,"14:35",14,35,"Friday","Slight",1,"Slight","Pedestrian","Pedestrian","Female",32,"A","Single carriageway",30,NA,"Unknown or other","Unknown or other",427115,434815,"E01011482",1,"Not at junction or within 20 metres","Daylight","Raining no high winds","Wet or damp","Pedestrian"
"6119","2017134331487",2017-03-03,2017,"Mar",3,"19:00",19,0,"Friday","Slight",1,"Slight","Pedestrian","Pedestrian","Male",44,"Unclassified","Single carriageway",50,"Unclassified","In carriageway, crossing elsewhere","Crossing from driver's offside",431762,435552,"E01011422",1,"T or staggered junction","Darkness - lights lit","Raining no high winds","Wet or damp","Pedestrian"
"6120","2017134331802",2017-03-03,2017,"Mar",3,"19:10",19,10,"Friday","Slight",1,"Slight","Pedestrian","Pedestrian","Male",44,"Unclassified","Roundabout",30,"Unclassified","In carriageway, crossing elsewhere","Crossing from driver's offside",425225,435780,"E01011324",1,"Roundabout","Darkness - lights lit","Fine no high winds","Dry","Pedestrian"
"6121","2017134360740",2017-03-03,2017,"Mar",3,"20:15",20,15,"Friday","Slight",3,"Slight","Car occupant","Driver or rider","Male",31,"Unclassified","One way street",30,NA,"Not a Pedestrian","Not a Pedestrian",430485,433853,"E01033010",2,"Not at junction or within 20 metres","Darkness - lights lit","Raining no high winds","Wet or damp","Car occupant"
"6122","2017134340426",2017-03-04,2017,"Mar",4,"08:20",8,20,"Saturday","Slight",1,"Slight","Car occupant","Driver or rider","Female",39,"Unclassified","Single carriageway",30,"Unclassified","Not a Pedestrian","Not a Pedestrian",422182,428745,"E01011521",2,"T or staggered junction","Daylight","Fine no high winds","Wet or damp","Car occupant"
"6123","2017134340749",2017-03-04,2017,"Mar",4,"11:10",11,10,"Saturday","Slight",1,"Slight","Bus or coach occupant (17 or more pass seats)","Passenger","Female",2,"A","Single carriageway",30,NA,"Not a Pedestrian","Not a Pedestrian",428864,433371,"E01011363",1,"Not at junction or within 20 metres","Daylight","Fine no high winds","Dry","Bus and goods vehicle occupant"
"6124","2017134341691",2017-03-04,2017,"Mar",4,"20:45",20,45,"Saturday","Slight",2,"Slight","Car occupant","Driver or rider","Female",36,"Motorway","Dual carriageway",70,NA,"Not a Pedestrian","Not a Pedestrian",436158,431159,"E01011420",2,"Not at junction or within 20 metres","Darkness - no lighting","Raining no high winds","Wet or damp","Car occupant"
"6125","2017134350527",2017-03-05,2017,"Mar",5,"09:10",9,10,"Sunday","Slight",1,"Slight","Bus or coach occupant (17 or more pass seats)","Passenger","Female",23,"Unclassified","Single carriageway",30,NA,"Not a Pedestrian","Not a Pedestrian",430376,433530,"E01033010",1,"Not at junction or within 20 metres","Daylight","Fine no high winds","Dry","Bus and goods vehicle occupant"
"6126","2017134330520",2017-03-05,2017,"Mar",5,"10:30",10,30,"Sunday","Slight",1,"Slight","Car occupant","Driver or rider","Male",33,"A","Slip road",40,NA,"Not a Pedestrian","Not a Pedestrian",425138,434370,"E01011286",2,"Not at junction or within 20 metres","Daylight","Raining no high winds","Wet or damp","Car occupant"
"6127","20171342L1122",2017-03-05,2017,"Mar",5,"16:29",16,29,"Sunday","Slight",1,"Slight","Pedestrian","Pedestrian","Female",37,"Unclassified","Single carriageway",30,NA,"Unknown or other","Unknown or other",430063,433752,"E01033010",1,"Not at junction or within 20 metres","Daylight","Fine no high winds","Dry","Pedestrian"
"6128","2017134360298",2017-03-06,2017,"Mar",6,"08:26",8,26,"Monday","Serious",1,"Serious","Motorcycle 125cc and under rider or passenger","Driver or rider","Male",20,"Unclassified","Single carriageway",30,NA,"Not a Pedestrian","Not a Pedestrian",424758,438418,"E01011460",2,"Not at junction or within 20 metres","Daylight","Fine no high winds","Wet or damp","Motorcyclist and pillion"
"6129","2017134360611",2017-03-06,2017,"Mar",6,"11:30",11,30,"Monday","Slight",1,"Slight","Pedestrian","Pedestrian","Female",48,"Unclassified","Single carriageway",30,NA,"Crossing on pedestrian crossing facility","Crossing from driver's offside",427158,433521,"E01011293",1,"Not at junction or within 20 metres","Daylight","Fine no high winds","Dry","Pedestrian"
"6130","2017134360793",2017-03-06,2017,"Mar",6,"13:12",13,12,"Monday","Slight",1,"Slight","Pedestrian","Pedestrian","Female",64,"Unclassified","Single carriageway",30,NA,"In carriageway, crossing elsewhere","Crossing from nearside - masked by parked or stationary vehicle",429600,433965,"E01033008",1,"Not at junction or within 20 metres","Daylight","Fine no high winds","Dry","Pedestrian"
"6131","2017134361076",2017-03-06,2017,"Mar",6,"15:15",15,15,"Monday","Slight",1,"Slight","Cyclist","Driver or rider","Male",73,"A","Single carriageway",30,NA,"Not a Pedestrian","Not a Pedestrian",423441,429921,"E01011520",2,"Not at junction or within 20 metres","Daylight","Fine no high winds","Dry","Cyclist"
"6132","2017134370562",2017-03-07,2017,"Mar",7,"09:45",9,45,"Tuesday","Slight",1,"Slight","Bus or coach occupant (17 or more pass seats)","Passenger","Female",80,"Unclassified","One way street",30,NA,"Not a Pedestrian","Not a Pedestrian",430985,433454,"E01033033",1,"Not at junction or within 20 metres","Daylight","Fine no high winds","Dry","Bus and goods vehicle occupant"
"6133","2017134371573",2017-03-07,2017,"Mar",7,"17:15",17,15,"Tuesday","Slight",1,"Slight","Cyclist","Driver or rider","Female",45,"B","Single carriageway",30,"A","Not a Pedestrian","Not a Pedestrian",433116,434029,"E01011340",2,"Crossroads","Darkness - lighting unknown","Fine no high winds","Dry","Cyclist"
"6134","2017134371824",2017-03-07,2017,"Mar",7,"20:55",20,55,"Tuesday","Slight",2,"Slight","Car occupant","Driver or rider","Female",35,"Unclassified","Single carriageway",30,NA,"Not a Pedestrian","Not a Pedestrian",427909,434081,"E01011363",2,"Not at junction or within 20 metres","Darkness - lights lit","Fine no high winds","Dry","Car occupant"
"6135","2017134381922",2017-03-07,2017,"Mar",7,"22:07",22,7,"Tuesday","Slight",2,"Slight","Car occupant","Driver or rider","Male",57,"Unclassified","Single carriageway",30,"Unclassified","Not a Pedestrian","Not a Pedestrian",431229,434811,"E01011673",2,"T or staggered junction","Darkness - lights lit","Fine no high winds","Dry","Car occupant"
"6136","2017134380224",2017-03-08,2017,"Mar",8,"08:17",8,17,"Wednesday","Slight",1,"Slight","Car occupant","Driver or rider","Male",44,"Unclassified","Single carriageway",30,"Unclassified","Not a Pedestrian","Not a Pedestrian",429189,431919,"E01011368",2,"T or staggered junction","Daylight","Fine no high winds","Dry","Car occupant"
"6137","2017134381244",2017-03-08,2017,"Mar",8,"10:38",10,38,"Wednesday","Slight",1,"Slight","Car occupant","Driver or rider","Female",23,"Unclassified","Single carriageway",30,"Unclassified","Not a Pedestrian","Not a Pedestrian",420712,440962,"E01011274",2,"T or staggered junction","Daylight","Fine no high winds","Wet or damp","Car occupant"
"6138","2017134380455",2017-03-08,2017,"Mar",8,"14:10",14,10,"Wednesday","Slight",1,"Slight","Car occupant","Passenger","Male",37,"A","Single carriageway",40,"A","Not a Pedestrian","Not a Pedestrian",429372,433759,"E01011678",2,"Slip road","Daylight","Raining no high winds","Wet or damp","Car occupant"