"","accident_index","date","year","month","day","time","time_hour","time_minute","day_of_week","accident_severity","number_of_casualties","casualty_severity","casualty_type","casualty_class","sex_of_casualty","age_of_casualty","first_road_class","road_type","speed_limit","second_road_class","pedestrian_location","pedestrian_movement","location_easting_osgr","location_northing_osgr","lsoa_of_accident_location","number_of_vehicles","junction_detail","light_conditions","weather_conditions","road_surface_conditions","cas_type"
"6139","2017134381184",2017-03-08,2017,"Mar",8,"17:00",17,0,"Wednesday","Slight",1,"Slight","Pedestrian","Pedestrian","Female",7,"Unclassified","Single carriageway",30,"Unclassified","In carriageway, crossing elsewhere","Crossing from driver's nearside",431360,435256,"E01011361",1,"T or staggered junction","Darkness - lighting unknown","Fine no high winds","Dry","Pedestrian"
"6140","2017134390352",2017-03-09,2017,"Mar",9,"08:53",8,53,"Thursday","Slight",2,"Slight","Car occupant","Driver or rider","Female",34,"B","Single carriageway",30,"Unclassified","Not a Pedestrian","Not a Pedestrian",433310,426326,"E01011500",2,"Crossroads","Daylight","Fine no high winds","Dry","Car occupant"
"6141","2017134391051",2017-03-09,2017,"Mar",9,"15:35",15,35,"Thursday","Slight",1,"Slight","Car occupant","Driver or rider","Female",31,"Motorway","Dual carriageway",70,NA,"Not a Pedestrian","Not a Pedestrian",433341,425886,"E01011500",2,"Not at junction or within 20 metres","Daylight","Fine no high winds","Dry","Car occupant"
"6142","2017134391331",2017-03-09,2017,"Mar",9,"17:38",17,38,"Thursday","Fatal",1,"Fatal","Motorcycle 125cc and under rider or passenger","Driver or rider","Male",20,"Unclassified","One way street",30,NA,"Not a Pedestrian","Not a Pedestrian",419137,444527,"E01011571",4,"Not at junction or within 20 metres","Darkness - lighting unknown","Fine no high winds","Dry","Motorcyclist and pillion"
"6143","2017134391670",2017-03-09,2017,"Mar",9,"20:15",20,15,"Thursday","Serious",1,"Serious","Cyclist","Driver or rider","Male",15,"A","Single carriageway",30,"Unclassified","Not a Pedestrian","Not a Pedestrian",435722,436924,"E01011661",2,"T or staggered junction","Darkness - lights lit","Fine no high winds","Dry","Cyclist"
"6144","2017134391696",2017-03-09,2017,"Mar",9,"20:30",20,30,"Thursday","Serious",2,"Serious","Car occupant","Driver or rider","Female",24,"Motorway","Dual carriageway",70,NA,"Not a Pedestrian","Not a Pedestrian",431510,425103,"E01011551",2,"Not at junction or within 20 metres","Darkness - lights lit","Fine no high winds","Dry","Car occupant"
"6145","20171343C0679",2017-03-10,2017,"Mar",10,"13:30",13,30,"Friday","Slight",1,"Slight","Cyclist","Driver or rider","Male",32,"Unclassified","Single carriageway",30,"Unclassified","Not a Pedestrian","Not a Pedestrian",430839,428405,"E01032497",2,"T or staggered junction","Daylight","Raining no high winds","Wet or damp","Cyclist"
"6146","20171343A0810",2017-03-10,2017,"Mar",10,"13:34",13,34,"Friday","Slight",2,"Slight","Car occupant","Driver or rider","Female",36,"A","Single carriageway",30,"Unclassified","Not a Pedestrian","Not a Pedestrian",427426,431237,"E01011318",2,"Other junction","Daylight","Fine no high winds","Dry","Car occupant"
"6147","20171343B0950",2017-03-11,2017,"Mar",11,"13:27",13,27,"Saturday","Slight",1,"Slight","Car occupant","Passenger","Female",67,"Unclassified","Single carriageway",30,"Unclassified","Not a Pedestrian","Not a Pedestrian",427182,435265,"E01011480",2,"Other junction","Daylight","Fine no high winds","Dry","Car occupant"
"6148","20171343B0487",2017-03-11,2017,"Mar",11,"14:00",14,0,"Saturday","Serious",1,"Serious","Motorcycle over 500cc rider or passenger","Driver or rider","Male",46,"A","Roundabout",30,"A","Not a Pedestrian","Not a Pedestrian",424128,428173,"E01011529",2,"Roundabout","Daylight","Fine no high winds","Dry","Motorcyclist and pillion"
"6149","20171343B1104",2017-03-11,2017,"Mar",11,"14:40",14,40,"Saturday","Slight",1,"Slight","Cyclist","Driver or rider","Male",4,"Unclassified","Single carriageway",20,"Unclassified","Not a Pedestrian","Not a Pedestrian",426291,433335,"E01011729",2,"T or staggered junction","Daylight","Fine no high winds","Dry","Cyclist"
"6150","20171343B1108",2017-03-11,2017,"Mar",11,"14:42",14,42,"Saturday","Slight",1,"Slight","Car occupant","Driver or rider","Male",37,"Unclassified","Single carriageway",30,NA,"Not a Pedestrian","Not a Pedestrian",428445,434362,"E01011681",2,"Not at junction or within 20 metres","Daylight","Fine no high winds","Dry","Car occupant"
"6151","20171343B1131",2017-03-11,2017,"Mar",11,"14:53",14,53,"Saturday","Serious",1,"Serious","Motorcycle over 500cc rider or passenger","Driver or rider","Male",56,"Unclassified","One way street",30,"Unclassified","Not a Pedestrian","Not a Pedestrian",430306,433081,"E01033016",2,"Other junction","Daylight","Fine no high winds","Dry","Motorcyclist and pillion"
"6152","20171343B2150",2017-03-11,2017,"Mar",11,"23:22",23,22,"Saturday","Slight",1,"Slight","Pedestrian","Pedestrian","Female",45,"A","Single carriageway",30,NA,"In centre of carriageway - not on refuge, island or central reservation","Crossing from driver's nearside",427958,436095,"E01011451",1,"Not at junction or within 20 metres","Darkness - lights lit","Raining no high winds","Wet or damp","Pedestrian"
"6153","20171343E0234",2017-03-12,2017,"Mar",12,"10:15",10,15,"Sunday","Slight",1,"Slight","Bus or coach occupant (17 or more pass seats)","Passenger","Female",89,"Unclassified","Single carriageway",30,NA,"Not a Pedestrian","Not a Pedestrian",433853,435844,"E01011423",1,"Not at junction or within 20 metres","Daylight","Fine no high winds","Dry","Bus and goods vehicle occupant"
"6154","20171343C1364",2017-03-12,2017,"Mar",12,"17:15",17,15,"Sunday","Slight",1,"Slight","Car occupant","Driver or rider","Male",26,"A","Dual carriageway",30,"Unclassified","Not a Pedestrian","Not a Pedestrian",430876,432299,"E01033018",2,"T or staggered junction","Darkness - lighting unknown","Fine no high winds","Dry","Car occupant"
"6155","20171343C1840",2017-03-12,2017,"Mar",12,"21:15",21,15,"Sunday","Slight",1,"Slight","Car occupant","Driver or rider","Male",30,"Motorway","Dual carriageway",70,NA,"Not a Pedestrian","Not a Pedestrian",433561,429707,"E01011639",2,"Not at junction or within 20 metres","Darkness - lights lit","Fine no high winds","Dry","Car occupant"
"6156","20171343D0247",2017-03-13,2017,"Mar",13,"07:35",7,35,"Monday","Slight",1,"Slight","Pedestrian","Pedestrian","Female",18,"Unclassified","Single carriageway",30,NA,"In carriageway, crossing elsewhere","Crossing from driver's nearside",429311,436087,"E01032946",1,"Not at junction or within 20 metres","Daylight","Fine no high winds","Dry","Pedestrian"
"6157","20171343D0356",2017-03-13,2017,"Mar",13,"08:15",8,15,"Monday","Slight",1,"Slight","Cyclist","Driver or rider","Male",38,"Unclassified","Roundabout",30,"A","Not a Pedestrian","Not a Pedestrian",425015,433156,"E01011727",2,"Roundabout","Daylight","Fine no high winds","Dry","Cyclist"
"6158","20171343D0362",2017-03-13,2017,"Mar",13,"09:05",9,5,"Monday","Slight",1,"Slight","Cyclist","Driver or rider","Female",40,"A","Single carriageway",30,NA,"Not a Pedestrian","Not a Pedestrian",428650,435650,"E01011443",2,"Not at junction or within 20 metres","Daylight","Fine no high winds","Dry","Cyclist"
"6159","20171343D0388",2017-03-13,2017,"Mar",13,"09:16",9,16,"Monday","Slight",1,"Slight","Pedestrian","Pedestrian","Female",73,"Unclassified","Single carriageway",30,"Unclassified","In carriageway, crossing elsewhere","Crossing from driver's offside",431819,433225,"E01033021",1,"T or staggered junction","Daylight","Fine no high winds","Dry","Pedestrian"
"6160","20171343D0669",2017-03-13,2017,"Mar",13,"11:45",11,45,"Monday","Slight",1,"Slight","Car occupant","Passenger","Female",69,"Unclassified","Dual carriageway",30,NA,"Not a Pedestrian","Not a Pedestrian",427850,434406,"E01011483",2,"Not at junction or within 20 metres","Daylight","Fine no high winds","Dry","Car occupant"
"6161","20171343D1567",2017-03-13,2017,"Mar",13,"17:40",17,40,"Monday","Slight",1,"Slight","Bus or coach occupant (17 or more pass seats)","Passenger","Male",6,"Unclassified","Dual carriageway",30,NA,"Not a Pedestrian","Not a Pedestrian",431215,433707,"E01011338",1,"Not at junction or within 20 metres","Darkness - lighting unknown","Fine no high winds","Dry","Bus and goods vehicle occupant"
"6162","20171343E0213",2017-03-14,2017,"Mar",14,"07:14",7,14,"Tuesday","Slight",1,"Slight","Goods vehicle (7.5 tonnes mgw and over) occupant","Driver or rider","Male",42,"A","Single carriageway",50,NA,"Not a Pedestrian","Not a Pedestrian",442910,430929,"E01011302",2,"Not at junction or within 20 metres","Darkness - lighting unknown","Fine no high winds","Dry","Bus and goods vehicle occupant"
"6163","20171343F0228",2017-03-15,2017,"Mar",15,"08:00",8,0,"Wednesday","Slight",1,"Slight","Motorcycle 125cc and under rider or passenger","Driver or rider","Male",51,"Unclassified","Single carriageway",30,"B","Not a Pedestrian","Not a Pedestrian",426230,433076,"E01011729",2,"T or staggered junction","Daylight","Fine no high winds","Dry","Motorcyclist and pillion"
"6164","20171343H0348",2017-03-15,2017,"Mar",15,"14:40",14,40,"Wednesday","Slight",1,"Slight","Car occupant","Driver or rider","Male",39,"B","Single carriageway",30,"Unclassified","Not a Pedestrian","Not a Pedestrian",420500,433957,"E01011597",2,"T or staggered junction","Daylight","Fine no high winds","Dry","Car occupant"
"6165","20171343F1519",2017-03-15,2017,"Mar",15,"19:00",19,0,"Wednesday","Slight",1,"Slight","Car occupant","Driver or rider","Female",31,"Unclassified","Single carriageway",20,NA,"Not a Pedestrian","Not a Pedestrian",425190,438930,"E01032502",3,"Not at junction or within 20 metres","Darkness - lights lit","Fine no high winds","Dry","Car occupant"
"6166","20171343F1625",2017-03-15,2017,"Mar",15,"19:50",19,50,"Wednesday","Slight",1,"Slight","Pedestrian","Pedestrian","Male",27,"A","Dual carriageway",40,NA,"In carriageway, crossing elsewhere","Crossing from driver's nearside",431311,433679,"E01011338",1,"Not at junction or within 20 metres","Darkness - lights lit","Fine no high winds","Dry","Pedestrian"
"6167","20171343G1340",2017-03-16,2017,"Mar",16,"08:20",8,20,"Thursday","Slight",1,"Slight","Cyclist","Driver or rider","Male",40,"Unclassified","Single carriageway",30,"Unclassified","Not a Pedestrian","Not a Pedestrian",429712,437762,"E01011505",2,"T or staggered junction","Daylight","Fine no high winds","Dry","Cyclist"
"6168","20171343G1116",2017-03-16,2017,"Mar",16,"16:10",16,10,"Thursday","Slight",1,"Slight","Car occupant","Driver or rider","Female",36,"Unclassified","Single carriageway",30,NA,"Not a Pedestrian","Not a Pedestrian",430001,428088,"E01011494",2,"Not at junction or within 20 metres","Daylight","Fine no high winds","Dry","Car occupant"
"6169","20171343G1455",2017-03-16,2017,"Mar",16,"17:45",17,45,"Thursday","Slight",1,"Slight","Cyclist","Driver or rider","Male",21,"Unclassified","Single carriageway",30,"Unclassified","Not a Pedestrian","Not a Pedestrian",427933,435714,"E01011441",2,"T or staggered junction","Darkness - lighting unknown","Raining + high winds","Wet or damp","Cyclist"
"6170","20171343G1403",2017-03-16,2017,"Mar",16,"18:15",18,15,"Thursday","Serious",1,"Serious","Pedestrian","Pedestrian","Male",16,"A","Dual carriageway",40,NA,"Crossing elsewhere within 50m. of pedestrian crossing","Crossing from driver's offside",428321,429560,"E01011531",1,"Not at junction or within 20 metres","Darkness - lights lit","Raining no high winds","Wet or damp","Pedestrian"
"6171","20171343G1841",2017-03-16,2017,"Mar",16,"23:00",23,0,"Thursday","Slight",1,"Slight","Cyclist","Driver or rider","Male",48,"Unclassified","Single carriageway",30,NA,"Not a Pedestrian","Not a Pedestrian",428594,434562,"E01011681",2,"Not at junction or within 20 metres","Darkness - lights lit","Fine no high winds","Dry","Cyclist"
"6172","20171343H0038",2017-03-17,2017,"Mar",17,"00:37",0,37,"Friday","Slight",1,"Slight","Car occupant","Driver or rider","Male",36,"Unclassified","Roundabout",30,"A","Not a Pedestrian","Not a Pedestrian",423842,434259,"E01011608",2,"Roundabout","Darkness - lighting unknown","Fine no high winds","Dry","Car occupant"
"6173","2017133AP0313",2017-03-17,2017,"Mar",17,"08:15",8,15,"Friday","Serious",1,"Serious","Pedestrian","Pedestrian","Female",61,"A","Single carriageway",30,"Unclassified","In carriageway, crossing elsewhere","Crossing from driver's nearside",426340,428455,"E01011525",1,"T or staggered junction","Daylight","Other","Dry","Pedestrian"
"6174","20171343H0711",2017-03-17,2017,"Mar",17,"12:10",12,10,"Friday","Slight",1,"Slight","Car occupant","Driver or rider","Female",44,"B","Single carriageway",30,"Unclassified","Not a Pedestrian","Not a Pedestrian",421497,434608,"E01011587",2,"T or staggered junction","Daylight","Fine no high winds","Wet or damp","Car occupant"
"6175","20171343H0862",2017-03-17,2017,"Mar",17,"13:50",13,50,"Friday","Slight",1,"Slight","Car occupant","Driver or rider","Female",30,"A","Dual carriageway",40,NA,"Not a Pedestrian","Not a Pedestrian",428716,433218,"E01011363",2,"Not at junction or within 20 metres","Daylight","Fine no high winds","Dry","Car occupant"
"6176","20171343H1212",2017-03-17,2017,"Mar",17,"16:40",16,40,"Friday","Slight",1,"Slight","Car occupant","Passenger","Male",46,"A","Roundabout",40,"A","Not a Pedestrian","Not a Pedestrian",419486,445015,"E01011571",2,"Roundabout","Daylight","Fine no high winds","Wet or damp","Car occupant"
"6177","20171343H1389",2017-03-17,2017,"Mar",17,"18:15",18,15,"Friday","Slight",1,"Slight","Car occupant","Driver or rider","Male",43,"A","Roundabout",40,"Motorway","Not a Pedestrian","Not a Pedestrian",428492,431580,"E01011366",2,"Roundabout","Darkness - lights lit","Raining no high winds","Wet or damp","Car occupant"
"6178","20171343H1539",2017-03-17,2017,"Mar",17,"19:30",19,30,"Friday","Slight",1,"Slight","Cyclist","Driver or rider","Male",27,"Unclassified","Single carriageway",30,"Unclassified","Not a Pedestrian","Not a Pedestrian",431896,434915,"E01011677",2,"Crossroads","Darkness - lights lit","Fine no high winds","Wet or damp","Cyclist"
"6179","2017134460758",2017-03-18,2017,"Mar",18,"12:00",12,0,"Saturday","Slight",1,"Slight","Taxi/Private hire car occupant","Passenger","Female",25,"B","Single carriageway",30,"A","Not a Pedestrian","Not a Pedestrian",426280,435587,"E01011488",2,"T or staggered junction","Daylight","Fine no high winds","Dry","Car occupant"
"6180","20171343I1929",2017-03-18,2017,"Mar",18,"22:45",22,45,"Saturday","Slight",1,"Slight","Pedestrian","Pedestrian","Male",21,"A","Dual carriageway",30,"Unclassified","In carriageway, crossing elsewhere","Crossing from driver's nearside",430869,433352,"E01033033",1,"Crossroads","Darkness - lights lit","Fine no high winds","Wet or damp","Pedestrian"
"6181","20171343J0576",2017-03-19,2017,"Mar",19,"10:00",10,0,"Sunday","Slight",1,"Slight","Car occupant","Passenger","Female",29,"B","Single carriageway",40,NA,"Not a Pedestrian","Not a Pedestrian",424817,425559,"E01011534",2,"Not at junction or within 20 metres","Daylight","Other","Wet or damp","Car occupant"
"6182","20171343J0732",2017-03-19,2017,"Mar",19,"12:40",12,40,"Sunday","Slight",1,"Slight","Car occupant","Passenger","Female",27,"A","Single carriageway",30,"A","Not a Pedestrian","Not a Pedestrian",436005,428266,"E01011635",2,"T or staggered junction","Daylight","Fine no high winds","Dry","Car occupant"
"6183","20171343J0844",2017-03-19,2017,"Mar",19,"13:55",13,55,"Sunday","Slight",1,"Slight","Pedestrian","Pedestrian","Female",43,"Unclassified","One way street",30,"A","On footway or verge","Unknown or other",426370,428469,"E01011525",1,"T or staggered junction","Daylight","Fine no high winds","Wet or damp","Pedestrian"
"6184","20171343J1516",2017-03-19,2017,"Mar",19,"19:46",19,46,"Sunday","Slight",2,"Slight","Car occupant","Passenger","Male",31,"Unclassified","Single carriageway",30,NA,"Not a Pedestrian","Not a Pedestrian",431164,435810,"E01011359",3,"Not at junction or within 20 metres","Darkness - lighting unknown","Fine no high winds","Dry","Car occupant"
"6185","20171343K0921",2017-03-20,2017,"Mar",20,"12:30",12,30,"Monday","Slight",1,"Slight","Car occupant","Driver or rider","Male",36,"A","Dual carriageway",30,"A","Not a Pedestrian","Not a Pedestrian",430032,432530,"E01033016",2,"Roundabout","Daylight","Fine no high winds","Dry","Car occupant"
"6186","20171343L0448",2017-03-21,2017,"Mar",21,"07:55",7,55,"Tuesday","Slight",1,"Slight","Cyclist","Driver or rider","Male",10,"Unclassified","Single carriageway",30,"Unclassified","Not a Pedestrian","Not a Pedestrian",432712,436886,"E01011643",3,"Crossroads","Daylight","Snowing + high winds","Wet or damp","Cyclist"
"6187","20171343L0323",2017-03-21,2017,"Mar",21,"08:45",8,45,"Tuesday","Serious",1,"Serious","Cyclist","Driver or rider","Male",33,"Unclassified","Single carriageway",30,"Unclassified","Not a Pedestrian","Not a Pedestrian",430901,435528,"E01011361",2,"T or staggered junction","Daylight","Fine no high winds","Wet or damp","Cyclist"
"6188","20171343L0335",2017-03-21,2017,"Mar",21,"08:50",8,50,"Tuesday","Slight",1,"Slight","Car occupant","Driver or rider","Male",23,"A","Single carriageway",30,NA,"Not a Pedestrian","Not a Pedestrian",431766,435529,"E01011429",2,"Not at junction or within 20 metres","Daylight","Raining no high winds","Wet or damp","Car occupant"
"6189","20171343L0347",2017-03-21,2017,"Mar",21,"09:00",9,0,"Tuesday","Slight",1,"Slight","Car occupant","Driver or rider","Female",30,"Unclassified","Single carriageway",30,"Unclassified","Not a Pedestrian","Not a Pedestrian",423625,443388,"E01032503",1,"T or staggered junction","Daylight","Raining no high winds","Frost or ice","Car occupant"
"6190","20171343L0454",2017-03-21,2017,"Mar",21,"09:55",9,55,"Tuesday","Slight",1,"Slight","Motorcycle 50cc and under rider or passenger","Driver or rider","Male",16,"Unclassified","Single carriageway",30,"Unclassified","Not a Pedestrian","Not a Pedestrian",441756,427852,"E01011307",2,"T or staggered junction","Daylight","Fine no high winds","Wet or damp","Motorcyclist and pillion"
"6191","20171343L1206",2017-03-21,2017,"Mar",21,"16:45",16,45,"Tuesday","Slight",1,"Slight","Car occupant","Driver or rider","Male",27,"Unclassified","Single carriageway",30,"Unclassified","Not a Pedestrian","Not a Pedestrian",421931,432530,"E01011603",2,"Other junction","Daylight","Fine no high winds","Dry","Car occupant"
"6192","20171343L1514",2017-03-21,2017,"Mar",21,"16:50",16,50,"Tuesday","Slight",1,"Slight","Motorcycle over 500cc rider or passenger","Driver or rider","Male",26,"A","Single carriageway",60,NA,"Not a Pedestrian","Not a Pedestrian",439215,432248,"E01011402",2,"Not at junction or within 20 metres","Daylight","Fine no high winds","Dry","Motorcyclist and pillion"
"6193","20171343L1218",2017-03-21,2017,"Mar",21,"16:52",16,52,"Tuesday","Slight",1,"Slight","Car occupant","Driver or rider","Female",54,"Unclassified","Single carriageway",20,"Unclassified","Not a Pedestrian","Not a Pedestrian",432513,438027,"E01011655",3,"Crossroads","Daylight","Fine + high winds","Dry","Car occupant"
"6194","20171343L1587",2017-03-21,2017,"Mar",21,"18:30",18,30,"Tuesday","Slight",1,"Slight","Pedestrian","Pedestrian","Male",26,"Unclassified","Single carriageway",30,NA,"In carriageway, crossing elsewhere","Crossing from driver's offside",429610,433964,"E01033008",1,"Not at junction or within 20 metres","Darkness - lighting unknown","Fine no high winds","Dry","Pedestrian"
"6195","20171343L1560",2017-03-21,2017,"Mar",21,"19:35",19,35,"Tuesday","Serious",1,"Serious","Pedestrian","Pedestrian","Male",16,"Unclassified","One way street",30,NA,"In carriageway, crossing elsewhere","Crossing from driver's offside",430538,433299,"E01033011",1,"Not at junction or within 20 metres","Darkness - lights lit","Fine no high winds","Dry","Pedestrian"
"6196","20171343M0555",2017-03-22,2017,"Mar",22,"11:15",11,15,"Wednesday","Slight",1,"Slight","Car occupant","Driver or rider","Female",28,"A","Slip road",70,"Unclassified","Not a Pedestrian","Not a Pedestrian",436043,435761,"E01011665",2,"Slip road","Daylight","Raining no high winds","Wet or damp","Car occupant"
"6197","20171343M0582",2017-03-22,2017,"Mar",22,"11:30",11,30,"Wednesday","Slight",1,"Slight","Car occupant","Driver or rider","Male",27,"Motorway","Dual carriageway",70,NA,"Not a Pedestrian","Not a Pedestrian",433631,425850,"E01011500",1,"Not at junction or within 20 metres","Daylight","Raining no high winds","Wet or damp","Car occupant"
"6198","20171343M0763",2017-03-22,2017,"Mar",22,"13:22",13,22,"Wednesday","Slight",1,"Slight","Car occupant","Passenger","Female",39,"Unclassified","Single carriageway",30,"Unclassified","Not a Pedestrian","Not a Pedestrian",433167,435237,"E01011339",2,"Crossroads","Daylight","Raining + high winds","Wet or damp","Car occupant"
"6199","20171343M0808",2017-03-22,2017,"Mar",22,"13:45",13,45,"Wednesday","Slight",1,"Slight","Pedestrian","Pedestrian","Female",35,"Unclassified","One way street",30,NA,"In carriageway, crossing elsewhere","Crossing from driver's nearside",430062,433712,"E01033010",1,"Not at junction or within 20 metres","Daylight","Raining no high winds","Wet or damp","Pedestrian"
"6200","20171343M1120",2017-03-22,2017,"Mar",22,"15:00",15,0,"Wednesday","Slight",1,"Slight","Bus or coach occupant (17 or more pass seats)","Passenger","Female",64,"Unclassified","Single carriageway",30,NA,"Not a Pedestrian","Not a Pedestrian",429861,433786,"E01033008",1,"Not at junction or within 20 metres","Daylight","Fine no high winds","Dry","Bus and goods vehicle occupant"
"6201","20171343M1325",2017-03-22,2017,"Mar",22,"16:34",16,34,"Wednesday","Slight",2,"Slight","Bus or coach occupant (17 or more pass seats)","Passenger","Female",22,"Unclassified","Single carriageway",30,NA,"Not a Pedestrian","Not a Pedestrian",428576,434227,"E01011681",1,"Not at junction or within 20 metres","Daylight","Fine no high winds","Dry","Bus and goods vehicle occupant"
"6202","20171343M1412",2017-03-22,2017,"Mar",22,"19:10",19,10,"Wednesday","Slight",1,"Slight","Pedestrian","Pedestrian","Female",23,"A","Dual carriageway",30,"Unclassified","Crossing on pedestrian crossing facility","Crossing from driver's offside",428963,435464,"E01033005",1,"Crossroads","Darkness - lights lit","Raining no high winds","Wet or damp","Pedestrian"
"6203","20171343M1418",2017-03-22,2017,"Mar",22,"19:18",19,18,"Wednesday","Slight",3,"Slight","Car occupant","Passenger","Male",47,"Unclassified","Single carriageway",30,NA,"Not a Pedestrian","Not a Pedestrian",430891,436425,"E01011356",2,"Not at junction or within 20 metres","Darkness - lights lit","Raining no high winds","Wet or damp","Car occupant"
"6204","20171343N0295",2017-03-23,2017,"Mar",23,"08:20",8,20,"Thursday","Slight",1,"Slight","Car occupant","Driver or rider","Female",52,"A","Single carriageway",40,NA,"Not a Pedestrian","Not a Pedestrian",424901,443470,"E01011576",2,"Not at junction or within 20 metres","Daylight","Fine no high winds","Wet or damp","Car occupant"
"6205","20171343N0742",2017-03-23,2017,"Mar",23,"12:35",12,35,"Thursday","Slight",3,"Slight","Car occupant","Driver or rider","Male",21,"Unclassified","Single carriageway",60,"Unclassified","Not a Pedestrian","Not a Pedestrian",415907,442017,"E01011270",2,"T or staggered junction","Daylight","Fine no high winds","Dry","Car occupant"
"6206","20171343N1330",2017-03-23,2017,"Mar",23,"17:16",17,16,"Thursday","Serious",1,"Serious","Car occupant","Driver or rider","Female",75,"Unclassified","Dual carriageway",50,NA,"Not a Pedestrian","Not a Pedestrian",438247,432793,"E01011402",2,"Not at junction or within 20 metres","Darkness - lighting unknown","Fine no high winds","Dry","Car occupant"
"6207","20171343N1414",2017-03-23,2017,"Mar",23,"17:55",17,55,"Thursday","Slight",1,"Slight","Car occupant","Driver or rider","Male",31,"Motorway","Slip road",50,"Motorway","Not a Pedestrian","Not a Pedestrian",432274,427085,"E01032496",2,"Slip road","Darkness - lighting unknown","Fine no high winds","Dry","Car occupant"
"6208","20171343O1935",2017-03-24,2017,"Mar",24,"04:03",4,3,"Friday","Slight",1,"Slight","Car occupant","Driver or rider","Female",19,"A","Single carriageway",30,"Unclassified","Not a Pedestrian","Not a Pedestrian",430087,431254,"E01011372",4,"T or staggered junction","Darkness - lights lit","Fine no high winds","Dry","Car occupant"
"6209","20171343O0409",2017-03-24,2017,"Mar",24,"08:30",8,30,"Friday","Slight",1,"Slight","Cyclist","Driver or rider","Male",12,"Unclassified","Single carriageway",30,"Unclassified","Not a Pedestrian","Not a Pedestrian",428464,426302,"E01011553",2,"T or staggered junction","Daylight","Fine no high winds","Dry","Cyclist"
"6210","20171343O0354",2017-03-24,2017,"Mar",24,"09:00",9,0,"Friday","Slight",1,"Slight","Motorcycle over 500cc rider or passenger","Driver or rider","Male",24,"Unclassified","Single carriageway",30,"Unclassified","Not a Pedestrian","Not a Pedestrian",438275,436494,"E01011719",2,"Private drive or entrance","Daylight","Fine no high winds","Dry","Motorcyclist and pillion"
"6211","20171343O0655",2017-03-24,2017,"Mar",24,"12:00",12,0,"Friday","Serious",1,"Serious","Pedestrian","Pedestrian","Female",17,"B","Dual carriageway",30,"Unclassified","Crossing on pedestrian crossing facility","Crossing from driver's nearside",435596,433611,"E01011417",1,"T or staggered junction","Daylight","Fine no high winds","Dry","Pedestrian"
"6212","20171343P0534",2017-03-24,2017,"Mar",24,"12:30",12,30,"Friday","Slight",1,"Slight","Pedestrian","Pedestrian","Male",89,"A","Single carriageway",40,"Unclassified","On footway or verge","Unknown or other",439849,432404,"E01011402",1,"Private drive or entrance","Daylight","Fine no high winds","Dry","Pedestrian"
"6213","20171343O0926",2017-03-24,2017,"Mar",24,"14:20",14,20,"Friday","Slight",1,"Slight","Car occupant","Passenger","Female",19,"Unclassified","Single carriageway",30,"Unclassified","Not a Pedestrian","Not a Pedestrian",428093,434585,"E01011481",2,"T or staggered junction","Daylight","Fine no high winds","Dry","Car occupant"
"6214","20171343O1176",2017-03-24,2017,"Mar",24,"16:35",16,35,"Friday","Slight",1,"Slight","Car occupant","Driver or rider","Female",30,"Unclassified","Dual carriageway",40,"Unclassified","Not a Pedestrian","Not a Pedestrian",435674,434784,"E01011345",3,"Crossroads","Daylight","Fine no high winds","Dry","Car occupant"
"6215","20171343O1390",2017-03-24,2017,"Mar",24,"18:15",18,15,"Friday","Slight",3,"Slight","Car occupant","Passenger","Male",21,"Unclassified","Single carriageway",30,"Unclassified","Not a Pedestrian","Not a Pedestrian",424186,438895,"E01011459",2,"T or staggered junction","Darkness - lighting unknown","Fine no high winds","Dry","Car occupant"
"6216","20171343P0668",2017-03-25,2017,"Mar",25,"12:00",12,0,"Saturday","Serious",1,"Serious","Car occupant","Driver or rider","Female",26,"A","Dual carriageway",30,NA,"Not a Pedestrian","Not a Pedestrian",431093,433558,"E01033011",2,"Not at junction or within 20 metres","Daylight","Fine no high winds","Dry","Car occupant"
"6217","20171343P0722",2017-03-25,2017,"Mar",25,"12:30",12,30,"Saturday","Serious",2,"Serious","Car occupant","Passenger","Female",12,"A","Single carriageway",30,"Unclassified","Not a Pedestrian","Not a Pedestrian",425729,428089,"E01011532",1,"T or staggered junction","Daylight","Other","Dry","Car occupant"
"6218","20171343P0753",2017-03-25,2017,"Mar",25,"12:51",12,51,"Saturday","Slight",2,"Slight","Car occupant","Passenger","Female",9,"Unclassified","Single carriageway",20,"A","Not a Pedestrian","Not a Pedestrian",434447,433684,"E01011616",2,"T or staggered junction","Daylight","Fine no high winds","Dry","Car occupant"
"6219","20171343P0807",2017-03-25,2017,"Mar",25,"13:20",13,20,"Saturday","Slight",2,"Slight","Car occupant","Driver or rider","Female",71,"B","Single carriageway",30,"A","Not a Pedestrian","Not a Pedestrian",420828,439684,"E01011580",2,"Crossroads","Daylight","Fine no high winds","Dry","Car occupant"
"6220","20171343P1599",2017-03-25,2017,"Mar",25,"19:40",19,40,"Saturday","Slight",1,"Slight","Motorcycle 50cc and under rider or passenger","Driver or rider","Male",53,"Unclassified","Roundabout",30,"Unclassified","Not a Pedestrian","Not a Pedestrian",428758,432733,"E01033013",2,"Roundabout","Darkness - lights lit","Fine no high winds","Dry","Motorcyclist and pillion"
"6221","20171343P1723",2017-03-25,2017,"Mar",25,"20:40",20,40,"Saturday","Slight",1,"Slight","Pedestrian","Pedestrian","Male",9,"B","Single carriageway",30,NA,"In carriageway, crossing elsewhere","Crossing from driver's offside",432851,434336,"E01011347",1,"Not at junction or within 20 metres","Darkness - lights lit","Fine no high winds","Dry","Pedestrian"