"","accident_index","date","year","month","day","time","time_hour","time_minute","day_of_week","accident_severity","number_of_casualties","casualty_severity","casualty_type","casualty_class","sex_of_casualty","age_of_casualty","first_road_class","road_type","speed_limit","second_road_class","pedestrian_location","pedestrian_movement","location_easting_osgr","location_northing_osgr","lsoa_of_accident_location","number_of_vehicles","junction_detail","light_conditions","weather_conditions","road_surface_conditions","cas_type"
"6222","20171343Q0655",2017-03-26,2017,"Mar",26,"12:45",12,45,"Sunday","Slight",1,"Slight","Cyclist","Driver or rider","Male",42,"Unclassified","Roundabout",30,"B","Not a Pedestrian","Not a Pedestrian",442249,449085,"E01011704",2,"Roundabout","Daylight","Fine no high winds","Dry","Cyclist"
"6223","20171343R0212",2017-03-27,2017,"Mar",27,"06:35",6,35,"Monday","Serious",1,"Serious","Motorcycle over 500cc rider or passenger","Driver or rider","Male",59,"A","Dual carriageway",40,"Unclassified","Not a Pedestrian","Not a Pedestrian",434484,429208,"E01011628",2,"T or staggered junction","Darkness - lights lit","Fine no high winds","Dry","Motorcyclist and pillion"
"6224","20171343R0261",2017-03-27,2017,"Mar",27,"07:30",7,30,"Monday","Slight",1,"Slight","Bus or coach occupant (17 or more pass seats)","Driver or rider","Male",23,"A","Roundabout",40,"B","Not a Pedestrian","Not a Pedestrian",429960,436591,"E01011355",3,"Roundabout","Darkness - lighting unknown","Fine no high winds","Dry","Bus and goods vehicle occupant"
"6225","20171343R0288",2017-03-27,2017,"Mar",27,"07:50",7,50,"Monday","Slight",1,"Slight","Car occupant","Passenger","Female",24,"B","Roundabout",40,"A","Not a Pedestrian","Not a Pedestrian",428505,433061,"E01011363",2,"Roundabout","Daylight","Fine no high winds","Dry","Car occupant"
"6226","20171343R1090",2017-03-27,2017,"Mar",27,"08:00",8,0,"Monday","Slight",1,"Slight","Cyclist","Driver or rider","Male",14,"A","Single carriageway",30,NA,"Not a Pedestrian","Not a Pedestrian",424255,435382,"E01011323",2,"Not at junction or within 20 metres","Daylight","Fine no high winds","Dry","Cyclist"
"6227","20171343R0485",2017-03-27,2017,"Mar",27,"10:30",10,30,"Monday","Slight",2,"Slight","Car occupant","Driver or rider","Male",18,"Unclassified","Single carriageway",30,NA,"Not a Pedestrian","Not a Pedestrian",430892,434833,"E01011671",6,"Not at junction or within 20 metres","Daylight","Fine no high winds","Dry","Car occupant"
"6228","20171343R0728",2017-03-27,2017,"Mar",27,"12:58",12,58,"Monday","Slight",2,"Slight","Car occupant","Driver or rider","Female",29,"A","Dual carriageway",40,"Unclassified","Not a Pedestrian","Not a Pedestrian",425604,434252,"E01011283",2,"T or staggered junction","Daylight","Fine no high winds","Dry","Car occupant"
"6229","20171343H1717",2017-03-27,2017,"Mar",27,"18:25",18,25,"Monday","Slight",1,"Slight","Cyclist","Driver or rider","Male",20,"Unclassified","Single carriageway",30,"Unclassified","Not a Pedestrian","Not a Pedestrian",421103,434543,"E01011599",2,"T or staggered junction","Darkness - lighting unknown","Fine no high winds","Dry","Cyclist"
"6230","20171343S0181",2017-03-28,2017,"Mar",28,"07:08",7,8,"Tuesday","Slight",1,"Slight","Car occupant","Driver or rider","Female",21,"Unclassified","Single carriageway",40,NA,"Not a Pedestrian","Not a Pedestrian",434904,437720,"E01011657",3,"Not at junction or within 20 metres","Darkness - lighting unknown","Fine no high winds","Dry","Car occupant"
"6231","20171343S1129",2017-03-28,2017,"Mar",28,"10:00",10,0,"Tuesday","Slight",1,"Slight","Pedestrian","Pedestrian","Female",35,"Unclassified","Single carriageway",30,"Unclassified","In carriageway, crossing elsewhere","Crossing from driver's offside",426852,436030,"E01011489",1,"T or staggered junction","Daylight","Fine no high winds","Dry","Pedestrian"
"6232","20171343S1285",2017-03-28,2017,"Mar",28,"15:00",15,0,"Tuesday","Slight",1,"Slight","Bus or coach occupant (17 or more pass seats)","Passenger","Female",1,"B","Single carriageway",30,"Unclassified","Not a Pedestrian","Not a Pedestrian",432407,434830,"E01011433",1,"Crossroads","Daylight","Fine no high winds","Dry","Bus and goods vehicle occupant"
"6233","20171343P1031",2017-03-28,2017,"Mar",28,"15:14",15,14,"Tuesday","Slight",1,"Slight","Pedestrian","Pedestrian","Male",27,"A","Single carriageway",30,NA,"In carriageway, not crossing","In carriageway, stationary - not crossing  (standing or playing) - masked by parked or stationary vehicle",429377,434952,"E01033005",1,"Not at junction or within 20 metres","Daylight","Fine no high winds","Dry","Pedestrian"
"6234","20171343S1198",2017-03-28,2017,"Mar",28,"17:00",17,0,"Tuesday","Slight",1,"Slight","Cyclist","Driver or rider","Male",51,"A","Single carriageway",40,NA,"Not a Pedestrian","Not a Pedestrian",425242,436499,"E01032493",2,"Not at junction or within 20 metres","Darkness - lighting unknown","Fine no high winds","Dry","Cyclist"
"6235","20171343T0538",2017-03-29,2017,"Mar",29,"05:40",5,40,"Wednesday","Slight",1,"Slight","Cyclist","Driver or rider","Male",29,"A","Dual carriageway",30,"A","Not a Pedestrian","Not a Pedestrian",430980,432090,"E01033018",2,"Crossroads","Darkness - lights lit","Fine no high winds","Wet or damp","Cyclist"
"6236","20171343T0558",2017-03-29,2017,"Mar",29,"11:24",11,24,"Wednesday","Slight",1,"Slight","Car occupant","Driver or rider","Female",20,"A","Dual carriageway",40,"Unclassified","Not a Pedestrian","Not a Pedestrian",425924,432244,"E01011737",3,"Other junction","Daylight","Raining no high winds","Wet or damp","Car occupant"
"6237","20171343T0998",2017-03-29,2017,"Mar",29,"14:55",14,55,"Wednesday","Serious",1,"Serious","Pedestrian","Pedestrian","Female",52,"A(M)","Dual carriageway",30,"Unclassified","In carriageway, crossing elsewhere","Crossing from driver's offside",429059,433651,"E01011678",1,"Other junction","Daylight","Raining no high winds","Wet or damp","Pedestrian"
"6238","20171343T1054",2017-03-29,2017,"Mar",29,"15:22",15,22,"Wednesday","Slight",1,"Slight","Pedestrian","Pedestrian","Male",19,"Unclassified","Single carriageway",30,NA,"In carriageway, crossing elsewhere","Crossing from driver's nearside",430008,434185,"E01033010",1,"Not at junction or within 20 metres","Daylight","Raining no high winds","Wet or damp","Pedestrian"
"6239","20171343T1102",2017-03-29,2017,"Mar",29,"15:43",15,43,"Wednesday","Slight",1,"Slight","Car occupant","Driver or rider","Female",31,"Unclassified","Single carriageway",30,NA,"Not a Pedestrian","Not a Pedestrian",425846,434389,"E01011283",2,"Not at junction or within 20 metres","Daylight","Fine no high winds","Dry","Car occupant"
"6240","20171343T1201",2017-03-29,2017,"Mar",29,"16:25",16,25,"Wednesday","Slight",1,"Slight","Motorcycle 125cc and under rider or passenger","Driver or rider","Male",24,"Unclassified","Single carriageway",20,"Unclassified","Not a Pedestrian","Not a Pedestrian",431361,435244,"E01011361",2,"T or staggered junction","Daylight","Fine no high winds","Wet or damp","Motorcyclist and pillion"
"6241","20171343T1241",2017-03-29,2017,"Mar",29,"16:40",16,40,"Wednesday","Slight",1,"Slight","Van / Goods vehicle (3.5 tonnes mgw or under) occupant","Driver or rider","Male",35,"Unclassified","Single carriageway",60,"A","Not a Pedestrian","Not a Pedestrian",437302,429504,"E01011402",2,"T or staggered junction","Daylight","Raining no high winds","Wet or damp","Bus and goods vehicle occupant"
"6242","20171343T1313",2017-03-29,2017,"Mar",29,"17:16",17,16,"Wednesday","Slight",2,"Slight","Car occupant","Passenger","Female",20,"A","Roundabout",40,"A","Not a Pedestrian","Not a Pedestrian",427641,431075,"E01011369",2,"Roundabout","Darkness - lights lit","Fine no high winds","Dry","Car occupant"
"6243","20171343T1361",2017-03-29,2017,"Mar",29,"17:30",17,30,"Wednesday","Slight",1,"Slight","Motorcycle 125cc and under rider or passenger","Driver or rider","Male",20,"A","Single carriageway",40,"Unclassified","Not a Pedestrian","Not a Pedestrian",425822,438089,"E01011686",2,"T or staggered junction","Darkness - lighting unknown","Fine no high winds","Wet or damp","Motorcyclist and pillion"
"6244","20171343U0477",2017-03-30,2017,"Mar",30,"10:32",10,32,"Thursday","Slight",1,"Slight","Car occupant","Driver or rider","Male",46,"Unclassified","Single carriageway",30,"Unclassified","Not a Pedestrian","Not a Pedestrian",428834,425826,"E01011552",2,"T or staggered junction","Daylight","Fine no high winds","Dry","Car occupant"
"6245","20171343V0956",2017-03-31,2017,"Mar",31,"14:40",14,40,"Friday","Slight",1,"Slight","Van / Goods vehicle (3.5 tonnes mgw or under) occupant","Driver or rider","Male",35,"Unclassified","Single carriageway",30,"Unclassified","Not a Pedestrian","Not a Pedestrian",425279,435052,"E01011295",5,"T or staggered junction","Daylight","Fine no high winds","Dry","Bus and goods vehicle occupant"
"6246","20171343V1114",2017-03-31,2017,"Mar",31,"15:49",15,49,"Friday","Slight",1,"Slight","Car occupant","Passenger","Male",9,"A","Single carriageway",30,NA,"Not a Pedestrian","Not a Pedestrian",428829,429770,"E01011320",3,"Not at junction or within 20 metres","Daylight","Fine no high winds","Dry","Car occupant"
"6247","2017134410914",2017-03-31,2017,"Mar",31,"15:50",15,50,"Friday","Slight",1,"Slight","Bus or coach occupant (17 or more pass seats)","Passenger","Female",11,"A","Dual carriageway",30,"Unclassified","Not a Pedestrian","Not a Pedestrian",433184,434016,"E01011617",2,"T or staggered junction","Daylight","Fine no high winds","Dry","Bus and goods vehicle occupant"
"6248","20171343V1189",2017-03-31,2017,"Mar",31,"16:20",16,20,"Friday","Slight",1,"Slight","Pedestrian","Pedestrian","Male",4,"Unclassified","Single carriageway",30,NA,"In carriageway, crossing elsewhere","Crossing from driver's nearside",441987,445622,"E01011707",1,"Not at junction or within 20 metres","Daylight","Fine no high winds","Dry","Pedestrian"
"6249","2017134410095",2017-04-01,2017,"Apr",1,"00:30",0,30,"Saturday","Slight",1,"Slight","Car occupant","Driver or rider","Female",33,"Unclassified","Single carriageway",30,"B","Not a Pedestrian","Not a Pedestrian",427661,427927,"E01011540",2,"T or staggered junction","Darkness - lights lit","Fine no high winds","Dry","Car occupant"
"6250","2017134410814",2017-04-01,2017,"Apr",1,"11:30",11,30,"Saturday","Slight",1,"Slight","Cyclist","Driver or rider","Male",21,"Unclassified","Single carriageway",30,"Unclassified","Not a Pedestrian","Not a Pedestrian",431079,431373,"E01011467",2,"Crossroads","Daylight","Fine no high winds","Dry","Cyclist"
"6251","2017134410821",2017-04-01,2017,"Apr",1,"12:37",12,37,"Saturday","Slight",1,"Slight","Cyclist","Driver or rider","Male",39,"A","Single carriageway",30,"Unclassified","Not a Pedestrian","Not a Pedestrian",419983,440944,"E01011275",2,"T or staggered junction","Daylight","Fine no high winds","Dry","Cyclist"
"6252","2017134411559",2017-04-01,2017,"Apr",1,"16:00",16,0,"Saturday","Slight",1,"Slight","Bus or coach occupant (17 or more pass seats)","Passenger","Female",20,"A","Dual carriageway",30,"Unclassified","Not a Pedestrian","Not a Pedestrian",430950,433396,"E01033033",2,"T or staggered junction","Daylight","Fine no high winds","Dry","Bus and goods vehicle occupant"
"6253","2017134411561",2017-04-01,2017,"Apr",1,"19:30",19,30,"Saturday","Slight",1,"Slight","Pedestrian","Pedestrian","Male",4,"Unclassified","Single carriageway",20,NA,"In carriageway, crossing elsewhere","Crossing from driver's offside",431817,434938,"E01011677",1,"Not at junction or within 20 metres","Darkness - lighting unknown","Fine no high winds","Dry","Pedestrian"
"6254","2017134420737",2017-04-02,2017,"Apr",2,"12:00",12,0,"Sunday","Slight",1,"Slight","Car occupant","Driver or rider","Male",58,"Unclassified","Single carriageway",30,"Unclassified","Not a Pedestrian","Not a Pedestrian",429514,431134,"E01011375",2,"Crossroads","Daylight","Fine no high winds","Dry","Car occupant"
"6255","2017134421162",2017-04-02,2017,"Apr",2,"15:59",15,59,"Sunday","Slight",2,"Slight","Car occupant","Driver or rider","Male",51,"A","Roundabout",70,"B","Not a Pedestrian","Not a Pedestrian",428580,427719,"E01011538",1,"Roundabout","Daylight","Fine no high winds","Dry","Car occupant"
"6256","2017134421439",2017-04-02,2017,"Apr",2,"18:12",18,12,"Sunday","Slight",1,"Slight","Pedestrian","Pedestrian","Female",5,"Unclassified","Single carriageway",30,NA,"In carriageway, crossing elsewhere","Crossing from driver's nearside",429633,430910,"E01011375",1,"Not at junction or within 20 metres","Darkness - lighting unknown","Fine no high winds","Dry","Pedestrian"
"6257","2017134430412",2017-04-03,2017,"Apr",3,"09:45",9,45,"Monday","Slight",1,"Slight","Motorcycle 50cc and under rider or passenger","Driver or rider","Male",17,"Unclassified","Single carriageway",40,NA,"Not a Pedestrian","Not a Pedestrian",418841,442074,"E01011271",1,"Not at junction or within 20 metres","Daylight","Fine no high winds","Dry","Motorcyclist and pillion"
"6258","2017134440715",2017-04-03,2017,"Apr",3,"16:10",16,10,"Monday","Slight",1,"Slight","Cyclist","Driver or rider","Male",22,"Unclassified","Single carriageway",30,"Unclassified","Not a Pedestrian","Not a Pedestrian",429137,433091,"E01033013",2,"T or staggered junction","Daylight","Fine no high winds","Dry","Cyclist"
"6259","2017134431389",2017-04-03,2017,"Apr",3,"17:33",17,33,"Monday","Serious",1,"Serious","Pedestrian","Pedestrian","Male",31,"Unclassified","Single carriageway",30,NA,"In carriageway, crossing elsewhere","Crossing from driver's nearside",426311,433090,"E01011729",1,"Not at junction or within 20 metres","Darkness - lighting unknown","Fine no high winds","Dry","Pedestrian"
"6260","2017134431574",2017-04-03,2017,"Apr",3,"18:53",18,53,"Monday","Slight",3,"Slight","Car occupant","Passenger","Female",27,"A","Dual carriageway",50,"Motorway","Not a Pedestrian","Not a Pedestrian",430619,431832,"E01011364",2,"T or staggered junction","Darkness - lighting unknown","Fine no high winds","Dry","Car occupant"
"6261","2017134431631",2017-04-03,2017,"Apr",3,"19:19",19,19,"Monday","Slight",1,"Slight","Motorcycle 125cc and under rider or passenger","Driver or rider","Male",17,"Unclassified","Single carriageway",20,"Unclassified","Not a Pedestrian","Not a Pedestrian",433965,433102,"E01011624",2,"T or staggered junction","Darkness - lighting unknown","Fine no high winds","Dry","Motorcyclist and pillion"
"6262","2017134440478",2017-04-04,2017,"Apr",4,"10:25",10,25,"Tuesday","Slight",1,"Slight","Car occupant","Driver or rider","Male",76,"Unclassified","Single carriageway",30,"Unclassified","Not a Pedestrian","Not a Pedestrian",421847,432953,"E01011602",2,"T or staggered junction","Daylight","Fine no high winds","Dry","Car occupant"
"6263","2017134440997",2017-04-04,2017,"Apr",4,"15:25",15,25,"Tuesday","Slight",1,"Slight","Car occupant","Driver or rider","Female",44,"A","Dual carriageway",70,"Unclassified","Not a Pedestrian","Not a Pedestrian",429160,438586,"E01011559",2,"T or staggered junction","Daylight","Fine no high winds","Dry","Car occupant"
"6264","2017134441436",2017-04-04,2017,"Apr",4,"23:50",23,50,"Tuesday","Serious",1,"Serious","Pedestrian","Pedestrian","Female",44,"Unclassified","Single carriageway",30,"Unclassified","In carriageway, crossing elsewhere","Crossing from driver's nearside",429780,433662,"E01033008",1,"T or staggered junction","Darkness - lights lit","Fine no high winds","Dry","Pedestrian"
"6265","2017134450184",2017-04-05,2017,"Apr",5,"05:35",5,35,"Wednesday","Serious",1,"Serious","Motorcycle 125cc and under rider or passenger","Driver or rider","Male",18,"Unclassified","Single carriageway",20,NA,"Not a Pedestrian","Not a Pedestrian",425821,437991,"E01011686",1,"Not at junction or within 20 metres","Darkness - lights lit","Fine no high winds","Dry","Motorcyclist and pillion"
"6266","2017134450236",2017-04-05,2017,"Apr",5,"07:40",7,40,"Wednesday","Slight",1,"Slight","Car occupant","Driver or rider","Male",19,"A","Single carriageway",30,NA,"Not a Pedestrian","Not a Pedestrian",428215,435783,"E01032946",1,"Not at junction or within 20 metres","Daylight","Fine no high winds","Dry","Car occupant"
"6267","2017134450311",2017-04-05,2017,"Apr",5,"08:30",8,30,"Wednesday","Slight",3,"Slight","Car occupant","Driver or rider","Male",53,"Motorway","Dual carriageway",50,NA,"Not a Pedestrian","Not a Pedestrian",427093,430496,"E01011734",3,"Not at junction or within 20 metres","Daylight","Fine no high winds","Dry","Car occupant"
"6268","2017134450583",2017-04-05,2017,"Apr",5,"11:00",11,0,"Wednesday","Slight",1,"Slight","Car occupant","Driver or rider","Female",23,"A","Dual carriageway",40,NA,"Not a Pedestrian","Not a Pedestrian",428715,433212,"E01011363",3,"Not at junction or within 20 metres","Daylight","Fine no high winds","Dry","Car occupant"
"6269","2017134350897",2017-04-05,2017,"Apr",5,"14:05",14,5,"Wednesday","Slight",1,"Slight","Pedestrian","Pedestrian","Male",21,"A","Single carriageway",30,"Unclassified","In carriageway, crossing elsewhere","Unknown or other",428957,435464,"E01033005",1,"Crossroads","Daylight","Fine no high winds","Dry","Pedestrian"
"6270","2017134451491",2017-04-05,2017,"Apr",5,"18:30",18,30,"Wednesday","Slight",1,"Slight","Cyclist","Driver or rider","Female",58,"Unclassified","Dual carriageway",30,"Unclassified","Not a Pedestrian","Not a Pedestrian",433168,435237,"E01011339",2,"T or staggered junction","Darkness - lighting unknown","Fine no high winds","Dry","Cyclist"
"6271","20171344I1596",2017-04-06,2017,"Apr",6,"10:15",10,15,"Thursday","Slight",1,"Slight","Minibus (8 - 16 passenger seats) occupant","Passenger","Female",81,"B","Single carriageway",30,NA,"Not a Pedestrian","Not a Pedestrian",433053,434095,"E01011348",2,"Not at junction or within 20 metres","Daylight","Fine no high winds","Dry","Bus and goods vehicle occupant"
"6272","2017134461010",2017-04-06,2017,"Apr",6,"13:30",13,30,"Thursday","Slight",1,"Slight","Car occupant","Driver or rider","Female",22,"A","Single carriageway",30,"A","Not a Pedestrian","Not a Pedestrian",420536,440261,"E01011278",2,"Roundabout","Daylight","Fine no high winds","Dry","Car occupant"
"6273","2017134461351",2017-04-06,2017,"Apr",6,"17:50",17,50,"Thursday","Slight",1,"Slight","Car occupant","Passenger","Male",51,"Motorway","Dual carriageway",70,NA,"Not a Pedestrian","Not a Pedestrian",435769,425922,"E01011636",2,"Not at junction or within 20 metres","Darkness - lighting unknown","Fine no high winds","Dry","Car occupant"
"6274","2017134461341",2017-04-06,2017,"Apr",6,"17:51",17,51,"Thursday","Slight",1,"Slight","Motorcycle over 500cc rider or passenger","Driver or rider","Male",29,"A","Roundabout",30,"Motorway","Not a Pedestrian","Not a Pedestrian",428528,431542,"E01011366",2,"Roundabout","Darkness - lighting unknown","Fine no high winds","Dry","Motorcyclist and pillion"
"6275","2017134471842",2017-04-07,2017,"Apr",7,"17:55",17,55,"Friday","Slight",1,"Slight","Pedestrian","Pedestrian","Male",45,"Unclassified","Single carriageway",30,NA,"Crossing on pedestrian crossing facility","Unknown or other",429475,433658,"E01033008",1,"Not at junction or within 20 metres","Darkness - lighting unknown","Fine no high winds","Dry","Pedestrian"
"6276","2017134480513",2017-04-08,2017,"Apr",8,"10:10",10,10,"Saturday","Slight",2,"Slight","Car occupant","Driver or rider","Male",71,"A(M)","Dual carriageway",70,NA,"Not a Pedestrian","Not a Pedestrian",443328,438846,"E01011309",4,"Not at junction or within 20 metres","Daylight","Fine no high winds","Dry","Car occupant"
"6277","2017134480553",2017-04-08,2017,"Apr",8,"10:35",10,35,"Saturday","Slight",1,"Slight","Car occupant","Passenger","Female",9,"A","Roundabout",40,"A","Not a Pedestrian","Not a Pedestrian",426793,438031,"E01011687",2,"Roundabout","Daylight","Fine no high winds","Dry","Car occupant"
"6278","2017134480533",2017-04-08,2017,"Apr",8,"10:50",10,50,"Saturday","Slight",2,"Slight","Car occupant","Driver or rider","Male",53,"A","Single carriageway",30,NA,"Not a Pedestrian","Not a Pedestrian",436337,428343,"E01011635",3,"Not at junction or within 20 metres","Daylight","Fine no high winds","Dry","Car occupant"
"6279","2017134480626",2017-04-08,2017,"Apr",8,"11:20",11,20,"Saturday","Slight",1,"Slight","Car occupant","Passenger","Female",6,"Unclassified","One way street",30,NA,"Not a Pedestrian","Not a Pedestrian",430045,431015,"E01011312",2,"Not at junction or within 20 metres","Daylight","Fine no high winds","Dry","Car occupant"
"6280","2017134480548",2017-04-08,2017,"Apr",8,"11:45",11,45,"Saturday","Serious",1,"Serious","Cyclist","Driver or rider","Male",36,"B","Single carriageway",40,"Unclassified","Not a Pedestrian","Not a Pedestrian",443325,435482,"E01011297",2,"Crossroads","Daylight","Fine no high winds","Dry","Cyclist"
"6281","2017134480978",2017-04-08,2017,"Apr",8,"13:00",13,0,"Saturday","Slight",1,"Slight","Bus or coach occupant (17 or more pass seats)","Passenger","Female",35,"Unclassified","One way street",30,"A","Not a Pedestrian","Not a Pedestrian",431171,433693,"E01033011",1,"Crossroads","Daylight","Fine no high winds","Dry","Bus and goods vehicle occupant"
"6282","2017134480804",2017-04-08,2017,"Apr",8,"13:20",13,20,"Saturday","Slight",3,"Slight","Car occupant","Driver or rider","Male",38,"Unclassified","Dual carriageway",40,"A","Not a Pedestrian","Not a Pedestrian",434202,436976,"E01011658",6,"T or staggered junction","Daylight","Fine no high winds","Dry","Car occupant"
"6283","2017134480930",2017-04-08,2017,"Apr",8,"14:03",14,3,"Saturday","Slight",1,"Slight","Cyclist","Driver or rider","Male",26,"Unclassified","Single carriageway",30,NA,"Not a Pedestrian","Not a Pedestrian",430435,434369,"E01033002",2,"Not at junction or within 20 metres","Daylight","Fine no high winds","Dry","Cyclist"
"6284","2017134481180",2017-04-08,2017,"Apr",8,"16:00",16,0,"Saturday","Serious",1,"Serious","Pedestrian","Pedestrian","Male",9,"Unclassified","Single carriageway",30,NA,"In carriageway, crossing elsewhere","Crossing from driver's nearside",430894,438025,"E01011516",1,"Not at junction or within 20 metres","Daylight","Fine no high winds","Dry","Pedestrian"
"6285","2017134481305",2017-04-08,2017,"Apr",8,"17:00",17,0,"Saturday","Slight",2,"Slight","Car occupant","Driver or rider","Male",18,"A","Dual carriageway",40,NA,"Not a Pedestrian","Not a Pedestrian",429768,430612,"E01011316",2,"Not at junction or within 20 metres","Darkness - lighting unknown","Fine no high winds","Dry","Car occupant"
"6286","2017134481877",2017-04-08,2017,"Apr",8,"21:45",21,45,"Saturday","Slight",1,"Slight","Cyclist","Driver or rider","Male",56,"A","Dual carriageway",40,"A","Not a Pedestrian","Not a Pedestrian",426855,438037,"E01011685",2,"Roundabout","Darkness - lights lit","Fine no high winds","Dry","Cyclist"
"6287","2017134482022",2017-04-08,2017,"Apr",8,"22:53",22,53,"Saturday","Slight",1,"Slight","Pedestrian","Pedestrian","Female",45,"A","Single carriageway",30,"B","Crossing on pedestrian crossing facility","Crossing from driver's offside",420828,439687,"E01011580",1,"More than 4 arms (not roundabout)","Darkness - lights lit","Fine no high winds","Dry","Pedestrian"
"6288","2017134482099",2017-04-08,2017,"Apr",8,"23:25",23,25,"Saturday","Slight",1,"Slight","Car occupant","Driver or rider","Female",19,"Unclassified","Single carriageway",30,"Unclassified","Not a Pedestrian","Not a Pedestrian",424993,432898,"E01011727",2,"Crossroads","Darkness - lights lit","Fine no high winds","Dry","Car occupant"
"6289","2017134490499",2017-04-09,2017,"Apr",9,"09:05",9,5,"Sunday","Slight",2,"Slight","Car occupant","Driver or rider","Female",38,"A","Dual carriageway",40,"Unclassified","Not a Pedestrian","Not a Pedestrian",431440,432720,"E01011626",2,"Crossroads","Daylight","Fine no high winds","Dry","Car occupant"
"6290","2017134490697",2017-04-09,2017,"Apr",9,"12:15",12,15,"Sunday","Slight",1,"Slight","Motorcycle 125cc and under rider or passenger","Driver or rider","Male",21,"Unclassified","Single carriageway",30,"Unclassified","Not a Pedestrian","Not a Pedestrian",432701,434818,"E01011344",1,"Other junction","Daylight","Fine no high winds","Dry","Motorcyclist and pillion"
"6291","2017134491291",2017-04-09,2017,"Apr",9,"16:15",16,15,"Sunday","Slight",5,"Slight","Car occupant","Driver or rider","Female",19,"A","Single carriageway",50,"B","Not a Pedestrian","Not a Pedestrian",442764,429691,"E01011303",2,"Crossroads","Daylight","Fine no high winds","Dry","Car occupant"
"6292","2017134491305",2017-04-09,2017,"Apr",9,"16:21",16,21,"Sunday","Slight",1,"Slight","Pedestrian","Pedestrian","Female",6,"Unclassified","Single carriageway",30,NA,"In carriageway, crossing elsewhere","Crossing from driver's offside",433452,433781,"E01011617",1,"Not at junction or within 20 metres","Daylight","Fine no high winds","Dry","Pedestrian"
"6293","2017134491463",2017-04-09,2017,"Apr",9,"17:24",17,24,"Sunday","Serious",1,"Serious","Motorcycle 125cc and under rider or passenger","Driver or rider","Male",57,"Motorway","Slip road",70,"A","Not a Pedestrian","Not a Pedestrian",430449,431606,"E01011371",1,"Slip road","Darkness - lighting unknown","Fine no high winds","Dry","Motorcyclist and pillion"
"6294","20171344K1031",2017-04-09,2017,"Apr",9,"20:50",20,50,"Sunday","Slight",3,"Slight","Car occupant","Passenger","Male",49,"A","Single carriageway",30,NA,"Not a Pedestrian","Not a Pedestrian",434388,427934,"E01011633",2,"Not at junction or within 20 metres","Darkness - lights lit","Fine no high winds","Dry","Car occupant"
"6295","20171344A0689",2017-04-10,2017,"Apr",10,"12:55",12,55,"Monday","Slight",1,"Slight","Car occupant","Driver or rider","Male",54,"A","Single carriageway",40,"Unclassified","Not a Pedestrian","Not a Pedestrian",425215,437867,"E01011464",3,"T or staggered junction","Daylight","Fine no high winds","Dry","Car occupant"
"6296","20171344B0233",2017-04-11,2017,"Apr",11,"06:50",6,50,"Tuesday","Slight",1,"Slight","Car occupant","Driver or rider","Male",32,"Motorway","Dual carriageway",50,NA,"Not a Pedestrian","Not a Pedestrian",435560,431300,"E01011420",1,"Not at junction or within 20 metres","Darkness - lighting unknown","Fine no high winds","Dry","Car occupant"
"6297","20171344B0554",2017-04-11,2017,"Apr",11,"11:00",11,0,"Tuesday","Slight",1,"Slight","Motorcycle over 500cc rider or passenger","Driver or rider","Male",74,"A","Roundabout",30,"A","Not a Pedestrian","Not a Pedestrian",424127,428194,"E01011523",2,"Roundabout","Daylight","Fine no high winds","Dry","Motorcyclist and pillion"
"6298","20171344B0939",2017-04-11,2017,"Apr",11,"14:45",14,45,"Tuesday","Slight",1,"Slight","Car occupant","Driver or rider","Male",57,"A","Roundabout",30,"A","Not a Pedestrian","Not a Pedestrian",428492,433117,"E01011363",3,"Roundabout","Daylight","Fine no high winds","Dry","Car occupant"
"6299","20171344B1065",2017-04-11,2017,"Apr",11,"15:36",15,36,"Tuesday","Slight",1,"Slight","Pedestrian","Pedestrian","Male",70,"B","Roundabout",30,"Unclassified","In carriageway, crossing elsewhere","Crossing from driver's nearside",430003,438656,"E01011510",1,"Roundabout","Daylight","Fine no high winds","Dry","Pedestrian"
"6300","20171344B1108",2017-04-11,2017,"Apr",11,"15:50",15,50,"Tuesday","Slight",1,"Slight","Pedestrian","Pedestrian","Male",6,"Unclassified","Single carriageway",30,NA,"In carriageway, crossing elsewhere","Crossing from offside - masked by  parked or stationary vehicle",429156,430757,"E01011314",1,"Not at junction or within 20 metres","Daylight","Fine no high winds","Dry","Pedestrian"
"6301","20171344B1435",2017-04-11,2017,"Apr",11,"18:17",18,17,"Tuesday","Slight",1,"Slight","Car occupant","Driver or rider","Male",30,"Motorway","Roundabout",70,"Motorway","Not a Pedestrian","Not a Pedestrian",432434,426187,"E01011499",2,"Roundabout","Darkness - lighting unknown","Fine no high winds","Dry","Car occupant"
"6302","20171344C0286",2017-04-12,2017,"Apr",12,"08:51",8,51,"Wednesday","Slight",1,"Slight","Car occupant","Driver or rider","Female",70,"Unclassified","Single carriageway",30,"Unclassified","Not a Pedestrian","Not a Pedestrian",436506,441867,"E01011310",2,"T or staggered junction","Daylight","Fine no high winds","Dry","Car occupant"
"6303","20171344C1082",2017-04-12,2017,"Apr",12,"16:20",16,20,"Wednesday","Slight",2,"Slight","Car occupant","Passenger","Male",9,"Unclassified","Single carriageway",30,NA,"Not a Pedestrian","Not a Pedestrian",427322,439260,"E01011386",2,"Not at junction or within 20 metres","Daylight","Fine no high winds","Dry","Car occupant"
"6304","20171344C1168",2017-04-12,2017,"Apr",12,"17:00",17,0,"Wednesday","Slight",1,"Slight","Car occupant","Driver or rider","Male",39,"A","Dual carriageway",40,NA,"Not a Pedestrian","Not a Pedestrian",419900,434092,"E01011597",4,"Not at junction or within 20 metres","Darkness - lighting unknown","Fine no high winds","Dry","Car occupant"