"","accident_index","date","year","month","day","time","time_hour","time_minute","day_of_week","accident_severity","number_of_casualties","casualty_severity","casualty_type","casualty_class","sex_of_casualty","age_of_casualty","first_road_class","road_type","speed_limit","second_road_class","pedestrian_location","pedestrian_movement","location_easting_osgr","location_northing_osgr","lsoa_of_accident_location","number_of_vehicles","junction_detail","light_conditions","weather_conditions","road_surface_conditions","cas_type"
"6387","2017134520012",2017-05-02,2017,"May",2,"00:06",0,6,"Tuesday","Slight",1,"Slight","Car occupant","Driver or rider","Male",21,"A","Dual carriageway",40,"Unclassified","Not a Pedestrian","Not a Pedestrian",431771,435539,"E01011429",2,"Crossroads","Darkness - lights lit","Fine no high winds","Dry","Car occupant"
"6388","2017134520310",2017-05-02,2017,"May",2,"08:25",8,25,"Tuesday","Slight",1,"Slight","Pedestrian","Pedestrian","Female",50,"Unclassified","Single carriageway",30,NA,"In carriageway, not crossing","In carriageway, stationary - not crossing  (standing or playing)",424327,439021,"E01011459",2,"Not at junction or within 20 metres","Daylight","Fine no high winds","Dry","Pedestrian"
"6389","2017134520313",2017-05-02,2017,"May",2,"08:30",8,30,"Tuesday","Slight",1,"Slight","Cyclist","Driver or rider","Male",29,"Unclassified","Single carriageway",30,"Unclassified","Not a Pedestrian","Not a Pedestrian",429674,433030,"E01033015",2,"T or staggered junction","Daylight","Fine no high winds","Dry","Cyclist"
"6390","2017134520396",2017-05-02,2017,"May",2,"09:30",9,30,"Tuesday","Serious",1,"Serious","Car occupant","Passenger","Female",55,"Unclassified","Single carriageway",30,"Unclassified","Not a Pedestrian","Not a Pedestrian",431419,434088,"E01033035",2,"Crossroads","Daylight","Fine no high winds","Dry","Car occupant"
"6391","2017134520998",2017-05-02,2017,"May",2,"15:10",15,10,"Tuesday","Serious",1,"Serious","Pedestrian","Pedestrian","Female",11,"B","Single carriageway",30,"Unclassified","In carriageway, not crossing","In carriageway, stationary - not crossing  (standing or playing)",420155,445827,"E01011584",1,"T or staggered junction","Daylight","Fine no high winds","Dry","Pedestrian"
"6392","2017134521440",2017-05-02,2017,"May",2,"16:20",16,20,"Tuesday","Slight",1,"Slight","Bus or coach occupant (17 or more pass seats)","Passenger","Female",87,"Unclassified","Single carriageway",30,NA,"Not a Pedestrian","Not a Pedestrian",436338,434705,"E01011408",1,"Not at junction or within 20 metres","Daylight","Fine no high winds","Dry","Bus and goods vehicle occupant"
"6393","2017134521345",2017-05-02,2017,"May",2,"18:00",18,0,"Tuesday","Slight",1,"Slight","Motorcycle over 500cc rider or passenger","Driver or rider","Male",19,"A","Single carriageway",30,NA,"Not a Pedestrian","Not a Pedestrian",418755,442128,"E01011265",1,"Not at junction or within 20 metres","Darkness - lighting unknown","Fine no high winds","Dry","Motorcyclist and pillion"
"6394","2017134521529",2017-05-02,2017,"May",2,"19:35",19,35,"Tuesday","Slight",1,"Slight","Cyclist","Driver or rider","Male",8,"Unclassified","Single carriageway",30,NA,"Not a Pedestrian","Not a Pedestrian",429776,435223,"E01011670",2,"Not at junction or within 20 metres","Darkness - lighting unknown","Fine no high winds","Dry","Cyclist"
"6395","2017134530098",2017-05-03,2017,"May",3,"01:34",1,34,"Wednesday","Slight",1,"Slight","Car occupant","Driver or rider","Male",26,"Unclassified","Single carriageway",30,"Unclassified","Not a Pedestrian","Not a Pedestrian",429593,435398,"E01011670",2,"T or staggered junction","Darkness - lights lit","Fine no high winds","Dry","Car occupant"
"6396","2017134530360",2017-05-03,2017,"May",3,"07:50",7,50,"Wednesday","Slight",1,"Slight","Car occupant","Driver or rider","Male",25,"Unclassified","Single carriageway",30,NA,"Not a Pedestrian","Not a Pedestrian",426372,437940,"E01011687",2,"Not at junction or within 20 metres","Daylight","Fine no high winds","Dry","Car occupant"
"6397","2017134530618",2017-05-03,2017,"May",3,"11:25",11,25,"Wednesday","Slight",1,"Slight","Motorcycle 125cc and under rider or passenger","Driver or rider","Male",19,"Unclassified","Single carriageway",30,"Unclassified","Not a Pedestrian","Not a Pedestrian",430002,427803,"E01011494",2,"T or staggered junction","Daylight","Fine no high winds","Wet or damp","Motorcyclist and pillion"
"6398","2017134530736",2017-05-03,2017,"May",3,"12:27",12,27,"Wednesday","Slight",1,"Slight","Bus or coach occupant (17 or more pass seats)","Passenger","Male",82,"A","One way street",40,"Motorway","Not a Pedestrian","Not a Pedestrian",431969,430307,"E01011469",2,"Roundabout","Daylight","Fine no high winds","Dry","Bus and goods vehicle occupant"
"6399","2017134590564",2017-05-03,2017,"May",3,"14:55",14,55,"Wednesday","Slight",1,"Slight","Car occupant","Driver or rider","Female",29,"Unclassified","Single carriageway",20,NA,"Not a Pedestrian","Not a Pedestrian",435009,435982,"E01011664",2,"Not at junction or within 20 metres","Daylight","Fine no high winds","Dry","Car occupant"
"6400","2017134531116",2017-05-03,2017,"May",3,"15:16",15,16,"Wednesday","Slight",1,"Slight","Car occupant","Driver or rider","Female",63,"Unclassified","Single carriageway",30,NA,"Not a Pedestrian","Not a Pedestrian",429199,433851,"E01011678",1,"Not at junction or within 20 metres","Daylight","Fine no high winds","Dry","Car occupant"
"6401","2017134531154",2017-05-03,2017,"May",3,"15:31",15,31,"Wednesday","Slight",1,"Slight","Bus or coach occupant (17 or more pass seats)","Passenger","Female",74,"A","Single carriageway",30,NA,"Not a Pedestrian","Not a Pedestrian",424338,435319,"E01011331",1,"Not at junction or within 20 metres","Daylight","Fine no high winds","Dry","Bus and goods vehicle occupant"
"6402","2017134540961",2017-05-03,2017,"May",3,"15:40",15,40,"Wednesday","Slight",1,"Slight","Car occupant","Driver or rider","Male",26,"A","One way street",30,"A","Not a Pedestrian","Not a Pedestrian",430126,432863,"E01033016",2,"Crossroads","Daylight","Fine no high winds","Dry","Car occupant"
"6403","2017134531870",2017-05-03,2017,"May",3,"21:00",21,0,"Wednesday","Slight",1,"Slight","Motorcycle 125cc and under rider or passenger","Driver or rider","Female",29,"Unclassified","Single carriageway",30,NA,"Not a Pedestrian","Not a Pedestrian",424612,435112,"E01011336",2,"Not at junction or within 20 metres","Darkness - lighting unknown","Fine no high winds","Dry","Motorcyclist and pillion"
"6404","2017134540258",2017-05-04,2017,"May",4,"07:53",7,53,"Thursday","Slight",1,"Slight","Cyclist","Driver or rider","Male",10,"Unclassified","Single carriageway",30,"Unclassified","Not a Pedestrian","Not a Pedestrian",425412,434438,"E01011283",2,"T or staggered junction","Daylight","Fine no high winds","Dry","Cyclist"
"6405","2017134540461",2017-05-04,2017,"May",4,"10:25",10,25,"Thursday","Slight",1,"Slight","Pedestrian","Pedestrian","Female",86,"Unclassified","Unknown",30,NA,"On footway or verge","Unknown or other",436767,434233,"E01011412",1,"Not at junction or within 20 metres","Daylight","Fine no high winds","Dry","Pedestrian"
"6406","2017134541280",2017-05-04,2017,"May",4,"15:40",15,40,"Thursday","Slight",1,"Slight","Bus or coach occupant (17 or more pass seats)","Passenger","Male",1,"A","Dual carriageway",40,NA,"Not a Pedestrian","Not a Pedestrian",432016,433574,"E01011623",1,"Not at junction or within 20 metres","Daylight","Fine no high winds","Dry","Bus and goods vehicle occupant"
"6407","2017134541258",2017-05-04,2017,"May",4,"16:50",16,50,"Thursday","Slight",1,"Slight","Motorcycle over 125cc and up to 500cc rider or  passenger","Driver or rider","Male",47,"A","Dual carriageway",40,"Unclassified","Not a Pedestrian","Not a Pedestrian",430624,434659,"E01011671",2,"Crossroads","Daylight","Fine no high winds","Dry","Motorcyclist and pillion"
"6408","2017134541382",2017-05-04,2017,"May",4,"17:45",17,45,"Thursday","Serious",1,"Serious","Motorcycle over 125cc and up to 500cc rider or  passenger","Driver or rider","Male",40,"Unclassified","Single carriageway",30,"Unclassified","Not a Pedestrian","Not a Pedestrian",428929,432434,"E01033013",2,"T or staggered junction","Darkness - lighting unknown","Fine no high winds","Dry","Motorcyclist and pillion"
"6409","2017134541367",2017-05-04,2017,"May",4,"17:55",17,55,"Thursday","Slight",1,"Slight","Car occupant","Passenger","Male",1,"Unclassified","Single carriageway",20,NA,"Not a Pedestrian","Not a Pedestrian",429136,429898,"E01011320",1,"Not at junction or within 20 metres","Darkness - lighting unknown","Fine no high winds","Dry","Car occupant"
"6410","2017134541733",2017-05-04,2017,"May",4,"20:36",20,36,"Thursday","Slight",1,"Slight","Car occupant","Driver or rider","Male",24,"Unclassified","Single carriageway",30,NA,"Not a Pedestrian","Not a Pedestrian",425962,436979,"E01011484",2,"Not at junction or within 20 metres","Darkness - lighting unknown","Fine no high winds","Dry","Car occupant"
"6411","2017134550298",2017-05-05,2017,"May",5,"07:46",7,46,"Friday","Slight",1,"Slight","Cyclist","Driver or rider","Male",29,"Unclassified","Single carriageway",30,"A","Not a Pedestrian","Not a Pedestrian",425165,437877,"E01011464",2,"Roundabout","Daylight","Fine no high winds","Dry","Cyclist"
"6412","2017134550283",2017-05-05,2017,"May",5,"08:16",8,16,"Friday","Slight",1,"Slight","Motorcycle 50cc and under rider or passenger","Driver or rider","Female",23,"Unclassified","Single carriageway",30,"Unclassified","Not a Pedestrian","Not a Pedestrian",430311,435038,"E01011671",2,"T or staggered junction","Daylight","Fine no high winds","Dry","Motorcyclist and pillion"
"6413","2017134550477",2017-05-05,2017,"May",5,"09:15",9,15,"Friday","Slight",2,"Slight","Bus or coach occupant (17 or more pass seats)","Passenger","Female",18,"A","Single carriageway",30,NA,"Not a Pedestrian","Not a Pedestrian",427608,433720,"E01011284",2,"Not at junction or within 20 metres","Daylight","Fine no high winds","Dry","Bus and goods vehicle occupant"
"6414","2017134550947",2017-05-05,2017,"May",5,"14:25",14,25,"Friday","Slight",1,"Slight","Car occupant","Driver or rider","Male",48,"Unclassified","Single carriageway",30,"Unclassified","Not a Pedestrian","Not a Pedestrian",426431,433301,"E01032607",2,"Crossroads","Daylight","Fine no high winds","Dry","Car occupant"
"6415","2017134551392",2017-05-05,2017,"May",5,"17:10",17,10,"Friday","Slight",1,"Slight","Car occupant","Driver or rider","Female",23,"Unclassified","Single carriageway",30,"Unclassified","Not a Pedestrian","Not a Pedestrian",431616,426342,"E01011499",2,"T or staggered junction","Darkness - lighting unknown","Fine no high winds","Dry","Car occupant"
"6416","2017134551562",2017-05-05,2017,"May",5,"18:32",18,32,"Friday","Slight",1,"Slight","Pedestrian","Pedestrian","Male",11,"Unclassified","Single carriageway",30,"Unclassified","In carriageway, not crossing","In carriageway, stationary - not crossing  (standing or playing)",420656,436869,"E01011589",1,"T or staggered junction","Darkness - lighting unknown","Fine no high winds","Dry","Pedestrian"
"6417","2017134551577",2017-05-05,2017,"May",5,"18:40",18,40,"Friday","Slight",2,"Slight","Car occupant","Passenger","Male",16,"Unclassified","Single carriageway",30,NA,"Not a Pedestrian","Not a Pedestrian",428181,436719,"E01011692",1,"Not at junction or within 20 metres","Darkness - lighting unknown","Fine no high winds","Dry","Car occupant"
"6418","2017134551917",2017-05-05,2017,"May",5,"18:50",18,50,"Friday","Slight",1,"Slight","Bus or coach occupant (17 or more pass seats)","Passenger","Female",48,"Unclassified","Single carriageway",30,NA,"Not a Pedestrian","Not a Pedestrian",426596,433502,"E01032607",1,"Not at junction or within 20 metres","Darkness - lighting unknown","Fine no high winds","Dry","Bus and goods vehicle occupant"
"6419","2017134551669",2017-05-05,2017,"May",5,"19:15",19,15,"Friday","Slight",1,"Slight","Car occupant","Driver or rider","Female",49,"Unclassified","Single carriageway",30,NA,"Not a Pedestrian","Not a Pedestrian",431570,435558,"E01011429",2,"Not at junction or within 20 metres","Darkness - lighting unknown","Fine no high winds","Dry","Car occupant"
"6420","2017134551819",2017-05-05,2017,"May",5,"20:40",20,40,"Friday","Slight",1,"Slight","Car occupant","Driver or rider","Male",67,"Motorway","Dual carriageway",70,NA,"Not a Pedestrian","Not a Pedestrian",431905,428055,"E01011490",1,"Not at junction or within 20 metres","Darkness - lighting unknown","Fine no high winds","Dry","Car occupant"
"6421","2017134560901",2017-05-06,2017,"May",6,"13:51",13,51,"Saturday","Slight",1,"Slight","Car occupant","Passenger","Male",11,"Unclassified","Single carriageway",30,NA,"Not a Pedestrian","Not a Pedestrian",440841,431091,"E01011300",2,"Not at junction or within 20 metres","Daylight","Fine no high winds","Dry","Car occupant"
"6422","2017134561717",2017-05-06,2017,"May",6,"20:50",20,50,"Saturday","Serious",1,"Serious","Car occupant","Driver or rider","Male",21,"Unclassified","Single carriageway",20,NA,"Not a Pedestrian","Not a Pedestrian",428866,432369,"E01033013",2,"Not at junction or within 20 metres","Darkness - lighting unknown","Fine no high winds","Dry","Car occupant"
"6423","2017134570372",2017-05-07,2017,"May",7,"06:10",6,10,"Sunday","Slight",1,"Slight","Car occupant","Driver or rider","Female",39,"Motorway","Dual carriageway",70,NA,"Not a Pedestrian","Not a Pedestrian",430262,426449,"E01011538",2,"Not at junction or within 20 metres","Darkness - lighting unknown","Fine no high winds","Dry","Car occupant"
"6424","2017134591552",2017-05-08,2017,"May",8,"12:20",12,20,"Monday","Slight",1,"Slight","Car occupant","Driver or rider","Male",20,"B","Single carriageway",30,NA,"Not a Pedestrian","Not a Pedestrian",426166,435514,"E01011477",2,"Not at junction or within 20 metres","Daylight","Fine no high winds","Dry","Car occupant"
"6425","2017134590278",2017-05-09,2017,"May",9,"08:02",8,2,"Tuesday","Slight",1,"Slight","Motorcycle over 500cc rider or passenger","Driver or rider","Male",54,"A","Single carriageway",30,"Unclassified","Not a Pedestrian","Not a Pedestrian",432745,429200,"E01011496",1,"T or staggered junction","Daylight","Fine no high winds","Dry","Motorcyclist and pillion"
"6426","2017134591317",2017-05-09,2017,"May",9,"17:25",17,25,"Tuesday","Slight",1,"Slight","Car occupant","Driver or rider","Male",29,"Motorway","Dual carriageway",70,NA,"Not a Pedestrian","Not a Pedestrian",434803,425892,"E01011636",3,"Not at junction or within 20 metres","Darkness - lighting unknown","Fine no high winds","Dry","Car occupant"
"6427","2017134591438",2017-05-09,2017,"May",9,"18:22",18,22,"Tuesday","Slight",1,"Slight","Cyclist","Driver or rider","Male",42,"Unclassified","Single carriageway",30,"Unclassified","Not a Pedestrian","Not a Pedestrian",428333,435747,"E01011442",2,"T or staggered junction","Darkness - lighting unknown","Fine no high winds","Dry","Cyclist"
"6428","2017134591496",2017-05-09,2017,"May",9,"18:46",18,46,"Tuesday","Slight",1,"Slight","Cyclist","Driver or rider","Male",48,"A","Single carriageway",30,NA,"Not a Pedestrian","Not a Pedestrian",427983,436040,"E01011440",2,"Not at junction or within 20 metres","Darkness - lighting unknown","Fine no high winds","Dry","Cyclist"
"6429","2017134591649",2017-05-09,2017,"May",9,"19:55",19,55,"Tuesday","Slight",2,"Slight","Car occupant","Driver or rider","Female",24,"A","Single carriageway",40,"Unclassified","Not a Pedestrian","Not a Pedestrian",436176,427382,"E01011635",2,"T or staggered junction","Darkness - lighting unknown","Fine no high winds","Dry","Car occupant"
"6430","20171345A0163",2017-05-10,2017,"May",10,"06:15",6,15,"Wednesday","Serious",1,"Serious","Cyclist","Driver or rider","Male",58,"Unclassified","Single carriageway",30,"Unclassified","Not a Pedestrian","Not a Pedestrian",425109,436682,"E01032493",2,"T or staggered junction","Darkness - lighting unknown","Fine no high winds","Dry","Cyclist"
"6431","20171345A0189",2017-05-10,2017,"May",10,"06:55",6,55,"Wednesday","Slight",1,"Slight","Motorcycle over 500cc rider or passenger","Driver or rider","Male",23,"Unclassified","Roundabout",30,"Unclassified","Not a Pedestrian","Not a Pedestrian",431292,432112,"E01011467",2,"Roundabout","Darkness - lighting unknown","Fine no high winds","Dry","Motorcyclist and pillion"
"6432","20171345A1054",2017-05-10,2017,"May",10,"15:00",15,0,"Wednesday","Slight",1,"Slight","Cyclist","Driver or rider","Male",13,"B","Single carriageway",30,"Unclassified","Not a Pedestrian","Not a Pedestrian",441345,430973,"E01011301",2,"T or staggered junction","Daylight","Fine no high winds","Dry","Cyclist"
"6433","20171345B0538",2017-05-11,2017,"May",11,"07:45",7,45,"Thursday","Slight",1,"Slight","Pedestrian","Pedestrian","Male",16,"A","Dual carriageway",40,NA,"Crossing elsewhere within 50m. of pedestrian crossing","Unknown or other",432073,435855,"E01011427",1,"Not at junction or within 20 metres","Daylight","Fine no high winds","Dry","Pedestrian"
"6434","20171345B0348",2017-05-11,2017,"May",11,"07:50",7,50,"Thursday","Slight",1,"Slight","Car occupant","Passenger","Female",9,"Unclassified","Single carriageway",30,"Unclassified","Not a Pedestrian","Not a Pedestrian",420804,436820,"E01011589",2,"Crossroads","Daylight","Fine no high winds","Dry","Car occupant"
"6435","20171345B1107",2017-05-11,2017,"May",11,"15:27",15,27,"Thursday","Serious",1,"Serious","Car occupant","Driver or rider","Female",24,"Unclassified","Single carriageway",30,NA,"Not a Pedestrian","Not a Pedestrian",426864,432185,"E01011736",2,"Not at junction or within 20 metres","Daylight","Fine no high winds","Dry","Car occupant"
"6436","20171345B1534",2017-05-11,2017,"May",11,"15:34",15,34,"Thursday","Slight",1,"Slight","Cyclist","Driver or rider","Male",57,"Unclassified","Single carriageway",30,"Unclassified","Not a Pedestrian","Not a Pedestrian",427898,436194,"E01011451",2,"Crossroads","Daylight","Fine no high winds","Dry","Cyclist"
"6437","20171345B1345",2017-05-11,2017,"May",11,"17:14",17,14,"Thursday","Slight",1,"Slight","Cyclist","Passenger","Female",30,"Unclassified","Single carriageway",20,"Unclassified","Not a Pedestrian","Not a Pedestrian",431844,435383,"E01011428",1,"Other junction","Darkness - lighting unknown","Fine no high winds","Dry","Cyclist"
"6438","20171345B1729",2017-05-11,2017,"May",11,"18:50",18,50,"Thursday","Slight",1,"Slight","Car occupant","Driver or rider","Female",24,"Motorway","Slip road",70,"Motorway","Not a Pedestrian","Not a Pedestrian",432400,426059,"E01011499",2,"Slip road","Darkness - lighting unknown","Fine no high winds","Dry","Car occupant"
"6439","20171345B1995",2017-05-11,2017,"May",11,"21:16",21,16,"Thursday","Serious",1,"Serious","Motorcycle over 500cc rider or passenger","Driver or rider","Male",52,"Unclassified","Single carriageway",30,NA,"Not a Pedestrian","Not a Pedestrian",432717,438263,"E01011650",2,"Not at junction or within 20 metres","Darkness - lighting unknown","Fine no high winds","Dry","Motorcyclist and pillion"
"6440","20171345B1864",2017-05-11,2017,"May",11,"21:40",21,40,"Thursday","Slight",1,"Slight","Minibus (8 - 16 passenger seats) occupant","Driver or rider","Male",38,"Unclassified","Single carriageway",30,NA,"Not a Pedestrian","Not a Pedestrian",429509,431018,"E01011375",1,"Not at junction or within 20 metres","Darkness - lighting unknown","Fine no high winds","Dry","Bus and goods vehicle occupant"
"6441","20171345C0250",2017-05-12,2017,"May",12,"07:38",7,38,"Friday","Serious",1,"Serious","Pedestrian","Pedestrian","Female",83,"Unclassified","Single carriageway",30,NA,"In carriageway, crossing elsewhere","Crossing from driver's offside",424819,438371,"E01011464",1,"Not at junction or within 20 metres","Daylight","Fine no high winds","Dry","Pedestrian"
"6442","20171345D1568",2017-05-12,2017,"May",12,"18:32",18,32,"Friday","Serious",2,"Serious","Car occupant","Driver or rider","Female",62,"A","Roundabout",30,"A","Not a Pedestrian","Not a Pedestrian",428257,429599,"E01011518",2,"Roundabout","Darkness - lighting unknown","Fine no high winds","Dry","Car occupant"
"6443","20171345C1807",2017-05-12,2017,"May",12,"21:05",21,5,"Friday","Serious",1,"Serious","Motorcycle 125cc and under rider or passenger","Driver or rider","Male",16,"Unclassified","Single carriageway",30,"Unclassified","Not a Pedestrian","Not a Pedestrian",424989,432895,"E01011727",2,"Crossroads","Darkness - lighting unknown","Fine no high winds","Dry","Motorcyclist and pillion"
"6444","20171345D0994",2017-05-13,2017,"May",13,"12:12",12,12,"Saturday","Slight",1,"Slight","Bus or coach occupant (17 or more pass seats)","Passenger","Female",61,"Unclassified","Single carriageway",30,"Unclassified","Not a Pedestrian","Not a Pedestrian",425109,434211,"E01032606",1,"T or staggered junction","Daylight","Fine no high winds","Dry","Bus and goods vehicle occupant"
"6445","20171345E1131",2017-05-14,2017,"May",14,"15:30",15,30,"Sunday","Slight",1,"Slight","Motorcycle 125cc and under rider or passenger","Driver or rider","Male",27,"Unclassified","Single carriageway",30,"Unclassified","Not a Pedestrian","Not a Pedestrian",431488,430106,"E01011469",2,"Private drive or entrance","Daylight","Fine no high winds","Dry","Motorcyclist and pillion"
"6446","20171345F0472",2017-05-15,2017,"May",15,"10:05",10,5,"Monday","Slight",1,"Slight","Car occupant","Driver or rider","Female",31,"A","Dual carriageway",30,"Unclassified","Not a Pedestrian","Not a Pedestrian",428384,434053,"E01011681",2,"T or staggered junction","Daylight","Fine no high winds","Dry","Car occupant"
"6447","20171345F0652",2017-05-15,2017,"May",15,"11:00",11,0,"Monday","Slight",1,"Slight","Car occupant","Driver or rider","Female",42,"Unclassified","Single carriageway",30,"Unclassified","Not a Pedestrian","Not a Pedestrian",423341,433944,"E01011609",2,"T or staggered junction","Daylight","Fine no high winds","Dry","Car occupant"
"6448","20171345F0621",2017-05-15,2017,"May",15,"11:20",11,20,"Monday","Slight",1,"Slight","Taxi/Private hire car occupant","Passenger","Female",54,"B","Single carriageway",30,"A","Not a Pedestrian","Not a Pedestrian",431966,435835,"E01011422",2,"Crossroads","Daylight","Fine no high winds","Dry","Car occupant"
"6449","20171345A0739",2017-05-15,2017,"May",15,"12:55",12,55,"Monday","Slight",1,"Slight","Motorcycle 50cc and under rider or passenger","Driver or rider","Female",18,"Unclassified","Single carriageway",30,NA,"Not a Pedestrian","Not a Pedestrian",427817,434076,"E01011284",3,"Not at junction or within 20 metres","Daylight","Fine no high winds","Dry","Motorcyclist and pillion"
"6450","20171345F1645",2017-05-15,2017,"May",15,"17:05",17,5,"Monday","Slight",1,"Slight","Bus or coach occupant (17 or more pass seats)","Passenger","Female",49,"Unclassified","Single carriageway",30,NA,"Not a Pedestrian","Not a Pedestrian",426437,433743,"E01032608",1,"Not at junction or within 20 metres","Darkness - lighting unknown","Fine no high winds","Wet or damp","Bus and goods vehicle occupant"
"6451","20171345F1474",2017-05-15,2017,"May",15,"18:10",18,10,"Monday","Slight",1,"Slight","Motorcycle 125cc and under rider or passenger","Driver or rider","Male",43,"Unclassified","Single carriageway",30,NA,"Not a Pedestrian","Not a Pedestrian",434849,437033,"E01011657",4,"Not at junction or within 20 metres","Darkness - lighting unknown","Raining no high winds","Wet or damp","Motorcyclist and pillion"
"6452","20171345F1732",2017-05-15,2017,"May",15,"20:25",20,25,"Monday","Slight",1,"Slight","Car occupant","Driver or rider","Male",21,"A","Dual carriageway",70,"B","Not a Pedestrian","Not a Pedestrian",428580,427725,"E01011538",1,"Roundabout","Darkness - lighting unknown","Fine no high winds","Wet or damp","Car occupant"
"6453","20171345G0221",2017-05-16,2017,"May",16,"07:18",7,18,"Tuesday","Slight",1,"Slight","Van / Goods vehicle (3.5 tonnes mgw or under) occupant","Driver or rider","Male",23,"A","Single carriageway",40,NA,"Not a Pedestrian","Not a Pedestrian",443587,431686,"E01011299",2,"Not at junction or within 20 metres","Darkness - lighting unknown","Fine no high winds","Wet or damp","Bus and goods vehicle occupant"
"6454","20171345G0287",2017-05-16,2017,"May",16,"08:20",8,20,"Tuesday","Slight",1,"Slight","Pedestrian","Pedestrian","Male",12,"A","Dual carriageway",30,"Unclassified","Crossing elsewhere within 50m. of pedestrian crossing","Crossing from driver's nearside",430620,432640,"E01033016",1,"T or staggered junction","Daylight","Raining no high winds","Wet or damp","Pedestrian"
"6455","20171345G0308",2017-05-16,2017,"May",16,"08:38",8,38,"Tuesday","Slight",1,"Slight","Cyclist","Driver or rider","Male",24,"Unclassified","Single carriageway",30,"Unclassified","Not a Pedestrian","Not a Pedestrian",429857,435713,"E01011669",2,"T or staggered junction","Daylight","Raining no high winds","Wet or damp","Cyclist"
"6456","20171345G0355",2017-05-16,2017,"May",16,"09:12",9,12,"Tuesday","Slight",1,"Slight","Pedestrian","Pedestrian","Male",67,"Unclassified","Single carriageway",30,"Unclassified","In carriageway, crossing elsewhere","Unknown or other",425304,432987,"E01011730",1,"T or staggered junction","Daylight","Raining no high winds","Wet or damp","Pedestrian"
"6457","20171345G0548",2017-05-16,2017,"May",16,"11:00",11,0,"Tuesday","Slight",1,"Slight","Car occupant","Driver or rider","Male",27,"Unclassified","Single carriageway",60,NA,"Not a Pedestrian","Not a Pedestrian",415248,442965,"E01011270",1,"Not at junction or within 20 metres","Daylight","Raining + high winds","Wet or damp","Car occupant"
"6458","20171345G1172",2017-05-16,2017,"May",16,"16:00",16,0,"Tuesday","Slight",2,"Slight","Car occupant","Driver or rider","Male",49,"A","Single carriageway",30,NA,"Not a Pedestrian","Not a Pedestrian",427222,431825,"E01011734",4,"Not at junction or within 20 metres","Daylight","Fine no high winds","Dry","Car occupant"
"6459","20171345G1304",2017-05-16,2017,"May",16,"16:50",16,50,"Tuesday","Slight",1,"Slight","Motorcycle over 500cc rider or passenger","Driver or rider","Male",54,"A","Dual carriageway",30,"Unclassified","Not a Pedestrian","Not a Pedestrian",429450,433779,"E01033008",2,"Slip road","Daylight","Fine no high winds","Dry","Motorcyclist and pillion"
"6460","20171345H0170",2017-05-17,2017,"May",17,"03:30",3,30,"Wednesday","Slight",1,"Slight","Car occupant","Driver or rider","Male",58,"A(M)","Dual carriageway",70,NA,"Not a Pedestrian","Not a Pedestrian",440464,446324,"E01011704",2,"Not at junction or within 20 metres","Darkness - no lighting","Fine no high winds","Dry","Car occupant"
"6461","20171345H0488",2017-05-17,2017,"May",17,"10:33",10,33,"Wednesday","Slight",1,"Slight","Pedestrian","Pedestrian","Male",33,"Unclassified","Single carriageway",30,NA,"In carriageway, crossing elsewhere","Crossing from driver's offside",426788,432075,"E01011736",1,"Not at junction or within 20 metres","Daylight","Fine no high winds","Dry","Pedestrian"
"6462","20171345H1132",2017-05-17,2017,"May",17,"15:54",15,54,"Wednesday","Slight",1,"Slight","Taxi/Private hire car occupant","Driver or rider","Male",33,"A","Single carriageway",30,"Unclassified","Not a Pedestrian","Not a Pedestrian",429944,427021,"E01032495",2,"T or staggered junction","Daylight","Raining no high winds","Wet or damp","Car occupant"
"6463","20171345H1184",2017-05-17,2017,"May",17,"16:15",16,15,"Wednesday","Slight",1,"Slight","Car occupant","Driver or rider","Male",21,"Unclassified","Single carriageway",30,"Unclassified","Not a Pedestrian","Not a Pedestrian",430345,427488,"E01011494",2,"T or staggered junction","Daylight","Fine no high winds","Wet or damp","Car occupant"
"6464","20171345H1215",2017-05-17,2017,"May",17,"16:30",16,30,"Wednesday","Slight",1,"Slight","Car occupant","Driver or rider","Male",52,"A","Single carriageway",30,"Unclassified","Not a Pedestrian","Not a Pedestrian",428527,429636,"E01011321",2,"T or staggered junction","Daylight","Raining no high winds","Wet or damp","Car occupant"
"6465","20171345H1324",2017-05-17,2017,"May",17,"17:19",17,19,"Wednesday","Serious",1,"Serious","Pedestrian","Pedestrian","Female",14,"Unclassified","Single carriageway",30,"Unclassified","Crossing elsewhere within 50m. of pedestrian crossing","Crossing from driver's nearside",425106,434213,"E01032606",1,"Crossroads","Darkness - lighting unknown","Raining no high winds","Wet or damp","Pedestrian"
"6466","20171345H1415",2017-05-17,2017,"May",17,"18:00",18,0,"Wednesday","Slight",1,"Slight","Cyclist","Driver or rider","Male",37,"A","Single carriageway",30,"Unclassified","Not a Pedestrian","Not a Pedestrian",427655,436653,"E01011694",2,"T or staggered junction","Darkness - lighting unknown","Raining no high winds","Wet or damp","Cyclist"