"","accident_index","date","year","month","day","time","time_hour","time_minute","day_of_week","accident_severity","number_of_casualties","casualty_severity","casualty_type","casualty_class","sex_of_casualty","age_of_casualty","first_road_class","road_type","speed_limit","second_road_class","pedestrian_location","pedestrian_movement","location_easting_osgr","location_northing_osgr","lsoa_of_accident_location","number_of_vehicles","junction_detail","light_conditions","weather_conditions","road_surface_conditions","cas_type"
"6467","20171345H1457",2017-05-17,2017,"May",17,"18:25",18,25,"Wednesday","Slight",1,"Slight","Car occupant","Driver or rider","Female",26,"Unclassified","Single carriageway",30,"Unclassified","Not a Pedestrian","Not a Pedestrian",425594,437040,"E01011484",2,"Crossroads","Darkness - lighting unknown","Fine no high winds","Dry","Car occupant"
"6468","20171345H1553",2017-05-17,2017,"May",17,"19:25",19,25,"Wednesday","Serious",5,"Serious","Car occupant","Passenger","Female",19,"A","Dual carriageway",50,NA,"Not a Pedestrian","Not a Pedestrian",431935,430560,"E01011470",1,"Not at junction or within 20 metres","Darkness - lighting unknown","Raining no high winds","Wet or damp","Car occupant"
"6469","20171345I0197",2017-05-18,2017,"May",18,"06:10",6,10,"Thursday","Slight",2,"Slight","Car occupant","Driver or rider","Male",58,"Unclassified","Single carriageway",30,NA,"Not a Pedestrian","Not a Pedestrian",425031,428023,"E01011522",2,"Not at junction or within 20 metres","Darkness - lighting unknown","Fine no high winds","Dry","Car occupant"
"6470","20171345I0216",2017-05-18,2017,"May",18,"06:30",6,30,"Thursday","Slight",1,"Slight","Cyclist","Driver or rider","Male",40,"Unclassified","Roundabout",30,"Unclassified","Not a Pedestrian","Not a Pedestrian",428742,432714,"E01033013",2,"Roundabout","Darkness - lighting unknown","Fine no high winds","Dry","Cyclist"
"6471","20171345I0596",2017-05-18,2017,"May",18,"10:30",10,30,"Thursday","Slight",2,"Slight","Car occupant","Driver or rider","Female",28,"A","Dual carriageway",30,"Unclassified","Not a Pedestrian","Not a Pedestrian",433047,432360,"E01011621",2,"Roundabout","Daylight","Fine no high winds","Dry","Car occupant"
"6472","20171345I1026",2017-05-18,2017,"May",18,"14:54",14,54,"Thursday","Slight",1,"Slight","Car occupant","Driver or rider","Male",84,"Unclassified","Single carriageway",40,NA,"Not a Pedestrian","Not a Pedestrian",428930,436436,"E01011450",2,"Not at junction or within 20 metres","Daylight","Fine no high winds","Dry","Car occupant"
"6473","20171345I1082",2017-05-18,2017,"May",18,"15:20",15,20,"Thursday","Serious",1,"Serious","Pedestrian","Pedestrian","Female",7,"Unclassified","Single carriageway",30,"Unclassified","On footway or verge","Unknown or other",431896,434915,"E01011677",1,"T or staggered junction","Daylight","Fine no high winds","Dry","Pedestrian"
"6474","20171345I1118",2017-05-18,2017,"May",18,"15:35",15,35,"Thursday","Serious",1,"Serious","Motorcycle 125cc and under rider or passenger","Driver or rider","Male",25,"Unclassified","Single carriageway",30,"Unclassified","Not a Pedestrian","Not a Pedestrian",433168,435237,"E01011339",2,"Crossroads","Daylight","Fine no high winds","Dry","Motorcyclist and pillion"
"6475","20171345I1472",2017-05-18,2017,"May",18,"18:17",18,17,"Thursday","Slight",1,"Slight","Pedestrian","Pedestrian","Male",37,"Unclassified","Single carriageway",30,"Unclassified","In carriageway, crossing elsewhere","Crossing from driver's offside",434841,428545,"E01011628",1,"T or staggered junction","Darkness - lighting unknown","Fine no high winds","Dry","Pedestrian"
"6476","20171345I1909",2017-05-18,2017,"May",18,"20:40",20,40,"Thursday","Slight",1,"Slight","Motorcycle 125cc and under rider or passenger","Driver or rider","Male",42,"Unclassified","Single carriageway",30,NA,"Not a Pedestrian","Not a Pedestrian",426235,426287,"E01011546",2,"Not at junction or within 20 metres","Darkness - lighting unknown","Fine no high winds","Dry","Motorcyclist and pillion"
"6477","20171345I2021",2017-05-18,2017,"May",18,"22:57",22,57,"Thursday","Serious",1,"Serious","Car occupant","Driver or rider","Male",26,"A","Single carriageway",30,NA,"Not a Pedestrian","Not a Pedestrian",433636,427664,"E01011634",1,"Not at junction or within 20 metres","Darkness - lights lit","Raining no high winds","Wet or damp","Car occupant"
"6478","20171345I2093",2017-05-18,2017,"May",18,"23:45",23,45,"Thursday","Slight",1,"Slight","Motorcycle over 500cc rider or passenger","Driver or rider","Male",27,"A","Dual carriageway",30,NA,"Not a Pedestrian","Not a Pedestrian",430781,433822,"E01033010",2,"Not at junction or within 20 metres","Darkness - lighting unknown","Fine no high winds","Wet or damp","Motorcyclist and pillion"
"6479","20171345J1201",2017-05-19,2017,"May",19,"00:05",0,5,"Friday","Slight",1,"Slight","Taxi/Private hire car occupant","Passenger","Female",20,"Unclassified","Single carriageway",30,NA,"Not a Pedestrian","Not a Pedestrian",427437,435934,"E01032945",1,"Not at junction or within 20 metres","Darkness - lighting unknown","Fine no high winds","Dry","Car occupant"
"6480","20171345J0243",2017-05-19,2017,"May",19,"06:54",6,54,"Friday","Serious",1,"Serious","Cyclist","Driver or rider","Male",48,"Unclassified","Single carriageway",30,"Unclassified","Not a Pedestrian","Not a Pedestrian",425413,440393,"E01011378",2,"T or staggered junction","Darkness - lighting unknown","Fine no high winds","Wet or damp","Cyclist"
"6481","20171345K1083",2017-05-20,2017,"May",20,"07:15",7,15,"Saturday","Slight",1,"Slight","Car occupant","Passenger","Female",22,"Unclassified","Single carriageway",30,"Unclassified","Not a Pedestrian","Not a Pedestrian",427835,435808,"E01011435",2,"Crossroads","Darkness - lighting unknown","Fine no high winds","Dry","Car occupant"
"6482","20171345M0390",2017-05-20,2017,"May",20,"13:15",13,15,"Saturday","Serious",1,"Serious","Bus or coach occupant (17 or more pass seats)","Passenger","Male",81,"Unclassified","Single carriageway",30,"Unclassified","Not a Pedestrian","Not a Pedestrian",430020,434076,"E01033010",2,"T or staggered junction","Daylight","Fine no high winds","Dry","Bus and goods vehicle occupant"
"6483","20171345K0920",2017-05-20,2017,"May",20,"13:30",13,30,"Saturday","Serious",2,"Serious","Pedestrian","Pedestrian","Female",43,"Unclassified","Single carriageway",40,"Unclassified","Unknown or other","Unknown or other",424140,430432,"E01011728",1,"T or staggered junction","Daylight","Raining no high winds","Wet or damp","Pedestrian"
"6484","20171345K1267",2017-05-20,2017,"May",20,"15:10",15,10,"Saturday","Slight",1,"Slight","Bus or coach occupant (17 or more pass seats)","Passenger","Female",78,"A","Dual carriageway",30,NA,"Not a Pedestrian","Not a Pedestrian",436157,434595,"E01011345",1,"Not at junction or within 20 metres","Daylight","Raining no high winds","Wet or damp","Bus and goods vehicle occupant"
"6485","20171345L0600",2017-05-21,2017,"May",21,"11:06",11,6,"Sunday","Serious",1,"Serious","Motorcycle 125cc and under rider or passenger","Driver or rider","Male",22,"A","Single carriageway",40,"Unclassified","Not a Pedestrian","Not a Pedestrian",439772,433152,"E01011396",2,"T or staggered junction","Daylight","Fine no high winds","Dry","Motorcyclist and pillion"
"6486","20171345L0924",2017-05-21,2017,"May",21,"14:14",14,14,"Sunday","Slight",2,"Slight","Car occupant","Driver or rider","Male",69,"A","Single carriageway",30,"Unclassified","Not a Pedestrian","Not a Pedestrian",436506,441867,"E01011310",2,"T or staggered junction","Daylight","Fine no high winds","Dry","Car occupant"
"6487","20171345L1430",2017-05-21,2017,"May",21,"18:25",18,25,"Sunday","Slight",1,"Slight","Car occupant","Driver or rider","Male",19,"Unclassified","Single carriageway",30,NA,"Not a Pedestrian","Not a Pedestrian",432791,434406,"E01011347",2,"Not at junction or within 20 metres","Darkness - lighting unknown","Fine no high winds","Dry","Car occupant"
"6488","20171345M1221",2017-05-22,2017,"May",22,"15:55",15,55,"Monday","Slight",2,"Slight","Car occupant","Driver or rider","Female",42,"Unclassified","Single carriageway",30,NA,"Not a Pedestrian","Not a Pedestrian",431701,435413,"E01011429",2,"Not at junction or within 20 metres","Daylight","Fine no high winds","Dry","Car occupant"
"6489","20171345M1837",2017-05-22,2017,"May",22,"17:05",17,5,"Monday","Slight",1,"Slight","Car occupant","Driver or rider","Female",20,"Unclassified","Single carriageway",30,NA,"Not a Pedestrian","Not a Pedestrian",430745,434286,"E01033003",2,"Not at junction or within 20 metres","Darkness - lighting unknown","Fine no high winds","Dry","Car occupant"
"6490","20171345M0224",2017-05-22,2017,"May",22,"19:25",19,25,"Monday","Slight",1,"Slight","Car occupant","Driver or rider","Female",38,"Motorway","Dual carriageway",70,"Motorway","Not a Pedestrian","Not a Pedestrian",435817,425912,"E01011636",2,"Other junction","Darkness - lighting unknown","Fine no high winds","Dry","Car occupant"
"6491","20171345N0368",2017-05-23,2017,"May",23,"08:48",8,48,"Tuesday","Serious",2,"Slight","Car occupant","Driver or rider","Female",39,"Motorway","Dual carriageway",70,NA,"Not a Pedestrian","Not a Pedestrian",428011,426425,"E01011550",3,"Not at junction or within 20 metres","Daylight","Fine no high winds","Dry","Car occupant"
"6492","20171345N0408",2017-05-23,2017,"May",23,"09:17",9,17,"Tuesday","Slight",1,"Slight","Car occupant","Passenger","Female",25,"A","Dual carriageway",30,"B","Not a Pedestrian","Not a Pedestrian",430707,439089,"E01011512",2,"Roundabout","Daylight","Fine no high winds","Dry","Car occupant"
"6493","20171345N0516",2017-05-23,2017,"May",23,"10:11",10,11,"Tuesday","Serious",1,"Serious","Van / Goods vehicle (3.5 tonnes mgw or under) occupant","Driver or rider","Male",50,"Unclassified","Single carriageway",30,"Motorway","Not a Pedestrian","Not a Pedestrian",429150,431792,"E01011368",2,"T or staggered junction","Daylight","Fine no high winds","Dry","Bus and goods vehicle occupant"
"6494","20171345N1476",2017-05-23,2017,"May",23,"17:30",17,30,"Tuesday","Slight",1,"Slight","Motorcycle over 500cc rider or passenger","Driver or rider","Male",72,"Unclassified","Single carriageway",40,NA,"Not a Pedestrian","Not a Pedestrian",427513,436959,"E01011690",2,"Not at junction or within 20 metres","Darkness - lighting unknown","Fine no high winds","Dry","Motorcyclist and pillion"
"6495","20171345N1570",2017-05-23,2017,"May",23,"18:15",18,15,"Tuesday","Slight",1,"Slight","Car occupant","Driver or rider","Female",40,"Unclassified","Single carriageway",30,"Unclassified","Not a Pedestrian","Not a Pedestrian",431842,436072,"E01011359",3,"T or staggered junction","Darkness - lighting unknown","Fine no high winds","Dry","Car occupant"
"6496","20171345O0350",2017-05-24,2017,"May",24,"08:12",8,12,"Wednesday","Slight",1,"Slight","Cyclist","Driver or rider","Male",44,"Unclassified","Single carriageway",30,NA,"Not a Pedestrian","Not a Pedestrian",429468,428153,"E01032498",2,"Not at junction or within 20 metres","Daylight","Fine no high winds","Dry","Cyclist"
"6497","20171345O0442",2017-05-24,2017,"May",24,"09:20",9,20,"Wednesday","Slight",2,"Slight","Car occupant","Driver or rider","Male",54,"A","Dual carriageway",60,"A(M)","Not a Pedestrian","Not a Pedestrian",424215,433980,"E01011287",2,"Slip road","Daylight","Fine no high winds","Dry","Car occupant"
"6498","20171345O1070",2017-05-24,2017,"May",24,"15:00",15,0,"Wednesday","Slight",1,"Slight","Car occupant","Driver or rider","Male",26,"Motorway","Roundabout",40,"A","Not a Pedestrian","Not a Pedestrian",428136,426389,"E01011550",2,"Roundabout","Daylight","Fine no high winds","Dry","Car occupant"
"6499","20171345O1073",2017-05-24,2017,"May",24,"15:03",15,3,"Wednesday","Slight",2,"Slight","Bus or coach occupant (17 or more pass seats)","Passenger","Female",68,"Unclassified","Single carriageway",30,NA,"Not a Pedestrian","Not a Pedestrian",429930,433534,"E01033010",2,"Not at junction or within 20 metres","Daylight","Fine no high winds","Dry","Bus and goods vehicle occupant"
"6500","20171345O1503",2017-05-24,2017,"May",24,"18:35",18,35,"Wednesday","Serious",2,"Serious","Car occupant","Driver or rider","Female",22,"Unclassified","Single carriageway",30,"Unclassified","Not a Pedestrian","Not a Pedestrian",428524,434281,"E01011681",2,"T or staggered junction","Darkness - lighting unknown","Fine no high winds","Dry","Car occupant"
"6501","20171345O1777",2017-05-24,2017,"May",24,"20:30",20,30,"Wednesday","Serious",1,"Serious","Cyclist","Driver or rider","Female",30,"A","Roundabout",40,"A","Not a Pedestrian","Not a Pedestrian",426848,438028,"E01011687",2,"Roundabout","Darkness - lighting unknown","Fine no high winds","Dry","Cyclist"
"6502","20171345P0365",2017-05-25,2017,"May",25,"08:39",8,39,"Thursday","Slight",1,"Slight","Motorcycle 50cc and under rider or passenger","Driver or rider","Male",18,"Unclassified","Single carriageway",30,"Unclassified","Not a Pedestrian","Not a Pedestrian",426647,433494,"E01032607",2,"Crossroads","Daylight","Fine no high winds","Dry","Motorcyclist and pillion"
"6503","20171345P1167",2017-05-25,2017,"May",25,"15:31",15,31,"Thursday","Slight",1,"Slight","Pedestrian","Pedestrian","Male",12,"Unclassified","Single carriageway",30,"Unclassified","In carriageway, crossing elsewhere","Crossing from offside - masked by  parked or stationary vehicle",429771,436620,"E01011355",1,"T or staggered junction","Daylight","Fine no high winds","Dry","Pedestrian"
"6504","20171345P1601",2017-05-25,2017,"May",25,"17:00",17,0,"Thursday","Slight",1,"Slight","Motorcycle over 500cc rider or passenger","Driver or rider","Male",59,"A","Single carriageway",50,"Unclassified","Not a Pedestrian","Not a Pedestrian",435891,428211,"E01011635",3,"T or staggered junction","Darkness - lighting unknown","Fine no high winds","Dry","Motorcyclist and pillion"
"6505","20171345P1492",2017-05-25,2017,"May",25,"17:45",17,45,"Thursday","Slight",1,"Slight","Car occupant","Driver or rider","Male",45,"Motorway","Dual carriageway",70,NA,"Not a Pedestrian","Not a Pedestrian",436377,425945,"E01011636",2,"Not at junction or within 20 metres","Darkness - lighting unknown","Fine no high winds","Dry","Car occupant"
"6506","20171345P1535",2017-05-25,2017,"May",25,"18:05",18,5,"Thursday","Slight",1,"Slight","Car occupant","Passenger","Female",1,"Unclassified","Single carriageway",30,"Unclassified","Not a Pedestrian","Not a Pedestrian",431621,436143,"E01011359",2,"T or staggered junction","Darkness - lighting unknown","Fine no high winds","Dry","Car occupant"
"6507","20171345P1837",2017-05-25,2017,"May",25,"20:00",20,0,"Thursday","Slight",1,"Slight","Cyclist","Driver or rider","Male",30,"A","Single carriageway",30,"Unclassified","Not a Pedestrian","Not a Pedestrian",422954,437695,"E01011452",2,"T or staggered junction","Darkness - lighting unknown","Fine no high winds","Dry","Cyclist"
"6508","20171345P2000",2017-05-25,2017,"May",25,"21:10",21,10,"Thursday","Slight",1,"Slight","Car occupant","Driver or rider","Female",18,"B","Single carriageway",30,"Unclassified","Not a Pedestrian","Not a Pedestrian",418963,441740,"E01011265",2,"T or staggered junction","Darkness - lighting unknown","Fine no high winds","Dry","Car occupant"
"6509","20171345Q0712",2017-05-26,2017,"May",26,"12:00",12,0,"Friday","Slight",1,"Slight","Car occupant","Driver or rider","Male",43,"Unclassified","One way street",30,"Unclassified","Not a Pedestrian","Not a Pedestrian",430432,435055,"E01011357",3,"T or staggered junction","Daylight","Fine no high winds","Dry","Car occupant"
"6510","20171345Q0788",2017-05-26,2017,"May",26,"12:45",12,45,"Friday","Slight",1,"Slight","Motorcycle 125cc and under rider or passenger","Driver or rider","Male",29,"Unclassified","Single carriageway",30,NA,"Not a Pedestrian","Not a Pedestrian",429584,436660,"E01011354",1,"Not at junction or within 20 metres","Daylight","Fine no high winds","Dry","Motorcyclist and pillion"
"6511","20171345T0976",2017-05-26,2017,"May",26,"13:45",13,45,"Friday","Slight",1,"Slight","Cyclist","Driver or rider","Male",21,"Unclassified","Single carriageway",30,"Unclassified","Not a Pedestrian","Not a Pedestrian",428465,435252,"E01011445",2,"Crossroads","Daylight","Fine no high winds","Dry","Cyclist"
"6512","20171345Q1462",2017-05-26,2017,"May",26,"17:21",17,21,"Friday","Slight",1,"Slight","Pedestrian","Pedestrian","Male",12,"A","Single carriageway",30,"Unclassified","In carriageway, crossing elsewhere","Crossing from driver's nearside",435221,434839,"E01011343",1,"Roundabout","Darkness - lighting unknown","Fine no high winds","Dry","Pedestrian"
"6513","20171345Q2338",2017-05-26,2017,"May",26,"23:22",23,22,"Friday","Serious",1,"Serious","Pedestrian","Pedestrian","Male",19,"A","Single carriageway",30,"Unclassified","Crossing elsewhere within 50m. of pedestrian crossing","Crossing from driver's offside",429309,435030,"E01033005",1,"T or staggered junction","Darkness - lights lit","Fine no high winds","Dry","Pedestrian"
"6514","20171345R2353",2017-05-27,2017,"May",27,"23:00",23,0,"Saturday","Slight",1,"Slight","Pedestrian","Pedestrian","Female",65,"A","Single carriageway",30,"Unclassified","Unknown or other","Crossing from driver's nearside",422238,436375,"E01011591",1,"Private drive or entrance","Darkness - lights lit","Fine no high winds","Wet or damp","Pedestrian"
"6515","20171345S0352",2017-05-28,2017,"May",28,"04:50",4,50,"Sunday","Slight",1,"Slight","Pedestrian","Pedestrian","Male",27,"Unclassified","Single carriageway",30,NA,"Crossing elsewhere within 50m. of pedestrian crossing","Crossing from driver's offside",430701,433454,"E01033011",1,"Not at junction or within 20 metres","Darkness - lighting unknown","Fine no high winds","Dry","Pedestrian"
"6516","20171345S1310",2017-05-28,2017,"May",28,"13:10",13,10,"Sunday","Serious",1,"Serious","Cyclist","Driver or rider","Male",49,"Unclassified","Single carriageway",30,"Unclassified","Not a Pedestrian","Not a Pedestrian",425407,440383,"E01011377",2,"T or staggered junction","Daylight","Fine no high winds","Dry","Cyclist"
"6517","20171345S1082",2017-05-28,2017,"May",28,"17:20",17,20,"Sunday","Slight",1,"Slight","Bus or coach occupant (17 or more pass seats)","Passenger","Male",18,"Unclassified","One way street",30,NA,"Not a Pedestrian","Not a Pedestrian",430582,432953,"E01033018",1,"Not at junction or within 20 metres","Darkness - lighting unknown","Fine no high winds","Dry","Bus and goods vehicle occupant"
"6518","20171345S1991",2017-05-28,2017,"May",28,"22:30",22,30,"Sunday","Slight",1,"Slight","Pedestrian","Pedestrian","Male",48,"Unclassified","Single carriageway",30,NA,"On footway or verge","Walking along in carriageway, facing traffic",435096,436574,"E01011659",1,"Not at junction or within 20 metres","Darkness - lights lit","Fine no high winds","Wet or damp","Pedestrian"
"6519","20171345U0281",2017-05-30,2017,"May",30,"07:50",7,50,"Tuesday","Slight",1,"Slight","Car occupant","Passenger","Male",34,"Unclassified","Single carriageway",30,"Unclassified","Not a Pedestrian","Not a Pedestrian",429132,432674,"E01033013",2,"T or staggered junction","Daylight","Fine no high winds","Dry","Car occupant"
"6520","20171345U0354",2017-05-30,2017,"May",30,"09:43",9,43,"Tuesday","Serious",1,"Serious","Pedestrian","Pedestrian","Female",27,"Unclassified","Dual carriageway",40,"Unclassified","In carriageway, crossing elsewhere","Crossing from driver's nearside",433065,434009,"E01011340",1,"Other junction","Daylight","Fine no high winds","Dry","Pedestrian"
"6521","2017134641002",2017-05-30,2017,"May",30,"12:00",12,0,"Tuesday","Slight",1,"Slight","Car occupant","Driver or rider","Female",29,"A(M)","Dual carriageway",70,NA,"Not a Pedestrian","Not a Pedestrian",441096,449534,"E01011704",2,"Not at junction or within 20 metres","Daylight","Fine no high winds","Dry","Car occupant"
"6522","20171345U1422",2017-05-30,2017,"May",30,"15:24",15,24,"Tuesday","Slight",1,"Slight","Bus or coach occupant (17 or more pass seats)","Passenger","Male",74,"Unclassified","Single carriageway",30,NA,"Not a Pedestrian","Not a Pedestrian",430102,433382,"E01033010",1,"Not at junction or within 20 metres","Daylight","Fine no high winds","Dry","Bus and goods vehicle occupant"
"6523","20171345V0271",2017-05-31,2017,"May",31,"07:25",7,25,"Wednesday","Slight",1,"Slight","Car occupant","Driver or rider","Female",29,"Unclassified","Single carriageway",40,"Unclassified","Not a Pedestrian","Not a Pedestrian",434620,441230,"E01011713",2,"Crossroads","Darkness - lighting unknown","Fine no high winds","Dry","Car occupant"
"6524","20171345V0514",2017-05-31,2017,"May",31,"10:48",10,48,"Wednesday","Slight",1,"Slight","Cyclist","Driver or rider","Male",19,"Unclassified","Single carriageway",30,"Unclassified","Not a Pedestrian","Not a Pedestrian",429559,431566,"E01011364",3,"Crossroads","Daylight","Fine no high winds","Dry","Cyclist"
"6525","20171345V1173",2017-05-31,2017,"May",31,"16:09",16,9,"Wednesday","Slight",1,"Slight","Pedestrian","Pedestrian","Male",3,"Unclassified","Single carriageway",30,NA,"In carriageway, crossing elsewhere","Crossing from driver's offside",431416,435239,"E01011429",1,"Not at junction or within 20 metres","Daylight","Fine no high winds","Dry","Pedestrian"
"6526","20171345V1564",2017-05-31,2017,"May",31,"18:00",18,0,"Wednesday","Slight",1,"Slight","Car occupant","Driver or rider","Female",24,"Unclassified","Single carriageway",30,NA,"Not a Pedestrian","Not a Pedestrian",425848,434400,"E01011283",3,"Not at junction or within 20 metres","Darkness - lighting unknown","Fine no high winds","Dry","Car occupant"
"6527","2017134610732",2017-06-01,2017,"Jun",1,"12:20",12,20,"Thursday","Slight",1,"Slight","Pedestrian","Pedestrian","Female",18,"Unclassified","Single carriageway",30,NA,"In carriageway, crossing elsewhere","Crossing from nearside - masked by parked or stationary vehicle",425137,434208,"E01032606",1,"Not at junction or within 20 metres","Daylight","Fine no high winds","Dry","Pedestrian"
"6528","2017134610951",2017-06-01,2017,"Jun",1,"13:10",13,10,"Thursday","Slight",2,"Slight","Car occupant","Driver or rider","Female",37,"Unclassified","Single carriageway",30,NA,"Not a Pedestrian","Not a Pedestrian",430062,433712,"E01033010",1,"Not at junction or within 20 metres","Daylight","Fine no high winds","Dry","Car occupant"
"6529","2017134611280",2017-06-01,2017,"Jun",1,"14:40",14,40,"Thursday","Slight",1,"Slight","Motorcycle 125cc and under rider or passenger","Driver or rider","Female",39,"A","Dual carriageway",30,"Unclassified","Not a Pedestrian","Not a Pedestrian",427300,433624,"E01011293",2,"Crossroads","Daylight","Fine no high winds","Dry","Motorcyclist and pillion"
"6530","2017134611093",2017-06-01,2017,"Jun",1,"15:16",15,16,"Thursday","Slight",1,"Slight","Taxi/Private hire car occupant","Passenger","Female",36,"Unclassified","Dual carriageway",30,"Unclassified","Not a Pedestrian","Not a Pedestrian",430884,434255,"E01033031",2,"Crossroads","Daylight","Fine no high winds","Dry","Car occupant"
"6531","2017134611608",2017-06-01,2017,"Jun",1,"15:20",15,20,"Thursday","Slight",1,"Slight","Bus or coach occupant (17 or more pass seats)","Passenger","Female",66,"B","Dual carriageway",30,"Unclassified","Not a Pedestrian","Not a Pedestrian",434140,433892,"E01011341",2,"T or staggered junction","Daylight","Fine no high winds","Dry","Bus and goods vehicle occupant"
"6532","20171346U1114",2017-06-01,2017,"Jun",1,"15:27",15,27,"Thursday","Slight",1,"Slight","Car occupant","Passenger","Female",29,"A","Roundabout",40,"A","Not a Pedestrian","Not a Pedestrian",435900,436383,"E01011720",2,"Roundabout","Daylight","Fine no high winds","Dry","Car occupant"
"6533","2017134610704",2017-06-01,2017,"Jun",1,"16:00",16,0,"Thursday","Slight",1,"Slight","Pedestrian","Pedestrian","Female",11,"Unclassified","Single carriageway",30,NA,"On footway or verge","Unknown or other",427468,438752,"E01011385",1,"Not at junction or within 20 metres","Daylight","Fine no high winds","Dry","Pedestrian"
"6534","2017134611667",2017-06-01,2017,"Jun",1,"19:30",19,30,"Thursday","Slight",1,"Slight","Motorcycle 125cc and under rider or passenger","Driver or rider","Male",22,"Unclassified","Single carriageway",30,"Unclassified","Not a Pedestrian","Not a Pedestrian",428588,437458,"E01011689",2,"Private drive or entrance","Darkness - lighting unknown","Fine no high winds","Dry","Motorcyclist and pillion"
"6535","2017134620689",2017-06-02,2017,"Jun",2,"11:30",11,30,"Friday","Slight",3,"Slight","Bus or coach occupant (17 or more pass seats)","Passenger","Female",70,"Unclassified","Single carriageway",30,"A(M)","Not a Pedestrian","Not a Pedestrian",428760,433290,"E01011363",2,"T or staggered junction","Daylight","Fine no high winds","Dry","Bus and goods vehicle occupant"
"6536","2017134620924",2017-06-02,2017,"Jun",2,"13:25",13,25,"Friday","Slight",1,"Slight","Car occupant","Passenger","Female",8,"A","Dual carriageway",40,"Motorway","Not a Pedestrian","Not a Pedestrian",433689,429590,"E01011639",2,"Roundabout","Daylight","Fine no high winds","Dry","Car occupant"
"6537","2017134621068",2017-06-02,2017,"Jun",2,"14:30",14,30,"Friday","Slight",1,"Slight","Pedestrian","Pedestrian","Male",51,"Unclassified","Single carriageway",30,NA,"On footway or verge","Unknown or other",430386,433618,"E01033010",1,"Not at junction or within 20 metres","Daylight","Fine no high winds","Dry","Pedestrian"
"6538","2017134630961",2017-06-03,2017,"Jun",3,"13:00",13,0,"Saturday","Slight",3,"Slight","Bus or coach occupant (17 or more pass seats)","Passenger","Female",32,"Unclassified","Single carriageway",30,NA,"Not a Pedestrian","Not a Pedestrian",432671,437966,"E01011655",2,"Not at junction or within 20 metres","Daylight","Fine no high winds","Dry","Bus and goods vehicle occupant"
"6539","2017134630981",2017-06-03,2017,"Jun",3,"13:25",13,25,"Saturday","Serious",5,"Serious","Car occupant","Driver or rider","Male",58,"Motorway","Dual carriageway",50,NA,"Not a Pedestrian","Not a Pedestrian",436169,431176,"E01011420",2,"Not at junction or within 20 metres","Daylight","Fine no high winds","Dry","Car occupant"
"6540","2017134631107",2017-06-03,2017,"Jun",3,"14:30",14,30,"Saturday","Slight",3,"Slight","Car occupant","Passenger","Female",35,"Unclassified","One way street",30,NA,"Not a Pedestrian","Not a Pedestrian",437027,429239,"E01011637",3,"Not at junction or within 20 metres","Daylight","Fine no high winds","Dry","Car occupant"
"6541","2017134650743",2017-06-04,2017,"Jun",4,"09:30",9,30,"Sunday","Slight",1,"Slight","Pedestrian","Pedestrian","Female",80,"Unclassified","Single carriageway",30,NA,"In carriageway, crossing elsewhere","Unknown or other",428588,437268,"E01011689",1,"Not at junction or within 20 metres","Daylight","Fine no high winds","Dry","Pedestrian"
"6542","20171346C0676",2017-06-04,2017,"Jun",4,"15:40",15,40,"Sunday","Slight",1,"Slight","Cyclist","Driver or rider","Male",12,"Unclassified","Single carriageway",30,"Unclassified","Not a Pedestrian","Not a Pedestrian",425092,438073,"E01011464",2,"T or staggered junction","Daylight","Fine no high winds","Dry","Cyclist"
"6543","2017134641847",2017-06-04,2017,"Jun",4,"21:15",21,15,"Sunday","Slight",1,"Slight","Cyclist","Driver or rider","Male",39,"Unclassified","Single carriageway",30,NA,"Not a Pedestrian","Not a Pedestrian",433005,435019,"E01011339",1,"Not at junction or within 20 metres","Darkness - lighting unknown","Fine no high winds","Dry","Cyclist"
"6544","2017134650464",2017-06-05,2017,"Jun",5,"10:07",10,7,"Monday","Slight",1,"Slight","Van / Goods vehicle (3.5 tonnes mgw or under) occupant","Driver or rider","Male",62,"A","Dual carriageway",40,"A","Not a Pedestrian","Not a Pedestrian",430488,431744,"E01011467",2,"T or staggered junction","Daylight","Raining no high winds","Wet or damp","Bus and goods vehicle occupant"
"6545","2017134620956",2017-06-05,2017,"Jun",5,"13:47",13,47,"Monday","Serious",1,"Serious","Bus or coach occupant (17 or more pass seats)","Passenger","Male",79,"Unclassified","Single carriageway",30,"Unclassified","Not a Pedestrian","Not a Pedestrian",430077,433771,"E01033010",1,"Crossroads","Daylight","Fine no high winds","Dry","Bus and goods vehicle occupant"
"6546","2017134651398",2017-06-05,2017,"Jun",5,"17:31",17,31,"Monday","Slight",1,"Slight","Car occupant","Driver or rider","Female",29,"Unclassified","Single carriageway",30,"Unclassified","Not a Pedestrian","Not a Pedestrian",432469,434792,"E01011344",2,"T or staggered junction","Darkness - lighting unknown","Fine no high winds","Dry","Car occupant"
"6547","2017134651445",2017-06-05,2017,"Jun",5,"17:50",17,50,"Monday","Slight",2,"Slight","Car occupant","Driver or rider","Male",29,"Motorway","Dual carriageway",50,"Motorway","Not a Pedestrian","Not a Pedestrian",429439,432020,"E01011364",2,"Slip road","Darkness - lighting unknown","Raining no high winds","Wet or damp","Car occupant"