"","accident_index","date","year","month","day","time","time_hour","time_minute","day_of_week","accident_severity","number_of_casualties","casualty_severity","casualty_type","casualty_class","sex_of_casualty","age_of_casualty","first_road_class","road_type","speed_limit","second_road_class","pedestrian_location","pedestrian_movement","location_easting_osgr","location_northing_osgr","lsoa_of_accident_location","number_of_vehicles","junction_detail","light_conditions","weather_conditions","road_surface_conditions","cas_type"
"6548","2017134661041",2017-06-06,2017,"Jun",6,"14:55",14,55,"Tuesday","Slight",1,"Slight","Pedestrian","Pedestrian","Female",12,"Unclassified","Single carriageway",30,"Unclassified","In carriageway, crossing elsewhere","Unknown or other",426318,437712,"E01011687",1,"Crossroads","Daylight","Raining + high winds","Wet or damp","Pedestrian"
"6549","2017134670389",2017-06-07,2017,"Jun",7,"08:58",8,58,"Wednesday","Serious",1,"Serious","Cyclist","Driver or rider","Male",45,"A","Dual carriageway",30,NA,"Not a Pedestrian","Not a Pedestrian",428304,434117,"E01011681",3,"Not at junction or within 20 metres","Daylight","Fine + high winds","Dry","Cyclist"
"6550","2017134680322",2017-06-08,2017,"Jun",8,"07:55",7,55,"Thursday","Serious",1,"Serious","Cyclist","Driver or rider","Male",51,"A","Dual carriageway",30,"Unclassified","Not a Pedestrian","Not a Pedestrian",429137,435242,"E01033005",2,"T or staggered junction","Daylight","Raining no high winds","Wet or damp","Cyclist"
"6551","2017134690826",2017-06-08,2017,"Jun",8,"10:50",10,50,"Thursday","Slight",1,"Slight","Cyclist","Driver or rider","Female",23,"Unclassified","Single carriageway",30,"Unclassified","Not a Pedestrian","Not a Pedestrian",429966,435049,"E01033005",2,"T or staggered junction","Daylight","Raining + high winds","Wet or damp","Cyclist"
"6552","2017134680655",2017-06-08,2017,"Jun",8,"11:20",11,20,"Thursday","Slight",1,"Slight","Taxi/Private hire car occupant","Driver or rider","Male",22,"B","Roundabout",30,"A","Not a Pedestrian","Not a Pedestrian",428509,433045,"E01011363",2,"Roundabout","Daylight","Raining + high winds","Wet or damp","Car occupant"
"6553","2017134681285",2017-06-08,2017,"Jun",8,"16:20",16,20,"Thursday","Serious",1,"Serious","Motorcycle 125cc and under rider or passenger","Driver or rider","Male",54,"A","Single carriageway",30,NA,"Not a Pedestrian","Not a Pedestrian",421699,440966,"E01011578",2,"Not at junction or within 20 metres","Daylight","Raining no high winds","Wet or damp","Motorcyclist and pillion"
"6554","2017134690514",2017-06-09,2017,"Jun",9,"10:20",10,20,"Friday","Slight",1,"Slight","Cyclist","Driver or rider","Female",53,"Unclassified","Single carriageway",30,"Unclassified","Not a Pedestrian","Not a Pedestrian",428238,436523,"E01011693",2,"Crossroads","Daylight","Fine no high winds","Dry","Cyclist"
"6555","2017134591031",2017-06-09,2017,"Jun",9,"14:40",14,40,"Friday","Serious",1,"Serious","Pedestrian","Pedestrian","Male",79,"A","Single carriageway",30,NA,"In carriageway, crossing elsewhere","Crossing from driver's offside",431629,435294,"E01011429",1,"Not at junction or within 20 metres","Daylight","Fine no high winds","Dry","Pedestrian"
"6556","2017134691344",2017-06-09,2017,"Jun",9,"15:20",15,20,"Friday","Slight",1,"Slight","Pedestrian","Pedestrian","Male",12,"B","Single carriageway",30,NA,"In carriageway, crossing elsewhere","Crossing from driver's offside",426188,427527,"E01011530",1,"Not at junction or within 20 metres","Daylight","Fine no high winds","Dry","Pedestrian"
"6557","2017134692149",2017-06-09,2017,"Jun",9,"22:20",22,20,"Friday","Serious",1,"Serious","Pedestrian","Pedestrian","Male",32,"A","Dual carriageway",40,"Unclassified","In carriageway, crossing elsewhere","Crossing from driver's offside",431310,432776,"E01011626",1,"Other junction","Darkness - lights lit","Fine no high winds","Dry","Pedestrian"
"6558","20171346A0599",2017-06-10,2017,"Jun",10,"10:18",10,18,"Saturday","Serious",1,"Serious","Car occupant","Driver or rider","Female",49,"Unclassified","Single carriageway",60,NA,"Not a Pedestrian","Not a Pedestrian",440495,434863,"E01011297",2,"Not at junction or within 20 metres","Daylight","Raining no high winds","Wet or damp","Car occupant"
"6559","20171346A0922",2017-06-10,2017,"Jun",10,"13:24",13,24,"Saturday","Slight",1,"Slight","Car occupant","Passenger","Male",22,"A","Dual carriageway",30,"Unclassified","Not a Pedestrian","Not a Pedestrian",430616,432656,"E01033018",2,"T or staggered junction","Daylight","Fine no high winds","Dry","Car occupant"
"6560","20171346A0962",2017-06-10,2017,"Jun",10,"13:40",13,40,"Saturday","Slight",2,"Slight","Car occupant","Driver or rider","Female",22,"Unclassified","Single carriageway",30,"Unclassified","Not a Pedestrian","Not a Pedestrian",431006,430598,"E01011471",2,"T or staggered junction","Daylight","Fine no high winds","Dry","Car occupant"
"6561","20171346A1319",2017-06-10,2017,"Jun",10,"16:47",16,47,"Saturday","Slight",4,"Slight","Car occupant","Driver or rider","Female",37,"A","Single carriageway",40,"Unclassified","Not a Pedestrian","Not a Pedestrian",423753,435644,"E01011330",2,"Crossroads","Daylight","Fine no high winds","Dry","Car occupant"
"6562","2017134691359",2017-06-10,2017,"Jun",10,"16:50",16,50,"Saturday","Slight",2,"Slight","Car occupant","Driver or rider","Female",23,"B","Single carriageway",40,NA,"Not a Pedestrian","Not a Pedestrian",424844,425602,"E01011534",3,"Not at junction or within 20 metres","Daylight","Fine no high winds","Dry","Car occupant"
"6563","20171346A1325",2017-06-10,2017,"Jun",10,"16:52",16,52,"Saturday","Slight",1,"Slight","Car occupant","Passenger","Female",14,"Unclassified","Single carriageway",30,"Unclassified","Not a Pedestrian","Not a Pedestrian",432603,436891,"E01011645",7,"T or staggered junction","Daylight","Fine no high winds","Dry","Car occupant"
"6564","20171346A0958",2017-06-10,2017,"Jun",10,"19:25",19,25,"Saturday","Slight",2,"Slight","Car occupant","Driver or rider","Male",23,"Motorway","Dual carriageway",70,NA,"Not a Pedestrian","Not a Pedestrian",432165,427228,"E01032495",3,"Not at junction or within 20 metres","Darkness - lighting unknown","Fine no high winds","Wet or damp","Car occupant"
"6565","20171346B0973",2017-06-11,2017,"Jun",11,"16:00",16,0,"Sunday","Serious",1,"Serious","Motorcycle over 500cc rider or passenger","Driver or rider","Male",50,"Unclassified","Single carriageway",30,NA,"Not a Pedestrian","Not a Pedestrian",420910,441149,"E01011274",1,"Not at junction or within 20 metres","Daylight","Fine no high winds","Dry","Motorcyclist and pillion"
"6566","20171346C0943",2017-06-12,2017,"Jun",12,"14:00",14,0,"Monday","Slight",1,"Slight","Car occupant","Driver or rider","Male",58,"A","Single carriageway",30,"Unclassified","Not a Pedestrian","Not a Pedestrian",435715,436955,"E01011720",2,"T or staggered junction","Daylight","Fine no high winds","Dry","Car occupant"
"6567","20171346C1937",2017-06-12,2017,"Jun",12,"16:30",16,30,"Monday","Slight",1,"Slight","Pedestrian","Pedestrian","Male",13,"A","Single carriageway",30,"Unclassified","In carriageway, crossing elsewhere","Crossing from driver's nearside",420411,440107,"E01011278",1,"T or staggered junction","Daylight","Fine no high winds","Dry","Pedestrian"
"6568","20171346C1673",2017-06-12,2017,"Jun",12,"18:45",18,45,"Monday","Serious",1,"Serious","Pedestrian","Pedestrian","Male",8,"Unclassified","Single carriageway",30,NA,"In carriageway, crossing elsewhere","Crossing from driver's nearside",435802,434369,"E01011345",1,"Not at junction or within 20 metres","Darkness - lighting unknown","Fine no high winds","Dry","Pedestrian"
"6569","20171346D0110",2017-06-13,2017,"Jun",13,"01:40",1,40,"Tuesday","Slight",1,"Slight","Car occupant","Driver or rider","Male",39,"A","Single carriageway",30,"B","Not a Pedestrian","Not a Pedestrian",431970,435823,"E01011422",2,"Crossroads","Darkness - lights lit","Fine no high winds","Dry","Car occupant"
"6570","20171346D1370",2017-06-13,2017,"Jun",13,"16:34",16,34,"Tuesday","Serious",1,"Serious","Motorcycle 125cc and under rider or passenger","Driver or rider","Male",17,"A","Single carriageway",40,"Unclassified","Not a Pedestrian","Not a Pedestrian",425210,443317,"E01011576",2,"T or staggered junction","Daylight","Fine no high winds","Dry","Motorcyclist and pillion"
"6571","20171346E0216",2017-06-14,2017,"Jun",14,"06:39",6,39,"Wednesday","Slight",1,"Slight","Car occupant","Driver or rider","Male",20,"A","Single carriageway",40,"Unclassified","Not a Pedestrian","Not a Pedestrian",423418,437624,"E01011465",2,"T or staggered junction","Darkness - lighting unknown","Fine no high winds","Dry","Car occupant"
"6572","20171346E0760",2017-06-14,2017,"Jun",14,"08:50",8,50,"Wednesday","Slight",1,"Slight","Cyclist","Driver or rider","Male",17,"A","Single carriageway",30,"Unclassified","Not a Pedestrian","Not a Pedestrian",429273,430094,"E01011319",2,"T or staggered junction","Daylight","Fine no high winds","Dry","Cyclist"
"6573","20171346E2081",2017-06-14,2017,"Jun",14,"21:41",21,41,"Wednesday","Slight",1,"Slight","Car occupant","Driver or rider","Female",35,"B","Single carriageway",30,NA,"Not a Pedestrian","Not a Pedestrian",421702,435795,"E01011592",1,"Not at junction or within 20 metres","Darkness - lights lit","Fine no high winds","Dry","Car occupant"
"6574","20171346F0896",2017-06-15,2017,"Jun",15,"13:18",13,18,"Thursday","Serious",1,"Serious","Pedestrian","Pedestrian","Male",73,"Unclassified","Single carriageway",30,NA,"Crossing on pedestrian crossing facility","Crossing from driver's nearside",430391,433622,"E01033010",1,"Not at junction or within 20 metres","Daylight","Fine no high winds","Dry","Pedestrian"
"6575","20171346F1168",2017-06-15,2017,"Jun",15,"15:13",15,13,"Thursday","Slight",1,"Slight","Cyclist","Driver or rider","Male",12,"Unclassified","Single carriageway",30,"Unclassified","Not a Pedestrian","Not a Pedestrian",429093,428697,"E01032498",2,"T or staggered junction","Daylight","Fine no high winds","Dry","Cyclist"
"6576","20171346F1275",2017-06-15,2017,"Jun",15,"15:30",15,30,"Thursday","Slight",1,"Slight","Motorcycle over 500cc rider or passenger","Passenger","Female",32,"A","Single carriageway",60,NA,"Not a Pedestrian","Not a Pedestrian",443277,431653,"E01011299",1,"Not at junction or within 20 metres","Daylight","Fine no high winds","Dry","Motorcyclist and pillion"
"6577","20171346G1177",2017-06-16,2017,"Jun",16,"13:30",13,30,"Friday","Slight",1,"Slight","Car occupant","Driver or rider","Female",20,"Unclassified","Single carriageway",30,"Unclassified","Not a Pedestrian","Not a Pedestrian",429430,433463,"E01033008",2,"Crossroads","Daylight","Fine no high winds","Dry","Car occupant"
"6578","20171346G1553",2017-06-16,2017,"Jun",16,"18:45",18,45,"Friday","Slight",1,"Slight","Car occupant","Driver or rider","Male",31,"Unclassified","Single carriageway",30,"Unclassified","Not a Pedestrian","Not a Pedestrian",431306,428963,"E01011475",2,"T or staggered junction","Darkness - lighting unknown","Fine no high winds","Dry","Car occupant"
"6579","20171346G1933",2017-06-16,2017,"Jun",16,"20:42",20,42,"Friday","Slight",1,"Slight","Car occupant","Driver or rider","Male",25,"Unclassified","Single carriageway",30,NA,"Not a Pedestrian","Not a Pedestrian",431471,434212,"E01033035",3,"Not at junction or within 20 metres","Darkness - lighting unknown","Fine no high winds","Dry","Car occupant"
"6580","20171346H1148",2017-06-17,2017,"Jun",17,"14:43",14,43,"Saturday","Serious",1,"Serious","Cyclist","Driver or rider","Male",6,"Unclassified","Single carriageway",30,NA,"Not a Pedestrian","Not a Pedestrian",431599,435915,"E01011359",2,"Not at junction or within 20 metres","Daylight","Fine no high winds","Dry","Cyclist"
"6581","20171346H1161",2017-06-17,2017,"Jun",17,"14:50",14,50,"Saturday","Serious",1,"Serious","Cyclist","Driver or rider","Male",12,"B","Single carriageway",30,"Unclassified","Not a Pedestrian","Not a Pedestrian",431935,435878,"E01011422",2,"T or staggered junction","Daylight","Fine no high winds","Dry","Cyclist"
"6582","20171346H1963",2017-06-17,2017,"Jun",17,"21:05",21,5,"Saturday","Slight",1,"Slight","Car occupant","Driver or rider","Female",51,"Unclassified","Single carriageway",30,"Unclassified","Not a Pedestrian","Not a Pedestrian",431760,436135,"E01011359",2,"Crossroads","Darkness - lights lit","Fine no high winds","Dry","Car occupant"
"6583","20171346H2217",2017-06-17,2017,"Jun",17,"22:56",22,56,"Saturday","Slight",1,"Slight","Pedestrian","Pedestrian","Male",40,"Unclassified","Single carriageway",30,NA,"Crossing elsewhere within 50m. of pedestrian crossing","Crossing from driver's nearside",430065,433802,"E01033010",1,"Not at junction or within 20 metres","Darkness - lights lit","Fine no high winds","Dry","Pedestrian"
"6584","20171346I0282",2017-06-18,2017,"Jun",18,"02:05",2,5,"Sunday","Slight",1,"Slight","Car occupant","Driver or rider","Female",21,"A","Single carriageway",50,NA,"Not a Pedestrian","Not a Pedestrian",442616,427449,"E01011299",1,"Not at junction or within 20 metres","Darkness - lighting unknown","Fine no high winds","Dry","Car occupant"
"6585","20171347E0385",2017-06-18,2017,"Jun",18,"22:01",22,1,"Sunday","Slight",1,"Slight","Other vehicle occupant","Driver or rider","Male",64,"Unclassified","Single carriageway",30,"Unclassified","Not a Pedestrian","Not a Pedestrian",436633,434648,"E01011409",2,"T or staggered junction","Darkness - lights lit","Fine no high winds","Dry","Others"
"6586","20171346J0570",2017-06-19,2017,"Jun",19,"09:35",9,35,"Monday","Slight",1,"Slight","Cyclist","Driver or rider","Male",37,"Unclassified","One way street",40,"Unclassified","Not a Pedestrian","Not a Pedestrian",430386,434954,"E01011671",2,"Other junction","Daylight","Fine no high winds","Dry","Cyclist"
"6587","20171346J1120",2017-06-19,2017,"Jun",19,"13:30",13,30,"Monday","Slight",1,"Slight","Car occupant","Driver or rider","Female",22,"A","Single carriageway",30,"Unclassified","Not a Pedestrian","Not a Pedestrian",425681,426876,"E01011534",2,"T or staggered junction","Daylight","Fine no high winds","Dry","Car occupant"
"6588","20171346J1688",2017-06-19,2017,"Jun",19,"17:35",17,35,"Monday","Slight",1,"Slight","Car occupant","Passenger","Female",16,"A","Dual carriageway",70,NA,"Not a Pedestrian","Not a Pedestrian",422996,434140,"E01011587",5,"Not at junction or within 20 metres","Darkness - lighting unknown","Fine no high winds","Dry","Car occupant"
"6589","20171346K0836",2017-06-20,2017,"Jun",20,"08:45",8,45,"Tuesday","Slight",1,"Slight","Cyclist","Driver or rider","Female",28,"A","Single carriageway",30,"Unclassified","Not a Pedestrian","Not a Pedestrian",429383,434952,"E01033005",2,"T or staggered junction","Daylight","Fine no high winds","Dry","Cyclist"
"6590","20171346K0681",2017-06-20,2017,"Jun",20,"11:15",11,15,"Tuesday","Slight",4,"Slight","Bus or coach occupant (17 or more pass seats)","Passenger","Male",49,"A","Dual carriageway",40,NA,"Not a Pedestrian","Not a Pedestrian",433194,434040,"E01011340",2,"Not at junction or within 20 metres","Daylight","Fine no high winds","Dry","Bus and goods vehicle occupant"
"6591","20171346K0788",2017-06-20,2017,"Jun",20,"12:20",12,20,"Tuesday","Slight",2,"Slight","Car occupant","Driver or rider","Male",18,"A","Single carriageway",30,"Unclassified","Not a Pedestrian","Not a Pedestrian",419547,441606,"E01011267",5,"Crossroads","Daylight","Fine no high winds","Dry","Car occupant"
"6592","20171346K1425",2017-06-20,2017,"Jun",20,"16:30",16,30,"Tuesday","Slight",1,"Slight","Cyclist","Driver or rider","Male",6,"Unclassified","Single carriageway",30,"Unclassified","Not a Pedestrian","Not a Pedestrian",431642,435064,"E01011677",2,"Crossroads","Daylight","Fine no high winds","Dry","Cyclist"
"6593","20171346K2288",2017-06-20,2017,"Jun",20,"23:45",23,45,"Tuesday","Slight",1,"Slight","Car occupant","Driver or rider","Female",58,"Unclassified","One way street",30,NA,"Not a Pedestrian","Not a Pedestrian",429952,428053,"E01011494",3,"Not at junction or within 20 metres","Darkness - lights lit","Fine no high winds","Dry","Car occupant"
"6594","20171346L0439",2017-06-21,2017,"Jun",21,"09:00",9,0,"Wednesday","Slight",1,"Slight","Cyclist","Driver or rider","Male",64,"A","Single carriageway",30,"Unclassified","Not a Pedestrian","Not a Pedestrian",433917,434093,"E01011346",2,"Other junction","Daylight","Fine no high winds","Dry","Cyclist"
"6595","20171346L1306",2017-06-21,2017,"Jun",21,"15:40",15,40,"Wednesday","Slight",1,"Slight","Car occupant","Driver or rider","Female",24,"Unclassified","Single carriageway",30,"Unclassified","Not a Pedestrian","Not a Pedestrian",426067,436366,"E01011485",2,"T or staggered junction","Daylight","Fine no high winds","Dry","Car occupant"
"6596","20171346M0455",2017-06-22,2017,"Jun",22,"09:14",9,14,"Thursday","Slight",1,"Slight","Car occupant","Driver or rider","Male",39,"Unclassified","Single carriageway",30,"Unclassified","Not a Pedestrian","Not a Pedestrian",422878,439312,"E01011455",2,"T or staggered junction","Daylight","Fine no high winds","Dry","Car occupant"
"6597","20171346M0902",2017-06-22,2017,"Jun",22,"13:17",13,17,"Thursday","Slight",1,"Slight","Car occupant","Driver or rider","Male",45,"Unclassified","Single carriageway",30,"Unclassified","Not a Pedestrian","Not a Pedestrian",432498,434068,"E01011348",2,"T or staggered junction","Daylight","Fine no high winds","Dry","Car occupant"
"6598","20171346M1060",2017-06-22,2017,"Jun",22,"14:30",14,30,"Thursday","Slight",2,"Slight","Pedestrian","Pedestrian","Male",25,"A","Single carriageway",40,NA,"In carriageway, crossing elsewhere","Crossing from driver's nearside",425956,438110,"E01011684",1,"Not at junction or within 20 metres","Daylight","Fine no high winds","Dry","Pedestrian"
"6599","20171346M1347",2017-06-22,2017,"Jun",22,"16:40",16,40,"Thursday","Fatal",2,"Fatal","Pedestrian","Pedestrian","Female",18,"A","Single carriageway",40,"Unclassified","On footway or verge","Walking along in carriageway, facing traffic",423760,444326,"E01011570",1,"Other junction","Daylight","Fine no high winds","Dry","Pedestrian"
"6600","20171346M1566",2017-06-22,2017,"Jun",22,"18:22",18,22,"Thursday","Slight",1,"Slight","Car occupant","Driver or rider","Female",50,"A","Single carriageway",40,"Unclassified","Not a Pedestrian","Not a Pedestrian",427779,431697,"E01011362",2,"T or staggered junction","Darkness - lighting unknown","Fine no high winds","Dry","Car occupant"
"6601","20171346M1601",2017-06-22,2017,"Jun",22,"18:41",18,41,"Thursday","Slight",1,"Slight","Car occupant","Driver or rider","Female",48,"A","Single carriageway",30,NA,"Not a Pedestrian","Not a Pedestrian",428458,426086,"E01011553",4,"Not at junction or within 20 metres","Darkness - lighting unknown","Fine no high winds","Dry","Car occupant"
"6602","20171346N0212",2017-06-23,2017,"Jun",23,"05:05",5,5,"Friday","Serious",1,"Serious","Motorcycle 125cc and under rider or passenger","Driver or rider","Male",24,"Unclassified","Single carriageway",30,NA,"Not a Pedestrian","Not a Pedestrian",429989,433390,"E01033010",1,"Not at junction or within 20 metres","Darkness - lighting unknown","Fine no high winds","Dry","Motorcyclist and pillion"
"6603","20171346N0833",2017-06-23,2017,"Jun",23,"13:00",13,0,"Friday","Slight",1,"Slight","Car occupant","Driver or rider","Female",33,"Unclassified","One way street",30,NA,"Not a Pedestrian","Not a Pedestrian",430437,433862,"E01033010",2,"Not at junction or within 20 metres","Daylight","Fine no high winds","Dry","Car occupant"
"6604","20171346N0984",2017-06-23,2017,"Jun",23,"14:15",14,15,"Friday","Slight",2,"Slight","Car occupant","Driver or rider","Female",36,"A","Dual carriageway",30,"Motorway","Not a Pedestrian","Not a Pedestrian",430487,431747,"E01011364",2,"T or staggered junction","Daylight","Fine no high winds","Dry","Car occupant"
"6605","20171346N1334",2017-06-23,2017,"Jun",23,"16:25",16,25,"Friday","Slight",1,"Slight","Van / Goods vehicle (3.5 tonnes mgw or under) occupant","Driver or rider","Male",39,"Unclassified","Single carriageway",60,"Unclassified","Not a Pedestrian","Not a Pedestrian",427613,441656,"E01032504",3,"T or staggered junction","Daylight","Fine no high winds","Wet or damp","Bus and goods vehicle occupant"
"6606","20171346N1646",2017-06-23,2017,"Jun",23,"18:30",18,30,"Friday","Serious",1,"Serious","Cyclist","Driver or rider","Male",44,"A","Single carriageway",30,NA,"Not a Pedestrian","Not a Pedestrian",420763,439806,"E01011278",2,"Not at junction or within 20 metres","Darkness - lighting unknown","Raining no high winds","Wet or damp","Cyclist"
"6607","20171346N1495",2017-06-23,2017,"Jun",23,"18:34",18,34,"Friday","Serious",6,"Serious","Car occupant","Driver or rider","Male",19,"A","Dual carriageway",40,NA,"Not a Pedestrian","Not a Pedestrian",425295,432956,"E01011726",5,"Not at junction or within 20 metres","Darkness - lighting unknown","Raining no high winds","Wet or damp","Car occupant"
"6608","20171346N1693",2017-06-23,2017,"Jun",23,"18:57",18,57,"Friday","Slight",6,"Slight","Car occupant","Driver or rider","Female",52,"Unclassified","Single carriageway",60,NA,"Not a Pedestrian","Not a Pedestrian",421573,441921,"E01011269",2,"Not at junction or within 20 metres","Darkness - lighting unknown","Raining no high winds","Wet or damp","Car occupant"
"6609","20171346N2110",2017-06-23,2017,"Jun",23,"22:05",22,5,"Friday","Slight",1,"Slight","Pedestrian","Pedestrian","Male",44,"Unclassified","Single carriageway",30,NA,"In carriageway, crossing elsewhere","Crossing from driver's nearside",429410,435417,"E01011668",1,"Not at junction or within 20 metres","Darkness - lights lit","Fine no high winds","Dry","Pedestrian"
"6610","20171347A1281",2017-06-24,2017,"Jun",24,"01:30",1,30,"Saturday","Serious",1,"Serious","Pedestrian","Pedestrian","Male",37,"Unclassified","Single carriageway",30,"Unclassified","Unknown or other","Unknown or other",422995,432459,"E01011607",1,"T or staggered junction","Darkness - lighting unknown","Fine no high winds","Dry","Pedestrian"
"6611","20171346O1334",2017-06-24,2017,"Jun",24,"16:10",16,10,"Saturday","Slight",2,"Slight","Car occupant","Driver or rider","Male",32,"Motorway","Dual carriageway",70,NA,"Not a Pedestrian","Not a Pedestrian",425956,429181,"E01011528",2,"Not at junction or within 20 metres","Daylight","Fine no high winds","Dry","Car occupant"
"6612","20171346O2049",2017-06-24,2017,"Jun",24,"22:00",22,0,"Saturday","Serious",1,"Serious","Car occupant","Driver or rider","Male",81,"Unclassified","Single carriageway",40,NA,"Not a Pedestrian","Not a Pedestrian",435080,440645,"E01011311",2,"Not at junction or within 20 metres","Darkness - no lighting","Fine no high winds","Dry","Car occupant"
"6613","20171346O2056",2017-06-24,2017,"Jun",24,"22:00",22,0,"Saturday","Slight",1,"Slight","Car occupant","Driver or rider","Female",53,"Unclassified","Single carriageway",30,"Unclassified","Not a Pedestrian","Not a Pedestrian",431583,426811,"E01032495",2,"T or staggered junction","Darkness - lights lit","Fine no high winds","Dry","Car occupant"
"6614","20171346O2233",2017-06-24,2017,"Jun",24,"23:18",23,18,"Saturday","Slight",1,"Slight","Car occupant","Passenger","Female",83,"Unclassified","Single carriageway",30,"Unclassified","Not a Pedestrian","Not a Pedestrian",431301,433877,"E01033031",2,"T or staggered junction","Darkness - lights lit","Fine no high winds","Dry","Car occupant"
"6615","20171346P0150",2017-06-25,2017,"Jun",25,"00:59",0,59,"Sunday","Serious",5,"Slight","Car occupant","Driver or rider","Male",71,"A","Single carriageway",30,"Unclassified","Not a Pedestrian","Not a Pedestrian",429899,434276,"E01033008",2,"Crossroads","Darkness - lights lit","Fine no high winds","Dry","Car occupant"
"6616","20171346P0808",2017-06-25,2017,"Jun",25,"12:01",12,1,"Sunday","Slight",2,"Slight","Car occupant","Driver or rider","Female",60,"Unclassified","Single carriageway",30,"Unclassified","Not a Pedestrian","Not a Pedestrian",437572,432752,"E01011411",2,"Roundabout","Daylight","Fine no high winds","Dry","Car occupant"
"6617","20171346P0879",2017-06-25,2017,"Jun",25,"12:40",12,40,"Sunday","Slight",1,"Slight","Car occupant","Driver or rider","Male",65,"A","Single carriageway",30,"Unclassified","Not a Pedestrian","Not a Pedestrian",428463,431347,"E01011369",2,"Crossroads","Daylight","Fine no high winds","Dry","Car occupant"
"6618","20171346P1063",2017-06-25,2017,"Jun",25,"14:10",14,10,"Sunday","Slight",1,"Slight","Cyclist","Driver or rider","Male",51,"A","Roundabout",60,"A","Not a Pedestrian","Not a Pedestrian",442960,431648,"E01011404",2,"Roundabout","Daylight","Fine no high winds","Dry","Cyclist"
"6619","20171346P1857",2017-06-25,2017,"Jun",25,"21:00",21,0,"Sunday","Slight",1,"Slight","Car occupant","Driver or rider","Male",31,"Unclassified","One way street",30,NA,"Not a Pedestrian","Not a Pedestrian",427127,432649,"E01011732",3,"Not at junction or within 20 metres","Darkness - lighting unknown","Fine no high winds","Dry","Car occupant"
"6620","20171346Q0363",2017-06-26,2017,"Jun",26,"08:30",8,30,"Monday","Slight",1,"Slight","Car occupant","Driver or rider","Male",69,"A","Dual carriageway",30,NA,"Not a Pedestrian","Not a Pedestrian",435948,436497,"E01011720",3,"Not at junction or within 20 metres","Daylight","Fine no high winds","Dry","Car occupant"
"6621","20171346Q0741",2017-06-26,2017,"Jun",26,"11:45",11,45,"Monday","Serious",1,"Serious","Motorcycle 125cc and under rider or passenger","Driver or rider","Male",26,"Unclassified","Single carriageway",30,"Unclassified","Not a Pedestrian","Not a Pedestrian",433822,433504,"E01011622",2,"Other junction","Daylight","Fine no high winds","Dry","Motorcyclist and pillion"
"6622","20171346Q0083",2017-06-26,2017,"Jun",26,"12:10",12,10,"Monday","Serious",1,"Serious","Cyclist","Driver or rider","Male",31,"A","Single carriageway",30,"Unclassified","Not a Pedestrian","Not a Pedestrian",429908,434258,"E01033010",2,"Other junction","Daylight","Fine no high winds","Dry","Cyclist"
"6623","20171346Q1370",2017-06-26,2017,"Jun",26,"14:30",14,30,"Monday","Slight",1,"Slight","Car occupant","Passenger","Female",57,"Unclassified","Unknown",30,"Unclassified","Not a Pedestrian","Not a Pedestrian",426907,439567,"E01011386",2,"Private drive or entrance","Daylight","Fine no high winds","Dry","Car occupant"
"6624","20171346O1472",2017-06-26,2017,"Jun",26,"17:15",17,15,"Monday","Serious",3,"Slight","Car occupant","Passenger","Male",36,"A","Single carriageway",30,"Unclassified","Not a Pedestrian","Not a Pedestrian",424477,428547,"E01011522",2,"T or staggered junction","Darkness - lighting unknown","Fine no high winds","Dry","Car occupant"
"6625","20171346R0521",2017-06-27,2017,"Jun",27,"11:00",11,0,"Tuesday","Slight",2,"Slight","Car occupant","Driver or rider","Female",50,"Unclassified","Single carriageway",60,"Unclassified","Not a Pedestrian","Not a Pedestrian",422041,443856,"E01011569",3,"T or staggered junction","Daylight","Raining no high winds","Wet or damp","Car occupant"
"6626","20171346R0729",2017-06-27,2017,"Jun",27,"13:13",13,13,"Tuesday","Slight",2,"Slight","Car occupant","Driver or rider","Male",79,"Unclassified","Single carriageway",30,NA,"Not a Pedestrian","Not a Pedestrian",417611,441408,"E01011270",2,"Not at junction or within 20 metres","Daylight","Raining no high winds","Wet or damp","Car occupant"
"6627","20171356R0735",2017-06-27,2017,"Jun",27,"14:00",14,0,"Tuesday","Slight",1,"Slight","Other vehicle occupant","Driver or rider","Male",27,"Unclassified","Dual carriageway",60,"A","Not a Pedestrian","Not a Pedestrian",421554,435973,"E01011588",2,"T or staggered junction","Daylight","Raining no high winds","Wet or damp","Others"
"6628","20171347H1421",2017-06-28,2017,"Jun",28,"07:50",7,50,"Wednesday","Slight",1,"Slight","Cyclist","Driver or rider","Male",28,"B","Single carriageway",30,"Unclassified","Not a Pedestrian","Not a Pedestrian",431334,436307,"E01011359",2,"Crossroads","Daylight","Fine no high winds","Dry","Cyclist"
"6629","20171346S1206",2017-06-28,2017,"Jun",28,"09:15",9,15,"Wednesday","Slight",1,"Slight","Car occupant","Driver or rider","Female",63,"A","Roundabout",30,"A","Not a Pedestrian","Not a Pedestrian",418122,442508,"E01011266",2,"Roundabout","Daylight","Raining no high winds","Wet or damp","Car occupant"
"6630","20171346S0458",2017-06-28,2017,"Jun",28,"10:25",10,25,"Wednesday","Slight",1,"Slight","Car occupant","Driver or rider","Male",56,"A","Single carriageway",40,NA,"Not a Pedestrian","Not a Pedestrian",433325,425893,"E01011500",2,"Not at junction or within 20 metres","Daylight","Raining no high winds","Wet or damp","Car occupant"
"6631","20171346S0531",2017-06-28,2017,"Jun",28,"11:00",11,0,"Wednesday","Slight",1,"Slight","Car occupant","Driver or rider","Female",81,"Unclassified","Single carriageway",30,"Unclassified","Not a Pedestrian","Not a Pedestrian",431393,434776,"E01011673",3,"T or staggered junction","Daylight","Raining no high winds","Wet or damp","Car occupant"