"","accident_index","date","year","month","day","time","time_hour","time_minute","day_of_week","accident_severity","number_of_casualties","casualty_severity","casualty_type","casualty_class","sex_of_casualty","age_of_casualty","first_road_class","road_type","speed_limit","second_road_class","pedestrian_location","pedestrian_movement","location_easting_osgr","location_northing_osgr","lsoa_of_accident_location","number_of_vehicles","junction_detail","light_conditions","weather_conditions","road_surface_conditions","cas_type"
"6632","20171346S0849",2017-06-28,2017,"Jun",28,"14:17",14,17,"Wednesday","Slight",1,"Slight","Pedestrian","Pedestrian","Female",28,"Unclassified","Single carriageway",30,NA,"In carriageway, crossing elsewhere","Crossing from offside - masked by  parked or stationary vehicle",429336,431411,"E01011373",1,"Not at junction or within 20 metres","Daylight","Fine no high winds","Dry","Pedestrian"
"6633","20171346S1135",2017-06-28,2017,"Jun",28,"16:35",16,35,"Wednesday","Slight",1,"Slight","Car occupant","Driver or rider","Female",29,"A","Single carriageway",30,"Unclassified","Not a Pedestrian","Not a Pedestrian",432321,442366,"E01011561",2,"T or staggered junction","Daylight","Fine no high winds","Wet or damp","Car occupant"
"6634","20171346S1167",2017-06-28,2017,"Jun",28,"16:55",16,55,"Wednesday","Serious",2,"Serious","Car occupant","Driver or rider","Male",58,"Unclassified","Single carriageway",50,NA,"Not a Pedestrian","Not a Pedestrian",415309,442967,"E01011270",2,"Not at junction or within 20 metres","Daylight","Raining no high winds","Wet or damp","Car occupant"
"6635","20171346S1660",2017-06-28,2017,"Jun",28,"22:02",22,2,"Wednesday","Serious",1,"Serious","Pedestrian","Pedestrian","Male",53,"Unclassified","Single carriageway",30,NA,"In carriageway, crossing elsewhere","Crossing from driver's nearside",428892,433965,"E01011678",1,"Not at junction or within 20 metres","Darkness - lights lit","Raining no high winds","Wet or damp","Pedestrian"
"6636","20171346T0730",2017-06-29,2017,"Jun",29,"07:40",7,40,"Thursday","Slight",1,"Slight","Cyclist","Driver or rider","Male",22,"Unclassified","Dual carriageway",30,NA,"Not a Pedestrian","Not a Pedestrian",430080,434151,"E01033010",2,"Not at junction or within 20 metres","Daylight","Fine no high winds","Dry","Cyclist"
"6637","20171346T0262",2017-06-29,2017,"Jun",29,"07:45",7,45,"Thursday","Slight",1,"Slight","Car occupant","Driver or rider","Male",28,"Motorway","Dual carriageway",70,NA,"Not a Pedestrian","Not a Pedestrian",431924,425493,"E01011551",2,"Not at junction or within 20 metres","Daylight","Fine no high winds","Dry","Car occupant"
"6638","20171346T0326",2017-06-29,2017,"Jun",29,"08:45",8,45,"Thursday","Slight",1,"Slight","Car occupant","Driver or rider","Male",19,"B","Single carriageway",40,"Unclassified","Not a Pedestrian","Not a Pedestrian",436345,433639,"E01011414",2,"T or staggered junction","Daylight","Fine no high winds","Dry","Car occupant"
"6639","20171346T0540",2017-06-29,2017,"Jun",29,"09:30",9,30,"Thursday","Slight",2,"Slight","Bus or coach occupant (17 or more pass seats)","Passenger","Male",18,"Unclassified","Single carriageway",30,"A","Not a Pedestrian","Not a Pedestrian",430764,433454,"E01033011",1,"Crossroads","Daylight","Fine no high winds","Dry","Bus and goods vehicle occupant"
"6640","20171346Q0932",2017-06-29,2017,"Jun",29,"13:08",13,8,"Thursday","Slight",3,"Slight","Car occupant","Passenger","Male",22,"Unclassified","One way street",30,NA,"Not a Pedestrian","Not a Pedestrian",430432,435053,"E01011357",2,"Not at junction or within 20 metres","Daylight","Fine no high winds","Dry","Car occupant"
"6641","20171346T1411",2017-06-29,2017,"Jun",29,"18:55",18,55,"Thursday","Serious",1,"Serious","Cyclist","Driver or rider","Male",8,"A","Dual carriageway",40,NA,"Not a Pedestrian","Not a Pedestrian",427268,426389,"E01011550",2,"Not at junction or within 20 metres","Darkness - lighting unknown","Fine no high winds","Dry","Cyclist"
"6642","20171346U0574",2017-06-29,2017,"Jun",29,"19:00",19,0,"Thursday","Slight",1,"Slight","Car occupant","Driver or rider","Male",32,"Unclassified","Single carriageway",30,"Unclassified","Not a Pedestrian","Not a Pedestrian",422219,435646,"E01011593",2,"T or staggered junction","Darkness - lighting unknown","Fine no high winds","Dry","Car occupant"
"6643","20171346U0102",2017-06-30,2017,"Jun",30,"01:40",1,40,"Friday","Serious",1,"Serious","Motorcycle 125cc and under rider or passenger","Driver or rider","Male",35,"Unclassified","Single carriageway",30,"Unclassified","Not a Pedestrian","Not a Pedestrian",441980,430072,"E01011304",2,"T or staggered junction","Darkness - lights lit","Fine no high winds","Dry","Motorcyclist and pillion"
"6644","20171346U1526",2017-06-30,2017,"Jun",30,"18:45",18,45,"Friday","Slight",1,"Slight","Car occupant","Passenger","Female",8,"A","Roundabout",40,"A","Not a Pedestrian","Not a Pedestrian",428113,426284,"E01011550",2,"Other junction","Darkness - lighting unknown","Fine no high winds","Dry","Car occupant"
"6645","20171347H0891",2017-07-01,2017,"Jul",1,"12:31",12,31,"Saturday","Serious",1,"Serious","Cyclist","Driver or rider","Male",34,"Unclassified","Single carriageway",30,NA,"Not a Pedestrian","Not a Pedestrian",426798,433456,"E01011292",2,"Not at junction or within 20 metres","Daylight","Fine no high winds","Dry","Cyclist"
"6646","2017134710965",2017-07-01,2017,"Jul",1,"13:00",13,0,"Saturday","Slight",1,"Slight","Car occupant","Driver or rider","Female",51,"Unclassified","Dual carriageway",30,NA,"Not a Pedestrian","Not a Pedestrian",430630,434221,"E01033002",2,"Not at junction or within 20 metres","Daylight","Fine no high winds","Dry","Car occupant"
"6647","2017134711692",2017-07-01,2017,"Jul",1,"17:00",17,0,"Saturday","Slight",2,"Slight","Car occupant","Driver or rider","Female",18,"Unclassified","Single carriageway",30,"Unclassified","Not a Pedestrian","Not a Pedestrian",424185,438894,"E01011459",2,"T or staggered junction","Darkness - lighting unknown","Fine no high winds","Dry","Car occupant"
"6648","2017134711462",2017-07-01,2017,"Jul",1,"17:06",17,6,"Saturday","Slight",1,"Slight","Car occupant","Driver or rider","Male",26,"C","Single carriageway",30,NA,"Not a Pedestrian","Not a Pedestrian",428504,434427,"E01011681",2,"Not at junction or within 20 metres","Darkness - lighting unknown","Fine no high winds","Dry","Car occupant"
"6649","2017134711523",2017-07-01,2017,"Jul",1,"17:30",17,30,"Saturday","Serious",2,"Serious","Cyclist","Driver or rider","Male",40,"B","Single carriageway",30,"Unclassified","Not a Pedestrian","Not a Pedestrian",429004,436841,"E01011688",2,"Crossroads","Darkness - lighting unknown","Fine no high winds","Dry","Cyclist"
"6650","2017134711651",2017-07-01,2017,"Jul",1,"18:39",18,39,"Saturday","Slight",1,"Slight","Pedestrian","Pedestrian","Male",9,"Unclassified","Single carriageway",30,NA,"In centre of carriageway - not on refuge, island or central reservation","Unknown or other",435039,433334,"E01011415",1,"Not at junction or within 20 metres","Darkness - lighting unknown","Fine no high winds","Dry","Pedestrian"
"6651","2017134711923",2017-07-01,2017,"Jul",1,"20:55",20,55,"Saturday","Slight",1,"Slight","Car occupant","Driver or rider","Female",79,"Unclassified","Single carriageway",30,"Unclassified","Not a Pedestrian","Not a Pedestrian",423822,431574,"E01011728",2,"T or staggered junction","Darkness - lights lit","Fine no high winds","Dry","Car occupant"
"6652","2017134720022",2017-07-02,2017,"Jul",2,"00:16",0,16,"Sunday","Slight",2,"Slight","Taxi/Private hire car occupant","Passenger","Female",17,"Unclassified","Single carriageway",30,NA,"Not a Pedestrian","Not a Pedestrian",436951,433821,"E01011412",2,"Not at junction or within 20 metres","Darkness - lights lit","Fine no high winds","Dry","Car occupant"
"6653","20171346T0641",2017-07-02,2017,"Jul",2,"12:05",12,5,"Sunday","Slight",1,"Slight","Pedestrian","Pedestrian","Female",28,"Unclassified","Single carriageway",30,"Unclassified","On footway or verge","Unknown or other",426826,433448,"E01011292",1,"T or staggered junction","Daylight","Fine no high winds","Dry","Pedestrian"
"6654","2017134720929",2017-07-02,2017,"Jul",2,"13:27",13,27,"Sunday","Slight",1,"Slight","Car occupant","Driver or rider","Male",23,"A","Slip road",60,"A","Not a Pedestrian","Not a Pedestrian",424622,433642,"E01011727",3,"Slip road","Daylight","Fine no high winds","Dry","Car occupant"
"6655","2017134720957",2017-07-02,2017,"Jul",2,"13:42",13,42,"Sunday","Slight",1,"Slight","Cyclist","Driver or rider","Female",20,"A","Single carriageway",30,"Unclassified","Not a Pedestrian","Not a Pedestrian",428223,435785,"E01032946",2,"Other junction","Daylight","Fine no high winds","Dry","Cyclist"
"6656","2017134721287",2017-07-02,2017,"Jul",2,"15:38",15,38,"Sunday","Slight",1,"Slight","Car occupant","Passenger","Female",58,"Unclassified","Single carriageway",30,"Unclassified","Not a Pedestrian","Not a Pedestrian",431106,435807,"E01011356",2,"T or staggered junction","Daylight","Fine no high winds","Dry","Car occupant"
"6657","2017134721407",2017-07-02,2017,"Jul",2,"17:35",17,35,"Sunday","Slight",2,"Slight","Car occupant","Driver or rider","Male",65,"Unclassified","Single carriageway",30,"Unclassified","Not a Pedestrian","Not a Pedestrian",434146,431767,"E01011624",2,"T or staggered junction","Darkness - lighting unknown","Fine no high winds","Dry","Car occupant"
"6658","2017134730446",2017-07-03,2017,"Jul",3,"08:45",8,45,"Monday","Slight",1,"Slight","Cyclist","Driver or rider","Male",36,"Unclassified","Dual carriageway",30,NA,"Not a Pedestrian","Not a Pedestrian",429967,433252,"E01033016",2,"Not at junction or within 20 metres","Daylight","Fine no high winds","Dry","Cyclist"
"6659","2017134731270",2017-07-03,2017,"Jul",3,"16:01",16,1,"Monday","Slight",1,"Slight","Car occupant","Driver or rider","Female",51,"B","Single carriageway",30,NA,"Not a Pedestrian","Not a Pedestrian",432817,434374,"E01011340",2,"Not at junction or within 20 metres","Daylight","Fine no high winds","Dry","Car occupant"
"6660","2017134731470",2017-07-03,2017,"Jul",3,"17:31",17,31,"Monday","Slight",1,"Slight","Pedestrian","Pedestrian","Female",25,"Unclassified","Single carriageway",30,NA,"Unknown or other","Crossing from driver's nearside",420511,440531,"E01011278",1,"Not at junction or within 20 metres","Darkness - lighting unknown","Fine no high winds","Dry","Pedestrian"
"6661","2017134731807",2017-07-03,2017,"Jul",3,"18:40",18,40,"Monday","Slight",1,"Slight","Cyclist","Driver or rider","Male",20,"Unclassified","Single carriageway",30,NA,"Not a Pedestrian","Not a Pedestrian",426841,437968,"E01011687",2,"Not at junction or within 20 metres","Darkness - lighting unknown","Fine no high winds","Dry","Cyclist"
"6662","2017134731665",2017-07-03,2017,"Jul",3,"18:50",18,50,"Monday","Slight",1,"Slight","Pedestrian","Pedestrian","Female",10,"Unclassified","Single carriageway",20,NA,"In carriageway, crossing elsewhere","Crossing from driver's nearside",425221,435408,"E01011332",1,"Not at junction or within 20 metres","Darkness - lighting unknown","Fine no high winds","Dry","Pedestrian"
"6663","2017134731874",2017-07-03,2017,"Jul",3,"19:30",19,30,"Monday","Slight",1,"Slight","Car occupant","Driver or rider","Female",26,"Unclassified","Single carriageway",30,NA,"Not a Pedestrian","Not a Pedestrian",423276,434864,"E01011335",2,"Not at junction or within 20 metres","Darkness - lighting unknown","Fine no high winds","Dry","Car occupant"
"6664","2017134732070",2017-07-03,2017,"Jul",3,"20:00",20,0,"Monday","Slight",1,"Slight","Cyclist","Driver or rider","Male",41,"A","Single carriageway",30,"Unclassified","Not a Pedestrian","Not a Pedestrian",428875,429803,"E01011320",2,"T or staggered junction","Darkness - lighting unknown","Fine no high winds","Dry","Cyclist"
"6665","2017134732075",2017-07-03,2017,"Jul",3,"22:09",22,9,"Monday","Slight",1,"Slight","Cyclist","Driver or rider","Male",20,"Unclassified","Single carriageway",30,"Unclassified","Not a Pedestrian","Not a Pedestrian",431049,428265,"E01011490",2,"Other junction","Darkness - lights lit","Fine no high winds","Dry","Cyclist"
"6666","2017134740321",2017-07-04,2017,"Jul",4,"08:20",8,20,"Tuesday","Slight",1,"Slight","Pedestrian","Pedestrian","Male",33,"Unclassified","Single carriageway",30,"Unclassified","Crossing on pedestrian crossing facility","Crossing from driver's offside",431169,431446,"E01011467",1,"T or staggered junction","Daylight","Fine no high winds","Dry","Pedestrian"
"6667","20171344D0633",2017-07-04,2017,"Jul",4,"12:29",12,29,"Tuesday","Slight",1,"Slight","Taxi/Private hire car occupant","Passenger","Female",41,"Unclassified","Single carriageway",30,"Unclassified","Not a Pedestrian","Not a Pedestrian",433999,435142,"E01011339",2,"T or staggered junction","Daylight","Fine no high winds","Dry","Car occupant"
"6668","20171346U1367",2017-07-04,2017,"Jul",4,"13:10",13,10,"Tuesday","Slight",1,"Slight","Pedestrian","Pedestrian","Male",78,"Unclassified","Single carriageway",30,NA,"In carriageway, crossing elsewhere","Crossing from driver's offside",425706,434206,"E01032499",1,"Not at junction or within 20 metres","Daylight","Fine no high winds","Dry","Pedestrian"
"6669","2017134741014",2017-07-04,2017,"Jul",4,"15:05",15,5,"Tuesday","Slight",1,"Slight","Pedestrian","Pedestrian","Male",15,"Unclassified","Dual carriageway",30,NA,"In carriageway, crossing elsewhere","Crossing from nearside - masked by parked or stationary vehicle",425371,435415,"E01011332",1,"Not at junction or within 20 metres","Daylight","Fine no high winds","Dry","Pedestrian"
"6670","2017134750196",2017-07-04,2017,"Jul",4,"23:30",23,30,"Tuesday","Slight",1,"Slight","Pedestrian","Pedestrian","Male",49,"Motorway","One way street",30,"A","In carriageway, crossing elsewhere","Crossing from driver's nearside",429878,432344,"E01011364",1,"Other junction","Darkness - lights lit","Fine no high winds","Dry","Pedestrian"
"6671","2017134750037",2017-07-05,2017,"Jul",5,"00:24",0,24,"Wednesday","Slight",1,"Slight","Car occupant","Driver or rider","Male",43,"C","Single carriageway",30,NA,"Not a Pedestrian","Not a Pedestrian",426053,436623,"E01011485",1,"Not at junction or within 20 metres","Darkness - lights lit","Raining no high winds","Wet or damp","Car occupant"
"6672","2017134751884",2017-07-05,2017,"Jul",5,"21:00",21,0,"Wednesday","Slight",1,"Slight","Cyclist","Driver or rider","Male",26,"Unclassified","Single carriageway",30,NA,"Not a Pedestrian","Not a Pedestrian",428222,435089,"E01011447",2,"Not at junction or within 20 metres","Darkness - lighting unknown","Fine no high winds","Dry","Cyclist"
"6673","2017134751940",2017-07-05,2017,"Jul",5,"21:37",21,37,"Wednesday","Slight",1,"Slight","Pedestrian","Pedestrian","Female",11,"Unclassified","Single carriageway",30,NA,"Unknown or other","Crossing from driver's nearside",420401,439929,"E01011278",1,"Not at junction or within 20 metres","Darkness - lighting unknown","Fine no high winds","Dry","Pedestrian"
"6674","2017134760292",2017-07-06,2017,"Jul",6,"07:30",7,30,"Thursday","Slight",1,"Slight","Pedestrian","Pedestrian","Female",14,"Unclassified","Single carriageway",30,NA,"In carriageway, crossing elsewhere","Crossing from driver's nearside",435810,441263,"E01011311",1,"Not at junction or within 20 metres","Darkness - lighting unknown","Fine no high winds","Dry","Pedestrian"
"6675","2017134761238",2017-07-06,2017,"Jul",6,"16:30",16,30,"Thursday","Slight",1,"Slight","Cyclist","Driver or rider","Male",20,"A","Dual carriageway",30,NA,"Not a Pedestrian","Not a Pedestrian",432904,432378,"E01011621",2,"Not at junction or within 20 metres","Daylight","Fine no high winds","Dry","Cyclist"
"6676","2017134761348",2017-07-06,2017,"Jul",6,"16:30",16,30,"Thursday","Slight",1,"Slight","Cyclist","Driver or rider","Male",11,"Unclassified","Single carriageway",30,NA,"Not a Pedestrian","Not a Pedestrian",432503,434085,"E01011348",2,"Not at junction or within 20 metres","Daylight","Fine no high winds","Dry","Cyclist"
"6677","2017134761414",2017-07-06,2017,"Jul",6,"16:50",16,50,"Thursday","Slight",1,"Slight","Car occupant","Driver or rider","Female",29,"Unclassified","Single carriageway",30,NA,"Not a Pedestrian","Not a Pedestrian",428995,432443,"E01033013",2,"Not at junction or within 20 metres","Daylight","Fine no high winds","Dry","Car occupant"
"6678","2017134761374",2017-07-06,2017,"Jul",6,"17:00",17,0,"Thursday","Slight",1,"Slight","Pedestrian","Pedestrian","Female",4,"Unclassified","Single carriageway",30,NA,"In carriageway, crossing elsewhere","Crossing from driver's nearside",423435,434769,"E01011333",1,"Not at junction or within 20 metres","Darkness - lighting unknown","Fine no high winds","Dry","Pedestrian"
"6679","2017134761541",2017-07-06,2017,"Jul",6,"18:06",18,6,"Thursday","Slight",2,"Slight","Pedestrian","Pedestrian","Male",24,"Unclassified","One way street",30,NA,"Crossing on pedestrian crossing facility","Crossing from driver's nearside",429944,433416,"E01033010",1,"Not at junction or within 20 metres","Darkness - lighting unknown","Fine no high winds","Dry","Pedestrian"
"6680","2017134790766",2017-07-06,2017,"Jul",6,"19:45",19,45,"Thursday","Slight",1,"Slight","Pedestrian","Pedestrian","Female",35,"Unclassified","Dual carriageway",20,NA,"On footway or verge","Unknown or other",430280,433402,"E01033010",1,"Not at junction or within 20 metres","Darkness - lighting unknown","Fine no high winds","Dry","Pedestrian"
"6681","2017134770340",2017-07-07,2017,"Jul",7,"07:57",7,57,"Friday","Slight",2,"Slight","Car occupant","Driver or rider","Male",20,"B","Single carriageway",30,"Unclassified","Not a Pedestrian","Not a Pedestrian",423186,434669,"E01011335",2,"Crossroads","Daylight","Fine no high winds","Dry","Car occupant"
"6682","2017134780668",2017-07-08,2017,"Jul",8,"10:55",10,55,"Saturday","Slight",1,"Slight","Cyclist","Driver or rider","Male",38,"Unclassified","Single carriageway",30,NA,"Not a Pedestrian","Not a Pedestrian",423146,433815,"E01011609",2,"Not at junction or within 20 metres","Daylight","Fine no high winds","Dry","Cyclist"
"6683","2017134780834",2017-07-08,2017,"Jul",8,"12:21",12,21,"Saturday","Serious",1,"Serious","Motorcycle over 125cc and up to 500cc rider or  passenger","Driver or rider","Male",23,"A(M)","Dual carriageway",70,NA,"Not a Pedestrian","Not a Pedestrian",443592,435505,"E01011297",1,"Not at junction or within 20 metres","Daylight","Fine no high winds","Dry","Motorcyclist and pillion"
"6684","2017134781094",2017-07-08,2017,"Jul",8,"14:35",14,35,"Saturday","Serious",1,"Serious","Motorcycle 125cc and under rider or passenger","Driver or rider","Male",28,"B","Dual carriageway",40,NA,"Not a Pedestrian","Not a Pedestrian",434043,433956,"E01011341",2,"Not at junction or within 20 metres","Daylight","Fine no high winds","Dry","Motorcyclist and pillion"
"6685","2017134782088",2017-07-08,2017,"Jul",8,"22:20",22,20,"Saturday","Slight",1,"Slight","Pedestrian","Pedestrian","Male",6,"Unclassified","Dual carriageway",30,NA,"In carriageway, crossing elsewhere","Crossing from offside - masked by  parked or stationary vehicle",432693,435236,"E01011431",1,"Not at junction or within 20 metres","Darkness - lights lit","Fine no high winds","Dry","Pedestrian"
"6686","2017134782293",2017-07-08,2017,"Jul",8,"23:45",23,45,"Saturday","Slight",1,"Slight","Motorcycle 50cc and under rider or passenger","Driver or rider","Male",23,"A","Single carriageway",30,"Unclassified","Not a Pedestrian","Not a Pedestrian",427973,436065,"E01011440",3,"T or staggered junction","Darkness - lights lit","Fine no high winds","Dry","Motorcyclist and pillion"
"6687","2017134791114",2017-07-09,2017,"Jul",9,"14:29",14,29,"Sunday","Slight",1,"Slight","Car occupant","Driver or rider","Male",43,"Unclassified","Single carriageway",30,"Unclassified","Not a Pedestrian","Not a Pedestrian",431620,436140,"E01011359",2,"Other junction","Daylight","Fine no high winds","Dry","Car occupant"
"6688","2017134791245",2017-07-09,2017,"Jul",9,"15:20",15,20,"Sunday","Serious",1,"Serious","Pedestrian","Pedestrian","Female",5,"Unclassified","Single carriageway",30,"Unclassified","Crossing on pedestrian crossing facility","Crossing from driver's offside",429220,435455,"E01033005",1,"T or staggered junction","Daylight","Fine no high winds","Dry","Pedestrian"
"6689","2017134791315",2017-07-09,2017,"Jul",9,"15:50",15,50,"Sunday","Slight",1,"Slight","Cyclist","Driver or rider","Male",43,"Unclassified","Single carriageway",30,"Unclassified","Not a Pedestrian","Not a Pedestrian",443495,444573,"E01011711",2,"T or staggered junction","Daylight","Fine no high winds","Dry","Cyclist"
"6690","2017134791591",2017-07-09,2017,"Jul",9,"18:05",18,5,"Sunday","Slight",1,"Slight","Car occupant","Driver or rider","Male",43,"A","Dual carriageway",40,"Unclassified","Not a Pedestrian","Not a Pedestrian",425912,432240,"E01011730",2,"T or staggered junction","Darkness - lighting unknown","Fine no high winds","Dry","Car occupant"
"6691","20171347A0475",2017-07-10,2017,"Jul",10,"09:43",9,43,"Monday","Slight",2,"Slight","Cyclist","Driver or rider","Male",34,"Unclassified","Unknown",20,NA,"Not a Pedestrian","Not a Pedestrian",428139,433507,"E01011363",1,"Not at junction or within 20 metres","Daylight","Fine no high winds","Dry","Cyclist"
"6692","20171347A1531",2017-07-10,2017,"Jul",10,"18:20",18,20,"Monday","Slight",1,"Slight","Car occupant","Driver or rider","Male",31,"Unclassified","Single carriageway",30,NA,"Not a Pedestrian","Not a Pedestrian",429044,436937,"E01011688",2,"Not at junction or within 20 metres","Darkness - lighting unknown","Fine no high winds","Dry","Car occupant"
"6693","20171347A1553",2017-07-10,2017,"Jul",10,"18:31",18,31,"Monday","Serious",1,"Serious","Motorcycle over 125cc and up to 500cc rider or  passenger","Driver or rider","Male",45,"A","Roundabout",40,"A","Not a Pedestrian","Not a Pedestrian",440412,447661,"E01011704",2,"Roundabout","Darkness - lighting unknown","Fine no high winds","Dry","Motorcyclist and pillion"
"6694","20171347A1712",2017-07-10,2017,"Jul",10,"19:40",19,40,"Monday","Slight",1,"Slight","Pedestrian","Pedestrian","Male",8,"Unclassified","Single carriageway",30,NA,"In carriageway, crossing elsewhere","Unknown or other",429020,431901,"E01011368",1,"Not at junction or within 20 metres","Darkness - lighting unknown","Fine no high winds","Dry","Pedestrian"
"6695","20171347B0363",2017-07-11,2017,"Jul",11,"08:35",8,35,"Tuesday","Slight",1,"Slight","Car occupant","Driver or rider","Male",46,"Motorway","Dual carriageway",70,NA,"Not a Pedestrian","Not a Pedestrian",432300,426215,"E01011499",4,"Not at junction or within 20 metres","Daylight","Raining no high winds","Wet or damp","Car occupant"
"6696","20171347B0564",2017-07-11,2017,"Jul",11,"10:45",10,45,"Tuesday","Slight",1,"Slight","Pedestrian","Pedestrian","Female",43,"Unclassified","One way street",20,NA,"In carriageway, crossing elsewhere","Crossing from offside - masked by  parked or stationary vehicle",431559,429079,"E01011476",1,"Not at junction or within 20 metres","Daylight","Fine no high winds","Dry","Pedestrian"
"6697","20171347C0518",2017-07-11,2017,"Jul",11,"20:10",20,10,"Tuesday","Slight",1,"Slight","Car occupant","Driver or rider","Female",26,"A","Dual carriageway",30,"Unclassified","Not a Pedestrian","Not a Pedestrian",430965,433424,"E01033033",2,"T or staggered junction","Darkness - lighting unknown","Fine no high winds","Dry","Car occupant"
"6698","20171347C0252",2017-07-12,2017,"Jul",12,"07:20",7,20,"Wednesday","Slight",2,"Slight","Car occupant","Driver or rider","Female",43,"Unclassified","Single carriageway",30,"Unclassified","Not a Pedestrian","Not a Pedestrian",420549,444952,"E01011569",2,"T or staggered junction","Darkness - lighting unknown","Fine no high winds","Dry","Car occupant"
"6699","20171347C0359",2017-07-12,2017,"Jul",12,"08:45",8,45,"Wednesday","Slight",1,"Slight","Cyclist","Driver or rider","Male",54,"Unclassified","Single carriageway",30,"Unclassified","Not a Pedestrian","Not a Pedestrian",432061,436090,"E01011642",2,"Crossroads","Daylight","Fine no high winds","Dry","Cyclist"
"6700","20171347C0972",2017-07-12,2017,"Jul",12,"14:19",14,19,"Wednesday","Serious",1,"Serious","Pedestrian","Pedestrian","Male",92,"Unclassified","Single carriageway",30,"Unclassified","In carriageway, crossing elsewhere","Crossing from driver's nearside",429141,431739,"E01011366",1,"T or staggered junction","Daylight","Fine no high winds","Dry","Pedestrian"
"6701","20171347C1294",2017-07-12,2017,"Jul",12,"16:30",16,30,"Wednesday","Serious",1,"Serious","Cyclist","Driver or rider","Female",45,"Unclassified","Dual carriageway",40,"Unclassified","Not a Pedestrian","Not a Pedestrian",429092,429970,"E01011320",2,"T or staggered junction","Daylight","Fine no high winds","Dry","Cyclist"
"6702","20171347C1300",2017-07-12,2017,"Jul",12,"16:35",16,35,"Wednesday","Slight",1,"Slight","Cyclist","Driver or rider","Male",12,"A","Dual carriageway",40,NA,"Not a Pedestrian","Not a Pedestrian",435863,435283,"E01011666",2,"Not at junction or within 20 metres","Daylight","Fine no high winds","Dry","Cyclist"
"6703","20171347D0521",2017-07-13,2017,"Jul",13,"09:55",9,55,"Thursday","Slight",2,"Slight","Car occupant","Driver or rider","Female",36,"Unclassified","Single carriageway",30,"A","Not a Pedestrian","Not a Pedestrian",432728,438473,"E01011653",2,"T or staggered junction","Daylight","Fine no high winds","Dry","Car occupant"
"6704","20171347D0628",2017-07-13,2017,"Jul",13,"10:53",10,53,"Thursday","Slight",2,"Slight","Car occupant","Driver or rider","Male",73,"A","Roundabout",40,"Unclassified","Not a Pedestrian","Not a Pedestrian",428296,429572,"E01011531",2,"Roundabout","Daylight","Fine no high winds","Dry","Car occupant"
"6705","20171347D1281",2017-07-13,2017,"Jul",13,"15:55",15,55,"Thursday","Slight",1,"Slight","Car occupant","Driver or rider","Male",48,"Unclassified","Single carriageway",30,NA,"Not a Pedestrian","Not a Pedestrian",428223,432714,"E01011363",3,"Not at junction or within 20 metres","Daylight","Fine no high winds","Dry","Car occupant"
"6706","20171347D1777",2017-07-13,2017,"Jul",13,"17:00",17,0,"Thursday","Slight",1,"Slight","Cyclist","Driver or rider","Male",11,"Unclassified","Single carriageway",30,"Unclassified","Not a Pedestrian","Not a Pedestrian",436708,434095,"E01011412",2,"T or staggered junction","Darkness - lighting unknown","Fine no high winds","Dry","Cyclist"
"6707","20171347D2025",2017-07-13,2017,"Jul",13,"21:42",21,42,"Thursday","Serious",2,"Slight","Motorcycle 125cc and under rider or passenger","Driver or rider","Male",39,"A","Single carriageway",60,NA,"Not a Pedestrian","Not a Pedestrian",432630,439364,"E01011651",3,"Not at junction or within 20 metres","Darkness - lights lit","Fine no high winds","Dry","Motorcyclist and pillion"
"6708","20171347E1107",2017-07-14,2017,"Jul",14,"14:00",14,0,"Friday","Slight",1,"Slight","Pedestrian","Pedestrian","Male",23,"A","Single carriageway",30,NA,"In carriageway, crossing elsewhere","Crossing from driver's offside",431846,435653,"E01011422",1,"Not at junction or within 20 metres","Daylight","Fine no high winds","Dry","Pedestrian"
"6709","20171347F0342",2017-07-15,2017,"Jul",15,"04:51",4,51,"Saturday","Slight",1,"Slight","Pedestrian","Pedestrian","Female",24,"A","Single carriageway",30,"A","Crossing on pedestrian crossing facility","Crossing from driver's offside",430854,433345,"E01033033",1,"Crossroads","Darkness - lighting unknown","Fine no high winds","Dry","Pedestrian"
"6710","20171347F1225",2017-07-15,2017,"Jul",15,"16:06",16,6,"Saturday","Slight",4,"Slight","Car occupant","Passenger","Female",13,"A","Single carriageway",30,NA,"Not a Pedestrian","Not a Pedestrian",424863,427591,"E01011530",3,"Not at junction or within 20 metres","Daylight","Fine no high winds","Dry","Car occupant"
"6711","20171347F1351",2017-07-15,2017,"Jul",15,"17:05",17,5,"Saturday","Slight",1,"Slight","Car occupant","Driver or rider","Male",17,"B","Single carriageway",40,"Unclassified","Not a Pedestrian","Not a Pedestrian",423988,435833,"E01011329",2,"T or staggered junction","Darkness - lighting unknown","Fine no high winds","Dry","Car occupant"
"6712","20171347F2097",2017-07-15,2017,"Jul",15,"22:49",22,49,"Saturday","Slight",1,"Slight","Motorcycle 125cc and under rider or passenger","Driver or rider","Male",23,"Unclassified","Single carriageway",30,"Unclassified","Not a Pedestrian","Not a Pedestrian",430865,434148,"E01033031",2,"Other junction","Darkness - lights lit","Fine no high winds","Dry","Motorcyclist and pillion"