"","accident_index","date","year","month","day","time","time_hour","time_minute","day_of_week","accident_severity","number_of_casualties","casualty_severity","casualty_type","casualty_class","sex_of_casualty","age_of_casualty","first_road_class","road_type","speed_limit","second_road_class","pedestrian_location","pedestrian_movement","location_easting_osgr","location_northing_osgr","lsoa_of_accident_location","number_of_vehicles","junction_detail","light_conditions","weather_conditions","road_surface_conditions","cas_type"
"6713","20171347G1490",2017-07-16,2017,"Jul",16,"17:50",17,50,"Sunday","Slight",1,"Slight","Pedestrian","Pedestrian","Male",20,"Unclassified","Single carriageway",30,"A","In carriageway, crossing elsewhere","Crossing from driver's nearside",429742,430544,"E01011322",1,"T or staggered junction","Darkness - lighting unknown","Fine no high winds","Dry","Pedestrian"
"6714","20171347H0323",2017-07-17,2017,"Jul",17,"08:00",8,0,"Monday","Slight",1,"Slight","Pedestrian","Pedestrian","Male",32,"B","Single carriageway",30,NA,"In carriageway, not crossing","In carriageway, stationary - not crossing  (standing or playing) - masked by parked or stationary vehicle",425524,426550,"E01011546",1,"Not at junction or within 20 metres","Daylight","Fine no high winds","Dry","Pedestrian"
"6715","20171347J1294",2017-07-17,2017,"Jul",17,"08:00",8,0,"Monday","Slight",1,"Slight","Cyclist","Driver or rider","Male",50,"Unclassified","Single carriageway",30,"Unclassified","Not a Pedestrian","Not a Pedestrian",435543,437937,"E01011717",2,"Private drive or entrance","Daylight","Fine no high winds","Dry","Cyclist"
"6716","20171347I1287",2017-07-17,2017,"Jul",17,"08:45",8,45,"Monday","Slight",1,"Slight","Cyclist","Driver or rider","Male",37,"A","Dual carriageway",40,NA,"Not a Pedestrian","Not a Pedestrian",427443,431395,"E01011369",2,"Not at junction or within 20 metres","Daylight","Fine no high winds","Dry","Cyclist"
"6717","20171347H0453",2017-07-17,2017,"Jul",17,"09:20",9,20,"Monday","Serious",1,"Serious","Cyclist","Driver or rider","Female",57,"A","Single carriageway",30,NA,"Not a Pedestrian","Not a Pedestrian",420714,445661,"E01011569",2,"Not at junction or within 20 metres","Daylight","Fine no high winds","Dry","Cyclist"
"6718","20171347H1277",2017-07-17,2017,"Jul",17,"16:02",16,2,"Monday","Slight",1,"Slight","Car occupant","Passenger","Female",40,"Unclassified","Single carriageway",30,"Unclassified","Not a Pedestrian","Not a Pedestrian",433550,435960,"E01011421",2,"Crossroads","Daylight","Fine no high winds","Dry","Car occupant"
"6719","20171347H1374",2017-07-17,2017,"Jul",17,"16:50",16,50,"Monday","Slight",1,"Slight","Motorcycle over 500cc rider or passenger","Driver or rider","Male",44,"Motorway","Dual carriageway",50,NA,"Not a Pedestrian","Not a Pedestrian",430310,431919,"E01011364",2,"Not at junction or within 20 metres","Daylight","Fine no high winds","Dry","Motorcyclist and pillion"
"6720","20171347H1652",2017-07-17,2017,"Jul",17,"17:10",17,10,"Monday","Slight",1,"Slight","Cyclist","Driver or rider","Male",33,"A","Single carriageway",30,"Unclassified","Not a Pedestrian","Not a Pedestrian",427126,434795,"E01011482",2,"T or staggered junction","Darkness - lighting unknown","Fine no high winds","Dry","Cyclist"
"6721","20171347I1154",2017-07-17,2017,"Jul",17,"19:00",19,0,"Monday","Serious",1,"Serious","Cyclist","Driver or rider","Female",59,"Unclassified","Single carriageway",30,"Unclassified","Not a Pedestrian","Not a Pedestrian",436802,435600,"E01011722",2,"T or staggered junction","Darkness - lighting unknown","Fine no high winds","Dry","Cyclist"
"6722","20171347I0315",2017-07-18,2017,"Jul",18,"07:40",7,40,"Tuesday","Slight",1,"Slight","Car occupant","Driver or rider","Male",18,"A","Single carriageway",30,NA,"Not a Pedestrian","Not a Pedestrian",432565,426957,"E01032496",2,"Not at junction or within 20 metres","Daylight","Fine no high winds","Dry","Car occupant"
"6723","20171347I1001",2017-07-18,2017,"Jul",18,"12:30",12,30,"Tuesday","Slight",1,"Slight","Car occupant","Driver or rider","Female",45,"Unclassified","Single carriageway",30,NA,"Not a Pedestrian","Not a Pedestrian",435065,434760,"E01011343",2,"Not at junction or within 20 metres","Daylight","Fine no high winds","Dry","Car occupant"
"6724","20171347I1222",2017-07-18,2017,"Jul",18,"13:05",13,5,"Tuesday","Slight",1,"Slight","Bus or coach occupant (17 or more pass seats)","Passenger","Female",50,"Unclassified","One way street",30,NA,"Not a Pedestrian","Not a Pedestrian",429793,433718,"E01033008",1,"Not at junction or within 20 metres","Daylight","Fine no high winds","Dry","Bus and goods vehicle occupant"
"6725","20171347I1724",2017-07-18,2017,"Jul",18,"14:30",14,30,"Tuesday","Slight",2,"Slight","Car occupant","Driver or rider","Female",42,"Unclassified","Single carriageway",30,"Unclassified","Not a Pedestrian","Not a Pedestrian",430571,432382,"E01033018",2,"T or staggered junction","Daylight","Fine no high winds","Dry","Car occupant"
"6726","20171347I1519",2017-07-18,2017,"Jul",18,"17:32",17,32,"Tuesday","Slight",1,"Slight","Motorcycle over 125cc and up to 500cc rider or  passenger","Driver or rider","Male",18,"Unclassified","Single carriageway",30,"Unclassified","Not a Pedestrian","Not a Pedestrian",425625,433080,"E01011730",2,"T or staggered junction","Darkness - lighting unknown","Fine no high winds","Dry","Motorcyclist and pillion"
"6727","20171347I2004",2017-07-18,2017,"Jul",18,"21:25",21,25,"Tuesday","Slight",3,"Slight","Car occupant","Driver or rider","Male",23,"A","Roundabout",40,"Motorway","Not a Pedestrian","Not a Pedestrian",431886,430492,"E01011470",1,"Roundabout","Darkness - lighting unknown","Fine no high winds","Dry","Car occupant"
"6728","20171347J0895",2017-07-19,2017,"Jul",19,"11:35",11,35,"Wednesday","Slight",2,"Slight","Bus or coach occupant (17 or more pass seats)","Passenger","Female",54,"B","Single carriageway",30,"Unclassified","Not a Pedestrian","Not a Pedestrian",428045,432828,"E01011362",2,"T or staggered junction","Daylight","Fine no high winds","Dry","Bus and goods vehicle occupant"
"6729","20171347J1277",2017-07-19,2017,"Jul",19,"16:35",16,35,"Wednesday","Slight",1,"Slight","Cyclist","Driver or rider","Male",27,"A","Single carriageway",30,NA,"Not a Pedestrian","Not a Pedestrian",427162,433671,"E01011284",2,"Not at junction or within 20 metres","Daylight","Fine no high winds","Dry","Cyclist"
"6730","20171347K0435",2017-07-19,2017,"Jul",19,"17:15",17,15,"Wednesday","Serious",1,"Serious","Car occupant","Driver or rider","Female",42,"A","Single carriageway",40,"Unclassified","Not a Pedestrian","Not a Pedestrian",435001,438404,"E01011714",2,"Crossroads","Darkness - lighting unknown","Fine no high winds","Dry","Car occupant"
"6731","20171347J1578",2017-07-19,2017,"Jul",19,"19:05",19,5,"Wednesday","Slight",2,"Slight","Car occupant","Driver or rider","Male",63,"A","Single carriageway",40,"Unclassified","Not a Pedestrian","Not a Pedestrian",435930,426611,"E01011636",2,"T or staggered junction","Darkness - lighting unknown","Fine no high winds","Dry","Car occupant"
"6732","20171347K0573",2017-07-20,2017,"Jul",20,"10:52",10,52,"Thursday","Slight",3,"Slight","Car occupant","Driver or rider","Female",33,"A","Dual carriageway",30,"Unclassified","Not a Pedestrian","Not a Pedestrian",430907,432290,"E01033018",2,"T or staggered junction","Daylight","Other","Wet or damp","Car occupant"
"6733","20171347L0923",2017-07-20,2017,"Jul",20,"12:50",12,50,"Thursday","Slight",2,"Slight","Car occupant","Driver or rider","Female",27,"A","Dual carriageway",40,NA,"Not a Pedestrian","Not a Pedestrian",427744,430806,"E01011318",2,"Not at junction or within 20 metres","Daylight","Fine no high winds","Dry","Car occupant"
"6734","20171347K0804",2017-07-20,2017,"Jul",20,"13:01",13,1,"Thursday","Slight",1,"Slight","Car occupant","Driver or rider","Male",49,"A","Dual carriageway",40,"Unclassified","Not a Pedestrian","Not a Pedestrian",433036,432313,"E01011621",2,"Roundabout","Daylight","Fine no high winds","Dry","Car occupant"
"6735","20171347K1197",2017-07-20,2017,"Jul",20,"16:02",16,2,"Thursday","Slight",1,"Slight","Motorcycle over 500cc rider or passenger","Driver or rider","Male",31,"Unclassified","Single carriageway",40,"Unclassified","Not a Pedestrian","Not a Pedestrian",429976,445290,"E01011561",2,"T or staggered junction","Daylight","Fine no high winds","Dry","Motorcyclist and pillion"
"6736","20171347L1567",2017-07-21,2017,"Jul",21,"08:00",8,0,"Friday","Slight",1,"Slight","Car occupant","Driver or rider","Female",27,"A","Dual carriageway",40,NA,"Not a Pedestrian","Not a Pedestrian",428709,433148,"E01033013",2,"Not at junction or within 20 metres","Daylight","Raining no high winds","Wet or damp","Car occupant"
"6737","20171347L0514",2017-07-21,2017,"Jul",21,"09:17",9,17,"Friday","Slight",1,"Slight","Bus or coach occupant (17 or more pass seats)","Passenger","Female",23,"A","Single carriageway",30,"A","Not a Pedestrian","Not a Pedestrian",424128,444012,"E01032503",2,"Crossroads","Daylight","Fine no high winds","Dry","Bus and goods vehicle occupant"
"6738","20171347L0719",2017-07-21,2017,"Jul",21,"11:22",11,22,"Friday","Slight",1,"Slight","Car occupant","Driver or rider","Male",18,"A","Dual carriageway",40,"Unclassified","Not a Pedestrian","Not a Pedestrian",425485,432854,"E01011730",1,"Roundabout","Daylight","Fine no high winds","Wet or damp","Car occupant"
"6739","20171347L1350",2017-07-21,2017,"Jul",21,"15:30",15,30,"Friday","Slight",1,"Slight","Cyclist","Driver or rider","Female",8,"Unclassified","Single carriageway",30,NA,"Not a Pedestrian","Not a Pedestrian",427432,433572,"E01011293",2,"Not at junction or within 20 metres","Daylight","Fine no high winds","Wet or damp","Cyclist"
"6740","20171347M0293",2017-07-22,2017,"Jul",22,"04:13",4,13,"Saturday","Slight",1,"Slight","Car occupant","Driver or rider","Female",37,"Unclassified","Single carriageway",30,NA,"Not a Pedestrian","Not a Pedestrian",429025,428911,"E01011493",2,"Not at junction or within 20 metres","Darkness - lights unlit","Raining no high winds","Wet or damp","Car occupant"
"6741","20171347L0445",2017-07-22,2017,"Jul",22,"08:30",8,30,"Saturday","Slight",1,"Slight","Pedestrian","Pedestrian","Male",9,"Unclassified","Single carriageway",30,"Unclassified","Crossing on pedestrian crossing facility","Crossing from driver's nearside",431400,435026,"E01011673",1,"Crossroads","Daylight","Fine no high winds","Dry","Pedestrian"
"6742","20171347M0482",2017-07-22,2017,"Jul",22,"09:00",9,0,"Saturday","Slight",1,"Slight","Car occupant","Driver or rider","Female",25,"Motorway","Dual carriageway",70,NA,"Not a Pedestrian","Not a Pedestrian",434381,430344,"E01011624",2,"Not at junction or within 20 metres","Daylight","Raining no high winds","Wet or damp","Car occupant"
"6743","20171347M0745",2017-07-22,2017,"Jul",22,"11:30",11,30,"Saturday","Slight",1,"Slight","Cyclist","Driver or rider","Male",15,"Unclassified","Single carriageway",30,"Unclassified","Not a Pedestrian","Not a Pedestrian",420602,441486,"E01011269",2,"T or staggered junction","Daylight","Fine no high winds","Dry","Cyclist"
"6744","20171347M2125",2017-07-22,2017,"Jul",22,"22:40",22,40,"Saturday","Slight",1,"Slight","Car occupant","Driver or rider","Male",63,"A(M)","Dual carriageway",60,NA,"Not a Pedestrian","Not a Pedestrian",442011,443713,"E01011710",1,"Not at junction or within 20 metres","Darkness - no lighting","Raining no high winds","Wet or damp","Car occupant"
"6745","20171347M2185",2017-07-22,2017,"Jul",22,"23:30",23,30,"Saturday","Serious",2,"Slight","Car occupant","Driver or rider","Male",27,"Unclassified","Single carriageway",20,NA,"Not a Pedestrian","Not a Pedestrian",421522,434974,"E01011594",4,"Not at junction or within 20 metres","Darkness - lights lit","Fine no high winds","Wet or damp","Car occupant"
"6746","20171347N0537",2017-07-23,2017,"Jul",23,"09:32",9,32,"Sunday","Slight",1,"Slight","Van / Goods vehicle (3.5 tonnes mgw or under) occupant","Driver or rider","Male",58,"Motorway","Single carriageway",30,NA,"Not a Pedestrian","Not a Pedestrian",430408,431861,"E01011364",3,"Not at junction or within 20 metres","Daylight","Fine no high winds","Dry","Bus and goods vehicle occupant"
"6747","20171347O0671",2017-07-24,2017,"Jul",24,"12:30",12,30,"Monday","Slight",1,"Slight","Car occupant","Driver or rider","Female",33,"Motorway","Unknown",70,"Motorway","Not a Pedestrian","Not a Pedestrian",431968,427779,"E01011490",2,"Slip road","Daylight","Fine no high winds","Dry","Car occupant"
"6748","20171347O0847",2017-07-24,2017,"Jul",24,"13:15",13,15,"Monday","Slight",1,"Slight","Van / Goods vehicle (3.5 tonnes mgw or under) occupant","Passenger","Male",33,"Unclassified","Single carriageway",30,NA,"Not a Pedestrian","Not a Pedestrian",434261,436922,"E01011658",2,"Not at junction or within 20 metres","Daylight","Fine no high winds","Dry","Bus and goods vehicle occupant"
"6749","20171347O1109",2017-07-24,2017,"Jul",24,"15:30",15,30,"Monday","Slight",1,"Slight","Pedestrian","Pedestrian","Female",5,"Unclassified","Single carriageway",30,NA,"In carriageway, not crossing","Walking along in carriageway, facing traffic",438154,430954,"E01011391",1,"Not at junction or within 20 metres","Daylight","Fine no high winds","Dry","Pedestrian"
"6750","20171347O0421",2017-07-24,2017,"Jul",24,"17:16",17,16,"Monday","Slight",1,"Slight","Bus or coach occupant (17 or more pass seats)","Passenger","Male",40,"Unclassified","Single carriageway",30,"Unclassified","Not a Pedestrian","Not a Pedestrian",430422,433463,"E01033010",2,"T or staggered junction","Darkness - lighting unknown","Fine no high winds","Dry","Bus and goods vehicle occupant"
"6751","20171347O1610",2017-07-24,2017,"Jul",24,"19:52",19,52,"Monday","Slight",1,"Slight","Cyclist","Driver or rider","Male",36,"A","Single carriageway",30,"Unclassified","Not a Pedestrian","Not a Pedestrian",430114,431740,"E01011364",2,"Crossroads","Darkness - lighting unknown","Fine no high winds","Dry","Cyclist"
"6752","20171347O1801",2017-07-24,2017,"Jul",24,"21:14",21,14,"Monday","Slight",1,"Slight","Car occupant","Driver or rider","Male",26,"A","Dual carriageway",70,"Unclassified","Not a Pedestrian","Not a Pedestrian",429430,438688,"E01011559",1,"T or staggered junction","Darkness - lighting unknown","Fine no high winds","Dry","Car occupant"
"6753","20171347O1839",2017-07-24,2017,"Jul",24,"21:30",21,30,"Monday","Slight",1,"Slight","Car occupant","Driver or rider","Male",19,"B","Single carriageway",30,NA,"Not a Pedestrian","Not a Pedestrian",426693,433083,"E01032607",2,"Not at junction or within 20 metres","Darkness - lights lit","Fine no high winds","Wet or damp","Car occupant"
"6754","20171347P0215",2017-07-25,2017,"Jul",25,"05:30",5,30,"Tuesday","Serious",1,"Serious","Motorcycle over 500cc rider or passenger","Driver or rider","Female",27,"Unclassified","Single carriageway",30,NA,"Not a Pedestrian","Not a Pedestrian",430831,433291,"E01033033",2,"Not at junction or within 20 metres","Darkness - lighting unknown","Fine no high winds","Dry","Motorcyclist and pillion"
"6755","20171347P0314",2017-07-25,2017,"Jul",25,"08:16",8,16,"Tuesday","Slight",1,"Slight","Motorcycle 125cc and under rider or passenger","Driver or rider","Male",26,"Unclassified","Single carriageway",30,"Unclassified","Not a Pedestrian","Not a Pedestrian",428489,434455,"E01011681",2,"T or staggered junction","Daylight","Fine no high winds","Dry","Motorcyclist and pillion"
"6756","20171347P0938",2017-07-25,2017,"Jul",25,"14:30",14,30,"Tuesday","Slight",1,"Slight","Pedestrian","Pedestrian","Male",63,"Unclassified","Single carriageway",30,NA,"Crossing on pedestrian crossing facility","Crossing from driver's nearside",430377,433527,"E01033010",1,"Not at junction or within 20 metres","Daylight","Fine no high winds","Dry","Pedestrian"
"6757","20171347P0977",2017-07-25,2017,"Jul",25,"14:45",14,45,"Tuesday","Slight",2,"Slight","Car occupant","Driver or rider","Female",42,"Unclassified","Single carriageway",30,"Unclassified","Not a Pedestrian","Not a Pedestrian",430609,431994,"E01011364",2,"T or staggered junction","Daylight","Fine no high winds","Dry","Car occupant"
"6758","20171347P1117",2017-07-25,2017,"Jul",25,"15:46",15,46,"Tuesday","Slight",1,"Slight","Car occupant","Driver or rider","Male",54,"A","Dual carriageway",40,NA,"Not a Pedestrian","Not a Pedestrian",432581,433811,"E01011348",2,"Not at junction or within 20 metres","Daylight","Fine no high winds","Dry","Car occupant"
"6759","20171347R1896",2017-07-26,2017,"Jul",26,"07:59",7,59,"Wednesday","Slight",1,"Slight","Cyclist","Driver or rider","Male",33,"Unclassified","Single carriageway",30,"Unclassified","Not a Pedestrian","Not a Pedestrian",430349,433049,"E01033016",2,"Crossroads","Daylight","Fine no high winds","Wet or damp","Cyclist"
"6760","20171347Q0329",2017-07-26,2017,"Jul",26,"08:16",8,16,"Wednesday","Slight",1,"Slight","Cyclist","Driver or rider","Female",26,"Unclassified","Single carriageway",30,NA,"Not a Pedestrian","Not a Pedestrian",427863,433666,"E01011284",2,"Not at junction or within 20 metres","Daylight","Fine no high winds","Wet or damp","Cyclist"
"6761","20171347Q1498",2017-07-26,2017,"Jul",26,"08:55",8,55,"Wednesday","Slight",1,"Slight","Cyclist","Driver or rider","Female",25,"Unclassified","Single carriageway",30,"Unclassified","Not a Pedestrian","Not a Pedestrian",430071,433838,"E01033010",2,"T or staggered junction","Daylight","Fine no high winds","Dry","Cyclist"
"6762","20171347Q1826",2017-07-26,2017,"Jul",26,"16:10",16,10,"Wednesday","Slight",1,"Slight","Cyclist","Driver or rider","Male",23,"Unclassified","Single carriageway",30,"Unclassified","Not a Pedestrian","Not a Pedestrian",431140,434298,"E01033031",2,"T or staggered junction","Daylight","Fine no high winds","Dry","Cyclist"
"6763","20171347R0180",2017-07-27,2017,"Jul",27,"04:00",4,0,"Thursday","Serious",1,"Serious","Car occupant","Driver or rider","Male",26,"A","Single carriageway",60,NA,"Not a Pedestrian","Not a Pedestrian",426980,440797,"E01011381",1,"Not at junction or within 20 metres","Darkness - no lighting","Fine no high winds","Wet or damp","Car occupant"
"6764","20171347R0922",2017-07-27,2017,"Jul",27,"10:25",10,25,"Thursday","Slight",1,"Slight","Pedestrian","Pedestrian","Male",45,"Unclassified","Single carriageway",30,NA,"In carriageway, crossing elsewhere","Crossing from driver's offside",429494,432902,"E01033032",1,"Not at junction or within 20 metres","Daylight","Fine no high winds","Dry","Pedestrian"
"6765","20171347R0603",2017-07-27,2017,"Jul",27,"12:21",12,21,"Thursday","Slight",1,"Slight","Cyclist","Driver or rider","Female",24,"Unclassified","Dual carriageway",30,NA,"Not a Pedestrian","Not a Pedestrian",429560,433812,"E01033008",2,"Not at junction or within 20 metres","Daylight","Fine no high winds","Dry","Cyclist"
"6766","20171347P0826",2017-07-27,2017,"Jul",27,"13:29",13,29,"Thursday","Serious",3,"Slight","Car occupant","Driver or rider","Male",23,"Unclassified","Single carriageway",30,NA,"Not a Pedestrian","Not a Pedestrian",431263,433817,"E01011338",3,"Not at junction or within 20 metres","Daylight","Fine no high winds","Dry","Car occupant"
"6767","20171347R1479",2017-07-27,2017,"Jul",27,"19:21",19,21,"Thursday","Slight",2,"Slight","Car occupant","Driver or rider","Female",21,"Unclassified","Single carriageway",30,"A","Not a Pedestrian","Not a Pedestrian",432675,436914,"E01011644",2,"Crossroads","Darkness - lighting unknown","Fine no high winds","Dry","Car occupant"
"6768","20171347R1705",2017-07-27,2017,"Jul",27,"19:50",19,50,"Thursday","Slight",1,"Slight","Pedestrian","Pedestrian","Male",11,"Unclassified","Single carriageway",30,NA,"In carriageway, not crossing","Unknown or other",417476,443064,"E01011266",1,"Not at junction or within 20 metres","Darkness - lighting unknown","Fine no high winds","Dry","Pedestrian"
"6769","20171347J1178",2017-07-28,2017,"Jul",28,"15:54",15,54,"Friday","Slight",1,"Slight","Cyclist","Driver or rider","Female",7,"Unclassified","Single carriageway",30,NA,"Not a Pedestrian","Not a Pedestrian",427321,433545,"E01011293",2,"Not at junction or within 20 metres","Daylight","Fine no high winds","Dry","Cyclist"
"6770","20171347S1286",2017-07-28,2017,"Jul",28,"16:51",16,51,"Friday","Serious",1,"Serious","Motorcycle 125cc and under rider or passenger","Driver or rider","Female",40,"Unclassified","Single carriageway",30,NA,"Not a Pedestrian","Not a Pedestrian",428558,436885,"E01011693",2,"Not at junction or within 20 metres","Daylight","Fine no high winds","Wet or damp","Motorcyclist and pillion"
"6771","20171347S1786",2017-07-28,2017,"Jul",28,"20:50",20,50,"Friday","Serious",1,"Serious","Car occupant","Driver or rider","Female",33,"A","Roundabout",40,"A","Not a Pedestrian","Not a Pedestrian",426799,438017,"E01011687",2,"Roundabout","Darkness - lights lit","Raining no high winds","Wet or damp","Car occupant"
"6772","20171347S1949",2017-07-28,2017,"Jul",28,"22:13",22,13,"Friday","Serious",1,"Serious","Car occupant","Driver or rider","Male",39,"A","Dual carriageway",70,"Unclassified","Not a Pedestrian","Not a Pedestrian",429241,438604,"E01011559",2,"T or staggered junction","Darkness - lights lit","Raining no high winds","Wet or damp","Car occupant"
"6773","20171347T0087",2017-07-29,2017,"Jul",29,"01:00",1,0,"Saturday","Slight",1,"Slight","Car occupant","Passenger","Female",17,"Unclassified","Single carriageway",30,NA,"Not a Pedestrian","Not a Pedestrian",421302,441457,"E01011269",1,"Not at junction or within 20 metres","Darkness - no lighting","Fine no high winds","Wet or damp","Car occupant"
"6774","20171347T0222",2017-07-29,2017,"Jul",29,"03:00",3,0,"Saturday","Slight",1,"Slight","Car occupant","Driver or rider","Male",23,"A","Dual carriageway",70,"Unclassified","Not a Pedestrian","Not a Pedestrian",428408,428713,"E01011531",1,"Roundabout","Darkness - lights lit","Fine no high winds","Wet or damp","Car occupant"
"6775","20171347T0310",2017-07-29,2017,"Jul",29,"04:45",4,45,"Saturday","Slight",2,"Slight","Taxi/Private hire car occupant","Driver or rider","Male",53,"B","Single carriageway",30,"A","Not a Pedestrian","Not a Pedestrian",431965,435832,"E01011422",2,"Crossroads","Darkness - lights lit","Fine no high winds","Dry","Car occupant"
"6776","20171347T1009",2017-07-29,2017,"Jul",29,"14:25",14,25,"Saturday","Serious",1,"Serious","Cyclist","Driver or rider","Male",50,"Unclassified","Single carriageway",30,"Unclassified","Not a Pedestrian","Not a Pedestrian",425551,436386,"E01011485",2,"T or staggered junction","Daylight","Fine no high winds","Dry","Cyclist"
"6777","20171347T2034",2017-07-29,2017,"Jul",29,"22:15",22,15,"Saturday","Serious",1,"Serious","Pedestrian","Pedestrian","Male",58,"A","Dual carriageway",40,NA,"In carriageway, crossing elsewhere","Crossing from driver's offside",428606,432761,"E01011363",1,"Not at junction or within 20 metres","Darkness - lights lit","Fine no high winds","Wet or damp","Pedestrian"
"6778","20171347U0828",2017-07-30,2017,"Jul",30,"00:14",0,14,"Sunday","Slight",1,"Slight","Car occupant","Driver or rider","Male",37,"Unclassified","Single carriageway",30,NA,"Not a Pedestrian","Not a Pedestrian",424414,438930,"E01011459",3,"Not at junction or within 20 metres","Darkness - lighting unknown","Fine no high winds","Dry","Car occupant"
"6779","20171347U0765",2017-07-30,2017,"Jul",30,"11:45",11,45,"Sunday","Slight",1,"Slight","Car occupant","Driver or rider","Male",51,"Motorway","Dual carriageway",50,NA,"Not a Pedestrian","Not a Pedestrian",429870,432147,"E01011364",2,"Not at junction or within 20 metres","Daylight","Fine no high winds","Dry","Car occupant"
"6780","20171347U1273",2017-07-30,2017,"Jul",30,"16:35",16,35,"Sunday","Slight",1,"Slight","Pedestrian","Pedestrian","Male",27,"Unclassified","Single carriageway",30,"Unclassified","In carriageway, crossing elsewhere","Crossing from driver's offside",430419,433789,"E01033010",1,"T or staggered junction","Daylight","Fine no high winds","Dry","Pedestrian"
"6781","20171347U1549",2017-07-30,2017,"Jul",30,"18:53",18,53,"Sunday","Slight",3,"Slight","Car occupant","Driver or rider","Male",22,"A","Dual carriageway",40,"Unclassified","Not a Pedestrian","Not a Pedestrian",428120,426664,"E01011538",2,"T or staggered junction","Darkness - lighting unknown","Fine no high winds","Dry","Car occupant"
"6782","20171347V0449",2017-07-30,2017,"Jul",30,"22:09",22,9,"Sunday","Slight",1,"Slight","Bus or coach occupant (17 or more pass seats)","Passenger","Male",32,"Unclassified","Single carriageway",30,NA,"Not a Pedestrian","Not a Pedestrian",428304,434441,"E01011483",1,"Not at junction or within 20 metres","Darkness - lights lit","Fine no high winds","Dry","Bus and goods vehicle occupant"
"6783","20171347U2082",2017-07-30,2017,"Jul",30,"23:52",23,52,"Sunday","Slight",1,"Slight","Car occupant","Driver or rider","Male",22,"A","Single carriageway",40,"Unclassified","Not a Pedestrian","Not a Pedestrian",442618,428003,"E01011307",2,"Crossroads","Darkness - lights lit","Fine no high winds","Dry","Car occupant"
"6784","20171347V0215",2017-07-31,2017,"Jul",31,"06:00",6,0,"Monday","Slight",1,"Slight","Cyclist","Driver or rider","Male",62,"Unclassified","Roundabout",30,"Unclassified","Not a Pedestrian","Not a Pedestrian",445311,431696,"E01011299",2,"Roundabout","Darkness - lighting unknown","Fine no high winds","Dry","Cyclist"
"6785","20171347V0301",2017-07-31,2017,"Jul",31,"08:15",8,15,"Monday","Slight",1,"Slight","Pedestrian","Pedestrian","Male",46,"Unclassified","One way street",30,"Unclassified","Crossing on pedestrian crossing facility","Unknown or other",429759,433580,"E01033008",1,"Slip road","Daylight","Fine no high winds","Dry","Pedestrian"
"6786","20171347V2096",2017-07-31,2017,"Jul",31,"10:00",10,0,"Monday","Slight",1,"Slight","Car occupant","Driver or rider","Male",32,"Unclassified","Dual carriageway",30,"Unclassified","Not a Pedestrian","Not a Pedestrian",430142,432826,"E01033016",2,"Crossroads","Daylight","Fine no high winds","Dry","Car occupant"
"6787","20171347V1025",2017-07-31,2017,"Jul",31,"14:45",14,45,"Monday","Slight",3,"Slight","Car occupant","Driver or rider","Female",41,"Unclassified","Single carriageway",30,NA,"Not a Pedestrian","Not a Pedestrian",428710,434107,"E01011681",2,"Not at junction or within 20 metres","Daylight","Fine no high winds","Dry","Car occupant"
"6788","20171347V1447",2017-07-31,2017,"Jul",31,"17:56",17,56,"Monday","Slight",2,"Slight","Car occupant","Driver or rider","Female",61,"A","Dual carriageway",60,NA,"Not a Pedestrian","Not a Pedestrian",427517,438585,"E01032876",3,"Not at junction or within 20 metres","Darkness - lighting unknown","Fine no high winds","Dry","Car occupant"
"6789","2017134811294",2017-08-01,2017,"Aug",1,"17:16",17,16,"Tuesday","Slight",1,"Slight","Van / Goods vehicle (3.5 tonnes mgw or under) occupant","Driver or rider","Male",29,"A","Single carriageway",60,NA,"Not a Pedestrian","Not a Pedestrian",425068,437862,"E01011463",4,"Not at junction or within 20 metres","Darkness - lighting unknown","Raining no high winds","Wet or damp","Bus and goods vehicle occupant"
"6790","2017134811459",2017-08-01,2017,"Aug",1,"18:37",18,37,"Tuesday","Slight",2,"Slight","Car occupant","Driver or rider","Female",59,"Unclassified","Single carriageway",40,"Unclassified","Not a Pedestrian","Not a Pedestrian",424152,435960,"E01011325",2,"T or staggered junction","Darkness - lighting unknown","Fine no high winds","Dry","Car occupant"
"6791","2017134811595",2017-08-01,2017,"Aug",1,"19:45",19,45,"Tuesday","Slight",2,"Slight","Car occupant","Passenger","Female",6,"Unclassified","Single carriageway",30,"Unclassified","Not a Pedestrian","Not a Pedestrian",425945,426763,"E01011546",2,"T or staggered junction","Darkness - lighting unknown","Fine no high winds","Dry","Car occupant"
"6792","2017134811736",2017-08-01,2017,"Aug",1,"20:30",20,30,"Tuesday","Slight",1,"Slight","Car occupant","Driver or rider","Male",25,"Unclassified","Single carriageway",30,"Unclassified","Not a Pedestrian","Not a Pedestrian",429087,431242,"E01011314",2,"T or staggered junction","Darkness - lighting unknown","Fine no high winds","Dry","Car occupant"
"6793","2017134820662",2017-08-02,2017,"Aug",2,"11:58",11,58,"Wednesday","Slight",1,"Slight","Pedestrian","Pedestrian","Male",2,"Unclassified","Single carriageway",30,NA,"In carriageway, crossing elsewhere","Crossing from driver's nearside",426468,433263,"E01011729",1,"Not at junction or within 20 metres","Daylight","Raining no high winds","Wet or damp","Pedestrian"
"6794","2017134821246",2017-08-02,2017,"Aug",2,"12:30",12,30,"Wednesday","Serious",1,"Serious","Pedestrian","Pedestrian","Female",84,"Unclassified","Single carriageway",30,NA,"In carriageway, crossing elsewhere","Crossing from driver's offside",434651,428420,"E01011629",1,"Not at junction or within 20 metres","Daylight","Fine no high winds","Dry","Pedestrian"