"","accident_index","date","year","month","day","time","time_hour","time_minute","day_of_week","accident_severity","number_of_casualties","casualty_severity","casualty_type","casualty_class","sex_of_casualty","age_of_casualty","first_road_class","road_type","speed_limit","second_road_class","pedestrian_location","pedestrian_movement","location_easting_osgr","location_northing_osgr","lsoa_of_accident_location","number_of_vehicles","junction_detail","light_conditions","weather_conditions","road_surface_conditions","cas_type"
"6795","2017134860546",2017-08-02,2017,"Aug",2,"17:00",17,0,"Wednesday","Slight",1,"Slight","Cyclist","Driver or rider","Male",46,"A","Roundabout",40,"A","Not a Pedestrian","Not a Pedestrian",426699,431761,"E01011734",2,"Roundabout","Darkness - lighting unknown","Fine no high winds","Dry","Cyclist"
"6796","2017134821403",2017-08-02,2017,"Aug",2,"18:00",18,0,"Wednesday","Slight",1,"Slight","Motorcycle over 125cc and up to 500cc rider or  passenger","Driver or rider","Male",27,"A","Roundabout",30,"A","Not a Pedestrian","Not a Pedestrian",428575,427738,"E01011538",2,"Roundabout","Darkness - lighting unknown","Fine no high winds","Dry","Motorcyclist and pillion"
"6797","2017134830079",2017-08-03,2017,"Aug",3,"01:02",1,2,"Thursday","Slight",1,"Slight","Car occupant","Driver or rider","Female",23,"A","Dual carriageway",40,NA,"Not a Pedestrian","Not a Pedestrian",428608,432727,"E01011363",1,"Not at junction or within 20 metres","Darkness - lights lit","Fine no high winds","Wet or damp","Car occupant"
"6798","2017134830534",2017-08-03,2017,"Aug",3,"10:34",10,34,"Thursday","Slight",1,"Slight","Bus or coach occupant (17 or more pass seats)","Passenger","Female",53,"Unclassified","Single carriageway",30,NA,"Not a Pedestrian","Not a Pedestrian",434305,437050,"E01011644",2,"Not at junction or within 20 metres","Daylight","Fine no high winds","Dry","Bus and goods vehicle occupant"
"6799","2017134850524",2017-08-03,2017,"Aug",3,"13:00",13,0,"Thursday","Serious",1,"Serious","Cyclist","Driver or rider","Male",32,"Unclassified","One way street",30,NA,"Not a Pedestrian","Not a Pedestrian",430571,433454,"E01033011",2,"Not at junction or within 20 metres","Daylight","Fine no high winds","Dry","Cyclist"
"6800","2017134831580",2017-08-03,2017,"Aug",3,"16:25",16,25,"Thursday","Slight",1,"Slight","Car occupant","Passenger","Female",1,"Unclassified","Single carriageway",30,"Unclassified","Not a Pedestrian","Not a Pedestrian",419642,444994,"E01011571",2,"T or staggered junction","Daylight","Fine no high winds","Wet or damp","Car occupant"
"6801","2017134831415",2017-08-03,2017,"Aug",3,"17:52",17,52,"Thursday","Slight",1,"Slight","Motorcycle over 500cc rider or passenger","Driver or rider","Female",50,"A","Single carriageway",30,NA,"Not a Pedestrian","Not a Pedestrian",439541,432441,"E01011402",2,"Not at junction or within 20 metres","Darkness - lighting unknown","Fine no high winds","Dry","Motorcyclist and pillion"
"6802","2017134840222",2017-08-04,2017,"Aug",4,"03:41",3,41,"Friday","Slight",1,"Slight","Pedestrian","Pedestrian","Female",19,"Unclassified","Single carriageway",30,NA,"Unknown or other","Unknown or other",430244,433251,"E01033016",1,"Not at junction or within 20 metres","Darkness - lights lit","Fine no high winds","Dry","Pedestrian"
"6803","2017134850642",2017-08-04,2017,"Aug",4,"08:25",8,25,"Friday","Slight",1,"Slight","Taxi/Private hire car occupant","Passenger","Female",27,"Unclassified","Single carriageway",20,NA,"Not a Pedestrian","Not a Pedestrian",425509,432143,"E01011735",1,"Not at junction or within 20 metres","Daylight","Raining no high winds","Dry","Car occupant"
"6804","2017134841704",2017-08-04,2017,"Aug",4,"19:00",19,0,"Friday","Slight",1,"Slight","Car occupant","Driver or rider","Male",41,"A","Dual carriageway",70,"A","Not a Pedestrian","Not a Pedestrian",426856,438044,"E01011685",2,"Roundabout","Darkness - lighting unknown","Fine no high winds","Dry","Car occupant"
"6805","2017134850236",2017-08-05,2017,"Aug",5,"03:03",3,3,"Saturday","Slight",1,"Slight","Pedestrian","Pedestrian","Male",50,"Unclassified","One way street",30,"Unclassified","Crossing on pedestrian crossing facility","Unknown or other",430252,433236,"E01033016",1,"Crossroads","Darkness - lights lit","Fine no high winds","Dry","Pedestrian"
"6806","2017134851288",2017-08-05,2017,"Aug",5,"15:20",15,20,"Saturday","Slight",1,"Slight","Car occupant","Driver or rider","Male",35,"A","Dual carriageway",40,NA,"Not a Pedestrian","Not a Pedestrian",436717,433829,"E01011412",2,"Not at junction or within 20 metres","Daylight","Fine no high winds","Dry","Car occupant"
"6807","2017134851460",2017-08-05,2017,"Aug",5,"17:54",17,54,"Saturday","Slight",1,"Slight","Other vehicle occupant","Driver or rider","Male",23,"Unclassified","Single carriageway",30,"Unclassified","Not a Pedestrian","Not a Pedestrian",431393,435452,"E01011361",2,"T or staggered junction","Darkness - lighting unknown","Fine no high winds","Dry","Others"
"6808","2017134860671",2017-08-06,2017,"Aug",6,"11:30",11,30,"Sunday","Slight",1,"Slight","Motorcycle 125cc and under rider or passenger","Driver or rider","Male",31,"Unclassified","Single carriageway",30,"Unclassified","Not a Pedestrian","Not a Pedestrian",428198,435026,"E01011447",2,"T or staggered junction","Daylight","Fine no high winds","Dry","Motorcyclist and pillion"
"6809","2017134861708",2017-08-06,2017,"Aug",6,"20:18",20,18,"Sunday","Slight",1,"Slight","Cyclist","Driver or rider","Male",29,"Unclassified","Single carriageway",30,"Unclassified","Not a Pedestrian","Not a Pedestrian",423930,434315,"E01011287",2,"Crossroads","Darkness - lighting unknown","Fine no high winds","Wet or damp","Cyclist"
"6810","2017134870202",2017-08-07,2017,"Aug",7,"06:30",6,30,"Monday","Serious",2,"Slight","Car occupant","Driver or rider","Female",27,"A","Single carriageway",30,NA,"Not a Pedestrian","Not a Pedestrian",423221,434317,"E01011596",1,"Not at junction or within 20 metres","Darkness - lighting unknown","Raining no high winds","Wet or damp","Car occupant"
"6811","2017134870289",2017-08-07,2017,"Aug",7,"08:15",8,15,"Monday","Serious",1,"Serious","Pedestrian","Pedestrian","Female",10,"Unclassified","Single carriageway",30,NA,"In carriageway, crossing elsewhere","Crossing from driver's offside",430248,433238,"E01033016",1,"Not at junction or within 20 metres","Daylight","Fine no high winds","Dry","Pedestrian"
"6812","2017134870409",2017-08-07,2017,"Aug",7,"09:35",9,35,"Monday","Slight",1,"Slight","Van / Goods vehicle (3.5 tonnes mgw or under) occupant","Driver or rider","Male",29,"A","Dual carriageway",30,"Unclassified","Not a Pedestrian","Not a Pedestrian",431023,433090,"E01033034",2,"T or staggered junction","Daylight","Raining no high winds","Wet or damp","Bus and goods vehicle occupant"
"6813","2017134871119",2017-08-07,2017,"Aug",7,"15:55",15,55,"Monday","Slight",1,"Slight","Van / Goods vehicle (3.5 tonnes mgw or under) occupant","Driver or rider","Male",25,"Motorway","Dual carriageway",70,NA,"Not a Pedestrian","Not a Pedestrian",431595,430533,"E01011470",1,"Not at junction or within 20 metres","Daylight","Fine no high winds","Dry","Bus and goods vehicle occupant"
"6814","2017134871405",2017-08-07,2017,"Aug",7,"17:30",17,30,"Monday","Slight",1,"Slight","Cyclist","Driver or rider","Male",23,"Unclassified","Single carriageway",30,"Unclassified","Not a Pedestrian","Not a Pedestrian",428094,434688,"E01011481",2,"T or staggered junction","Darkness - lighting unknown","Fine no high winds","Dry","Cyclist"
"6815","2017134871556",2017-08-07,2017,"Aug",7,"19:05",19,5,"Monday","Slight",1,"Slight","Other vehicle occupant","Driver or rider","Female",13,"B","Dual carriageway",40,"A","Not a Pedestrian","Not a Pedestrian",433852,434047,"E01011622",2,"T or staggered junction","Darkness - lighting unknown","Fine no high winds","Dry","Others"
"6816","2017134871683",2017-08-07,2017,"Aug",7,"20:00",20,0,"Monday","Slight",3,"Slight","Car occupant","Driver or rider","Male",39,"A","Single carriageway",30,"A","Not a Pedestrian","Not a Pedestrian",424144,428168,"E01011523",2,"Crossroads","Darkness - lighting unknown","Fine no high winds","Dry","Car occupant"
"6817","2017134871810",2017-08-07,2017,"Aug",7,"21:00",21,0,"Monday","Slight",1,"Slight","Cyclist","Driver or rider","Male",31,"Unclassified","Single carriageway",30,"Unclassified","Not a Pedestrian","Not a Pedestrian",428819,440198,"E01011554",2,"Private drive or entrance","Darkness - lighting unknown","Fine no high winds","Dry","Cyclist"
"6818","2017134880912",2017-08-08,2017,"Aug",8,"14:05",14,5,"Tuesday","Slight",1,"Slight","Motorcycle over 500cc rider or passenger","Driver or rider","Male",57,"B","Single carriageway",30,NA,"Not a Pedestrian","Not a Pedestrian",425794,435677,"E01011324",2,"Not at junction or within 20 metres","Daylight","Raining no high winds","Wet or damp","Motorcyclist and pillion"
"6819","2017134890200",2017-08-09,2017,"Aug",9,"06:30",6,30,"Wednesday","Slight",1,"Slight","Car occupant","Driver or rider","Male",49,"A","Single carriageway",30,NA,"Not a Pedestrian","Not a Pedestrian",430109,432144,"E01011364",1,"Not at junction or within 20 metres","Darkness - lighting unknown","Fine no high winds","Wet or damp","Car occupant"
"6820","2017134890510",2017-08-09,2017,"Aug",9,"11:10",11,10,"Wednesday","Slight",3,"Slight","Car occupant","Driver or rider","Female",26,"Unclassified","Single carriageway",30,"Unclassified","Not a Pedestrian","Not a Pedestrian",433050,436539,"E01011646",2,"Crossroads","Daylight","Fine no high winds","Dry","Car occupant"
"6821","2017134890650",2017-08-09,2017,"Aug",9,"12:30",12,30,"Wednesday","Slight",1,"Slight","Car occupant","Passenger","Male",41,"Unclassified","Single carriageway",30,"Unclassified","Not a Pedestrian","Not a Pedestrian",432057,435966,"E01011647",2,"T or staggered junction","Daylight","Fine no high winds","Dry","Car occupant"
"6822","2017134890755",2017-08-09,2017,"Aug",9,"13:36",13,36,"Wednesday","Serious",1,"Serious","Pedestrian","Pedestrian","Male",74,"A","Single carriageway",30,NA,"Crossing on pedestrian crossing facility","Crossing from driver's nearside",428345,431276,"E01011369",1,"Not at junction or within 20 metres","Daylight","Fine no high winds","Dry","Pedestrian"
"6823","2017134890853",2017-08-09,2017,"Aug",9,"14:15",14,15,"Wednesday","Serious",1,"Serious","Cyclist","Driver or rider","Male",21,"Unclassified","Single carriageway",30,"Unclassified","Not a Pedestrian","Not a Pedestrian",420169,445565,"E01011569",2,"Crossroads","Daylight","Fine no high winds","Dry","Cyclist"
"6824","2017134891080",2017-08-09,2017,"Aug",9,"16:05",16,5,"Wednesday","Serious",1,"Serious","Cyclist","Driver or rider","Male",9,"A","Dual carriageway",40,"Unclassified","Not a Pedestrian","Not a Pedestrian",433898,436532,"E01011421",2,"Crossroads","Daylight","Fine no high winds","Dry","Cyclist"
"6825","2017134891183",2017-08-09,2017,"Aug",9,"16:46",16,46,"Wednesday","Slight",1,"Slight","Car occupant","Driver or rider","Female",36,"A","Single carriageway",40,"Unclassified","Not a Pedestrian","Not a Pedestrian",422687,437852,"E01011458",2,"T or staggered junction","Daylight","Fine no high winds","Dry","Car occupant"
"6826","2017134891888",2017-08-09,2017,"Aug",9,"17:33",17,33,"Wednesday","Slight",1,"Slight","Car occupant","Driver or rider","Male",51,"Unclassified","Single carriageway",30,NA,"Not a Pedestrian","Not a Pedestrian",420853,437015,"E01011589",2,"Not at junction or within 20 metres","Darkness - lighting unknown","Fine no high winds","Dry","Car occupant"
"6827","2017134891284",2017-08-09,2017,"Aug",9,"17:34",17,34,"Wednesday","Slight",2,"Slight","Car occupant","Passenger","Male",26,"Unclassified","Single carriageway",30,NA,"Not a Pedestrian","Not a Pedestrian",428789,432861,"E01033013",2,"Not at junction or within 20 metres","Darkness - lighting unknown","Fine no high winds","Dry","Car occupant"
"6828","2017134891363",2017-08-09,2017,"Aug",9,"18:20",18,20,"Wednesday","Serious",3,"Slight","Car occupant","Driver or rider","Female",24,"A","Dual carriageway",30,NA,"Not a Pedestrian","Not a Pedestrian",425743,426849,"E01011546",2,"Not at junction or within 20 metres","Darkness - lighting unknown","Fine no high winds","Dry","Car occupant"
"6829","2017134891459",2017-08-09,2017,"Aug",9,"19:12",19,12,"Wednesday","Slight",1,"Slight","Car occupant","Driver or rider","Male",47,"A","Single carriageway",30,"Unclassified","Not a Pedestrian","Not a Pedestrian",432513,427318,"E01032496",2,"Crossroads","Darkness - lighting unknown","Fine no high winds","Dry","Car occupant"
"6830","20171348A0345",2017-08-10,2017,"Aug",10,"07:50",7,50,"Thursday","Slight",1,"Slight","Cyclist","Driver or rider","Female",47,"A","Single carriageway",50,NA,"Not a Pedestrian","Not a Pedestrian",437673,444884,"E01011696",2,"Not at junction or within 20 metres","Daylight","Fine no high winds","Dry","Cyclist"
"6831","20171348A0401",2017-08-10,2017,"Aug",10,"08:30",8,30,"Thursday","Serious",1,"Serious","Cyclist","Driver or rider","Male",30,"A","Single carriageway",30,"Unclassified","Not a Pedestrian","Not a Pedestrian",429391,434940,"E01033005",2,"T or staggered junction","Daylight","Fine no high winds","Dry","Cyclist"
"6832","20171348A0435",2017-08-10,2017,"Aug",10,"09:00",9,0,"Thursday","Slight",1,"Slight","Car occupant","Driver or rider","Female",21,"Unclassified","Single carriageway",30,NA,"Not a Pedestrian","Not a Pedestrian",426262,428407,"E01011525",2,"Not at junction or within 20 metres","Daylight","Fine no high winds","Dry","Car occupant"
"6833","20171348A0864",2017-08-10,2017,"Aug",10,"13:10",13,10,"Thursday","Serious",1,"Serious","Goods vehicle (7.5 tonnes mgw and over) occupant","Driver or rider","Male",61,"Motorway","Dual carriageway",70,NA,"Not a Pedestrian","Not a Pedestrian",441768,434615,"E01011297",2,"Not at junction or within 20 metres","Daylight","Fine no high winds","Dry","Bus and goods vehicle occupant"
"6834","20171348A1065",2017-08-10,2017,"Aug",10,"14:45",14,45,"Thursday","Slight",1,"Slight","Cyclist","Driver or rider","Male",52,"A","Roundabout",30,"Unclassified","Not a Pedestrian","Not a Pedestrian",432350,433709,"E01011348",2,"Roundabout","Daylight","Fine no high winds","Dry","Cyclist"
"6835","20171348A1307",2017-08-10,2017,"Aug",10,"16:25",16,25,"Thursday","Slight",2,"Slight","Car occupant","Driver or rider","Female",30,"Unclassified","Dual carriageway",70,NA,"Not a Pedestrian","Not a Pedestrian",421293,434064,"E01011585",2,"Not at junction or within 20 metres","Daylight","Fine no high winds","Dry","Car occupant"
"6836","20171348A1621",2017-08-10,2017,"Aug",10,"18:46",18,46,"Thursday","Slight",1,"Slight","Car occupant","Driver or rider","Female",31,"Unclassified","Single carriageway",30,"Unclassified","Not a Pedestrian","Not a Pedestrian",435890,437441,"E01011718",2,"T or staggered junction","Darkness - lighting unknown","Fine no high winds","Dry","Car occupant"
"6837","20171348B0246",2017-08-11,2017,"Aug",11,"05:39",5,39,"Friday","Slight",1,"Slight","Car occupant","Driver or rider","Male",24,"A","Roundabout",40,NA,"Not a Pedestrian","Not a Pedestrian",437549,433226,"E01011411",1,"Not at junction or within 20 metres","Darkness - lighting unknown","Fine no high winds","Dry","Car occupant"
"6838","20171348B0309",2017-08-11,2017,"Aug",11,"07:26",7,26,"Friday","Slight",2,"Slight","Van / Goods vehicle (3.5 tonnes mgw or under) occupant","Driver or rider","Male",47,"Motorway","Dual carriageway",50,"A","Not a Pedestrian","Not a Pedestrian",428439,431638,"E01011366",4,"Slip road","Darkness - lighting unknown","Fine no high winds","Dry","Bus and goods vehicle occupant"
"6839","20171348B0442",2017-08-11,2017,"Aug",11,"09:55",9,55,"Friday","Slight",1,"Slight","Car occupant","Driver or rider","Female",39,"A","Dual carriageway",40,"Unclassified","Not a Pedestrian","Not a Pedestrian",437529,433231,"E01011411",2,"T or staggered junction","Daylight","Fine no high winds","Dry","Car occupant"
"6840","20171348B0483",2017-08-11,2017,"Aug",11,"10:15",10,15,"Friday","Slight",1,"Slight","Car occupant","Driver or rider","Male",31,"A","Dual carriageway",40,"Unclassified","Not a Pedestrian","Not a Pedestrian",428860,433348,"E01033013",3,"T or staggered junction","Daylight","Fine no high winds","Dry","Car occupant"
"6841","20171348B0506",2017-08-11,2017,"Aug",11,"10:30",10,30,"Friday","Slight",1,"Slight","Car occupant","Driver or rider","Female",56,"A","Single carriageway",30,NA,"Not a Pedestrian","Not a Pedestrian",424849,434636,"E01011336",2,"Not at junction or within 20 metres","Daylight","Fine no high winds","Dry","Car occupant"
"6842","20171348B0524",2017-08-11,2017,"Aug",11,"10:40",10,40,"Friday","Slight",2,"Slight","Car occupant","Driver or rider","Male",83,"A","Roundabout",30,"Unclassified","Not a Pedestrian","Not a Pedestrian",436188,434844,"E01011408",2,"Roundabout","Daylight","Fine no high winds","Dry","Car occupant"
"6843","20171348B0881",2017-08-11,2017,"Aug",11,"12:50",12,50,"Friday","Slight",1,"Slight","Bus or coach occupant (17 or more pass seats)","Passenger","Female",86,"Unclassified","Single carriageway",30,"Unclassified","Not a Pedestrian","Not a Pedestrian",422241,433354,"E01011612",2,"T or staggered junction","Daylight","Fine no high winds","Dry","Bus and goods vehicle occupant"
"6844","20171348B1085",2017-08-11,2017,"Aug",11,"15:30",15,30,"Friday","Slight",1,"Slight","Motorcycle 125cc and under rider or passenger","Driver or rider","Female",41,"Unclassified","Dual carriageway",30,NA,"Not a Pedestrian","Not a Pedestrian",428978,429875,"E01011320",3,"Not at junction or within 20 metres","Daylight","Fine no high winds","Dry","Motorcyclist and pillion"
"6845","20171348B1554",2017-08-11,2017,"Aug",11,"18:55",18,55,"Friday","Slight",3,"Slight","Car occupant","Driver or rider","Female",35,"Unclassified","Single carriageway",30,"Unclassified","Not a Pedestrian","Not a Pedestrian",430020,435531,"E01011670",3,"Other junction","Darkness - lighting unknown","Raining no high winds","Wet or damp","Car occupant"
"6846","20171348C0953",2017-08-12,2017,"Aug",12,"14:20",14,20,"Saturday","Slight",1,"Slight","Car occupant","Passenger","Female",23,"Motorway","Dual carriageway",50,NA,"Not a Pedestrian","Not a Pedestrian",430558,431423,"E01011374",3,"Not at junction or within 20 metres","Daylight","Fine no high winds","Dry","Car occupant"
"6847","20171348C1219",2017-08-12,2017,"Aug",12,"15:23",15,23,"Saturday","Slight",1,"Slight","Bus or coach occupant (17 or more pass seats)","Passenger","Female",3,"A","Single carriageway",30,NA,"Not a Pedestrian","Not a Pedestrian",427550,436910,"E01011694",1,"Not at junction or within 20 metres","Daylight","Fine no high winds","Dry","Bus and goods vehicle occupant"
"6848","20171348D1135",2017-08-13,2017,"Aug",13,"15:00",15,0,"Sunday","Slight",1,"Slight","Motorcycle over 500cc rider or passenger","Driver or rider","Male",60,"A","Single carriageway",60,"Unclassified","Not a Pedestrian","Not a Pedestrian",445089,435123,"E01011297",3,"T or staggered junction","Daylight","Fine no high winds","Dry","Motorcyclist and pillion"
"6849","20171348D1140",2017-08-13,2017,"Aug",13,"15:15",15,15,"Sunday","Slight",1,"Slight","Cyclist","Driver or rider","Male",57,"A","Roundabout",30,"A","Not a Pedestrian","Not a Pedestrian",439312,432386,"E01011402",2,"Roundabout","Daylight","Fine no high winds","Dry","Cyclist"
"6850","20171348D1262",2017-08-13,2017,"Aug",13,"16:23",16,23,"Sunday","Slight",1,"Slight","Motorcycle over 125cc and up to 500cc rider or  passenger","Driver or rider","Male",50,"A","Dual carriageway",30,NA,"Not a Pedestrian","Not a Pedestrian",422097,441758,"E01011578",2,"Not at junction or within 20 metres","Daylight","Fine no high winds","Dry","Motorcyclist and pillion"
"6851","20171348D1715",2017-08-13,2017,"Aug",13,"20:00",20,0,"Sunday","Serious",1,"Serious","Motorcycle 125cc and under rider or passenger","Driver or rider","Male",28,"Unclassified","Single carriageway",20,NA,"Not a Pedestrian","Not a Pedestrian",431285,433436,"E01033021",2,"Not at junction or within 20 metres","Darkness - lighting unknown","Fine no high winds","Dry","Motorcyclist and pillion"
"6852","20171348D1593",2017-08-13,2017,"Aug",13,"23:40",23,40,"Sunday","Slight",1,"Slight","Cyclist","Driver or rider","Male",27,"B","Single carriageway",30,"Unclassified","Not a Pedestrian","Not a Pedestrian",427279,433073,"E01011292",2,"T or staggered junction","Darkness - lights lit","Fine no high winds","Dry","Cyclist"
"6853","20171348E1344",2017-08-14,2017,"Aug",14,"17:00",17,0,"Monday","Serious",1,"Serious","Car occupant","Passenger","Male",30,"Unclassified","Single carriageway",30,"Unclassified","Not a Pedestrian","Not a Pedestrian",430949,433978,"E01033031",3,"T or staggered junction","Darkness - lighting unknown","Fine no high winds","Dry","Car occupant"
"6854","20171348E1417",2017-08-14,2017,"Aug",14,"17:20",17,20,"Monday","Slight",1,"Slight","Cyclist","Driver or rider","Male",21,"A","Dual carriageway",40,"Unclassified","Not a Pedestrian","Not a Pedestrian",433183,434013,"E01011617",2,"Crossroads","Darkness - lighting unknown","Fine no high winds","Dry","Cyclist"
"6855","20171348E1897",2017-08-14,2017,"Aug",14,"21:45",21,45,"Monday","Slight",2,"Slight","Car occupant","Passenger","Male",20,"Motorway","Dual carriageway",70,NA,"Not a Pedestrian","Not a Pedestrian",429908,426419,"E01011538",2,"Not at junction or within 20 metres","Darkness - lights lit","Fine no high winds","Wet or damp","Car occupant"
"6856","20171348F0736",2017-08-15,2017,"Aug",15,"12:10",12,10,"Tuesday","Slight",1,"Slight","Pedestrian","Pedestrian","Male",46,"Unclassified","Single carriageway",30,NA,"In carriageway, not crossing","Unknown or other",427987,436066,"E01011440",1,"Not at junction or within 20 metres","Daylight","Fine no high winds","Dry","Pedestrian"
"6857","20171348F1173",2017-08-15,2017,"Aug",15,"16:00",16,0,"Tuesday","Serious",1,"Serious","Cyclist","Driver or rider","Female",51,"A","Single carriageway",30,NA,"Not a Pedestrian","Not a Pedestrian",417963,442819,"E01011266",2,"Not at junction or within 20 metres","Daylight","Fine no high winds","Dry","Cyclist"
"6858","20171348F1324",2017-08-15,2017,"Aug",15,"17:00",17,0,"Tuesday","Serious",1,"Serious","Cyclist","Driver or rider","Male",38,"Unclassified","Single carriageway",30,"Unclassified","Not a Pedestrian","Not a Pedestrian",430955,435788,"E01011360",2,"Crossroads","Darkness - lighting unknown","Fine no high winds","Dry","Cyclist"
"6859","20171348G0386",2017-08-16,2017,"Aug",16,"08:00",8,0,"Wednesday","Serious",1,"Serious","Motorcycle over 500cc rider or passenger","Driver or rider","Male",50,"Unclassified","Single carriageway",30,"Unclassified","Not a Pedestrian","Not a Pedestrian",429795,433736,"E01033008",2,"T or staggered junction","Daylight","Fine no high winds","Dry","Motorcyclist and pillion"
"6860","20171348G1089",2017-08-16,2017,"Aug",16,"15:05",15,5,"Wednesday","Slight",1,"Slight","Motorcycle 125cc and under rider or passenger","Driver or rider","Male",18,"A","Single carriageway",40,"B","Not a Pedestrian","Not a Pedestrian",418309,441352,"E01011270",2,"Crossroads","Daylight","Fine no high winds","Dry","Motorcyclist and pillion"
"6861","20171348G1449",2017-08-16,2017,"Aug",16,"17:15",17,15,"Wednesday","Serious",1,"Serious","Cyclist","Driver or rider","Male",23,"A","Single carriageway",30,"Unclassified","Not a Pedestrian","Not a Pedestrian",427418,434619,"E01011482",3,"T or staggered junction","Darkness - lighting unknown","Fine no high winds","Dry","Cyclist"
"6862","20171348G1397",2017-08-16,2017,"Aug",16,"17:24",17,24,"Wednesday","Slight",1,"Slight","Pedestrian","Pedestrian","Male",7,"Unclassified","Single carriageway",30,NA,"Unknown or other","Unknown or other",432304,435380,"E01011430",1,"Not at junction or within 20 metres","Darkness - lighting unknown","Fine no high winds","Dry","Pedestrian"
"6863","20171348G1570",2017-08-16,2017,"Aug",16,"18:35",18,35,"Wednesday","Slight",1,"Slight","Car occupant","Passenger","Male",8,"B","Single carriageway",30,"Unclassified","Not a Pedestrian","Not a Pedestrian",423189,434664,"E01011335",2,"Crossroads","Darkness - lighting unknown","Fine no high winds","Dry","Car occupant"
"6864","20171348G1582",2017-08-16,2017,"Aug",16,"18:40",18,40,"Wednesday","Slight",1,"Slight","Cyclist","Driver or rider","Female",39,"Unclassified","Single carriageway",30,NA,"Not a Pedestrian","Not a Pedestrian",425132,433877,"E01032606",2,"Not at junction or within 20 metres","Darkness - lighting unknown","Fine no high winds","Dry","Cyclist"
"6865","20171348H0725",2017-08-17,2017,"Aug",17,"12:20",12,20,"Thursday","Slight",1,"Slight","Car occupant","Driver or rider","Female",24,"A","Single carriageway",30,"Unclassified","Not a Pedestrian","Not a Pedestrian",430300,425103,"E01011537",2,"T or staggered junction","Daylight","Fine no high winds","Dry","Car occupant"
"6866","20171348H1067",2017-08-17,2017,"Aug",17,"13:30",13,30,"Thursday","Slight",2,"Slight","Car occupant","Driver or rider","Female",38,"Unclassified","Single carriageway",30,"Unclassified","Not a Pedestrian","Not a Pedestrian",428958,429816,"E01011320",2,"Private drive or entrance","Daylight","Fine no high winds","Dry","Car occupant"
"6867","20171348H1596",2017-08-17,2017,"Aug",17,"19:00",19,0,"Thursday","Serious",1,"Serious","Motorcycle 125cc and under rider or passenger","Driver or rider","Male",55,"Unclassified","Single carriageway",30,"Unclassified","Not a Pedestrian","Not a Pedestrian",426513,433224,"E01032607",2,"Other junction","Darkness - lighting unknown","Fine no high winds","Dry","Motorcyclist and pillion"
"6868","20171348I0575",2017-08-18,2017,"Aug",18,"10:32",10,32,"Friday","Slight",1,"Slight","Car occupant","Driver or rider","Female",35,"A","Dual carriageway",40,"Unclassified","Not a Pedestrian","Not a Pedestrian",428452,429063,"E01011493",2,"Slip road","Daylight","Fine no high winds","Wet or damp","Car occupant"
"6869","20171348I0614",2017-08-18,2017,"Aug",18,"10:58",10,58,"Friday","Slight",1,"Slight","Car occupant","Driver or rider","Female",47,"Unclassified","Single carriageway",40,"Unclassified","Not a Pedestrian","Not a Pedestrian",428450,429062,"E01011493",2,"T or staggered junction","Daylight","Fine no high winds","Dry","Car occupant"
"6870","20171348I1035",2017-08-18,2017,"Aug",18,"14:46",14,46,"Friday","Slight",1,"Slight","Car occupant","Driver or rider","Female",34,"Unclassified","Dual carriageway",40,"Unclassified","Not a Pedestrian","Not a Pedestrian",434255,437023,"E01011644",2,"T or staggered junction","Daylight","Fine no high winds","Wet or damp","Car occupant"
"6871","20171348I1193",2017-08-18,2017,"Aug",18,"16:00",16,0,"Friday","Slight",1,"Slight","Motorcycle over 500cc rider or passenger","Driver or rider","Male",44,"Unclassified","Dual carriageway",30,"Unclassified","Not a Pedestrian","Not a Pedestrian",428912,433683,"E01011678",2,"T or staggered junction","Daylight","Other","Dry","Motorcyclist and pillion"
"6872","20171348J0557",2017-08-19,2017,"Aug",19,"10:40",10,40,"Saturday","Slight",1,"Slight","Car occupant","Passenger","Female",83,"Motorway","Roundabout",70,"Motorway","Not a Pedestrian","Not a Pedestrian",432417,426200,"E01011499",2,"Roundabout","Daylight","Fine no high winds","Dry","Car occupant"
"6873","20171348J0643",2017-08-19,2017,"Aug",19,"11:36",11,36,"Saturday","Slight",1,"Slight","Motorcycle over 500cc rider or passenger","Driver or rider","Male",57,"A(M)","Dual carriageway",70,NA,"Not a Pedestrian","Not a Pedestrian",443630,436582,"E01011297",2,"Not at junction or within 20 metres","Daylight","Fine no high winds","Dry","Motorcyclist and pillion"
"6874","20171348J0883",2017-08-19,2017,"Aug",19,"13:58",13,58,"Saturday","Slight",1,"Slight","Pedestrian","Pedestrian","Male",12,"Unclassified","Single carriageway",20,"Unclassified","In carriageway, crossing elsewhere","Crossing from driver's nearside",432031,432727,"E01011625",2,"Crossroads","Daylight","Fine no high winds","Dry","Pedestrian"
"6875","20171348J1953",2017-08-19,2017,"Aug",19,"23:00",23,0,"Saturday","Serious",1,"Serious","Car occupant","Driver or rider","Male",22,"Unclassified","Single carriageway",30,"Unclassified","Not a Pedestrian","Not a Pedestrian",420463,434022,"E01011597",2,"T or staggered junction","Darkness - lights lit","Fine no high winds","Dry","Car occupant"
"6876","20171348K0769",2017-08-20,2017,"Aug",20,"11:34",11,34,"Sunday","Slight",1,"Slight","Car occupant","Driver or rider","Male",68,"A","Single carriageway",50,NA,"Not a Pedestrian","Not a Pedestrian",422565,427881,"E01011527",1,"Not at junction or within 20 metres","Daylight","Fine + high winds","Dry","Car occupant"
"6877","20171348K0978",2017-08-20,2017,"Aug",20,"13:45",13,45,"Sunday","Slight",4,"Slight","Car occupant","Driver or rider","Male",36,"Unclassified","Single carriageway",30,NA,"Not a Pedestrian","Not a Pedestrian",430735,435884,"E01011360",1,"Not at junction or within 20 metres","Daylight","Fine no high winds","Dry","Car occupant"