"","accident_index","date","year","month","day","time","time_hour","time_minute","day_of_week","accident_severity","number_of_casualties","casualty_severity","casualty_type","casualty_class","sex_of_casualty","age_of_casualty","first_road_class","road_type","speed_limit","second_road_class","pedestrian_location","pedestrian_movement","location_easting_osgr","location_northing_osgr","lsoa_of_accident_location","number_of_vehicles","junction_detail","light_conditions","weather_conditions","road_surface_conditions","cas_type"
"6878","20171348K1052",2017-08-20,2017,"Aug",20,"14:28",14,28,"Sunday","Slight",2,"Slight","Car occupant","Driver or rider","Male",30,"A","Single carriageway",30,"Unclassified","Not a Pedestrian","Not a Pedestrian",431435,431610,"E01011467",2,"T or staggered junction","Daylight","Fine no high winds","Dry","Car occupant"
"6879","20171348K1425",2017-08-20,2017,"Aug",20,"17:45",17,45,"Sunday","Slight",1,"Slight","Car occupant","Passenger","Female",25,"Unclassified","Dual carriageway",30,NA,"Not a Pedestrian","Not a Pedestrian",430756,433176,"E01033034",2,"Not at junction or within 20 metres","Darkness - lighting unknown","Fine no high winds","Dry","Car occupant"
"6880","20171348L1054",2017-08-21,2017,"Aug",21,"15:20",15,20,"Monday","Slight",1,"Slight","Goods vehicle (7.5 tonnes mgw and over) occupant","Driver or rider","Male",43,"Motorway","Dual carriageway",70,NA,"Not a Pedestrian","Not a Pedestrian",428932,426429,"E01011538",3,"Not at junction or within 20 metres","Daylight","Fine no high winds","Dry","Bus and goods vehicle occupant"
"6881","20171348L1463",2017-08-21,2017,"Aug",21,"19:00",19,0,"Monday","Slight",1,"Slight","Car occupant","Driver or rider","Male",37,"Unclassified","Dual carriageway",30,NA,"Not a Pedestrian","Not a Pedestrian",429847,430695,"E01011322",2,"Not at junction or within 20 metres","Darkness - lighting unknown","Fine no high winds","Dry","Car occupant"
"6882","20171348L2007",2017-08-21,2017,"Aug",21,"23:04",23,4,"Monday","Serious",1,"Serious","Car occupant","Driver or rider","Female",19,"A(M)","Dual carriageway",40,"Unclassified","Not a Pedestrian","Not a Pedestrian",429375,433759,"E01011678",1,"Slip road","Darkness - lights lit","Raining no high winds","Wet or damp","Car occupant"
"6883","20171348M0830",2017-08-22,2017,"Aug",22,"12:45",12,45,"Tuesday","Slight",1,"Slight","Car occupant","Driver or rider","Female",71,"Unclassified","Single carriageway",30,NA,"Not a Pedestrian","Not a Pedestrian",437561,432780,"E01011411",2,"Not at junction or within 20 metres","Daylight","Fine no high winds","Dry","Car occupant"
"6884","20171348M0491",2017-08-22,2017,"Aug",22,"17:00",17,0,"Tuesday","Slight",1,"Slight","Pedestrian","Pedestrian","Female",18,"A","Dual carriageway",30,NA,"In carriageway, crossing elsewhere","Crossing from driver's nearside",423904,427895,"E01011523",1,"Not at junction or within 20 metres","Darkness - lighting unknown","Fine no high winds","Dry","Pedestrian"
"6885","20171348N1412",2017-08-22,2017,"Aug",22,"17:07",17,7,"Tuesday","Slight",1,"Slight","Car occupant","Driver or rider","Female",45,"Unclassified","Single carriageway",30,NA,"Not a Pedestrian","Not a Pedestrian",422663,434941,"E01011328",3,"Not at junction or within 20 metres","Darkness - lighting unknown","Fine no high winds","Dry","Car occupant"
"6886","20171348M1520",2017-08-22,2017,"Aug",22,"17:50",17,50,"Tuesday","Slight",1,"Slight","Car occupant","Passenger","Male",5,"Unclassified","Single carriageway",30,NA,"Not a Pedestrian","Not a Pedestrian",428776,430891,"E01011370",3,"Not at junction or within 20 metres","Darkness - lighting unknown","Fine no high winds","Dry","Car occupant"
"6887","20171348N0407",2017-08-23,2017,"Aug",23,"09:05",9,5,"Wednesday","Slight",1,"Slight","Car occupant","Driver or rider","Male",59,"Unclassified","Single carriageway",30,NA,"Not a Pedestrian","Not a Pedestrian",433163,433876,"E01011617",2,"Not at junction or within 20 metres","Daylight","Raining + high winds","Wet or damp","Car occupant"
"6888","20171348N0560",2017-08-23,2017,"Aug",23,"09:36",9,36,"Wednesday","Slight",1,"Slight","Bus or coach occupant (17 or more pass seats)","Passenger","Female",79,"A","Dual carriageway",70,"Unclassified","Not a Pedestrian","Not a Pedestrian",429728,438846,"E01011559",1,"Roundabout","Daylight","Fine no high winds","Dry","Bus and goods vehicle occupant"
"6889","20171348N1304",2017-08-23,2017,"Aug",23,"15:15",15,15,"Wednesday","Slight",1,"Slight","Bus or coach occupant (17 or more pass seats)","Passenger","Male",30,"Unclassified","Single carriageway",30,NA,"Not a Pedestrian","Not a Pedestrian",430527,434060,"E01033002",1,"Not at junction or within 20 metres","Daylight","Fine no high winds","Dry","Bus and goods vehicle occupant"
"6890","20171348N1666",2017-08-23,2017,"Aug",23,"17:00",17,0,"Wednesday","Serious",1,"Serious","Pedestrian","Pedestrian","Male",31,"Unclassified","Single carriageway",30,"Unclassified","On footway or verge","Unknown or other",429929,433406,"E01033010",1,"Crossroads","Darkness - lighting unknown","Fine no high winds","Dry","Pedestrian"
"6891","20171348N1391",2017-08-23,2017,"Aug",23,"17:22",17,22,"Wednesday","Serious",1,"Serious","Pedestrian","Pedestrian","Male",32,"Unclassified","Single carriageway",20,"Unclassified","In carriageway, crossing elsewhere","Crossing from driver's nearside",431455,435824,"E01011359",1,"Crossroads","Darkness - lighting unknown","Fine no high winds","Dry","Pedestrian"
"6892","20171348N1865",2017-08-23,2017,"Aug",23,"20:30",20,30,"Wednesday","Serious",1,"Serious","Motorcycle 125cc and under rider or passenger","Driver or rider","Male",23,"Unclassified","Single carriageway",30,NA,"Not a Pedestrian","Not a Pedestrian",429263,431317,"E01011370",2,"Not at junction or within 20 metres","Darkness - lights lit","Fine no high winds","Dry","Motorcyclist and pillion"
"6893","20171348O0470",2017-08-24,2017,"Aug",24,"09:00",9,0,"Thursday","Slight",1,"Slight","Cyclist","Driver or rider","Male",57,"Unclassified","Single carriageway",30,"Unclassified","Not a Pedestrian","Not a Pedestrian",429544,439284,"E01011559",2,"T or staggered junction","Daylight","Fine no high winds","Dry","Cyclist"
"6894","2017134941199",2017-08-24,2017,"Aug",24,"10:00",10,0,"Thursday","Slight",1,"Slight","Other vehicle occupant","Driver or rider","Male",36,"Unclassified","Unknown",20,NA,"Not a Pedestrian","Not a Pedestrian",430254,433541,"E01033010",2,"Not at junction or within 20 metres","Daylight","Fine no high winds","Dry","Others"
"6895","20171348O1187",2017-08-24,2017,"Aug",24,"16:09",16,9,"Thursday","Slight",1,"Slight","Car occupant","Driver or rider","Male",23,"A(M)","Dual carriageway",70,NA,"Not a Pedestrian","Not a Pedestrian",442642,442325,"E01011712",4,"Not at junction or within 20 metres","Daylight","Fine no high winds","Dry","Car occupant"
"6896","20171348O1371",2017-08-24,2017,"Aug",24,"17:29",17,29,"Thursday","Serious",1,"Serious","Motorcycle over 500cc rider or passenger","Driver or rider","Male",26,"A","Dual carriageway",60,NA,"Not a Pedestrian","Not a Pedestrian",435897,436369,"E01011720",2,"Not at junction or within 20 metres","Darkness - lighting unknown","Fine no high winds","Dry","Motorcyclist and pillion"
"6897","20171348O1573",2017-08-24,2017,"Aug",24,"18:53",18,53,"Thursday","Slight",1,"Slight","Car occupant","Passenger","Female",77,"Unclassified","Single carriageway",40,NA,"Not a Pedestrian","Not a Pedestrian",440761,445696,"E01011696",2,"Not at junction or within 20 metres","Darkness - lighting unknown","Fine no high winds","Dry","Car occupant"
"6898","20171348P0675",2017-08-25,2017,"Aug",25,"09:30",9,30,"Friday","Slight",1,"Slight","Motorcycle - unknown cc rider or passenger","Driver or rider","Male",40,"Unclassified","One way street",30,"Unclassified","Not a Pedestrian","Not a Pedestrian",431755,434600,"E01011677",2,"T or staggered junction","Daylight","Fine no high winds","Dry","Motorcyclist and pillion"
"6899","20171348P0569",2017-08-25,2017,"Aug",25,"10:00",10,0,"Friday","Slight",1,"Slight","Car occupant","Driver or rider","Female",39,"Unclassified","Roundabout",40,"Unclassified","Not a Pedestrian","Not a Pedestrian",429961,436597,"E01011355",2,"Roundabout","Daylight","Fine no high winds","Dry","Car occupant"
"6900","20171348Q0430",2017-08-26,2017,"Aug",26,"06:45",6,45,"Saturday","Slight",1,"Slight","Car occupant","Driver or rider","Female",40,"Unclassified","Single carriageway",30,NA,"Not a Pedestrian","Not a Pedestrian",425968,436677,"E01011485",2,"Not at junction or within 20 metres","Darkness - lighting unknown","Fine no high winds","Dry","Car occupant"
"6901","20171348Q1001",2017-08-26,2017,"Aug",26,"13:46",13,46,"Saturday","Slight",1,"Slight","Cyclist","Driver or rider","Male",45,"B","Single carriageway",30,"Unclassified","Not a Pedestrian","Not a Pedestrian",426204,427585,"E01011541",2,"T or staggered junction","Daylight","Fine no high winds","Dry","Cyclist"
"6902","20171348Q1021",2017-08-26,2017,"Aug",26,"14:02",14,2,"Saturday","Slight",1,"Slight","Pedestrian","Pedestrian","Female",93,"Unclassified","Single carriageway",20,NA,"In carriageway, crossing elsewhere","Crossing from driver's offside",430710,439130,"E01011512",1,"Not at junction or within 20 metres","Daylight","Fine no high winds","Dry","Pedestrian"
"6903","20171348Q1082",2017-08-26,2017,"Aug",26,"14:37",14,37,"Saturday","Slight",2,"Slight","Car occupant","Passenger","Female",6,"A(M)","Dual carriageway",70,NA,"Not a Pedestrian","Not a Pedestrian",442379,442639,"E01011712",3,"Not at junction or within 20 metres","Daylight","Fine no high winds","Dry","Car occupant"
"6904","20171348M0541",2017-08-26,2017,"Aug",26,"16:15",16,15,"Saturday","Slight",1,"Slight","Pedestrian","Pedestrian","Male",30,"Unclassified","Single carriageway",30,NA,"In carriageway, not crossing","Unknown or other",439977,442840,"E01011712",1,"Not at junction or within 20 metres","Daylight","Fine no high winds","Dry","Pedestrian"
"6905","20171348Q1317",2017-08-26,2017,"Aug",26,"16:39",16,39,"Saturday","Slight",1,"Slight","Cyclist","Driver or rider","Male",11,"Unclassified","Single carriageway",20,"Unclassified","Not a Pedestrian","Not a Pedestrian",428964,439261,"E01011560",2,"Crossroads","Daylight","Fine no high winds","Dry","Cyclist"
"6906","20171348Q2087",2017-08-26,2017,"Aug",26,"22:57",22,57,"Saturday","Slight",1,"Slight","Pedestrian","Pedestrian","Male",21,"B","Single carriageway",30,NA,"In carriageway, crossing elsewhere","Crossing from driver's nearside",440459,448333,"E01011704",1,"Not at junction or within 20 metres","Darkness - lights lit","Fine no high winds","Dry","Pedestrian"
"6907","20171348R0476",2017-08-27,2017,"Aug",27,"06:15",6,15,"Sunday","Serious",1,"Serious","Motorcycle over 500cc rider or passenger","Driver or rider","Male",46,"A","Single carriageway",50,"Unclassified","Not a Pedestrian","Not a Pedestrian",426430,430145,"E01011734",2,"T or staggered junction","Darkness - lighting unknown","Fine no high winds","Dry","Motorcyclist and pillion"
"6908","20171348R2011",2017-08-27,2017,"Aug",27,"21:45",21,45,"Sunday","Slight",1,"Slight","Pedestrian","Pedestrian","Male",62,"Unclassified","Single carriageway",30,"Unclassified","In carriageway, crossing elsewhere","Crossing from driver's offside",431067,435583,"E01011361",1,"T or staggered junction","Darkness - lights lit","Fine no high winds","Dry","Pedestrian"
"6909","20171348S0500",2017-08-28,2017,"Aug",28,"08:01",8,1,"Monday","Slight",1,"Slight","Car occupant","Driver or rider","Male",48,"Unclassified","Single carriageway",30,"Unclassified","Not a Pedestrian","Not a Pedestrian",435545,438371,"E01011714",2,"Crossroads","Daylight","Fine no high winds","Dry","Car occupant"
"6910","20171348V0882",2017-08-28,2017,"Aug",28,"14:35",14,35,"Monday","Slight",1,"Slight","Pedestrian","Pedestrian","Male",40,"Unclassified","Single carriageway",30,NA,"Unknown or other","Unknown or other",426188,435500,"E01011488",1,"Not at junction or within 20 metres","Daylight","Fine no high winds","Dry","Pedestrian"
"6911","20171348S1283",2017-08-28,2017,"Aug",28,"15:56",15,56,"Monday","Slight",3,"Slight","Car occupant","Passenger","Female",16,"Motorway","Dual carriageway",70,NA,"Not a Pedestrian","Not a Pedestrian",426820,430012,"E01011518",2,"Not at junction or within 20 metres","Daylight","Fine no high winds","Dry","Car occupant"
"6912","20171348S1606",2017-08-28,2017,"Aug",28,"18:35",18,35,"Monday","Slight",3,"Slight","Car occupant","Driver or rider","Male",37,"A(M)","Dual carriageway",40,NA,"Not a Pedestrian","Not a Pedestrian",430158,434397,"E01033002",2,"Not at junction or within 20 metres","Darkness - lighting unknown","Fine no high winds","Dry","Car occupant"
"6913","20171348S1998",2017-08-28,2017,"Aug",28,"21:18",21,18,"Monday","Slight",1,"Slight","Car occupant","Driver or rider","Male",38,"A","Roundabout",30,"A","Not a Pedestrian","Not a Pedestrian",421976,436537,"E01011591",2,"Roundabout","Darkness - lighting unknown","Fine no high winds","Dry","Car occupant"
"6914","20171348T0480",2017-08-29,2017,"Aug",29,"09:32",9,32,"Tuesday","Slight",2,"Slight","Car occupant","Driver or rider","Male",34,"B","Single carriageway",20,NA,"Not a Pedestrian","Not a Pedestrian",422099,434410,"E01011587",2,"Not at junction or within 20 metres","Daylight","Fine no high winds","Dry","Car occupant"
"6915","20171348T0535",2017-08-29,2017,"Aug",29,"10:20",10,20,"Tuesday","Slight",2,"Slight","Car occupant","Driver or rider","Female",56,"A(M)","Dual carriageway",70,NA,"Not a Pedestrian","Not a Pedestrian",443628,436812,"E01011297",2,"Not at junction or within 20 metres","Daylight","Fine no high winds","Dry","Car occupant"
"6916","20171348T0887",2017-08-29,2017,"Aug",29,"12:30",12,30,"Tuesday","Slight",1,"Slight","Bus or coach occupant (17 or more pass seats)","Passenger","Female",70,"Unclassified","Single carriageway",30,"Unclassified","Not a Pedestrian","Not a Pedestrian",428478,435208,"E01011445",2,"T or staggered junction","Daylight","Fine no high winds","Dry","Bus and goods vehicle occupant"
"6917","20171348T1742",2017-08-29,2017,"Aug",29,"19:38",19,38,"Tuesday","Slight",1,"Slight","Motorcycle 50cc and under rider or passenger","Driver or rider","Male",19,"A","Single carriageway",30,"B","Not a Pedestrian","Not a Pedestrian",427896,436191,"E01011440",2,"Crossroads","Darkness - lighting unknown","Fine no high winds","Dry","Motorcyclist and pillion"
"6918","20171348U1168",2017-08-30,2017,"Aug",30,"16:10",16,10,"Wednesday","Slight",2,"Slight","Car occupant","Passenger","Male",57,"A","Dual carriageway",40,"Unclassified","Not a Pedestrian","Not a Pedestrian",430468,435599,"E01011357",2,"Other junction","Daylight","Fine no high winds","Dry","Car occupant"
"6919","20171348V0509",2017-08-31,2017,"Aug",31,"11:10",11,10,"Thursday","Slight",1,"Slight","Car occupant","Driver or rider","Female",60,"A","Single carriageway",40,"Unclassified","Not a Pedestrian","Not a Pedestrian",418303,441340,"E01011270",2,"T or staggered junction","Daylight","Fine no high winds","Wet or damp","Car occupant"
"6920","20171348V0621",2017-08-31,2017,"Aug",31,"12:24",12,24,"Thursday","Slight",1,"Slight","Cyclist","Driver or rider","Male",21,"A","Dual carriageway",30,"Unclassified","Not a Pedestrian","Not a Pedestrian",430816,433937,"E01033031",2,"T or staggered junction","Daylight","Fine no high winds","Dry","Cyclist"
"6921","20171348V0685",2017-08-31,2017,"Aug",31,"12:59",12,59,"Thursday","Slight",1,"Slight","Car occupant","Driver or rider","Male",34,"Unclassified","Dual carriageway",40,"A","Not a Pedestrian","Not a Pedestrian",428933,433419,"E01033015",2,"Slip road","Daylight","Fine no high winds","Dry","Car occupant"
"6922","20171348V1360",2017-08-31,2017,"Aug",31,"18:08",18,8,"Thursday","Slight",2,"Slight","Car occupant","Driver or rider","Male",40,"A","Dual carriageway",40,NA,"Not a Pedestrian","Not a Pedestrian",427452,431884,"E01011734",3,"Not at junction or within 20 metres","Darkness - lighting unknown","Fine no high winds","Dry","Car occupant"
"6923","2017134911338",2017-09-01,2017,"Sep",1,"17:27",17,27,"Friday","Slight",1,"Slight","Car occupant","Driver or rider","Female",20,"Motorway","Dual carriageway",50,"Motorway","Not a Pedestrian","Not a Pedestrian",432049,426272,"E01011499",2,"Other junction","Darkness - lighting unknown","Fine no high winds","Dry","Car occupant"
"6924","2017134911467",2017-09-01,2017,"Sep",1,"18:20",18,20,"Friday","Slight",1,"Slight","Pedestrian","Pedestrian","Male",32,"A","Single carriageway",40,NA,"On footway or verge","Unknown or other",435936,426644,"E01011636",1,"Not at junction or within 20 metres","Darkness - lighting unknown","Fine no high winds","Dry","Pedestrian"
"6925","2017134920799",2017-09-02,2017,"Sep",2,"12:20",12,20,"Saturday","Slight",1,"Slight","Car occupant","Passenger","Female",10,"A","Dual carriageway",30,"Unclassified","Not a Pedestrian","Not a Pedestrian",436168,434724,"E01011408",2,"Crossroads","Daylight","Fine no high winds","Dry","Car occupant"
"6926","2017134921305",2017-09-02,2017,"Sep",2,"16:30",16,30,"Saturday","Serious",1,"Serious","Pedestrian","Pedestrian","Male",22,"A","Single carriageway",40,"Unclassified","Crossing elsewhere within 50m. of pedestrian crossing","Crossing from offside - masked by  parked or stationary vehicle",435718,436940,"E01011661",1,"Other junction","Daylight","Fine no high winds","Dry","Pedestrian"
"6927","2017134921677",2017-09-02,2017,"Sep",2,"19:40",19,40,"Saturday","Slight",1,"Slight","Motorcycle over 500cc rider or passenger","Driver or rider","Male",46,"A","Dual carriageway",40,"Unclassified","Not a Pedestrian","Not a Pedestrian",429040,429932,"E01011320",2,"T or staggered junction","Darkness - lighting unknown","Fine no high winds","Dry","Motorcyclist and pillion"
"6928","2017134921730",2017-09-02,2017,"Sep",2,"20:00",20,0,"Saturday","Slight",1,"Slight","Car occupant","Driver or rider","Female",26,"Unclassified","Dual carriageway",30,"Unclassified","Not a Pedestrian","Not a Pedestrian",431965,435828,"E01011422",2,"Crossroads","Darkness - lighting unknown","Fine no high winds","Dry","Car occupant"
"6929","2017134930499",2017-09-03,2017,"Sep",3,"08:40",8,40,"Sunday","Slight",3,"Slight","Car occupant","Driver or rider","Male",41,"A","Roundabout",30,"Unclassified","Not a Pedestrian","Not a Pedestrian",432610,429585,"E01011470",2,"Roundabout","Daylight","Fine no high winds","Dry","Car occupant"
"6930","2017134931022",2017-09-03,2017,"Sep",3,"15:25",15,25,"Sunday","Slight",1,"Slight","Car occupant","Passenger","Male",14,"A","Single carriageway",40,NA,"Not a Pedestrian","Not a Pedestrian",436627,442136,"E01011713",1,"Not at junction or within 20 metres","Daylight","Fine no high winds","Dry","Car occupant"
"6931","2017134931394",2017-09-03,2017,"Sep",3,"18:00",18,0,"Sunday","Serious",5,"Serious","Car occupant","Passenger","Male",16,"A","Dual carriageway",40,NA,"Not a Pedestrian","Not a Pedestrian",432460,435800,"E01011427",4,"Not at junction or within 20 metres","Darkness - lighting unknown","Fine no high winds","Dry","Car occupant"
"6932","2017134931876",2017-09-03,2017,"Sep",3,"22:56",22,56,"Sunday","Slight",2,"Slight","Car occupant","Passenger","Male",15,"Unclassified","Single carriageway",30,"Unclassified","Not a Pedestrian","Not a Pedestrian",431361,435067,"E01011429",2,"T or staggered junction","Darkness - lights lit","Fine no high winds","Wet or damp","Car occupant"
"6933","2017134940235",2017-09-04,2017,"Sep",4,"06:47",6,47,"Monday","Slight",1,"Slight","Cyclist","Driver or rider","Male",39,"A","Single carriageway",30,"Unclassified","Not a Pedestrian","Not a Pedestrian",441051,432043,"E01011405",2,"T or staggered junction","Darkness - lighting unknown","Fine no high winds","Wet or damp","Cyclist"
"6934","20171349C0298",2017-09-04,2017,"Sep",4,"08:15",8,15,"Monday","Slight",1,"Slight","Cyclist","Driver or rider","Male",17,"Unclassified","Single carriageway",30,"Unclassified","Not a Pedestrian","Not a Pedestrian",426428,432010,"E01011737",2,"T or staggered junction","Daylight","Fine no high winds","Dry","Cyclist"
"6935","2017134941168",2017-09-04,2017,"Sep",4,"16:00",16,0,"Monday","Slight",2,"Slight","Car occupant","Passenger","Female",21,"Unclassified","Single carriageway",30,NA,"Not a Pedestrian","Not a Pedestrian",429438,428203,"E01032498",4,"Not at junction or within 20 metres","Daylight","Fine no high winds","Dry","Car occupant"
"6936","2017134941531",2017-09-04,2017,"Sep",4,"16:30",16,30,"Monday","Slight",1,"Slight","Pedestrian","Pedestrian","Male",7,"Unclassified","Single carriageway",30,NA,"In carriageway, crossing elsewhere","Crossing from nearside - masked by parked or stationary vehicle",433050,427871,"E01011634",1,"Not at junction or within 20 metres","Daylight","Fine no high winds","Dry","Pedestrian"
"6937","2017134950348",2017-09-05,2017,"Sep",5,"08:10",8,10,"Tuesday","Slight",1,"Slight","Cyclist","Driver or rider","Female",32,"Unclassified","Roundabout",30,NA,"Not a Pedestrian","Not a Pedestrian",431269,432326,"E01011467",2,"Not at junction or within 20 metres","Daylight","Raining no high winds","Wet or damp","Cyclist"
"6938","20171349C0647",2017-09-05,2017,"Sep",5,"10:00",10,0,"Tuesday","Serious",1,"Serious","Pedestrian","Pedestrian","Female",78,"Unclassified","Single carriageway",30,NA,"Crossing on pedestrian crossing facility","Unknown or other",429068,431233,"E01011370",1,"Not at junction or within 20 metres","Daylight","Fine no high winds","Dry","Pedestrian"
"6939","2017134CO0828",2017-09-05,2017,"Sep",5,"14:33",14,33,"Tuesday","Slight",2,"Slight","Car occupant","Driver or rider","Male",36,"A(M)","Dual carriageway",70,NA,"Not a Pedestrian","Not a Pedestrian",443351,438926,"E01011309",2,"Not at junction or within 20 metres","Daylight","Fine no high winds","Dry","Car occupant"
"6940","2017134951103",2017-09-05,2017,"Sep",5,"15:53",15,53,"Tuesday","Slight",1,"Slight","Car occupant","Driver or rider","Male",27,"Motorway","Dual carriageway",50,NA,"Not a Pedestrian","Not a Pedestrian",435541,431320,"E01011420",2,"Not at junction or within 20 metres","Daylight","Fine no high winds","Dry","Car occupant"
"6941","2017134951752",2017-09-05,2017,"Sep",5,"20:00",20,0,"Tuesday","Slight",1,"Slight","Cyclist","Driver or rider","Male",22,"Unclassified","Dual carriageway",30,"Unclassified","Not a Pedestrian","Not a Pedestrian",432152,436129,"E01011647",2,"T or staggered junction","Darkness - lights lit","Fine no high winds","Dry","Cyclist"
"6942","2017134951874",2017-09-05,2017,"Sep",5,"21:30",21,30,"Tuesday","Slight",1,"Slight","Car occupant","Driver or rider","Male",31,"Unclassified","Single carriageway",30,"Unclassified","Not a Pedestrian","Not a Pedestrian",436919,435094,"E01011407",1,"T or staggered junction","Darkness - lights lit","Fine no high winds","Dry","Car occupant"
"6943","2017134960452",2017-09-06,2017,"Sep",6,"08:25",8,25,"Wednesday","Slight",1,"Slight","Car occupant","Driver or rider","Male",26,"Unclassified","Roundabout",30,"Unclassified","Not a Pedestrian","Not a Pedestrian",431006,428089,"E01011490",2,"Roundabout","Daylight","Raining no high winds","Wet or damp","Car occupant"
"6944","2017134960703",2017-09-06,2017,"Sep",6,"12:45",12,45,"Wednesday","Slight",1,"Slight","Car occupant","Driver or rider","Male",26,"A","Roundabout",30,"A","Not a Pedestrian","Not a Pedestrian",426677,431744,"E01011734",2,"Roundabout","Daylight","Fine no high winds","Dry","Car occupant"
"6945","2017134970421",2017-09-07,2017,"Sep",7,"07:50",7,50,"Thursday","Slight",1,"Slight","Cyclist","Driver or rider","Female",53,"A","Dual carriageway",50,"Unclassified","Not a Pedestrian","Not a Pedestrian",438958,432527,"E01011402",2,"Private drive or entrance","Daylight","Fine no high winds","Dry","Cyclist"
"6946","2017134970625",2017-09-07,2017,"Sep",7,"11:52",11,52,"Thursday","Slight",1,"Slight","Car occupant","Driver or rider","Female",51,"A","Roundabout",40,"Motorway","Not a Pedestrian","Not a Pedestrian",428511,431549,"E01011366",2,"Roundabout","Daylight","Fine no high winds","Dry","Car occupant"
"6947","2017134970783",2017-09-07,2017,"Sep",7,"13:13",13,13,"Thursday","Serious",1,"Serious","Motorcycle 125cc and under rider or passenger","Driver or rider","Male",23,"A","Single carriageway",40,NA,"Not a Pedestrian","Not a Pedestrian",431900,431303,"E01011468",2,"Not at junction or within 20 metres","Daylight","Fine no high winds","Dry","Motorcyclist and pillion"
"6948","2017134970914",2017-09-07,2017,"Sep",7,"14:14",14,14,"Thursday","Slight",1,"Slight","Motorcycle 125cc and under rider or passenger","Driver or rider","Male",21,"Unclassified","Single carriageway",20,"Unclassified","Not a Pedestrian","Not a Pedestrian",429425,431599,"E01011373",2,"T or staggered junction","Daylight","Fine no high winds","Dry","Motorcyclist and pillion"
"6949","2017134970971",2017-09-07,2017,"Sep",7,"14:40",14,40,"Thursday","Serious",1,"Serious","Motorcycle 125cc and under rider or passenger","Driver or rider","Male",20,"A","Dual carriageway",40,NA,"Not a Pedestrian","Not a Pedestrian",430817,439193,"E01011512",1,"Not at junction or within 20 metres","Daylight","Fine no high winds","Dry","Motorcyclist and pillion"
"6950","2017134981188",2017-09-08,2017,"Sep",8,"16:36",16,36,"Friday","Slight",2,"Slight","Car occupant","Passenger","Female",10,"Unclassified","Single carriageway",30,NA,"Not a Pedestrian","Not a Pedestrian",432071,435659,"E01011428",2,"Not at junction or within 20 metres","Daylight","Fine no high winds","Dry","Car occupant"
"6951","2017134981276",2017-09-08,2017,"Sep",8,"17:17",17,17,"Friday","Slight",1,"Slight","Car occupant","Driver or rider","Female",29,"Unclassified","Single carriageway",30,"Unclassified","Not a Pedestrian","Not a Pedestrian",430982,425890,"E01011551",2,"T or staggered junction","Darkness - lighting unknown","Fine no high winds","Dry","Car occupant"
"6952","2017134981693",2017-09-08,2017,"Sep",8,"20:00",20,0,"Friday","Slight",1,"Slight","Car occupant","Passenger","Female",20,"A","Single carriageway",30,NA,"Not a Pedestrian","Not a Pedestrian",440750,433575,"E01011400",1,"Not at junction or within 20 metres","Darkness - lights lit","Fine no high winds","Dry","Car occupant"
"6953","2017134981994",2017-09-08,2017,"Sep",8,"23:38",23,38,"Friday","Slight",2,"Slight","Car occupant","Passenger","Female",25,"Motorway","Dual carriageway",50,NA,"Not a Pedestrian","Not a Pedestrian",429615,432095,"E01011364",2,"Not at junction or within 20 metres","Darkness - lights lit","Fine no high winds","Wet or damp","Car occupant"
"6954","2017134990341",2017-09-09,2017,"Sep",9,"06:27",6,27,"Saturday","Slight",1,"Slight","Car occupant","Passenger","Male",19,"Unclassified","Single carriageway",30,"Unclassified","Not a Pedestrian","Not a Pedestrian",436491,436088,"E01011724",2,"T or staggered junction","Darkness - lighting unknown","Fine no high winds","Wet or damp","Car occupant"
"6955","2017134990585",2017-09-09,2017,"Sep",9,"10:43",10,43,"Saturday","Serious",3,"Serious","Car occupant","Driver or rider","Male",21,"A","Dual carriageway",40,NA,"Not a Pedestrian","Not a Pedestrian",428531,432089,"E01011366",2,"Not at junction or within 20 metres","Daylight","Fine no high winds","Wet or damp","Car occupant"
"6956","2017134990803",2017-09-09,2017,"Sep",9,"12:55",12,55,"Saturday","Serious",1,"Serious","Car occupant","Passenger","Female",64,"Motorway","Dual carriageway",70,NA,"Not a Pedestrian","Not a Pedestrian",427079,430442,"E01011734",1,"Not at junction or within 20 metres","Daylight","Raining no high winds","Wet or damp","Car occupant"
"6957","2017134991004",2017-09-09,2017,"Sep",9,"14:56",14,56,"Saturday","Slight",2,"Slight","Car occupant","Driver or rider","Male",29,"Unclassified","Single carriageway",30,"Unclassified","Not a Pedestrian","Not a Pedestrian",429189,431921,"E01011368",2,"T or staggered junction","Daylight","Fine no high winds","Dry","Car occupant"
"6958","2017134991147",2017-09-09,2017,"Sep",9,"16:00",16,0,"Saturday","Slight",1,"Slight","Motorcycle over 500cc rider or passenger","Driver or rider","Male",52,"A","Dual carriageway",30,"Unclassified","Not a Pedestrian","Not a Pedestrian",430869,434221,"E01033003",2,"T or staggered junction","Daylight","Raining no high winds","Wet or damp","Motorcyclist and pillion"
"6959","2017134991343",2017-09-09,2017,"Sep",9,"17:47",17,47,"Saturday","Slight",1,"Slight","Cyclist","Driver or rider","Male",48,"A","Roundabout",30,"A","Not a Pedestrian","Not a Pedestrian",420934,434432,"E01011595",2,"Roundabout","Darkness - lighting unknown","Fine no high winds","Dry","Cyclist"
"6960","2017134991535",2017-09-09,2017,"Sep",9,"19:15",19,15,"Saturday","Slight",1,"Slight","Car occupant","Passenger","Female",52,"Unclassified","Single carriageway",30,"Unclassified","Not a Pedestrian","Not a Pedestrian",428984,430936,"E01011313",2,"T or staggered junction","Darkness - lighting unknown","Fine no high winds","Dry","Car occupant"