"","accident_index","date","year","month","day","time","time_hour","time_minute","day_of_week","accident_severity","number_of_casualties","casualty_severity","casualty_type","casualty_class","sex_of_casualty","age_of_casualty","first_road_class","road_type","speed_limit","second_road_class","pedestrian_location","pedestrian_movement","location_easting_osgr","location_northing_osgr","lsoa_of_accident_location","number_of_vehicles","junction_detail","light_conditions","weather_conditions","road_surface_conditions","cas_type"
"7043","20171349Q0969",2017-09-26,2017,"Sep",26,"14:56",14,56,"Tuesday","Slight",1,"Slight","Pedestrian","Pedestrian","Male",11,"Unclassified","Single carriageway",30,NA,"Crossing on pedestrian crossing facility","Crossing from driver's nearside",436304,434703,"E01011408",1,"Not at junction or within 20 metres","Daylight","Fine no high winds","Dry","Pedestrian"
"7044","20171349Q1247",2017-09-26,2017,"Sep",26,"16:50",16,50,"Tuesday","Slight",1,"Slight","Car occupant","Driver or rider","Female",29,"Motorway","Slip road",70,NA,"Not a Pedestrian","Not a Pedestrian",432321,426990,"E01032496",2,"Not at junction or within 20 metres","Daylight","Fine no high winds","Dry","Car occupant"
"7045","20171349Q1254",2017-09-26,2017,"Sep",26,"16:54",16,54,"Tuesday","Slight",1,"Slight","Cyclist","Driver or rider","Male",17,"Unclassified","Single carriageway",30,NA,"Not a Pedestrian","Not a Pedestrian",431458,432763,"E01011626",2,"Not at junction or within 20 metres","Daylight","Fine no high winds","Dry","Cyclist"
"7046","20171349Q1756",2017-09-26,2017,"Sep",26,"19:05",19,5,"Tuesday","Slight",1,"Slight","Car occupant","Driver or rider","Female",26,"Unclassified","Single carriageway",30,NA,"Not a Pedestrian","Not a Pedestrian",424070,435497,"E01011329",2,"Not at junction or within 20 metres","Darkness - lights lit","Fine no high winds","Dry","Car occupant"
"7047","20171349R0339",2017-09-27,2017,"Sep",27,"08:25",8,25,"Wednesday","Slight",1,"Slight","Cyclist","Driver or rider","Male",42,"A","Single carriageway",40,"Unclassified","Not a Pedestrian","Not a Pedestrian",425136,436550,"E01032493",2,"T or staggered junction","Daylight","Fine no high winds","Dry","Cyclist"
"7048","20171349R0697",2017-09-27,2017,"Sep",27,"11:50",11,50,"Wednesday","Slight",1,"Slight","Cyclist","Driver or rider","Male",65,"Unclassified","Single carriageway",30,"Unclassified","Not a Pedestrian","Not a Pedestrian",429925,427699,"E01011497",2,"T or staggered junction","Daylight","Fine no high winds","Dry","Cyclist"
"7049","20171349Q0817",2017-09-27,2017,"Sep",27,"14:45",14,45,"Wednesday","Slight",2,"Slight","Car occupant","Driver or rider","Male",41,"B","Single carriageway",30,"Unclassified","Not a Pedestrian","Not a Pedestrian",432375,434923,"E01011433",4,"Other junction","Daylight","Fine no high winds","Dry","Car occupant"
"7050","20171349R1110",2017-09-27,2017,"Sep",27,"15:15",15,15,"Wednesday","Slight",2,"Slight","Car occupant","Driver or rider","Female",76,"A","Single carriageway",60,"Unclassified","Not a Pedestrian","Not a Pedestrian",432532,443147,"E01011561",2,"T or staggered junction","Daylight","Fine no high winds","Dry","Car occupant"
"7051","20171349U0815",2017-09-27,2017,"Sep",27,"16:15",16,15,"Wednesday","Slight",1,"Slight","Car occupant","Driver or rider","Male",23,"A","Single carriageway",30,"Unclassified","Not a Pedestrian","Not a Pedestrian",428913,435507,"E01011443",2,"T or staggered junction","Daylight","Fine no high winds","Dry","Car occupant"
"7052","20171349R1994",2017-09-27,2017,"Sep",27,"22:55",22,55,"Wednesday","Slight",1,"Slight","Car occupant","Driver or rider","Male",53,"B","Single carriageway",60,NA,"Not a Pedestrian","Not a Pedestrian",442111,449309,"E01011704",1,"Not at junction or within 20 metres","Darkness - no lighting","Raining no high winds","Wet or damp","Car occupant"
"7053","20171349S0313",2017-09-28,2017,"Sep",28,"08:15",8,15,"Thursday","Slight",1,"Slight","Cyclist","Driver or rider","Male",43,"Unclassified","Single carriageway",30,"Unclassified","Not a Pedestrian","Not a Pedestrian",429195,434166,"E01011678",2,"T or staggered junction","Daylight","Fine no high winds","Wet or damp","Cyclist"
"7054","20171349S0357",2017-09-28,2017,"Sep",28,"08:50",8,50,"Thursday","Serious",1,"Serious","Motorcycle over 500cc rider or passenger","Driver or rider","Male",24,"Unclassified","Single carriageway",30,NA,"Not a Pedestrian","Not a Pedestrian",436154,429062,"E01011638",2,"Not at junction or within 20 metres","Daylight","Fine no high winds","Dry","Motorcyclist and pillion"
"7055","20171349S0551",2017-09-28,2017,"Sep",28,"10:40",10,40,"Thursday","Slight",1,"Slight","Car occupant","Driver or rider","Female",29,"Unclassified","Single carriageway",30,NA,"Not a Pedestrian","Not a Pedestrian",424919,437401,"E01011464",2,"Not at junction or within 20 metres","Daylight","Fine no high winds","Dry","Car occupant"
"7056","20171349S1093",2017-09-28,2017,"Sep",28,"15:30",15,30,"Thursday","Serious",1,"Serious","Pedestrian","Pedestrian","Male",62,"Unclassified","Single carriageway",20,NA,"In carriageway, crossing elsewhere","Crossing from driver's nearside",431514,435598,"E01011426",1,"Not at junction or within 20 metres","Daylight","Fine no high winds","Dry","Pedestrian"
"7057","20171349S1466",2017-09-28,2017,"Sep",28,"18:21",18,21,"Thursday","Slight",1,"Slight","Pedestrian","Pedestrian","Male",46,"Unclassified","Single carriageway",30,NA,"In carriageway, crossing elsewhere","Unknown or other",422952,434620,"E01011335",1,"Not at junction or within 20 metres","Darkness - lighting unknown","Fine no high winds","Dry","Pedestrian"
"7058","20171349S1597",2017-09-28,2017,"Sep",28,"18:44",18,44,"Thursday","Serious",1,"Serious","Cyclist","Driver or rider","Male",19,"Unclassified","Single carriageway",30,"Unclassified","Not a Pedestrian","Not a Pedestrian",428278,435036,"E01011447",2,"T or staggered junction","Darkness - lights lit","Fine no high winds","Dry","Cyclist"
"7059","20171349T0551",2017-09-29,2017,"Sep",29,"09:37",9,37,"Friday","Slight",1,"Slight","Motorcycle 125cc and under rider or passenger","Driver or rider","Male",23,"Unclassified","Single carriageway",30,"Unclassified","Not a Pedestrian","Not a Pedestrian",423801,435302,"E01011329",2,"T or staggered junction","Daylight","Raining no high winds","Wet or damp","Motorcyclist and pillion"
"7060","20171349T1063",2017-09-29,2017,"Sep",29,"14:20",14,20,"Friday","Slight",1,"Slight","Cyclist","Driver or rider","Male",25,"A","Single carriageway",30,"Unclassified","Not a Pedestrian","Not a Pedestrian",430097,431521,"E01011371",2,"Other junction","Daylight","Fine no high winds","Dry","Cyclist"
"7061","20171349T1492",2017-09-29,2017,"Sep",29,"15:00",15,0,"Friday","Slight",1,"Slight","Motorcycle over 125cc and up to 500cc rider or  passenger","Driver or rider","Male",64,"Unclassified","Single carriageway",30,NA,"Not a Pedestrian","Not a Pedestrian",430394,437927,"E01011515",2,"Not at junction or within 20 metres","Daylight","Fine no high winds","Dry","Motorcyclist and pillion"
"7062","20171349T1315",2017-09-29,2017,"Sep",29,"15:55",15,55,"Friday","Slight",1,"Slight","Cyclist","Driver or rider","Male",11,"A","Dual carriageway",40,NA,"Not a Pedestrian","Not a Pedestrian",432097,435842,"E01011427",2,"Not at junction or within 20 metres","Daylight","Fine no high winds","Dry","Cyclist"
"7063","20171349U0176",2017-09-30,2017,"Sep",30,"01:55",1,55,"Saturday","Slight",1,"Slight","Car occupant","Driver or rider","Male",25,"Unclassified","Single carriageway",30,NA,"Not a Pedestrian","Not a Pedestrian",425105,434118,"E01032606",1,"Not at junction or within 20 metres","Darkness - lights lit","Fine no high winds","Dry","Car occupant"
"7064","20171349U0210",2017-09-30,2017,"Sep",30,"02:10",2,10,"Saturday","Slight",1,"Slight","Pedestrian","Pedestrian","Female",20,"A","Single carriageway",30,NA,"In carriageway, not crossing","In carriageway, stationary - not crossing  (standing or playing)",428760,435592,"E01032946",1,"Not at junction or within 20 metres","Darkness - lights lit","Fine no high winds","Dry","Pedestrian"
"7065","20171349T0423",2017-09-30,2017,"Sep",30,"08:36",8,36,"Saturday","Slight",1,"Slight","Cyclist","Driver or rider","Male",18,"A","Single carriageway",30,"Unclassified","Not a Pedestrian","Not a Pedestrian",429392,434944,"E01033005",2,"T or staggered junction","Daylight","Fine no high winds","Wet or damp","Cyclist"
"7066","20171349U0835",2017-09-30,2017,"Sep",30,"12:15",12,15,"Saturday","Slight",1,"Slight","Car occupant","Passenger","Female",23,"A(M)","Dual carriageway",70,NA,"Not a Pedestrian","Not a Pedestrian",443328,438917,"E01011309",4,"Not at junction or within 20 metres","Daylight","Fine no high winds","Dry","Car occupant"
"7067","20171349U1065",2017-09-30,2017,"Sep",30,"14:09",14,9,"Saturday","Serious",1,"Serious","Bus or coach occupant (17 or more pass seats)","Passenger","Female",39,"Unclassified","Single carriageway",30,"B","Not a Pedestrian","Not a Pedestrian",430917,436527,"E01011356",2,"T or staggered junction","Daylight","Fine no high winds","Dry","Bus and goods vehicle occupant"
"7068","20171349U1119",2017-09-30,2017,"Sep",30,"14:30",14,30,"Saturday","Slight",1,"Slight","Motorcycle over 500cc rider or passenger","Driver or rider","Male",44,"A","Single carriageway",40,NA,"Not a Pedestrian","Not a Pedestrian",441781,431803,"E01011404",1,"Not at junction or within 20 metres","Daylight","Raining no high winds","Wet or damp","Motorcyclist and pillion"
"7069","2017134A10697",2017-10-01,2017,"Oct",1,"01:30",1,30,"Sunday","Slight",4,"Slight","Taxi/Private hire car occupant","Passenger","Female",21,"Unclassified","Single carriageway",30,NA,"Not a Pedestrian","Not a Pedestrian",429802,434147,"E01033008",2,"Not at junction or within 20 metres","Darkness - lights lit","Fine no high winds","Dry","Car occupant"
"7070","2017134A10834",2017-10-01,2017,"Oct",1,"12:45",12,45,"Sunday","Serious",2,"Serious","Car occupant","Driver or rider","Female",61,"A","Roundabout",40,"Unclassified","Not a Pedestrian","Not a Pedestrian",428394,429372,"E01011531",2,"Roundabout","Daylight","Fine no high winds","Dry","Car occupant"
"7071","2017134A11674",2017-10-01,2017,"Oct",1,"19:30",19,30,"Sunday","Serious",1,"Serious","Pedestrian","Pedestrian","Male",88,"Unclassified","Single carriageway",30,NA,"In carriageway, crossing elsewhere","Crossing from driver's offside",421270,435072,"E01011594",1,"Not at junction or within 20 metres","Darkness - lights lit","Fine no high winds","Dry","Pedestrian"
"7072","2017134A12049",2017-10-01,2017,"Oct",1,"22:29",22,29,"Sunday","Serious",1,"Serious","Pedestrian","Pedestrian","Female",14,"Unclassified","Single carriageway",30,NA,"In carriageway, crossing elsewhere","Crossing from offside - masked by  parked or stationary vehicle",432165,439783,"E01011568",1,"Not at junction or within 20 metres","Darkness - lights lit","Fine no high winds","Wet or damp","Pedestrian"
"7073","2017134A12045",2017-10-01,2017,"Oct",1,"22:32",22,32,"Sunday","Slight",1,"Slight","Car occupant","Driver or rider","Male",58,"Unclassified","Single carriageway",20,"Unclassified","Not a Pedestrian","Not a Pedestrian",424968,434814,"E01011282",2,"Crossroads","Darkness - lights lit","Fine no high winds","Dry","Car occupant"
"7074","2017134A20254",2017-10-02,2017,"Oct",2,"07:45",7,45,"Monday","Slight",1,"Slight","Van / Goods vehicle (3.5 tonnes mgw or under) occupant","Driver or rider","Female",55,"A","Roundabout",40,"A","Not a Pedestrian","Not a Pedestrian",424146,428248,"E01011523",2,"Roundabout","Daylight","Fine no high winds","Dry","Bus and goods vehicle occupant"
"7075","2017134A20317",2017-10-02,2017,"Oct",2,"08:25",8,25,"Monday","Serious",1,"Serious","Pedestrian","Pedestrian","Female",81,"Unclassified","Single carriageway",30,NA,"In carriageway, crossing elsewhere","Crossing from nearside - masked by parked or stationary vehicle",419685,446208,"E01011581",1,"Not at junction or within 20 metres","Daylight","Fine no high winds","Dry","Pedestrian"
"7076","2017134A20243",2017-10-02,2017,"Oct",2,"09:00",9,0,"Monday","Serious",1,"Serious","Cyclist","Driver or rider","Female",38,"Unclassified","Single carriageway",30,"Unclassified","Not a Pedestrian","Not a Pedestrian",428793,435578,"E01032946",2,"Other junction","Daylight","Fine no high winds","Dry","Cyclist"
"7077","2017134A21433",2017-10-02,2017,"Oct",2,"17:40",17,40,"Monday","Slight",1,"Slight","Taxi/Private hire car occupant","Passenger","Female",11,"A(M)","Dual carriageway",40,NA,"Not a Pedestrian","Not a Pedestrian",430637,433877,"E01033010",3,"Not at junction or within 20 metres","Darkness - lighting unknown","Fine no high winds","Dry","Car occupant"
"7078","2017134A21835",2017-10-02,2017,"Oct",2,"20:20",20,20,"Monday","Slight",2,"Slight","Car occupant","Driver or rider","Male",22,"Unclassified","Single carriageway",60,NA,"Not a Pedestrian","Not a Pedestrian",422834,439627,"E01011455",1,"Not at junction or within 20 metres","Darkness - no lighting","Raining no high winds","Wet or damp","Car occupant"
"7079","2017134A22152",2017-10-02,2017,"Oct",2,"23:45",23,45,"Monday","Slight",3,"Slight","Car occupant","Passenger","Male",19,"Motorway","Dual carriageway",50,"Motorway","Not a Pedestrian","Not a Pedestrian",432212,426239,"E01011499",2,"Roundabout","Darkness - lights lit","Fine no high winds","Dry","Car occupant"
"7080","2017134A30474",2017-10-03,2017,"Oct",3,"02:00",2,0,"Tuesday","Slight",2,"Slight","Taxi/Private hire car occupant","Passenger","Female",52,"Unclassified","Single carriageway",30,"B","Not a Pedestrian","Not a Pedestrian",428619,436947,"E01011693",2,"T or staggered junction","Darkness - lighting unknown","Fine no high winds","Dry","Car occupant"
"7081","2017134A30400",2017-10-03,2017,"Oct",3,"09:30",9,30,"Tuesday","Slight",1,"Slight","Car occupant","Driver or rider","Male",33,"Unclassified","Single carriageway",30,NA,"Not a Pedestrian","Not a Pedestrian",437934,430689,"E01011391",1,"Not at junction or within 20 metres","Daylight","Fine no high winds","Dry","Car occupant"
"7082","2017134A30670",2017-10-03,2017,"Oct",3,"11:50",11,50,"Tuesday","Slight",1,"Slight","Car occupant","Passenger","Male",57,"Unclassified","Roundabout",30,"Unclassified","Not a Pedestrian","Not a Pedestrian",427484,432589,"E01011362",3,"Roundabout","Daylight","Fine no high winds","Dry","Car occupant"
"7083","2017134A30780",2017-10-03,2017,"Oct",3,"12:49",12,49,"Tuesday","Slight",1,"Slight","Pedestrian","Pedestrian","Male",38,"Unclassified","Single carriageway",30,NA,"Crossing on pedestrian crossing facility","Crossing from driver's nearside",429741,433800,"E01033008",1,"Not at junction or within 20 metres","Daylight","Fine no high winds","Dry","Pedestrian"
"7084","2017134A32023",2017-10-03,2017,"Oct",3,"17:00",17,0,"Tuesday","Slight",1,"Slight","Cyclist","Driver or rider","Male",20,"Unclassified","Single carriageway",30,"Motorway","Not a Pedestrian","Not a Pedestrian",430990,430597,"E01011471",2,"T or staggered junction","Darkness - lighting unknown","Fine no high winds","Dry","Cyclist"
"7085","2017134A31422",2017-10-03,2017,"Oct",3,"17:35",17,35,"Tuesday","Slight",1,"Slight","Motorcycle over 125cc and up to 500cc rider or  passenger","Driver or rider","Male",41,"Unclassified","One way street",30,"Unclassified","Not a Pedestrian","Not a Pedestrian",429957,435604,"E01011669",3,"Other junction","Darkness - lighting unknown","Fine no high winds","Dry","Motorcyclist and pillion"
"7086","2017134A31405",2017-10-03,2017,"Oct",3,"18:00",18,0,"Tuesday","Slight",1,"Slight","Car occupant","Driver or rider","Female",52,"Unclassified","Single carriageway",30,"Unclassified","Not a Pedestrian","Not a Pedestrian",429197,431017,"E01011314",2,"T or staggered junction","Darkness - lighting unknown","Fine no high winds","Dry","Car occupant"
"7087","2017134A11598",2017-10-03,2017,"Oct",3,"18:59",18,59,"Tuesday","Slight",3,"Slight","Car occupant","Driver or rider","Female",47,"A","Single carriageway",30,"A","Not a Pedestrian","Not a Pedestrian",432520,427325,"E01032496",2,"Crossroads","Darkness - lights lit","Fine no high winds","Dry","Car occupant"
"7088","2017134A32073",2017-10-03,2017,"Oct",3,"22:02",22,2,"Tuesday","Serious",1,"Serious","Motorcycle 125cc and under rider or passenger","Driver or rider","Male",20,"Unclassified","Single carriageway",30,NA,"Not a Pedestrian","Not a Pedestrian",424952,433449,"E01011727",2,"Not at junction or within 20 metres","Darkness - lights lit","Fine no high winds","Wet or damp","Motorcyclist and pillion"
"7089","2017134A30422",2017-10-04,2017,"Oct",4,"08:00",8,0,"Wednesday","Slight",2,"Slight","Bus or coach occupant (17 or more pass seats)","Passenger","Male",14,"B","Dual carriageway",30,NA,"Not a Pedestrian","Not a Pedestrian",434534,433677,"E01011415",1,"Not at junction or within 20 metres","Daylight","Fine no high winds","Dry","Bus and goods vehicle occupant"
"7090","2017134A41049",2017-10-04,2017,"Oct",4,"15:10",15,10,"Wednesday","Slight",1,"Slight","Car occupant","Driver or rider","Male",41,"Unclassified","Single carriageway",30,"Unclassified","Not a Pedestrian","Not a Pedestrian",432101,436049,"E01011647",2,"T or staggered junction","Daylight","Fine no high winds","Wet or damp","Car occupant"
"7091","2017134A50413",2017-10-04,2017,"Oct",4,"16:30",16,30,"Wednesday","Slight",2,"Slight","Car occupant","Driver or rider","Female",47,"A","Dual carriageway",40,"A","Not a Pedestrian","Not a Pedestrian",430615,431825,"E01011364",2,"T or staggered junction","Daylight","Fine no high winds","Dry","Car occupant"
"7092","2017134A60359",2017-10-04,2017,"Oct",4,"17:20",17,20,"Wednesday","Serious",1,"Serious","Pedestrian","Pedestrian","Female",62,"Unclassified","One way street",30,"Unclassified","Crossing on pedestrian crossing facility","Crossing from driver's nearside",429780,433925,"E01033010",1,"Crossroads","Darkness - lighting unknown","Raining no high winds","Wet or damp","Pedestrian"
"7093","2017134A50288",2017-10-05,2017,"Oct",5,"07:55",7,55,"Thursday","Slight",3,"Slight","Car occupant","Driver or rider","Female",38,"A(M)","Slip road",40,"A(M)","Not a Pedestrian","Not a Pedestrian",430891,433812,"E01033031",3,"Slip road","Daylight","Fine no high winds","Dry","Car occupant"
"7094","2017134A50352",2017-10-05,2017,"Oct",5,"08:48",8,48,"Thursday","Slight",1,"Slight","Car occupant","Driver or rider","Female",52,"A(M)","Dual carriageway",40,NA,"Not a Pedestrian","Not a Pedestrian",430750,433838,"E01033010",5,"Not at junction or within 20 metres","Daylight","Fine no high winds","Dry","Car occupant"
"7095","2017134A50914",2017-10-05,2017,"Oct",5,"14:12",14,12,"Thursday","Slight",1,"Slight","Car occupant","Driver or rider","Male",86,"A","Roundabout",30,"Unclassified","Not a Pedestrian","Not a Pedestrian",441744,433944,"E01011297",2,"Roundabout","Daylight","Fine no high winds","Dry","Car occupant"
"7096","2017134A51741",2017-10-05,2017,"Oct",5,"18:00",18,0,"Thursday","Serious",1,"Serious","Bus or coach occupant (17 or more pass seats)","Passenger","Female",35,"Motorway","Slip road",50,"Motorway","Not a Pedestrian","Not a Pedestrian",429405,432004,"E01011364",1,"Slip road","Darkness - lighting unknown","Fine no high winds","Wet or damp","Bus and goods vehicle occupant"
"7097","2017134A51128",2017-10-05,2017,"Oct",5,"19:50",19,50,"Thursday","Slight",2,"Slight","Car occupant","Driver or rider","Female",48,"A","Roundabout",40,"Unclassified","Not a Pedestrian","Not a Pedestrian",437953,433036,"E01011402",3,"Roundabout","Darkness - lighting unknown","Fine no high winds","Dry","Car occupant"
"7098","2017134A60291",2017-10-06,2017,"Oct",6,"07:54",7,54,"Friday","Slight",1,"Slight","Pedestrian","Pedestrian","Female",13,"Unclassified","Single carriageway",30,"Unclassified","In carriageway, crossing elsewhere","Crossing from driver's nearside",433265,429061,"E01011630",1,"Other junction","Daylight","Fine no high winds","Dry","Pedestrian"
"7099","2017134A60514",2017-10-06,2017,"Oct",6,"10:25",10,25,"Friday","Slight",1,"Slight","Car occupant","Driver or rider","Male",49,"Motorway","Dual carriageway",70,NA,"Not a Pedestrian","Not a Pedestrian",436518,431042,"E01011420",2,"Not at junction or within 20 metres","Daylight","Fine no high winds","Dry","Car occupant"
"7100","2017134A60790",2017-10-06,2017,"Oct",6,"13:02",13,2,"Friday","Slight",1,"Slight","Motorcycle 125cc and under rider or passenger","Driver or rider","Male",36,"A","Single carriageway",40,"A","Not a Pedestrian","Not a Pedestrian",431238,445740,"E01011561",1,"Other junction","Daylight","Fine no high winds","Dry","Motorcyclist and pillion"
"7101","2017134A61264",2017-10-06,2017,"Oct",6,"16:27",16,27,"Friday","Slight",1,"Slight","Car occupant","Driver or rider","Male",24,"A(M)","Dual carriageway",70,NA,"Not a Pedestrian","Not a Pedestrian",443660,436751,"E01011297",1,"Not at junction or within 20 metres","Daylight","Fine no high winds","Dry","Car occupant"
"7102","2017134A61430",2017-10-06,2017,"Oct",6,"17:36",17,36,"Friday","Slight",1,"Slight","Cyclist","Driver or rider","Male",38,"A","Single carriageway",40,NA,"Not a Pedestrian","Not a Pedestrian",431379,435076,"E01011429",2,"Not at junction or within 20 metres","Darkness - lights lit","Fine no high winds","Dry","Cyclist"
"7103","2017134A60588",2017-10-06,2017,"Oct",6,"19:10",19,10,"Friday","Slight",1,"Slight","Cyclist","Driver or rider","Female",43,"A","Roundabout",40,"Motorway","Not a Pedestrian","Not a Pedestrian",435896,425845,"E01011636",2,"Roundabout","Darkness - lighting unknown","Fine no high winds","Dry","Cyclist"
"7104","2017134A70163",2017-10-07,2017,"Oct",7,"01:48",1,48,"Saturday","Serious",2,"Serious","Car occupant","Driver or rider","Male",39,"Unclassified","Single carriageway",40,NA,"Not a Pedestrian","Not a Pedestrian",429065,428783,"E01011493",2,"Not at junction or within 20 metres","Darkness - lights lit","Fine no high winds","Dry","Car occupant"
"7105","2017134A71037",2017-10-07,2017,"Oct",7,"14:10",14,10,"Saturday","Slight",1,"Slight","Pedestrian","Pedestrian","Female",8,"Unclassified","Single carriageway",20,NA,"In carriageway, crossing elsewhere","Crossing from driver's offside",432479,434930,"E01011433",1,"Not at junction or within 20 metres","Daylight","Fine no high winds","Dry","Pedestrian"
"7106","2017134A81169",2017-10-08,2017,"Oct",8,"15:41",15,41,"Sunday","Serious",1,"Serious","Motorcycle 125cc and under rider or passenger","Driver or rider","Male",26,"Unclassified","Single carriageway",30,"Unclassified","Not a Pedestrian","Not a Pedestrian",426483,436340,"E01011489",2,"T or staggered junction","Daylight","Fine no high winds","Dry","Motorcyclist and pillion"
"7107","2017134A81188",2017-10-08,2017,"Oct",8,"15:50",15,50,"Sunday","Slight",1,"Slight","Pedestrian","Pedestrian","Female",13,"A","Single carriageway",30,NA,"In carriageway, crossing elsewhere","Crossing from nearside - masked by parked or stationary vehicle",430122,431855,"E01011364",1,"Not at junction or within 20 metres","Daylight","Fine no high winds","Dry","Pedestrian"
"7108","2017134A81358",2017-10-08,2017,"Oct",8,"17:00",17,0,"Sunday","Slight",3,"Slight","Taxi/Private hire car occupant","Driver or rider","Male",31,"Unclassified","Dual carriageway",30,"Unclassified","Not a Pedestrian","Not a Pedestrian",431193,433714,"E01033031",2,"T or staggered junction","Darkness - lighting unknown","Fine no high winds","Dry","Car occupant"
"7109","2017134A81445",2017-10-08,2017,"Oct",8,"17:49",17,49,"Sunday","Slight",1,"Slight","Pedestrian","Pedestrian","Female",22,"A","Single carriageway",30,NA,"In carriageway, crossing elsewhere","Crossing from driver's offside",430165,425118,"E01011537",1,"Not at junction or within 20 metres","Darkness - lighting unknown","Fine no high winds","Dry","Pedestrian"
"7110","2017134A81462",2017-10-08,2017,"Oct",8,"17:55",17,55,"Sunday","Slight",2,"Slight","Car occupant","Driver or rider","Male",20,"A","Dual carriageway",40,"Unclassified","Not a Pedestrian","Not a Pedestrian",431448,432694,"E01011626",2,"Crossroads","Darkness - lighting unknown","Fine no high winds","Dry","Car occupant"
"7111","2017134A82037",2017-10-08,2017,"Oct",8,"22:45",22,45,"Sunday","Slight",1,"Slight","Car occupant","Driver or rider","Male",28,"A","Single carriageway",30,"Unclassified","Not a Pedestrian","Not a Pedestrian",428464,431349,"E01011369",2,"Crossroads","Darkness - lights lit","Fine no high winds","Dry","Car occupant"
"7112","2017134A90326",2017-10-09,2017,"Oct",9,"08:20",8,20,"Monday","Slight",2,"Slight","Pedestrian","Pedestrian","Female",22,"Unclassified","Single carriageway",30,NA,"Crossing on pedestrian crossing facility","Crossing from driver's nearside",430699,433453,"E01033011",1,"Not at junction or within 20 metres","Daylight","Fine no high winds","Dry","Pedestrian"
"7113","2017134A90981",2017-10-09,2017,"Oct",9,"14:18",14,18,"Monday","Slight",1,"Slight","Car occupant","Driver or rider","Female",48,"Unclassified","Dual carriageway",30,"Unclassified","Not a Pedestrian","Not a Pedestrian",430333,433899,"E01033010",1,"T or staggered junction","Daylight","Fine no high winds","Dry","Car occupant"
"7114","2017134A91037",2017-10-09,2017,"Oct",9,"14:40",14,40,"Monday","Slight",2,"Slight","Car occupant","Driver or rider","Female",57,"Unclassified","Single carriageway",30,"Unclassified","Not a Pedestrian","Not a Pedestrian",443671,445249,"E01011711",2,"Private drive or entrance","Daylight","Fine no high winds","Dry","Car occupant"
"7115","2017134A91575",2017-10-09,2017,"Oct",9,"18:23",18,23,"Monday","Slight",3,"Slight","Car occupant","Driver or rider","Female",21,"Unclassified","Single carriageway",30,NA,"Not a Pedestrian","Not a Pedestrian",423495,437434,"E01011465",3,"Not at junction or within 20 metres","Darkness - lighting unknown","Fine no high winds","Dry","Car occupant"
"7116","2017134A91683",2017-10-09,2017,"Oct",9,"19:05",19,5,"Monday","Slight",1,"Slight","Car occupant","Passenger","Female",21,"Unclassified","Single carriageway",30,"Unclassified","Not a Pedestrian","Not a Pedestrian",420714,440967,"E01011274",2,"T or staggered junction","Darkness - lighting unknown","Fine no high winds","Dry","Car occupant"
"7117","2017134AA0316",2017-10-10,2017,"Oct",10,"08:15",8,15,"Tuesday","Slight",1,"Slight","Pedestrian","Pedestrian","Male",48,"Unclassified","Single carriageway",30,"Unclassified","In carriageway, crossing elsewhere","Crossing from driver's nearside",431753,434601,"E01011677",1,"T or staggered junction","Daylight","Fine no high winds","Dry","Pedestrian"
"7118","2017134AA0658",2017-10-10,2017,"Oct",10,"11:46",11,46,"Tuesday","Slight",1,"Slight","Car occupant","Driver or rider","Female",86,"A","Single carriageway",30,"Unclassified","Not a Pedestrian","Not a Pedestrian",427306,444694,"E01011576",2,"T or staggered junction","Daylight","Fine no high winds","Dry","Car occupant"
"7119","2017134AA0852",2017-10-10,2017,"Oct",10,"13:20",13,20,"Tuesday","Serious",1,"Serious","Cyclist","Driver or rider","Female",42,"A","Single carriageway",30,"Unclassified","Not a Pedestrian","Not a Pedestrian",427324,437202,"E01011690",2,"T or staggered junction","Daylight","Fine no high winds","Dry","Cyclist"
"7120","2017134AA1645",2017-10-10,2017,"Oct",10,"19:15",19,15,"Tuesday","Slight",1,"Slight","Car occupant","Driver or rider","Male",58,"A","Single carriageway",30,"Unclassified","Not a Pedestrian","Not a Pedestrian",431509,435136,"E01011673",2,"T or staggered junction","Darkness - lights lit","Fine no high winds","Dry","Car occupant"
"7121","2017134AB0263",2017-10-11,2017,"Oct",11,"07:40",7,40,"Wednesday","Slight",1,"Slight","Cyclist","Driver or rider","Male",24,"A","Single carriageway",30,"Unclassified","Not a Pedestrian","Not a Pedestrian",428718,435613,"E01032946",2,"Other junction","Daylight","Fine no high winds","Dry","Cyclist"
"7122","2017134AB0516",2017-10-11,2017,"Oct",11,"10:15",10,15,"Wednesday","Slight",1,"Slight","Goods vehicle (over 3.5t. and under 7.5t.) occupant","Passenger","Male",31,"B","Dual carriageway",30,"A","Not a Pedestrian","Not a Pedestrian",428513,433059,"E01011363",2,"Roundabout","Daylight","Fine no high winds","Dry","Bus and goods vehicle occupant"
"7123","2017134AB0829",2017-10-11,2017,"Oct",11,"13:13",13,13,"Wednesday","Slight",3,"Slight","Car occupant","Driver or rider","Female",35,"Unclassified","Single carriageway",30,"Unclassified","Not a Pedestrian","Not a Pedestrian",425949,428285,"E01011525",3,"T or staggered junction","Daylight","Fine no high winds","Wet or damp","Car occupant"
"7124","2017134AB1052",2017-10-11,2017,"Oct",11,"14:45",14,45,"Wednesday","Slight",1,"Slight","Car occupant","Driver or rider","Male",31,"Unclassified","Single carriageway",30,"Unclassified","Not a Pedestrian","Not a Pedestrian",430624,435502,"E01011360",2,"T or staggered junction","Daylight","Fine no high winds","Dry","Car occupant"
"7125","2017134AB1244",2017-10-11,2017,"Oct",11,"16:00",16,0,"Wednesday","Slight",1,"Slight","Motorcycle 50cc and under rider or passenger","Driver or rider","Male",18,"A","Single carriageway",40,NA,"Not a Pedestrian","Not a Pedestrian",425843,426826,"E01011546",1,"Not at junction or within 20 metres","Daylight","Raining no high winds","Wet or damp","Motorcyclist and pillion"