"","accident_index","date","year","month","day","time","time_hour","time_minute","day_of_week","accident_severity","number_of_casualties","casualty_severity","casualty_type","casualty_class","sex_of_casualty","age_of_casualty","first_road_class","road_type","speed_limit","second_road_class","pedestrian_location","pedestrian_movement","location_easting_osgr","location_northing_osgr","lsoa_of_accident_location","number_of_vehicles","junction_detail","light_conditions","weather_conditions","road_surface_conditions","cas_type"
"7126","2017134AB1287",2017-10-11,2017,"Oct",11,"16:27",16,27,"Wednesday","Slight",1,"Slight","Pedestrian","Pedestrian","Female",20,"A","Single carriageway",30,"Unclassified","Crossing elsewhere within 50m. of pedestrian crossing","Crossing from offside - masked by  parked or stationary vehicle",428917,435505,"E01011443",1,"T or staggered junction","Daylight","Raining no high winds","Wet or damp","Pedestrian"
"7127","2017134AB1366",2017-10-11,2017,"Oct",11,"16:30",16,30,"Wednesday","Slight",1,"Slight","Car occupant","Driver or rider","Male",44,"A","Dual carriageway",30,NA,"Not a Pedestrian","Not a Pedestrian",427479,431308,"E01011318",2,"Not at junction or within 20 metres","Daylight","Fine no high winds","Dry","Car occupant"
"7128","2017134AB1349",2017-10-11,2017,"Oct",11,"16:50",16,50,"Wednesday","Slight",2,"Slight","Bus or coach occupant (17 or more pass seats)","Passenger","Female",75,"Unclassified","Single carriageway",30,NA,"Not a Pedestrian","Not a Pedestrian",430926,436050,"E01011357",2,"Not at junction or within 20 metres","Daylight","Fine no high winds","Dry","Bus and goods vehicle occupant"
"7129","2017134AB1809",2017-10-11,2017,"Oct",11,"19:50",19,50,"Wednesday","Slight",3,"Slight","Car occupant","Driver or rider","Male",29,"Unclassified","Single carriageway",30,NA,"Not a Pedestrian","Not a Pedestrian",431424,436825,"E01011641",1,"Not at junction or within 20 metres","Darkness - lights lit","Fine no high winds","Wet or damp","Car occupant"
"7130","2017134AB1910",2017-10-11,2017,"Oct",11,"20:30",20,30,"Wednesday","Slight",2,"Slight","Taxi/Private hire car occupant","Passenger","Female",19,"A","Single carriageway",30,NA,"Not a Pedestrian","Not a Pedestrian",418759,445479,"E01011573",1,"Not at junction or within 20 metres","Darkness - lighting unknown","Fine no high winds","Dry","Car occupant"
"7131","2017134AC1014",2017-10-12,2017,"Oct",12,"14:40",14,40,"Thursday","Slight",1,"Slight","Car occupant","Driver or rider","Male",83,"Unclassified","Roundabout",30,"Unclassified","Not a Pedestrian","Not a Pedestrian",432940,435008,"E01011340",3,"Roundabout","Daylight","Fine no high winds","Dry","Car occupant"
"7132","2017134AB1205",2017-10-12,2017,"Oct",12,"15:30",15,30,"Thursday","Slight",3,"Slight","Car occupant","Driver or rider","Male",40,"Unclassified","Single carriageway",30,NA,"Not a Pedestrian","Not a Pedestrian",427863,434643,"E01011483",2,"Not at junction or within 20 metres","Daylight","Fine no high winds","Dry","Car occupant"
"7133","2017134AC2056",2017-10-12,2017,"Oct",12,"17:30",17,30,"Thursday","Slight",1,"Slight","Bus or coach occupant (17 or more pass seats)","Passenger","Female",70,"A","Single carriageway",40,NA,"Not a Pedestrian","Not a Pedestrian",425733,442951,"E01032504",1,"Not at junction or within 20 metres","Darkness - lighting unknown","Fine no high winds","Dry","Bus and goods vehicle occupant"
"7134","2017134AC1459",2017-10-12,2017,"Oct",12,"17:33",17,33,"Thursday","Slight",2,"Slight","Car occupant","Driver or rider","Male",63,"Motorway","Dual carriageway",70,NA,"Not a Pedestrian","Not a Pedestrian",430862,426541,"E01011499",2,"Not at junction or within 20 metres","Darkness - lighting unknown","Fine no high winds","Dry","Car occupant"
"7135","2017134AC1778",2017-10-12,2017,"Oct",12,"19:35",19,35,"Thursday","Slight",1,"Slight","Bus or coach occupant (17 or more pass seats)","Passenger","Female",64,"A","Single carriageway",30,NA,"Not a Pedestrian","Not a Pedestrian",432049,435960,"E01011422",2,"Not at junction or within 20 metres","Darkness - lights lit","Fine no high winds","Dry","Bus and goods vehicle occupant"
"7136","2017134AD0338",2017-10-13,2017,"Oct",13,"08:15",8,15,"Friday","Slight",1,"Slight","Car occupant","Driver or rider","Female",29,"A","Dual carriageway",40,"Unclassified","Not a Pedestrian","Not a Pedestrian",426234,438114,"E01011684",2,"T or staggered junction","Daylight","Fine no high winds","Dry","Car occupant"
"7137","2017134AD0535",2017-10-13,2017,"Oct",13,"10:17",10,17,"Friday","Slight",1,"Slight","Car occupant","Driver or rider","Female",30,"A(M)","Dual carriageway",40,"Unclassified","Not a Pedestrian","Not a Pedestrian",429865,434399,"E01033008",3,"Slip road","Daylight","Fine no high winds","Dry","Car occupant"
"7138","2017134AD0725",2017-10-13,2017,"Oct",13,"12:01",12,1,"Friday","Slight",1,"Slight","Car occupant","Driver or rider","Male",44,"Unclassified","Single carriageway",30,NA,"Not a Pedestrian","Not a Pedestrian",431738,435483,"E01011429",4,"Not at junction or within 20 metres","Daylight","Fine no high winds","Dry","Car occupant"
"7139","2017134AD0881",2017-10-13,2017,"Oct",13,"13:00",13,0,"Friday","Slight",2,"Slight","Pedestrian","Pedestrian","Female",46,"Unclassified","Dual carriageway",30,NA,"In carriageway, crossing elsewhere","Unknown or other",430515,433453,"E01033010",1,"Not at junction or within 20 metres","Daylight","Fine no high winds","Dry","Pedestrian"
"7140","2017134AH0508",2017-10-13,2017,"Oct",13,"13:10",13,10,"Friday","Slight",1,"Slight","Pedestrian","Pedestrian","Male",31,"Unclassified","Single carriageway",30,"Unclassified","On footway or verge","Unknown or other",429495,432909,"E01033032",1,"T or staggered junction","Daylight","Fine no high winds","Dry","Pedestrian"
"7141","2017134AD1432",2017-10-13,2017,"Oct",13,"16:35",16,35,"Friday","Slight",4,"Slight","Car occupant","Driver or rider","Male",42,"Motorway","Dual carriageway",70,NA,"Not a Pedestrian","Not a Pedestrian",432012,427743,"E01011490",4,"Not at junction or within 20 metres","Daylight","Fine no high winds","Dry","Car occupant"
"7142","2017134AD1682",2017-10-13,2017,"Oct",13,"18:20",18,20,"Friday","Serious",1,"Serious","Pedestrian","Pedestrian","Female",17,"Unclassified","One way street",30,"Unclassified","Crossing elsewhere within 50m. of pedestrian crossing","Unknown or other",429801,433924,"E01033010",1,"Crossroads","Darkness - lighting unknown","Fine no high winds","Dry","Pedestrian"
"7143","2017134AD0118",2017-10-13,2017,"Oct",13,"20:16",20,16,"Friday","Slight",1,"Slight","Car occupant","Driver or rider","Male",49,"Unclassified","Single carriageway",30,"Unclassified","Not a Pedestrian","Not a Pedestrian",429121,432107,"E01033013",2,"T or staggered junction","Darkness - lighting unknown","Fine no high winds","Dry","Car occupant"
"7144","2017134BE1643",2017-10-14,2017,"Oct",14,"09:20",9,20,"Saturday","Serious",1,"Serious","Pedestrian","Pedestrian","Male",90,"Unclassified","Single carriageway",20,NA,"On footway or verge","Unknown or other",430663,433452,"E01033011",1,"Not at junction or within 20 metres","Daylight","Fine no high winds","Dry","Pedestrian"
"7145","2017134AE2525",2017-10-14,2017,"Oct",14,"23:40",23,40,"Saturday","Slight",1,"Slight","Pedestrian","Pedestrian","Female",21,"Unclassified","One way street",30,"Unclassified","In carriageway, crossing elsewhere","Crossing from driver's offside",430385,433428,"E01033011",1,"T or staggered junction","Darkness - lights lit","Fine no high winds","Dry","Pedestrian"
"7146","2017134AF0991",2017-10-15,2017,"Oct",15,"12:54",12,54,"Sunday","Slight",1,"Slight","Car occupant","Driver or rider","Male",28,"A","Single carriageway",50,"Unclassified","Not a Pedestrian","Not a Pedestrian",431955,430324,"E01011469",2,"Roundabout","Daylight","Fine no high winds","Dry","Car occupant"
"7147","2017134AF1093",2017-10-15,2017,"Oct",15,"13:25",13,25,"Sunday","Slight",1,"Slight","Car occupant","Passenger","Male",4,"Unclassified","Single carriageway",30,"Unclassified","Not a Pedestrian","Not a Pedestrian",432155,434961,"E01011434",2,"T or staggered junction","Daylight","Fine no high winds","Dry","Car occupant"
"7148","2017134AF1673",2017-10-15,2017,"Oct",15,"17:20",17,20,"Sunday","Slight",3,"Slight","Pedestrian","Pedestrian","Male",58,"A","Dual carriageway",40,NA,"Crossing on pedestrian crossing facility","Crossing from driver's nearside",425599,434236,"E01011286",2,"Not at junction or within 20 metres","Darkness - lighting unknown","Fine no high winds","Dry","Pedestrian"
"7149","2017134AG1082",2017-10-15,2017,"Oct",15,"17:20",17,20,"Sunday","Slight",1,"Slight","Bus or coach occupant (17 or more pass seats)","Passenger","Female",19,"Unclassified","Single carriageway",30,NA,"Not a Pedestrian","Not a Pedestrian",426078,435590,"E01011477",1,"Not at junction or within 20 metres","Darkness - lighting unknown","Fine no high winds","Dry","Bus and goods vehicle occupant"
"7150","2017134AF1719",2017-10-15,2017,"Oct",15,"17:30",17,30,"Sunday","Slight",1,"Slight","Car occupant","Driver or rider","Female",47,"A","Single carriageway",40,"Unclassified","Not a Pedestrian","Not a Pedestrian",435130,428929,"E01011627",2,"Crossroads","Darkness - lighting unknown","Fine no high winds","Dry","Car occupant"
"7151","2017134AF1781",2017-10-15,2017,"Oct",15,"18:04",18,4,"Sunday","Slight",1,"Slight","Cyclist","Driver or rider","Male",34,"Unclassified","Single carriageway",30,NA,"Not a Pedestrian","Not a Pedestrian",425133,433916,"E01032606",2,"Not at junction or within 20 metres","Darkness - lights lit","Fine no high winds","Dry","Cyclist"
"7152","2017134AF2142",2017-10-15,2017,"Oct",15,"20:19",20,19,"Sunday","Slight",2,"Slight","Car occupant","Driver or rider","Female",60,"A","Dual carriageway",30,"Unclassified","Not a Pedestrian","Not a Pedestrian",427612,434517,"E01011482",2,"T or staggered junction","Darkness - lights lit","Fine no high winds","Dry","Car occupant"
"7153","2017134AG0412",2017-10-16,2017,"Oct",16,"07:10",7,10,"Monday","Slight",1,"Slight","Car occupant","Driver or rider","Female",27,"Unclassified","Single carriageway",30,NA,"Not a Pedestrian","Not a Pedestrian",427368,433509,"E01011293",2,"Not at junction or within 20 metres","Darkness - lights lit","Fine no high winds","Wet or damp","Car occupant"
"7154","2017134AG0466",2017-10-16,2017,"Oct",16,"09:35",9,35,"Monday","Slight",1,"Slight","Pedestrian","Pedestrian","Male",48,"Unclassified","Single carriageway",30,"Unclassified","In centre of carriageway - not on refuge, island or central reservation","Walking along in carriageway, back to traffic",434923,437705,"E01011657",1,"T or staggered junction","Daylight","Fine no high winds","Dry","Pedestrian"
"7155","2017134AG1420",2017-10-16,2017,"Oct",16,"16:32",16,32,"Monday","Slight",2,"Slight","Car occupant","Driver or rider","Female",57,"Motorway","Dual carriageway",50,NA,"Not a Pedestrian","Not a Pedestrian",430561,431421,"E01011374",3,"Not at junction or within 20 metres","Daylight","Fine + high winds","Dry","Car occupant"
"7156","2017134AG1530",2017-10-16,2017,"Oct",16,"17:00",17,0,"Monday","Slight",1,"Slight","Pedestrian","Pedestrian","Female",29,"A","Single carriageway",30,NA,"In carriageway, crossing elsewhere","Crossing from driver's nearside",429883,434293,"E01033008",1,"Not at junction or within 20 metres","Darkness - lighting unknown","Fine no high winds","Dry","Pedestrian"
"7157","2017134AG1438",2017-10-16,2017,"Oct",16,"18:35",18,35,"Monday","Slight",1,"Slight","Pedestrian","Pedestrian","Male",3,"Unclassified","Single carriageway",30,NA,"In carriageway, not crossing","In carriageway, stationary - not crossing  (standing or playing) - masked by parked or stationary vehicle",431102,437780,"E01011504",1,"Not at junction or within 20 metres","Darkness - lighting unknown","Fine + high winds","Dry","Pedestrian"
"7158","2017134AG1900",2017-10-16,2017,"Oct",16,"19:36",19,36,"Monday","Slight",1,"Slight","Car occupant","Driver or rider","Female",19,"Unclassified","Single carriageway",30,NA,"Not a Pedestrian","Not a Pedestrian",426177,439070,"E01011383",1,"Not at junction or within 20 metres","Darkness - lights lit","Fine no high winds","Dry","Car occupant"
"7159","2017134AG2003",2017-10-16,2017,"Oct",16,"20:00",20,0,"Monday","Slight",1,"Slight","Pedestrian","Pedestrian","Male",48,"Unclassified","Single carriageway",20,NA,"In carriageway, not crossing","Walking along in carriageway, facing traffic",434654,436671,"E01011658",1,"Not at junction or within 20 metres","Darkness - lights lit","Fine + high winds","Dry","Pedestrian"
"7160","2017134AG2347",2017-10-16,2017,"Oct",16,"22:40",22,40,"Monday","Fatal",1,"Fatal","Pedestrian","Pedestrian","Male",30,"B","Single carriageway",20,NA,"In carriageway, not crossing","Walking along in carriageway, back to traffic",427087,427689,"E01032492",1,"Not at junction or within 20 metres","Darkness - lights lit","Fine no high winds","Dry","Pedestrian"
"7161","2017134AH0159",2017-10-17,2017,"Oct",17,"03:32",3,32,"Tuesday","Slight",1,"Slight","Car occupant","Driver or rider","Male",18,"A","Single carriageway",50,NA,"Not a Pedestrian","Not a Pedestrian",442822,430183,"E01011303",1,"Not at junction or within 20 metres","Darkness - no lighting","Fine + high winds","Dry","Car occupant"
"7162","2017134AH0557",2017-10-17,2017,"Oct",17,"08:10",8,10,"Tuesday","Slight",1,"Slight","Car occupant","Passenger","Female",45,"Unclassified","Single carriageway",40,NA,"Not a Pedestrian","Not a Pedestrian",420787,444774,"E01011569",2,"Not at junction or within 20 metres","Daylight","Fine no high winds","Dry","Car occupant"
"7163","2017134AH0847",2017-10-17,2017,"Oct",17,"16:00",16,0,"Tuesday","Slight",1,"Slight","Motorcycle over 500cc rider or passenger","Driver or rider","Male",26,"Unclassified","Single carriageway",30,NA,"Not a Pedestrian","Not a Pedestrian",430135,434130,"E01033010",2,"Not at junction or within 20 metres","Daylight","Fine no high winds","Dry","Motorcyclist and pillion"
"7164","2017134AH1623",2017-10-17,2017,"Oct",17,"18:00",18,0,"Tuesday","Slight",2,"Slight","Car occupant","Driver or rider","Male",55,"Motorway","Slip road",70,NA,"Not a Pedestrian","Not a Pedestrian",437791,432302,"E01011402",3,"Not at junction or within 20 metres","Darkness - lighting unknown","Fine no high winds","Dry","Car occupant"
"7165","2017134AI0238",2017-10-18,2017,"Oct",18,"07:20",7,20,"Wednesday","Slight",1,"Slight","Cyclist","Driver or rider","Male",38,"Unclassified","Single carriageway",30,NA,"Not a Pedestrian","Not a Pedestrian",423036,434713,"E01011335",2,"Not at junction or within 20 metres","Darkness - lighting unknown","Fine no high winds","Dry","Cyclist"
"7166","2017134AI0270",2017-10-18,2017,"Oct",18,"07:50",7,50,"Wednesday","Slight",1,"Slight","Car occupant","Driver or rider","Male",54,"Unclassified","Single carriageway",30,NA,"Not a Pedestrian","Not a Pedestrian",434929,440893,"E01011311",1,"Not at junction or within 20 metres","Daylight","Fine no high winds","Dry","Car occupant"
"7167","2017134AI0894",2017-10-18,2017,"Oct",18,"12:55",12,55,"Wednesday","Slight",1,"Slight","Car occupant","Passenger","Male",24,"A","Dual carriageway",30,"A","Not a Pedestrian","Not a Pedestrian",426797,438039,"E01011687",2,"Roundabout","Daylight","Fine no high winds","Dry","Car occupant"
"7168","2017134AI1343",2017-10-18,2017,"Oct",18,"14:38",14,38,"Wednesday","Slight",1,"Slight","Bus or coach occupant (17 or more pass seats)","Passenger","Male",12,"Unclassified","Single carriageway",30,NA,"Not a Pedestrian","Not a Pedestrian",437084,435267,"E01011407",1,"Not at junction or within 20 metres","Daylight","Fine no high winds","Dry","Bus and goods vehicle occupant"
"7169","2017134AI1434",2017-10-18,2017,"Oct",18,"14:40",14,40,"Wednesday","Slight",1,"Slight","Bus or coach occupant (17 or more pass seats)","Passenger","Female",14,"Unclassified","Single carriageway",20,NA,"Not a Pedestrian","Not a Pedestrian",440256,432798,"E01011402",1,"Not at junction or within 20 metres","Daylight","Fine no high winds","Dry","Bus and goods vehicle occupant"
"7170","2017134AJ0261",2017-10-19,2017,"Oct",19,"06:43",6,43,"Thursday","Slight",1,"Slight","Cyclist","Driver or rider","Male",50,"A","Single carriageway",30,"Unclassified","Not a Pedestrian","Not a Pedestrian",430094,431360,"E01011371",2,"T or staggered junction","Darkness - lights lit","Fine no high winds","Wet or damp","Cyclist"
"7171","2017134AJ0229",2017-10-19,2017,"Oct",19,"07:28",7,28,"Thursday","Slight",2,"Slight","Car occupant","Driver or rider","Female",30,"A(M)","Slip road",70,"Unclassified","Not a Pedestrian","Not a Pedestrian",441096,449534,"E01011704",2,"Slip road","Darkness - lighting unknown","Fine no high winds","Wet or damp","Car occupant"
"7172","2017134AJ0344",2017-10-19,2017,"Oct",19,"08:00",8,0,"Thursday","Slight",1,"Slight","Motorcycle over 500cc rider or passenger","Driver or rider","Male",26,"A","Single carriageway",30,"Unclassified","Not a Pedestrian","Not a Pedestrian",421632,440845,"E01011578",2,"Crossroads","Daylight","Fog or mist","Wet or damp","Motorcyclist and pillion"
"7173","2017134AJ0605",2017-10-19,2017,"Oct",19,"10:35",10,35,"Thursday","Slight",3,"Slight","Car occupant","Driver or rider","Male",74,"Unclassified","Single carriageway",60,"Unclassified","Not a Pedestrian","Not a Pedestrian",434621,441230,"E01011713",2,"Crossroads","Daylight","Fine no high winds","Dry","Car occupant"
"7174","2017134AJ0680",2017-10-19,2017,"Oct",19,"11:26",11,26,"Thursday","Slight",1,"Slight","Cyclist","Driver or rider","Male",24,"Unclassified","Single carriageway",30,"Unclassified","Not a Pedestrian","Not a Pedestrian",427827,436515,"E01011692",2,"T or staggered junction","Daylight","Fine no high winds","Dry","Cyclist"
"7175","2017134AJ0846",2017-10-19,2017,"Oct",19,"12:58",12,58,"Thursday","Slight",1,"Slight","Car occupant","Driver or rider","Male",24,"Unclassified","Single carriageway",30,"A","Not a Pedestrian","Not a Pedestrian",431967,431240,"E01011468",2,"Crossroads","Daylight","Fine no high winds","Dry","Car occupant"
"7176","2017134AJ0854",2017-10-19,2017,"Oct",19,"13:04",13,4,"Thursday","Slight",2,"Slight","Car occupant","Driver or rider","Female",28,"Unclassified","Single carriageway",30,"Unclassified","Not a Pedestrian","Not a Pedestrian",437849,440432,"E01011310",3,"Crossroads","Daylight","Fine no high winds","Dry","Car occupant"
"7177","2017134AJ1541",2017-10-19,2017,"Oct",19,"18:21",18,21,"Thursday","Serious",1,"Serious","Pedestrian","Pedestrian","Male",80,"Unclassified","Single carriageway",30,NA,"Crossing on pedestrian crossing facility","Crossing from driver's nearside",418975,442004,"E01011265",1,"Not at junction or within 20 metres","Darkness - lights lit","Raining no high winds","Wet or damp","Pedestrian"
"7178","2017134AJ2085",2017-10-19,2017,"Oct",19,"23:13",23,13,"Thursday","Slight",1,"Slight","Cyclist","Driver or rider","Male",23,"Unclassified","Dual carriageway",30,NA,"Not a Pedestrian","Not a Pedestrian",430693,432972,"E01033019",2,"Not at junction or within 20 metres","Darkness - lights lit","Fine no high winds","Wet or damp","Cyclist"
"7179","2017134AK0721",2017-10-20,2017,"Oct",20,"07:15",7,15,"Friday","Slight",1,"Slight","Other vehicle occupant","Driver or rider","Male",24,"Unclassified","Dual carriageway",30,NA,"Not a Pedestrian","Not a Pedestrian",430052,434001,"E01033010",2,"Not at junction or within 20 metres","Darkness - lighting unknown","Fine no high winds","Wet or damp","Others"
"7180","2017134AK0370",2017-10-20,2017,"Oct",20,"08:45",8,45,"Friday","Slight",1,"Slight","Motorcycle 50cc and under rider or passenger","Driver or rider","Female",26,"Unclassified","Single carriageway",40,NA,"Not a Pedestrian","Not a Pedestrian",437496,431421,"E01011420",2,"Not at junction or within 20 metres","Daylight","Fine no high winds","Wet or damp","Motorcyclist and pillion"
"7181","2017134AK0551",2017-10-20,2017,"Oct",20,"10:25",10,25,"Friday","Slight",1,"Slight","Car occupant","Driver or rider","Male",91,"Unclassified","Single carriageway",20,NA,"Not a Pedestrian","Not a Pedestrian",420587,441750,"E01011269",3,"Not at junction or within 20 metres","Daylight","Fine no high winds","Wet or damp","Car occupant"
"7182","2017134AK0798",2017-10-20,2017,"Oct",20,"12:40",12,40,"Friday","Slight",1,"Slight","Car occupant","Driver or rider","Female",68,"Unclassified","Single carriageway",30,NA,"Not a Pedestrian","Not a Pedestrian",423265,435119,"E01011333",2,"Not at junction or within 20 metres","Daylight","Fine no high winds","Wet or damp","Car occupant"
"7183","2017134AK0831",2017-10-20,2017,"Oct",20,"12:50",12,50,"Friday","Slight",1,"Slight","Motorcycle 125cc and under rider or passenger","Driver or rider","Female",23,"Unclassified","Single carriageway",30,"Unclassified","Not a Pedestrian","Not a Pedestrian",430842,428404,"E01032497",3,"T or staggered junction","Daylight","Fine no high winds","Dry","Motorcyclist and pillion"
"7184","2017134AK0935",2017-10-20,2017,"Oct",20,"13:34",13,34,"Friday","Slight",1,"Slight","Car occupant","Driver or rider","Female",35,"Unclassified","Single carriageway",30,"Unclassified","Not a Pedestrian","Not a Pedestrian",431504,435129,"E01011673",2,"T or staggered junction","Daylight","Fine no high winds","Dry","Car occupant"
"7185","2017134AK1573",2017-10-20,2017,"Oct",20,"17:56",17,56,"Friday","Serious",1,"Serious","Cyclist","Driver or rider","Male",28,"Unclassified","Single carriageway",40,"Unclassified","Not a Pedestrian","Not a Pedestrian",434620,441231,"E01011713",3,"Crossroads","Darkness - lighting unknown","Fine no high winds","Dry","Cyclist"
"7186","2017134AL0388",2017-10-21,2017,"Oct",21,"05:17",5,17,"Saturday","Slight",1,"Slight","Car occupant","Driver or rider","Male",60,"A","Roundabout",40,"Unclassified","Not a Pedestrian","Not a Pedestrian",436106,435589,"E01011724",2,"Roundabout","Darkness - lighting unknown","Fine no high winds","Dry","Car occupant"
"7187","2017134AL0407",2017-10-21,2017,"Oct",21,"06:20",6,20,"Saturday","Slight",1,"Slight","Car occupant","Driver or rider","Male",18,"A","Single carriageway",30,NA,"Not a Pedestrian","Not a Pedestrian",419598,438465,"E01011457",1,"Not at junction or within 20 metres","Darkness - lighting unknown","Raining no high winds","Wet or damp","Car occupant"
"7188","2017134AL0450",2017-10-21,2017,"Oct",21,"08:41",8,41,"Saturday","Slight",2,"Slight","Car occupant","Driver or rider","Male",53,"A","Dual carriageway",30,"A","Not a Pedestrian","Not a Pedestrian",430978,432093,"E01033018",2,"Crossroads","Daylight","Fine no high winds","Dry","Car occupant"
"7189","2017134AL0700",2017-10-21,2017,"Oct",21,"11:00",11,0,"Saturday","Slight",1,"Slight","Car occupant","Driver or rider","Male",33,"A(M)","Dual carriageway",40,NA,"Not a Pedestrian","Not a Pedestrian",429037,433530,"E01033015",2,"Not at junction or within 20 metres","Daylight","Fine + high winds","Dry","Car occupant"
"7190","2017134AL1376",2017-10-21,2017,"Oct",21,"16:12",16,12,"Saturday","Serious",1,"Serious","Motorcycle 50cc and under rider or passenger","Driver or rider","Male",18,"Unclassified","Single carriageway",30,"Unclassified","Not a Pedestrian","Not a Pedestrian",428828,435232,"E01033005",2,"T or staggered junction","Daylight","Raining no high winds","Wet or damp","Motorcyclist and pillion"
"7191","2017134AL1938",2017-10-21,2017,"Oct",21,"20:45",20,45,"Saturday","Slight",1,"Slight","Taxi/Private hire car occupant","Driver or rider","Male",33,"Unclassified","Single carriageway",20,"Unclassified","Not a Pedestrian","Not a Pedestrian",432043,434960,"E01011434",2,"Crossroads","Darkness - lighting unknown","Fine no high winds","Dry","Car occupant"
"7192","2017134AL2194",2017-10-21,2017,"Oct",21,"23:22",23,22,"Saturday","Slight",1,"Slight","Car occupant","Driver or rider","Male",18,"A","Dual carriageway",40,"A","Not a Pedestrian","Not a Pedestrian",436099,435603,"E01011724",2,"Roundabout","Darkness - lighting unknown","Fine no high winds","Dry","Car occupant"
"7193","2017134AM0053",2017-10-22,2017,"Oct",22,"00:38",0,38,"Sunday","Slight",1,"Slight","Car occupant","Driver or rider","Female",72,"Unclassified","Single carriageway",30,"Unclassified","Not a Pedestrian","Not a Pedestrian",430800,435343,"E01011360",2,"Crossroads","Darkness - lights lit","Raining no high winds","Wet or damp","Car occupant"
"7194","2017134AM0238",2017-10-22,2017,"Oct",22,"03:19",3,19,"Sunday","Serious",1,"Serious","Pedestrian","Pedestrian","Male",18,"A","Single carriageway",30,NA,"In carriageway, crossing elsewhere","Crossing from driver's offside",429406,434934,"E01033005",1,"Not at junction or within 20 metres","Darkness - lights lit","Fine no high winds","Dry","Pedestrian"
"7195","2017134AN0297",2017-10-23,2017,"Oct",23,"08:00",8,0,"Monday","Slight",1,"Slight","Cyclist","Driver or rider","Female",30,"Unclassified","Single carriageway",30,"Unclassified","Not a Pedestrian","Not a Pedestrian",430897,438633,"E01011512",2,"T or staggered junction","Daylight","Fine no high winds","Dry","Cyclist"
"7196","2017134AN0349",2017-10-23,2017,"Oct",23,"08:49",8,49,"Monday","Serious",1,"Serious","Pedestrian","Pedestrian","Female",69,"Unclassified","Single carriageway",30,NA,"Unknown or other","Unknown or other",440221,448427,"E01011704",1,"Not at junction or within 20 metres","Daylight","Fine no high winds","Dry","Pedestrian"
"7197","2017134AN0686",2017-10-23,2017,"Oct",23,"12:05",12,5,"Monday","Slight",2,"Slight","Car occupant","Passenger","Female",42,"Motorway","Dual carriageway",70,NA,"Not a Pedestrian","Not a Pedestrian",431928,425505,"E01011499",4,"Not at junction or within 20 metres","Daylight","Fine no high winds","Dry","Car occupant"
"7198","2017134AN1107",2017-10-23,2017,"Oct",23,"15:05",15,5,"Monday","Slight",1,"Slight","Car occupant","Driver or rider","Male",23,"Unclassified","Single carriageway",30,NA,"Not a Pedestrian","Not a Pedestrian",430286,433399,"E01033010",2,"Not at junction or within 20 metres","Daylight","Fine no high winds","Dry","Car occupant"
"7199","2017134AN1402",2017-10-23,2017,"Oct",23,"16:55",16,55,"Monday","Slight",1,"Slight","Pedestrian","Pedestrian","Female",51,"A","Single carriageway",30,NA,"In carriageway, not crossing","Walking along in carriageway, back to traffic",429343,434981,"E01033005",1,"Not at junction or within 20 metres","Daylight","Fine no high winds","Dry","Pedestrian"
"7200","2017134AN1744",2017-10-23,2017,"Oct",23,"18:50",18,50,"Monday","Slight",2,"Slight","Car occupant","Driver or rider","Female",28,"Unclassified","Roundabout",30,"Unclassified","Not a Pedestrian","Not a Pedestrian",430090,435422,"E01011670",2,"Roundabout","Darkness - lights lit","Fine no high winds","Wet or damp","Car occupant"
"7201","2017134AN1870",2017-10-23,2017,"Oct",23,"19:40",19,40,"Monday","Slight",1,"Slight","Pedestrian","Pedestrian","Male",56,"Unclassified","Single carriageway",30,NA,"On footway or verge","Unknown or other",429749,435279,"E01011670",1,"Not at junction or within 20 metres","Darkness - lights lit","Fine no high winds","Dry","Pedestrian"
"7202","2017134AO0244",2017-10-24,2017,"Oct",24,"06:30",6,30,"Tuesday","Serious",1,"Serious","Motorcycle over 500cc rider or passenger","Driver or rider","Male",59,"Unclassified","Single carriageway",60,NA,"Not a Pedestrian","Not a Pedestrian",420081,442987,"E01011279",2,"Not at junction or within 20 metres","Darkness - no lighting","Raining + high winds","Wet or damp","Motorcyclist and pillion"
"7203","2017134AO1404",2017-10-24,2017,"Oct",24,"17:35",17,35,"Tuesday","Slight",1,"Slight","Car occupant","Driver or rider","Female",33,"Unclassified","Single carriageway",30,"Unclassified","Not a Pedestrian","Not a Pedestrian",420403,434127,"E01011597",3,"T or staggered junction","Darkness - lights lit","Raining no high winds","Wet or damp","Car occupant"
"7204","2017134AO1753",2017-10-24,2017,"Oct",24,"19:40",19,40,"Tuesday","Slight",1,"Slight","Car occupant","Driver or rider","Female",28,"Unclassified","Single carriageway",30,"Unclassified","Not a Pedestrian","Not a Pedestrian",431872,435946,"E01011422",2,"Crossroads","Darkness - lights lit","Fine no high winds","Dry","Car occupant"
"7205","2017134AO1761",2017-10-24,2017,"Oct",24,"20:51",20,51,"Tuesday","Serious",1,"Serious","Motorcycle over 500cc rider or passenger","Driver or rider","Male",17,"Unclassified","Single carriageway",30,NA,"Not a Pedestrian","Not a Pedestrian",433302,435544,"E01011431",3,"Not at junction or within 20 metres","Darkness - lights lit","Raining no high winds","Wet or damp","Motorcyclist and pillion"