"","accident_index","date","year","month","day","time","time_hour","time_minute","day_of_week","accident_severity","number_of_casualties","casualty_severity","casualty_type","casualty_class","sex_of_casualty","age_of_casualty","first_road_class","road_type","speed_limit","second_road_class","pedestrian_location","pedestrian_movement","location_easting_osgr","location_northing_osgr","lsoa_of_accident_location","number_of_vehicles","junction_detail","light_conditions","weather_conditions","road_surface_conditions","cas_type"
"7206","2017134AP0275",2017-10-25,2017,"Oct",25,"07:08",7,8,"Wednesday","Slight",3,"Slight","Van / Goods vehicle (3.5 tonnes mgw or under) occupant","Driver or rider","Male",28,"Motorway","Dual carriageway",70,NA,"Not a Pedestrian","Not a Pedestrian",428546,426414,"E01011538",3,"Not at junction or within 20 metres","Darkness - lights lit","Fine no high winds","Dry","Bus and goods vehicle occupant"
"7207","2017134AP0439",2017-10-25,2017,"Oct",25,"08:15",8,15,"Wednesday","Serious",1,"Serious","Bus or coach occupant (17 or more pass seats)","Passenger","Female",63,"Unclassified","Single carriageway",30,NA,"Not a Pedestrian","Not a Pedestrian",436365,436295,"E01011721",2,"Not at junction or within 20 metres","Daylight","Fine no high winds","Dry","Bus and goods vehicle occupant"
"7208","2017134AP0445",2017-10-25,2017,"Oct",25,"09:40",9,40,"Wednesday","Serious",1,"Serious","Pedestrian","Pedestrian","Male",6,"Unclassified","Single carriageway",30,NA,"In centre of carriageway - not on refuge, island or central reservation","Crossing from driver's offside",430233,431187,"E01011374",1,"Not at junction or within 20 metres","Daylight","Fine no high winds","Dry","Pedestrian"
"7209","2017134AP0788",2017-10-25,2017,"Oct",25,"13:46",13,46,"Wednesday","Serious",1,"Serious","Motorcycle 50cc and under rider or passenger","Driver or rider","Male",29,"Unclassified","Single carriageway",30,"Unclassified","Not a Pedestrian","Not a Pedestrian",426230,433053,"E01011732",2,"T or staggered junction","Daylight","Fine no high winds","Dry","Motorcyclist and pillion"
"7210","2017134AP1715",2017-10-25,2017,"Oct",25,"18:50",18,50,"Wednesday","Slight",1,"Slight","Cyclist","Driver or rider","Male",25,"Unclassified","Single carriageway",30,"Unclassified","Not a Pedestrian","Not a Pedestrian",429389,439408,"E01011560",2,"T or staggered junction","Darkness - lights lit","Fine no high winds","Dry","Cyclist"
"7211","2017134AR0252",2017-10-27,2017,"Oct",27,"06:33",6,33,"Friday","Slight",1,"Slight","Car occupant","Passenger","Female",54,"Motorway","Dual carriageway",70,NA,"Not a Pedestrian","Not a Pedestrian",432908,425966,"E01011500",2,"Not at junction or within 20 metres","Darkness - lights lit","Fine no high winds","Dry","Car occupant"
"7212","2017134AR0404",2017-10-27,2017,"Oct",27,"09:00",9,0,"Friday","Slight",1,"Slight","Car occupant","Driver or rider","Female",38,"A(M)","Slip road",50,"Unclassified","Not a Pedestrian","Not a Pedestrian",429369,433755,"E01011678",2,"Slip road","Daylight","Fine no high winds","Dry","Car occupant"
"7213","2017134AR0406",2017-10-27,2017,"Oct",27,"09:00",9,0,"Friday","Slight",1,"Slight","Car occupant","Driver or rider","Female",25,"Unclassified","Single carriageway",30,"B","Not a Pedestrian","Not a Pedestrian",423282,435137,"E01011333",2,"T or staggered junction","Daylight","Fine no high winds","Dry","Car occupant"
"7214","2017134AR0496",2017-10-27,2017,"Oct",27,"10:05",10,5,"Friday","Slight",1,"Slight","Car occupant","Driver or rider","Female",45,"A(M)","Dual carriageway",50,"Unclassified","Not a Pedestrian","Not a Pedestrian",429369,433755,"E01011678",3,"Slip road","Daylight","Fine no high winds","Dry","Car occupant"
"7215","2017134AR0850",2017-10-27,2017,"Oct",27,"11:40",11,40,"Friday","Slight",1,"Slight","Car occupant","Driver or rider","Male",56,"Unclassified","Single carriageway",30,NA,"Not a Pedestrian","Not a Pedestrian",428046,432828,"E01011362",2,"Not at junction or within 20 metres","Daylight","Fine no high winds","Dry","Car occupant"
"7216","2017134AR1029",2017-10-27,2017,"Oct",27,"14:59",14,59,"Friday","Serious",1,"Serious","Car occupant","Driver or rider","Female",58,"Unclassified","Single carriageway",40,NA,"Not a Pedestrian","Not a Pedestrian",422229,446009,"E01011569",2,"Not at junction or within 20 metres","Daylight","Fine no high winds","Dry","Car occupant"
"7217","2017134AR1126",2017-10-27,2017,"Oct",27,"15:34",15,34,"Friday","Slight",2,"Slight","Car occupant","Driver or rider","Male",26,"A","Single carriageway",60,NA,"Not a Pedestrian","Not a Pedestrian",421828,436333,"E01011588",5,"Not at junction or within 20 metres","Daylight","Fine no high winds","Dry","Car occupant"
"7218","2017134AS0891",2017-10-28,2017,"Oct",28,"12:25",12,25,"Saturday","Slight",1,"Slight","Car occupant","Driver or rider","Male",36,"Unclassified","Single carriageway",30,"Unclassified","Not a Pedestrian","Not a Pedestrian",429600,432562,"E01033032",3,"Crossroads","Daylight","Fine no high winds","Dry","Car occupant"
"7219","2017134AS2047",2017-10-28,2017,"Oct",28,"21:58",21,58,"Saturday","Slight",1,"Slight","Cyclist","Driver or rider","Male",21,"Unclassified","Single carriageway",30,"Unclassified","Not a Pedestrian","Not a Pedestrian",432549,434326,"E01011347",2,"T or staggered junction","Darkness - lights lit","Fine + high winds","Dry","Cyclist"
"7220","2017134AS2206",2017-10-28,2017,"Oct",28,"23:12",23,12,"Saturday","Slight",2,"Slight","Car occupant","Driver or rider","Male",30,"A(M)","Dual carriageway",70,NA,"Not a Pedestrian","Not a Pedestrian",444738,433111,"E01011297",2,"Not at junction or within 20 metres","Darkness - no lighting","Fine no high winds","Dry","Car occupant"
"7221","2017134AT0099",2017-10-29,2017,"Oct",29,"00:35",0,35,"Sunday","Slight",1,"Slight","Taxi/Private hire car occupant","Driver or rider","Male",34,"C","Single carriageway",30,"Unclassified","Not a Pedestrian","Not a Pedestrian",435527,433859,"E01011415",2,"T or staggered junction","Darkness - lights lit","Fine no high winds","Dry","Car occupant"
"7222","2017134AT0463",2017-10-29,2017,"Oct",29,"03:50",3,50,"Sunday","Serious",1,"Serious","Taxi/Private hire car occupant","Passenger","Female",39,"A","Single carriageway",30,"Unclassified","Not a Pedestrian","Not a Pedestrian",435464,437288,"E01011657",1,"T or staggered junction","Darkness - lights lit","Fine no high winds","Dry","Car occupant"
"7223","2017134AT0490",2017-10-29,2017,"Oct",29,"04:19",4,19,"Sunday","Slight",1,"Slight","Car occupant","Passenger","Male",17,"Unclassified","Single carriageway",30,NA,"Not a Pedestrian","Not a Pedestrian",422116,434424,"E01011596",1,"Not at junction or within 20 metres","Darkness - lights lit","Fine + high winds","Dry","Car occupant"
"7224","2017134AT0572",2017-10-29,2017,"Oct",29,"06:00",6,0,"Sunday","Slight",1,"Slight","Taxi/Private hire car occupant","Passenger","Female",21,"A","Single carriageway",30,NA,"Not a Pedestrian","Not a Pedestrian",419722,441465,"E01011273",1,"Not at junction or within 20 metres","Darkness - lighting unknown","Fine no high winds","Dry","Car occupant"
"7225","2017134AT1826",2017-10-29,2017,"Oct",29,"12:05",12,5,"Sunday","Slight",2,"Slight","Car occupant","Driver or rider","Male",49,"A","Single carriageway",40,"Unclassified","Not a Pedestrian","Not a Pedestrian",433112,434025,"E01011340",2,"T or staggered junction","Daylight","Fine no high winds","Dry","Car occupant"
"7226","2017134AR0203",2017-10-29,2017,"Oct",29,"16:05",16,5,"Sunday","Slight",2,"Slight","Car occupant","Driver or rider","Female",33,"A","Single carriageway",50,"Unclassified","Not a Pedestrian","Not a Pedestrian",436842,445541,"E01011708",2,"T or staggered junction","Daylight","Fine no high winds","Wet or damp","Car occupant"
"7227","2017134AT1883",2017-10-29,2017,"Oct",29,"19:29",19,29,"Sunday","Slight",1,"Slight","Motorcycle over 500cc rider or passenger","Driver or rider","Male",25,"Unclassified","Single carriageway",30,"Unclassified","Not a Pedestrian","Not a Pedestrian",429797,433793,"E01033008",2,"T or staggered junction","Darkness - lights lit","Fine no high winds","Dry","Motorcyclist and pillion"
"7228","2017134AU0214",2017-10-30,2017,"Oct",30,"06:50",6,50,"Monday","Slight",1,"Slight","Cyclist","Driver or rider","Female",22,"Unclassified","Single carriageway",30,NA,"Not a Pedestrian","Not a Pedestrian",433845,433529,"E01011622",2,"Not at junction or within 20 metres","Darkness - lighting unknown","Fine no high winds","Dry","Cyclist"
"7229","2017134AU1385",2017-10-30,2017,"Oct",30,"16:55",16,55,"Monday","Slight",1,"Slight","Motorcycle over 500cc rider or passenger","Driver or rider","Male",37,"A","Roundabout",30,"Unclassified","Not a Pedestrian","Not a Pedestrian",441011,447929,"E01011705",2,"Roundabout","Daylight","Fine no high winds","Dry","Motorcyclist and pillion"
"7230","2017134AU1864",2017-10-30,2017,"Oct",30,"18:55",18,55,"Monday","Slight",1,"Slight","Car occupant","Driver or rider","Female",26,"Unclassified","Single carriageway",30,NA,"Not a Pedestrian","Not a Pedestrian",423436,437656,"E01011465",2,"Not at junction or within 20 metres","Darkness - lights lit","Fine no high winds","Dry","Car occupant"
"7231","2017134AV0202",2017-10-31,2017,"Oct",31,"06:45",6,45,"Tuesday","Slight",1,"Slight","Cyclist","Driver or rider","Female",51,"A","Roundabout",40,"A","Not a Pedestrian","Not a Pedestrian",426829,438066,"E01011684",2,"Roundabout","Darkness - lighting unknown","Fine no high winds","Dry","Cyclist"
"7232","2017134AV1025",2017-10-31,2017,"Oct",31,"14:35",14,35,"Tuesday","Serious",1,"Serious","Car occupant","Driver or rider","Female",76,"Unclassified","Single carriageway",30,"Unclassified","Not a Pedestrian","Not a Pedestrian",424184,438894,"E01011459",3,"T or staggered junction","Daylight","Fine no high winds","Dry","Car occupant"
"7233","2017134B21378",2017-10-31,2017,"Oct",31,"15:50",15,50,"Tuesday","Serious",1,"Serious","Pedestrian","Pedestrian","Female",19,"A","Single carriageway",30,NA,"In carriageway, crossing elsewhere","Crossing from driver's offside",428754,435596,"E01032946",1,"Not at junction or within 20 metres","Daylight","Fine no high winds","Dry","Pedestrian"
"7234","2017134AV1821",2017-10-31,2017,"Oct",31,"18:50",18,50,"Tuesday","Slight",1,"Slight","Cyclist","Driver or rider","Male",20,"Unclassified","Single carriageway",30,"Unclassified","Not a Pedestrian","Not a Pedestrian",429429,435417,"E01011668",2,"T or staggered junction","Darkness - lights lit","Fine no high winds","Dry","Cyclist"
"7235","2017134AV2185",2017-10-31,2017,"Oct",31,"20:30",20,30,"Tuesday","Slight",1,"Slight","Pedestrian","Pedestrian","Male",31,"A","Dual carriageway",40,"Unclassified","In carriageway, crossing elsewhere","Unknown or other",432855,435969,"E01011424",1,"T or staggered junction","Darkness - lights lit","Fine no high winds","Dry","Pedestrian"
"7236","2017134AV2586",2017-10-31,2017,"Oct",31,"23:00",23,0,"Tuesday","Slight",1,"Slight","Cyclist","Driver or rider","Male",33,"Unclassified","Single carriageway",30,"Unclassified","Not a Pedestrian","Not a Pedestrian",428716,430832,"E01011369",2,"T or staggered junction","Darkness - lights lit","Fine no high winds","Dry","Cyclist"
"7237","2017134B12628",2017-10-31,2017,"Oct",31,"23:28",23,28,"Tuesday","Slight",1,"Slight","Car occupant","Driver or rider","Male",44,"Unclassified","Single carriageway",30,NA,"Not a Pedestrian","Not a Pedestrian",425037,437629,"E01011464",2,"Not at junction or within 20 metres","Darkness - lights lit","Fine no high winds","Dry","Car occupant"
"7238","2017134B10555",2017-11-01,2017,"Nov",1,"10:00",10,0,"Wednesday","Slight",1,"Slight","Pedestrian","Pedestrian","Female",77,"Unclassified","Single carriageway",30,NA,"In carriageway, not crossing","In carriageway, stationary - not crossing  (standing or playing)",441312,431124,"E01011301",1,"Not at junction or within 20 metres","Daylight","Fine no high winds","Dry","Pedestrian"
"7239","2017134B10586",2017-11-01,2017,"Nov",1,"10:14",10,14,"Wednesday","Slight",1,"Slight","Pedestrian","Pedestrian","Female",69,"Unclassified","One way street",30,"Unclassified","Crossing elsewhere within 50m. of pedestrian crossing","Crossing from driver's nearside",429801,433923,"E01033010",1,"Crossroads","Daylight","Fine no high winds","Dry","Pedestrian"
"7240","2017134B11744",2017-11-01,2017,"Nov",1,"18:30",18,30,"Wednesday","Slight",1,"Slight","Cyclist","Driver or rider","Male",19,"Unclassified","Single carriageway",30,"Unclassified","Not a Pedestrian","Not a Pedestrian",428730,435030,"E01033006",2,"T or staggered junction","Darkness - lights lit","Fine no high winds","Dry","Cyclist"
"7241","2017134B11759",2017-11-01,2017,"Nov",1,"18:45",18,45,"Wednesday","Slight",1,"Slight","Car occupant","Driver or rider","Male",45,"A","Dual carriageway",40,"Motorway","Not a Pedestrian","Not a Pedestrian",433582,429746,"E01011639",3,"Roundabout","Darkness - lights lit","Fine no high winds","Dry","Car occupant"
"7242","2017134B12244",2017-11-01,2017,"Nov",1,"21:55",21,55,"Wednesday","Slight",1,"Slight","Pedestrian","Pedestrian","Male",50,"Unclassified","One way street",30,NA,"In carriageway, not crossing","In carriageway, stationary - not crossing  (standing or playing) - masked by parked or stationary vehicle",430360,433917,"E01033010",1,"Not at junction or within 20 metres","Darkness - lighting unknown","Fine no high winds","Dry","Pedestrian"
"7243","2017134B50700",2017-11-02,2017,"Nov",2,"10:00",10,0,"Thursday","Slight",1,"Slight","Pedestrian","Pedestrian","Female",64,"A","Single carriageway",30,NA,"In carriageway, crossing elsewhere","Unknown or other",443069,445580,"E01011711",1,"Not at junction or within 20 metres","Daylight","Fine no high winds","Dry","Pedestrian"
"7244","2017134B21566",2017-11-02,2017,"Nov",2,"16:20",16,20,"Thursday","Slight",1,"Slight","Cyclist","Driver or rider","Male",44,"A","Single carriageway",30,"Unclassified","Not a Pedestrian","Not a Pedestrian",430818,433941,"E01033031",2,"T or staggered junction","Daylight","Fine no high winds","Dry","Cyclist"
"7245","2017134B21382",2017-11-02,2017,"Nov",2,"17:10",17,10,"Thursday","Slight",4,"Slight","Bus or coach occupant (17 or more pass seats)","Passenger","Female",62,"A","One way street",20,NA,"Not a Pedestrian","Not a Pedestrian",433062,433999,"E01011617",2,"Not at junction or within 20 metres","Darkness - lights lit","Fine no high winds","Dry","Bus and goods vehicle occupant"
"7246","2017134B21481",2017-11-02,2017,"Nov",2,"18:00",18,0,"Thursday","Slight",2,"Slight","Car occupant","Driver or rider","Male",35,"A","Dual carriageway",40,"B","Not a Pedestrian","Not a Pedestrian",430701,439043,"E01011512",2,"Roundabout","Darkness - lights lit","Fine no high winds","Dry","Car occupant"
"7247","2017134B30250",2017-11-03,2017,"Nov",3,"07:23",7,23,"Friday","Serious",2,"Slight","Car occupant","Driver or rider","Male",51,"Motorway","Dual carriageway",70,NA,"Not a Pedestrian","Not a Pedestrian",433108,425899,"E01011500",3,"Not at junction or within 20 metres","Darkness - lighting unknown","Fine no high winds","Dry","Car occupant"
"7248","2017134B31845",2017-11-03,2017,"Nov",3,"18:05",18,5,"Friday","Slight",4,"Slight","Car occupant","Passenger","Female",46,"A","Slip road",30,"Unclassified","Not a Pedestrian","Not a Pedestrian",428339,429614,"E01011321",2,"Slip road","Darkness - lighting unknown","Fine no high winds","Dry","Car occupant"
"7249","2017134B31808",2017-11-03,2017,"Nov",3,"19:00",19,0,"Friday","Slight",4,"Slight","Car occupant","Driver or rider","Male",40,"Unclassified","Single carriageway",30,NA,"Not a Pedestrian","Not a Pedestrian",430802,435348,"E01011360",2,"Not at junction or within 20 metres","Darkness - lights lit","Fine no high winds","Dry","Car occupant"
"7250","2017134B31873",2017-11-03,2017,"Nov",3,"19:36",19,36,"Friday","Slight",1,"Slight","Car occupant","Driver or rider","Female",51,"Unclassified","Single carriageway",30,"Unclassified","Not a Pedestrian","Not a Pedestrian",431308,428929,"E01011466",2,"T or staggered junction","Darkness - lights lit","Fine no high winds","Dry","Car occupant"
"7251","2017134B40357",2017-11-04,2017,"Nov",4,"05:45",5,45,"Saturday","Slight",1,"Slight","Car occupant","Driver or rider","Male",23,"Unclassified","Single carriageway",30,NA,"Not a Pedestrian","Not a Pedestrian",430815,438449,"E01011512",2,"Not at junction or within 20 metres","Darkness - lighting unknown","Fine no high winds","Dry","Car occupant"
"7252","2017134B40729",2017-11-04,2017,"Nov",4,"10:55",10,55,"Saturday","Slight",2,"Slight","Car occupant","Driver or rider","Female",21,"Unclassified","Single carriageway",30,NA,"Not a Pedestrian","Not a Pedestrian",426034,436541,"E01011485",2,"Not at junction or within 20 metres","Daylight","Fine no high winds","Dry","Car occupant"
"7253","2017134B91166",2017-11-04,2017,"Nov",4,"12:45",12,45,"Saturday","Slight",1,"Slight","Car occupant","Driver or rider","Male",45,"Unclassified","Single carriageway",20,"Unclassified","Not a Pedestrian","Not a Pedestrian",439547,432701,"E01011399",2,"Private drive or entrance","Daylight","Fine no high winds","Dry","Car occupant"
"7254","2017134B41168",2017-11-04,2017,"Nov",4,"14:00",14,0,"Saturday","Slight",2,"Slight","Pedestrian","Pedestrian","Male",15,"Unclassified","Single carriageway",30,"Unclassified","In carriageway, crossing elsewhere","Crossing from driver's nearside",436563,435726,"E01011723",1,"T or staggered junction","Daylight","Fine no high winds","Dry","Pedestrian"
"7255","2017134B41478",2017-11-04,2017,"Nov",4,"17:19",17,19,"Saturday","Serious",1,"Serious","Car occupant","Driver or rider","Male",24,"Unclassified","Single carriageway",30,"Unclassified","Not a Pedestrian","Not a Pedestrian",429709,439018,"E01011558",3,"T or staggered junction","Darkness - lighting unknown","Fine no high winds","Dry","Car occupant"
"7256","2017134B50945",2017-11-05,2017,"Nov",5,"13:17",13,17,"Sunday","Slight",1,"Slight","Pedestrian","Pedestrian","Male",25,"Unclassified","Single carriageway",20,"B","In carriageway, crossing elsewhere","Crossing from driver's offside",432523,434708,"E01011344",2,"T or staggered junction","Daylight","Fine no high winds","Dry","Pedestrian"
"7257","2017134B51469",2017-11-05,2017,"Nov",5,"16:50",16,50,"Sunday","Serious",1,"Serious","Cyclist","Driver or rider","Male",23,"A","Dual carriageway",30,"Unclassified","Not a Pedestrian","Not a Pedestrian",430874,434255,"E01033003",2,"Crossroads","Darkness - lights lit","Fine no high winds","Dry","Cyclist"
"7258","2017134B60255",2017-11-06,2017,"Nov",6,"07:30",7,30,"Monday","Slight",1,"Slight","Car occupant","Passenger","Male",3,"Unclassified","Single carriageway",30,NA,"Not a Pedestrian","Not a Pedestrian",423389,439355,"E01011455",1,"Not at junction or within 20 metres","Darkness - lighting unknown","Fine no high winds","Frost or ice","Car occupant"
"7259","2017134B60513",2017-11-06,2017,"Nov",6,"08:45",8,45,"Monday","Slight",1,"Slight","Car occupant","Driver or rider","Female",27,"B","Single carriageway",30,"B","Not a Pedestrian","Not a Pedestrian",425625,433083,"E01011725",2,"T or staggered junction","Daylight","Fine no high winds","Dry","Car occupant"
"7260","2017134B60475",2017-11-06,2017,"Nov",6,"09:50",9,50,"Monday","Slight",4,"Slight","Car occupant","Driver or rider","Female",51,"A","Dual carriageway",40,NA,"Not a Pedestrian","Not a Pedestrian",430134,438199,"E01011506",2,"Not at junction or within 20 metres","Daylight","Fine no high winds","Dry","Car occupant"
"7261","2017134B60496",2017-11-06,2017,"Nov",6,"09:55",9,55,"Monday","Serious",1,"Serious","Motorcycle 125cc and under rider or passenger","Driver or rider","Male",22,"C","Single carriageway",30,NA,"Not a Pedestrian","Not a Pedestrian",433419,432728,"E01011621",1,"Not at junction or within 20 metres","Daylight","Fine no high winds","Frost or ice","Motorcyclist and pillion"
"7262","2017134B61601",2017-11-06,2017,"Nov",6,"17:40",17,40,"Monday","Slight",2,"Slight","Car occupant","Driver or rider","Female",61,"Unclassified","Single carriageway",30,NA,"Not a Pedestrian","Not a Pedestrian",427395,427847,"E01032490",2,"Not at junction or within 20 metres","Darkness - lights lit","Fine no high winds","Dry","Car occupant"
"7263","2017134B61659",2017-11-06,2017,"Nov",6,"18:04",18,4,"Monday","Serious",1,"Serious","Cyclist","Driver or rider","Male",50,"C","Dual carriageway",30,NA,"Not a Pedestrian","Not a Pedestrian",430828,434008,"E01033031",2,"Not at junction or within 20 metres","Darkness - lights lit","Fine no high winds","Dry","Cyclist"
"7264","2017134BA2050",2017-11-06,2017,"Nov",6,"18:15",18,15,"Monday","Slight",1,"Slight","Pedestrian","Pedestrian","Male",51,"Unclassified","Single carriageway",30,NA,"In carriageway, not crossing","Unknown or other",419646,438418,"E01011457",2,"Not at junction or within 20 metres","Darkness - no lighting","Fine no high winds","Dry","Pedestrian"
"7265","2017134B61711",2017-11-06,2017,"Nov",6,"18:20",18,20,"Monday","Serious",1,"Serious","Cyclist","Driver or rider","Male",44,"Unclassified","One way street",30,"Unclassified","Not a Pedestrian","Not a Pedestrian",436201,428072,"E01011635",2,"Crossroads","Darkness - lights lit","Fine no high winds","Dry","Cyclist"
"7266","2017134B61963",2017-11-06,2017,"Nov",6,"19:50",19,50,"Monday","Slight",1,"Slight","Car occupant","Driver or rider","Female",25,"Unclassified","Single carriageway",20,NA,"Not a Pedestrian","Not a Pedestrian",425216,432157,"E01011738",2,"Not at junction or within 20 metres","Darkness - lights lit","Fine no high winds","Dry","Car occupant"
"7267","2017134BG1323",2017-11-07,2017,"Nov",7,"06:40",6,40,"Tuesday","Slight",1,"Slight","Cyclist","Driver or rider","Female",25,"A","Single carriageway",30,"Unclassified","Not a Pedestrian","Not a Pedestrian",432515,427324,"E01032496",2,"Crossroads","Darkness - lights lit","Fine no high winds","Dry","Cyclist"
"7268","2017134B70381",2017-11-07,2017,"Nov",7,"09:00",9,0,"Tuesday","Slight",3,"Slight","Car occupant","Driver or rider","Male",33,"Unclassified","Single carriageway",30,"Unclassified","Not a Pedestrian","Not a Pedestrian",429435,433459,"E01033015",2,"Other junction","Daylight","Fine no high winds","Dry","Car occupant"
"7269","2017134B70398",2017-11-07,2017,"Nov",7,"09:05",9,5,"Tuesday","Serious",1,"Serious","Cyclist","Driver or rider","Male",19,"A","Single carriageway",30,"Unclassified","Not a Pedestrian","Not a Pedestrian",428585,435667,"E01032946",2,"T or staggered junction","Daylight","Fine no high winds","Dry","Cyclist"
"7270","2017134B71390",2017-11-07,2017,"Nov",7,"16:43",16,43,"Tuesday","Slight",2,"Slight","Pedestrian","Pedestrian","Female",34,"Unclassified","Single carriageway",30,NA,"Crossing elsewhere within 50m. of pedestrian crossing","Crossing from driver's offside",423897,435379,"E01011329",1,"Not at junction or within 20 metres","Darkness - lights lit","Fine no high winds","Dry","Pedestrian"
"7271","2017134B71462",2017-11-07,2017,"Nov",7,"17:00",17,0,"Tuesday","Serious",1,"Serious","Pedestrian","Pedestrian","Female",13,"C","Single carriageway",30,NA,"In carriageway, crossing elsewhere","Crossing from driver's offside",430758,430373,"E01011472",1,"Not at junction or within 20 metres","Darkness - lights lit","Fine no high winds","Wet or damp","Pedestrian"
"7272","2017134B71971",2017-11-07,2017,"Nov",7,"19:29",19,29,"Tuesday","Slight",1,"Slight","Car occupant","Driver or rider","Male",18,"A","Dual carriageway",70,"Unclassified","Not a Pedestrian","Not a Pedestrian",429779,438891,"E01011558",2,"Roundabout","Darkness - lights lit","Fine no high winds","Wet or damp","Car occupant"
"7273","2017134B71772",2017-11-07,2017,"Nov",7,"21:16",21,16,"Tuesday","Slight",1,"Slight","Cyclist","Passenger","Female",33,"Unclassified","Single carriageway",30,"Unclassified","Not a Pedestrian","Not a Pedestrian",428491,434320,"E01011681",2,"Other junction","Darkness - lights lit","Fine no high winds","Dry","Cyclist"
"7274","2017134B80305",2017-11-08,2017,"Nov",8,"08:20",8,20,"Wednesday","Slight",1,"Slight","Car occupant","Driver or rider","Female",47,"Unclassified","Single carriageway",30,"Unclassified","Not a Pedestrian","Not a Pedestrian",430899,430370,"E01011472",3,"T or staggered junction","Daylight","Fine no high winds","Dry","Car occupant"
"7275","2017134B81689",2017-11-08,2017,"Nov",8,"16:30",16,30,"Wednesday","Slight",1,"Slight","Bus or coach occupant (17 or more pass seats)","Passenger","Female",70,"Unclassified","Single carriageway",30,NA,"Not a Pedestrian","Not a Pedestrian",436300,434703,"E01011408",1,"Not at junction or within 20 metres","Daylight","Fine no high winds","Dry","Bus and goods vehicle occupant"
"7276","2017134BA0467",2017-11-08,2017,"Nov",8,"18:00",18,0,"Wednesday","Slight",1,"Slight","Cyclist","Driver or rider","Male",61,"A","Single carriageway",30,NA,"Not a Pedestrian","Not a Pedestrian",418116,442525,"E01011280",2,"Not at junction or within 20 metres","Darkness - lighting unknown","Fine no high winds","Dry","Cyclist"
"7277","2017134B81535",2017-11-08,2017,"Nov",8,"18:19",18,19,"Wednesday","Slight",1,"Slight","Car occupant","Driver or rider","Female",43,"Unclassified","Dual carriageway",30,"A","Not a Pedestrian","Not a Pedestrian",430761,434645,"E01011671",2,"T or staggered junction","Darkness - lights lit","Fine no high winds","Wet or damp","Car occupant"
"7278","2017134B81630",2017-11-08,2017,"Nov",8,"18:50",18,50,"Wednesday","Slight",1,"Slight","Pedestrian","Pedestrian","Female",25,"Unclassified","Single carriageway",30,NA,"On footway or verge","Unknown or other",429260,435494,"E01033005",1,"Not at junction or within 20 metres","Darkness - lights lit","Fine no high winds","Dry","Pedestrian"
"7279","2017134B81705",2017-11-08,2017,"Nov",8,"19:30",19,30,"Wednesday","Slight",1,"Slight","Cyclist","Driver or rider","Male",17,"Unclassified","Single carriageway",30,"Unclassified","Not a Pedestrian","Not a Pedestrian",436564,435579,"E01011406",2,"Crossroads","Darkness - lights lit","Fine no high winds","Dry","Cyclist"
"7280","2017134B81797",2017-11-08,2017,"Nov",8,"20:15",20,15,"Wednesday","Fatal",1,"Fatal","Car occupant","Driver or rider","Female",57,"A","Single carriageway",30,"A","Not a Pedestrian","Not a Pedestrian",421041,444988,"E01011569",1,"Roundabout","Darkness - lights lit","Fine no high winds","Wet or damp","Car occupant"
"7281","2017134B90209",2017-11-09,2017,"Nov",9,"06:40",6,40,"Thursday","Slight",1,"Slight","Car occupant","Driver or rider","Female",58,"Unclassified","Single carriageway",30,"Unclassified","Not a Pedestrian","Not a Pedestrian",431403,435030,"E01011673",2,"Crossroads","Darkness - lights lit","Fine no high winds","Dry","Car occupant"
"7282","2017134B91371",2017-11-09,2017,"Nov",9,"17:15",17,15,"Thursday","Slight",1,"Slight","Cyclist","Passenger","Male",36,"A","Single carriageway",30,"Unclassified","Not a Pedestrian","Not a Pedestrian",425910,436262,"E01011485",2,"T or staggered junction","Darkness - lights lit","Fine no high winds","Dry","Cyclist"
"7283","2017134B91387",2017-11-09,2017,"Nov",9,"17:23",17,23,"Thursday","Slight",1,"Slight","Cyclist","Driver or rider","Female",27,"Unclassified","Dual carriageway",40,"Unclassified","Not a Pedestrian","Not a Pedestrian",430673,431867,"E01011467",2,"Private drive or entrance","Darkness - lighting unknown","Fine no high winds","Dry","Cyclist"
"7284","2017134B90269",2017-11-09,2017,"Nov",9,"18:50",18,50,"Thursday","Slight",1,"Slight","Cyclist","Driver or rider","Male",56,"Unclassified","Single carriageway",30,"A","Not a Pedestrian","Not a Pedestrian",431873,435677,"E01011428",2,"T or staggered junction","Darkness - lights lit","Fine no high winds","Dry","Cyclist"
"7285","2017134B91857",2017-11-09,2017,"Nov",9,"20:45",20,45,"Thursday","Slight",1,"Slight","Cyclist","Driver or rider","Female",45,"A","Single carriageway",30,"B","Not a Pedestrian","Not a Pedestrian",426828,438686,"E01032876",2,"Crossroads","Darkness - lighting unknown","Fine no high winds","Dry","Cyclist"
"7286","2017134BF0553",2017-11-10,2017,"Nov",10,"07:45",7,45,"Friday","Serious",1,"Serious","Cyclist","Driver or rider","Male",38,"Unclassified","Single carriageway",30,NA,"Not a Pedestrian","Not a Pedestrian",432230,436384,"E01011647",1,"Not at junction or within 20 metres","Daylight","Fine no high winds","Wet or damp","Cyclist"
"7287","2017134BA0364",2017-11-10,2017,"Nov",10,"09:30",9,30,"Friday","Serious",1,"Serious","Cyclist","Driver or rider","Male",28,"A","Single carriageway",30,"Unclassified","Not a Pedestrian","Not a Pedestrian",431540,435165,"E01011429",2,"Other junction","Daylight","Fine no high winds","Dry","Cyclist"
"7288","2017134BA0669",2017-11-10,2017,"Nov",10,"11:40",11,40,"Friday","Slight",1,"Slight","Car occupant","Driver or rider","Female",68,"Motorway","Slip road",70,"Motorway","Not a Pedestrian","Not a Pedestrian",432076,425721,"E01011499",2,"Slip road","Daylight","Fine no high winds","Dry","Car occupant"