"","accident_index","date","year","month","day","time","time_hour","time_minute","day_of_week","accident_severity","number_of_casualties","casualty_severity","casualty_type","casualty_class","sex_of_casualty","age_of_casualty","first_road_class","road_type","speed_limit","second_road_class","pedestrian_location","pedestrian_movement","location_easting_osgr","location_northing_osgr","lsoa_of_accident_location","number_of_vehicles","junction_detail","light_conditions","weather_conditions","road_surface_conditions","cas_type"
"7289","2017134BA1091",2017-11-10,2017,"Nov",10,"15:07",15,7,"Friday","Serious",1,"Serious","Motorcycle 125cc and under rider or passenger","Driver or rider","Male",21,"Unclassified","Single carriageway",30,"Unclassified","Not a Pedestrian","Not a Pedestrian",430900,428411,"E01032497",2,"T or staggered junction","Daylight","Raining no high winds","Wet or damp","Motorcyclist and pillion"
"7290","2017134BA1347",2017-11-10,2017,"Nov",10,"16:55",16,55,"Friday","Slight",1,"Slight","Car occupant","Driver or rider","Female",44,"A","Single carriageway",50,NA,"Not a Pedestrian","Not a Pedestrian",432463,429757,"E01011469",2,"Not at junction or within 20 metres","Darkness - lights lit","Raining no high winds","Wet or damp","Car occupant"
"7291","2017134BA1389",2017-11-10,2017,"Nov",10,"17:15",17,15,"Friday","Serious",1,"Serious","Cyclist","Driver or rider","Male",22,"A","Dual carriageway",30,NA,"Not a Pedestrian","Not a Pedestrian",430074,431161,"E01011371",2,"Not at junction or within 20 metres","Darkness - lighting unknown","Fine no high winds","Dry","Cyclist"
"7292","2017134BA1402",2017-11-10,2017,"Nov",10,"17:25",17,25,"Friday","Slight",1,"Slight","Car occupant","Passenger","Female",73,"A(M)","Dual carriageway",70,NA,"Not a Pedestrian","Not a Pedestrian",442993,441322,"E01011712",2,"Not at junction or within 20 metres","Darkness - no lighting","Raining no high winds","Wet or damp","Car occupant"
"7293","2017134BA1425",2017-11-10,2017,"Nov",10,"17:34",17,34,"Friday","Slight",1,"Slight","Cyclist","Driver or rider","Male",29,"Unclassified","Single carriageway",30,"Unclassified","Not a Pedestrian","Not a Pedestrian",435629,436467,"E01011661",2,"T or staggered junction","Darkness - lights lit","Raining no high winds","Wet or damp","Cyclist"
"7294","2017134BA1320",2017-11-10,2017,"Nov",10,"17:50",17,50,"Friday","Slight",1,"Slight","Cyclist","Driver or rider","Male",50,"A","Dual carriageway",30,"Unclassified","Not a Pedestrian","Not a Pedestrian",428388,434071,"E01011681",2,"T or staggered junction","Darkness - lights lit","Fine no high winds","Dry","Cyclist"
"7295","2017134BA1627",2017-11-10,2017,"Nov",10,"19:00",19,0,"Friday","Slight",1,"Slight","Car occupant","Driver or rider","Male",40,"Unclassified","One way street",20,"Unclassified","Not a Pedestrian","Not a Pedestrian",429933,433403,"E01033010",2,"Other junction","Darkness - lights lit","Fine no high winds","Dry","Car occupant"
"7296","2017134BA1825",2017-11-10,2017,"Nov",10,"20:31",20,31,"Friday","Slight",1,"Slight","Car occupant","Passenger","Female",21,"A","Roundabout",40,"A(M)","Not a Pedestrian","Not a Pedestrian",427676,431118,"E01011369",3,"Roundabout","Darkness - lights lit","Fine no high winds","Wet or damp","Car occupant"
"7297","2017134BB0929",2017-11-11,2017,"Nov",11,"13:40",13,40,"Saturday","Serious",1,"Serious","Cyclist","Driver or rider","Male",45,"Unclassified","Single carriageway",30,"Unclassified","Not a Pedestrian","Not a Pedestrian",420714,440967,"E01011274",2,"T or staggered junction","Daylight","Fine no high winds","Dry","Cyclist"
"7298","2017134BB1519",2017-11-11,2017,"Nov",11,"18:01",18,1,"Saturday","Slight",4,"Slight","Car occupant","Driver or rider","Female",53,"Unclassified","Roundabout",30,"Unclassified","Not a Pedestrian","Not a Pedestrian",425057,433366,"E01011727",2,"Roundabout","Darkness - lights lit","Fine no high winds","Dry","Car occupant"
"7299","2017134BB1536",2017-11-11,2017,"Nov",11,"18:05",18,5,"Saturday","Slight",5,"Slight","Car occupant","Driver or rider","Male",40,"Unclassified","Single carriageway",30,"Unclassified","Not a Pedestrian","Not a Pedestrian",432208,438090,"E01011654",2,"Crossroads","Darkness - lights lit","Fine no high winds","Wet or damp","Car occupant"
"7300","2017134BB1714",2017-11-11,2017,"Nov",11,"19:24",19,24,"Saturday","Slight",1,"Slight","Pedestrian","Pedestrian","Female",16,"A","Single carriageway",30,NA,"Crossing on pedestrian crossing facility","Crossing from driver's nearside",424662,435028,"E01011336",1,"Not at junction or within 20 metres","Darkness - lights lit","Fine no high winds","Dry","Pedestrian"
"7301","2017134BB1726",2017-11-11,2017,"Nov",11,"19:29",19,29,"Saturday","Slight",1,"Slight","Pedestrian","Pedestrian","Male",9,"Unclassified","Single carriageway",30,"Unclassified","In carriageway, crossing elsewhere","Crossing from driver's offside",429564,431194,"E01011373",1,"T or staggered junction","Darkness - lights lit","Fine no high winds","Dry","Pedestrian"
"7302","2017134BC0032",2017-11-12,2017,"Nov",12,"00:25",0,25,"Sunday","Serious",2,"Slight","Taxi/Private hire car occupant","Passenger","Male",46,"Unclassified","Single carriageway",30,NA,"Not a Pedestrian","Not a Pedestrian",427109,439887,"E01011380",2,"Not at junction or within 20 metres","Darkness - lights lit","Fine no high winds","Dry","Car occupant"
"7303","2017134BC0673",2017-11-12,2017,"Nov",12,"11:25",11,25,"Sunday","Slight",1,"Slight","Car occupant","Passenger","Male",30,"A","Single carriageway",50,"Unclassified","Not a Pedestrian","Not a Pedestrian",440034,439607,"E01011309",3,"Other junction","Daylight","Fine no high winds","Dry","Car occupant"
"7304","2017134BC1024",2017-11-12,2017,"Nov",12,"14:15",14,15,"Sunday","Slight",1,"Slight","Car occupant","Driver or rider","Male",32,"Unclassified","Single carriageway",30,NA,"Not a Pedestrian","Not a Pedestrian",431828,435537,"E01011422",2,"Not at junction or within 20 metres","Daylight","Fine no high winds","Dry","Car occupant"
"7305","2017134BC1410",2017-11-12,2017,"Nov",12,"18:00",18,0,"Sunday","Slight",1,"Slight","Pedestrian","Pedestrian","Male",45,"Unclassified","Single carriageway",30,"Unclassified","Unknown or other","Crossing from driver's offside",431261,429061,"E01011475",1,"T or staggered junction","Darkness - lights lit","Fine no high winds","Dry","Pedestrian"
"7306","2017134BC0671",2017-11-12,2017,"Nov",12,"20:05",20,5,"Sunday","Slight",1,"Slight","Car occupant","Driver or rider","Female",24,"A","Roundabout",60,"A","Not a Pedestrian","Not a Pedestrian",435871,436407,"E01011720",2,"Roundabout","Darkness - lighting unknown","Fine no high winds","Dry","Car occupant"
"7307","2017134BC1843",2017-11-12,2017,"Nov",12,"22:40",22,40,"Sunday","Slight",2,"Slight","Car occupant","Driver or rider","Male",33,"A","Single carriageway",30,"B","Not a Pedestrian","Not a Pedestrian",431948,435800,"E01011422",2,"Crossroads","Darkness - lights lit","Fine no high winds","Dry","Car occupant"
"7308","2017134BC1927",2017-11-12,2017,"Nov",12,"23:30",23,30,"Sunday","Serious",1,"Serious","Pedestrian","Pedestrian","Female",36,"A","Single carriageway",30,"Unclassified","In carriageway, not crossing","In carriageway, stationary - not crossing  (standing or playing)",431910,435746,"E01011422",1,"T or staggered junction","Darkness - lights lit","Fine no high winds","Dry","Pedestrian"
"7309","2017134BD0173",2017-11-13,2017,"Nov",13,"06:54",6,54,"Monday","Slight",1,"Slight","Cyclist","Driver or rider","Female",49,"Unclassified","Single carriageway",30,"Unclassified","Not a Pedestrian","Not a Pedestrian",427553,431563,"E01011369",2,"T or staggered junction","Darkness - lighting unknown","Fine no high winds","Wet or damp","Cyclist"
"7310","2017134BD0643",2017-11-13,2017,"Nov",13,"11:43",11,43,"Monday","Slight",1,"Slight","Car occupant","Driver or rider","Female",23,"Unclassified","Single carriageway",30,"Unclassified","Not a Pedestrian","Not a Pedestrian",430804,435345,"E01011360",4,"T or staggered junction","Daylight","Fine no high winds","Dry","Car occupant"
"7311","2017134BD0700",2017-11-13,2017,"Nov",13,"12:15",12,15,"Monday","Slight",1,"Slight","Car occupant","Driver or rider","Male",44,"A","Single carriageway",30,NA,"Not a Pedestrian","Not a Pedestrian",440964,432078,"E01011405",1,"Not at junction or within 20 metres","Daylight","Fine no high winds","Dry","Car occupant"
"7312","2017134BD2069",2017-11-13,2017,"Nov",13,"15:30",15,30,"Monday","Serious",1,"Serious","Bus or coach occupant (17 or more pass seats)","Passenger","Female",90,"A","Single carriageway",30,"Unclassified","Not a Pedestrian","Not a Pedestrian",431021,440305,"E01011563",2,"T or staggered junction","Daylight","Fine no high winds","Dry","Bus and goods vehicle occupant"
"7313","2017134BD1260",2017-11-13,2017,"Nov",13,"16:14",16,14,"Monday","Slight",2,"Slight","Pedestrian","Pedestrian","Female",42,"Unclassified","Single carriageway",30,"Unclassified","Crossing on pedestrian crossing facility","Crossing from driver's nearside",429930,427470,"E01011497",1,"T or staggered junction","Darkness - lights lit","Fine no high winds","Dry","Pedestrian"
"7314","2017134BD1357",2017-11-13,2017,"Nov",13,"17:00",17,0,"Monday","Slight",1,"Slight","Bus or coach occupant (17 or more pass seats)","Passenger","Female",31,"Unclassified","Single carriageway",30,"Unclassified","Not a Pedestrian","Not a Pedestrian",430268,434077,"E01033010",2,"T or staggered junction","Darkness - lights lit","Fine no high winds","Dry","Bus and goods vehicle occupant"
"7315","2017134BD1524",2017-11-13,2017,"Nov",13,"18:00",18,0,"Monday","Slight",1,"Slight","Car occupant","Driver or rider","Female",20,"Motorway","Dual carriageway",70,NA,"Not a Pedestrian","Not a Pedestrian",430126,424015,"E01011536",2,"Not at junction or within 20 metres","Darkness - lighting unknown","Fine no high winds","Wet or damp","Car occupant"
"7316","2017134BD1643",2017-11-13,2017,"Nov",13,"18:30",18,30,"Monday","Slight",3,"Slight","Car occupant","Driver or rider","Male",31,"Motorway","Slip road",70,"Motorway","Not a Pedestrian","Not a Pedestrian",432318,426993,"E01032496",2,"Slip road","Darkness - lights lit","Fine no high winds","Dry","Car occupant"
"7317","2017134BE1431",2017-11-14,2017,"Nov",14,"17:28",17,28,"Tuesday","Slight",1,"Slight","Car occupant","Driver or rider","Male",53,"A","Dual carriageway",40,NA,"Not a Pedestrian","Not a Pedestrian",432390,433693,"E01011618",3,"Not at junction or within 20 metres","Darkness - lights lit","Fine no high winds","Wet or damp","Car occupant"
"7318","2017134BF0300",2017-11-15,2017,"Nov",15,"08:05",8,5,"Wednesday","Slight",1,"Slight","Cyclist","Driver or rider","Male",60,"Unclassified","One way street",30,"Unclassified","Not a Pedestrian","Not a Pedestrian",430849,435450,"E01011360",2,"T or staggered junction","Daylight","Fine no high winds","Wet or damp","Cyclist"
"7319","2017134BF0346",2017-11-15,2017,"Nov",15,"08:50",8,50,"Wednesday","Slight",1,"Slight","Car occupant","Driver or rider","Female",33,"B","Single carriageway",30,NA,"Not a Pedestrian","Not a Pedestrian",427200,435730,"E01032945",2,"Not at junction or within 20 metres","Daylight","Fine no high winds","Wet or damp","Car occupant"
"7320","2017134BF0752",2017-11-15,2017,"Nov",15,"09:15",9,15,"Wednesday","Slight",1,"Slight","Cyclist","Driver or rider","Female",30,"A","Single carriageway",40,"Unclassified","Not a Pedestrian","Not a Pedestrian",430592,424872,"E01011537",2,"Private drive or entrance","Daylight","Fine no high winds","Dry","Cyclist"
"7321","2017134BF0801",2017-11-15,2017,"Nov",15,"10:01",10,1,"Wednesday","Slight",1,"Slight","Cyclist","Driver or rider","Female",21,"A","Single carriageway",30,"Unclassified","Not a Pedestrian","Not a Pedestrian",428952,435475,"E01011443",2,"Crossroads","Daylight","Fine no high winds","Dry","Cyclist"
"7322","2017134BF0116",2017-11-15,2017,"Nov",15,"22:44",22,44,"Wednesday","Slight",1,"Slight","Car occupant","Driver or rider","Male",22,"Unclassified","Single carriageway",30,NA,"Not a Pedestrian","Not a Pedestrian",429294,435212,"E01033005",1,"Not at junction or within 20 metres","Darkness - lights lit","Raining no high winds","Wet or damp","Car occupant"
"7323","2017134BG0830",2017-11-16,2017,"Nov",16,"08:30",8,30,"Thursday","Slight",2,"Slight","Car occupant","Driver or rider","Female",19,"A","Roundabout",40,"Unclassified","Not a Pedestrian","Not a Pedestrian",428269,429592,"E01011531",2,"Roundabout","Daylight","Fine no high winds","Dry","Car occupant"
"7324","2017134BG0562",2017-11-16,2017,"Nov",16,"10:05",10,5,"Thursday","Slight",1,"Slight","Car occupant","Driver or rider","Female",50,"Unclassified","Single carriageway",40,NA,"Not a Pedestrian","Not a Pedestrian",430945,435944,"E01011357",2,"Not at junction or within 20 metres","Daylight","Fine no high winds","Wet or damp","Car occupant"
"7325","2017134BG0465",2017-11-16,2017,"Nov",16,"16:11",16,11,"Thursday","Serious",1,"Serious","Cyclist","Driver or rider","Female",57,"Unclassified","Single carriageway",30,"A","Not a Pedestrian","Not a Pedestrian",428718,435616,"E01032946",2,"T or staggered junction","Daylight","Fine no high winds","Wet or damp","Cyclist"
"7326","2017134BH0349",2017-11-17,2017,"Nov",17,"08:15",8,15,"Friday","Slight",1,"Slight","Pedestrian","Pedestrian","Male",10,"A","Dual carriageway",40,NA,"Crossing on pedestrian crossing facility","Crossing from driver's nearside",420645,434364,"E01011595",1,"Not at junction or within 20 metres","Daylight","Fine no high winds","Dry","Pedestrian"
"7327","2017134BH0534",2017-11-17,2017,"Nov",17,"10:35",10,35,"Friday","Slight",1,"Slight","Pedestrian","Pedestrian","Male",86,"Unclassified","Single carriageway",20,NA,"In carriageway, crossing elsewhere","Crossing from offside - masked by  parked or stationary vehicle",433882,436479,"E01011421",1,"Not at junction or within 20 metres","Daylight","Fine no high winds","Dry","Pedestrian"
"7328","2017134BH1343",2017-11-17,2017,"Nov",17,"16:30",16,30,"Friday","Slight",1,"Slight","Car occupant","Driver or rider","Male",41,"A","Dual carriageway",40,"Unclassified","Not a Pedestrian","Not a Pedestrian",430344,435929,"E01011358",2,"T or staggered junction","Darkness - lights lit","Fine no high winds","Dry","Car occupant"
"7329","2017134BH1532",2017-11-17,2017,"Nov",17,"17:56",17,56,"Friday","Slight",1,"Slight","Car occupant","Driver or rider","Male",47,"B","Single carriageway",30,"Unclassified","Not a Pedestrian","Not a Pedestrian",432725,434477,"E01011347",2,"T or staggered junction","Darkness - lights lit","Fine no high winds","Dry","Car occupant"
"7330","2017134BJ0566",2017-11-17,2017,"Nov",17,"18:35",18,35,"Friday","Slight",2,"Slight","Bus or coach occupant (17 or more pass seats)","Passenger","Female",53,"Unclassified","Single carriageway",30,"Unclassified","Not a Pedestrian","Not a Pedestrian",430439,437713,"E01011351",2,"T or staggered junction","Darkness - lights lit","Fine no high winds","Dry","Bus and goods vehicle occupant"
"7331","2017134BH2132",2017-11-17,2017,"Nov",17,"20:20",20,20,"Friday","Slight",1,"Slight","Cyclist","Driver or rider","Female",19,"A","Single carriageway",30,NA,"Not a Pedestrian","Not a Pedestrian",439186,426600,"E01011393",2,"Not at junction or within 20 metres","Darkness - lights lit","Fine no high winds","Wet or damp","Cyclist"
"7332","2017134BI0718",2017-11-18,2017,"Nov",18,"11:10",11,10,"Saturday","Slight",2,"Slight","Van / Goods vehicle (3.5 tonnes mgw or under) occupant","Driver or rider","Male",48,"Motorway","Dual carriageway",70,NA,"Not a Pedestrian","Not a Pedestrian",428279,426417,"E01011538",2,"Not at junction or within 20 metres","Daylight","Fine no high winds","Dry","Bus and goods vehicle occupant"
"7333","2017134BS1020",2017-11-18,2017,"Nov",18,"14:00",14,0,"Saturday","Slight",1,"Slight","Car occupant","Driver or rider","Female",51,"A","Single carriageway",40,NA,"Not a Pedestrian","Not a Pedestrian",428933,425984,"E01011538",4,"Not at junction or within 20 metres","Daylight","Fine no high winds","Dry","Car occupant"
"7334","2017134BI1118",2017-11-18,2017,"Nov",18,"14:49",14,49,"Saturday","Slight",1,"Slight","Car occupant","Driver or rider","Male",51,"Unclassified","Single carriageway",30,NA,"Not a Pedestrian","Not a Pedestrian",431160,434456,"E01033031",3,"Not at junction or within 20 metres","Daylight","Fine no high winds","Dry","Car occupant"
"7335","2017134BI1397",2017-11-18,2017,"Nov",18,"16:57",16,57,"Saturday","Slight",1,"Slight","Car occupant","Driver or rider","Female",32,"Unclassified","Single carriageway",30,NA,"Not a Pedestrian","Not a Pedestrian",422325,432241,"E01011603",2,"Not at junction or within 20 metres","Darkness - lights lit","Fine no high winds","Dry","Car occupant"
"7336","2017134BI1401",2017-11-18,2017,"Nov",18,"17:00",17,0,"Saturday","Slight",2,"Slight","Car occupant","Driver or rider","Male",62,"Unclassified","One way street",30,"Unclassified","Not a Pedestrian","Not a Pedestrian",430258,433237,"E01033016",3,"Crossroads","Darkness - lights lit","Fine no high winds","Dry","Car occupant"
"7337","2017134BI1816",2017-11-18,2017,"Nov",18,"20:13",20,13,"Saturday","Serious",1,"Serious","Motorcycle 50cc and under rider or passenger","Driver or rider","Male",16,"Unclassified","Single carriageway",30,"Unclassified","Not a Pedestrian","Not a Pedestrian",426948,433435,"E01011292",2,"T or staggered junction","Darkness - lights lit","Other","Wet or damp","Motorcyclist and pillion"
"7338","2017134BJ1152",2017-11-19,2017,"Nov",19,"06:30",6,30,"Sunday","Serious",1,"Serious","Car occupant","Driver or rider","Male",42,"Motorway","Dual carriageway",60,NA,"Not a Pedestrian","Not a Pedestrian",434482,425882,"E01011634",2,"Not at junction or within 20 metres","Darkness - lighting unknown","Fine no high winds","Dry","Car occupant"
"7339","2017134BJ1042",2017-11-19,2017,"Nov",19,"14:51",14,51,"Sunday","Serious",2,"Serious","Motorcycle over 500cc rider or passenger","Driver or rider","Male",22,"A","Single carriageway",60,"Unclassified","Not a Pedestrian","Not a Pedestrian",422280,436817,"E01011589",2,"T or staggered junction","Daylight","Fine no high winds","Dry","Motorcyclist and pillion"
"7340","2017134BJ0021",2017-11-19,2017,"Nov",19,"21:45",21,45,"Sunday","Serious",1,"Serious","Pedestrian","Pedestrian","Male",34,"Unclassified","One way street",30,NA,"Crossing on pedestrian crossing facility","Crossing from driver's offside",430012,433298,"E01033010",1,"Not at junction or within 20 metres","Darkness - lights lit","Fine no high winds","Dry","Pedestrian"
"7341","2017134BK0584",2017-11-20,2017,"Nov",20,"09:45",9,45,"Monday","Slight",1,"Slight","Cyclist","Driver or rider","Female",30,"Unclassified","Single carriageway",30,"Unclassified","Not a Pedestrian","Not a Pedestrian",429038,434552,"E01033006",2,"T or staggered junction","Daylight","Fine no high winds","Dry","Cyclist"
"7342","2017134BK0701",2017-11-20,2017,"Nov",20,"12:50",12,50,"Monday","Slight",1,"Slight","Motorcycle over 125cc and up to 500cc rider or  passenger","Driver or rider","Male",21,"Unclassified","One way street",20,"Unclassified","Not a Pedestrian","Not a Pedestrian",432041,434987,"E01011434",2,"T or staggered junction","Daylight","Raining no high winds","Wet or damp","Motorcyclist and pillion"
"7343","2017134BK1204",2017-11-20,2017,"Nov",20,"16:12",16,12,"Monday","Slight",1,"Slight","Car occupant","Driver or rider","Female",79,"A(M)","Dual carriageway",70,NA,"Not a Pedestrian","Not a Pedestrian",444729,433381,"E01011297",4,"Not at junction or within 20 metres","Darkness - no lighting","Fine no high winds","Dry","Car occupant"
"7344","2017134BL0242",2017-11-21,2017,"Nov",21,"06:50",6,50,"Tuesday","Serious",1,"Serious","Pedestrian","Pedestrian","Female",58,"A","Single carriageway",30,"Unclassified","In carriageway, crossing elsewhere","Crossing from driver's offside",427997,436017,"E01011440",1,"T or staggered junction","Darkness - lights lit","Raining no high winds","Wet or damp","Pedestrian"
"7345","2017134BL1092",2017-11-21,2017,"Nov",21,"15:19",15,19,"Tuesday","Slight",1,"Slight","Pedestrian","Pedestrian","Male",11,"Unclassified","Single carriageway",20,NA,"Crossing elsewhere within 50m. of pedestrian crossing","Crossing from driver's nearside",431649,437457,"E01011504",1,"Not at junction or within 20 metres","Daylight","Fine no high winds","Dry","Pedestrian"
"7346","2017134BL1251",2017-11-21,2017,"Nov",21,"16:18",16,18,"Tuesday","Slight",2,"Slight","Pedestrian","Pedestrian","Female",13,"A","Dual carriageway",40,NA,"In carriageway, crossing elsewhere","Unknown or other",429017,435408,"E01033005",1,"Not at junction or within 20 metres","Darkness - lights lit","Fine no high winds","Dry","Pedestrian"
"7347","2017134BM0661",2017-11-21,2017,"Nov",21,"16:30",16,30,"Tuesday","Slight",1,"Slight","Car occupant","Driver or rider","Male",33,"Motorway","Dual carriageway",70,NA,"Not a Pedestrian","Not a Pedestrian",426553,426001,"E01011550",2,"Not at junction or within 20 metres","Darkness - lights lit","Fine no high winds","Dry","Car occupant"
"7348","2017134BL1306",2017-11-21,2017,"Nov",21,"16:35",16,35,"Tuesday","Slight",1,"Slight","Cyclist","Driver or rider","Male",51,"Unclassified","One way street",30,"A","Not a Pedestrian","Not a Pedestrian",430702,434593,"E01011671",2,"Crossroads","Darkness - lights lit","Fine no high winds","Dry","Cyclist"
"7349","2017134BL1597",2017-11-21,2017,"Nov",21,"18:40",18,40,"Tuesday","Slight",1,"Slight","Motorcycle over 500cc rider or passenger","Driver or rider","Male",55,"Motorway","Dual carriageway",50,NA,"Not a Pedestrian","Not a Pedestrian",430460,431129,"E01011312",2,"Not at junction or within 20 metres","Darkness - lights lit","Fine no high winds","Wet or damp","Motorcyclist and pillion"
"7350","2017134BL2032",2017-11-21,2017,"Nov",21,"22:19",22,19,"Tuesday","Slight",1,"Slight","Motorcycle over 125cc and up to 500cc rider or  passenger","Driver or rider","Male",48,"Unclassified","Single carriageway",30,NA,"Not a Pedestrian","Not a Pedestrian",423470,437724,"E01011465",1,"Not at junction or within 20 metres","Darkness - lights lit","Fine no high winds","Dry","Motorcyclist and pillion"
"7351","2017134BM0425",2017-11-22,2017,"Nov",22,"09:45",9,45,"Wednesday","Slight",1,"Slight","Car occupant","Driver or rider","Male",51,"Unclassified","Single carriageway",30,NA,"Not a Pedestrian","Not a Pedestrian",431095,432028,"E01011467",2,"Not at junction or within 20 metres","Daylight","Fine no high winds","Dry","Car occupant"
"7352","2017134BM0825",2017-11-22,2017,"Nov",22,"13:17",13,17,"Wednesday","Slight",1,"Slight","Motorcycle over 125cc and up to 500cc rider or  passenger","Driver or rider","Male",20,"A","Single carriageway",30,"Unclassified","Not a Pedestrian","Not a Pedestrian",424288,428337,"E01011523",2,"T or staggered junction","Daylight","Fine no high winds","Dry","Motorcyclist and pillion"
"7353","2017134BM1543",2017-11-22,2017,"Nov",22,"15:50",15,50,"Wednesday","Serious",1,"Serious","Bus or coach occupant (17 or more pass seats)","Passenger","Male",49,"A","Single carriageway",30,"Unclassified","Not a Pedestrian","Not a Pedestrian",429758,434503,"E01033005",2,"Crossroads","Darkness - lighting unknown","Raining no high winds","Wet or damp","Bus and goods vehicle occupant"
"7354","2017134BM1982",2017-11-22,2017,"Nov",22,"21:40",21,40,"Wednesday","Slight",1,"Slight","Car occupant","Driver or rider","Male",24,"A","Single carriageway",30,"B","Not a Pedestrian","Not a Pedestrian",426281,435583,"E01011488",2,"Crossroads","Darkness - lights lit","Other","Wet or damp","Car occupant"
"7355","2017134BN0181",2017-11-23,2017,"Nov",23,"04:24",4,24,"Thursday","Slight",2,"Slight","Van / Goods vehicle (3.5 tonnes mgw or under) occupant","Driver or rider","Male",24,"Unclassified","Single carriageway",30,"Unclassified","Not a Pedestrian","Not a Pedestrian",419822,441199,"E01011275",2,"T or staggered junction","Darkness - lights lit","Raining + high winds","Wet or damp","Bus and goods vehicle occupant"
"7356","2017134BN0347",2017-11-23,2017,"Nov",23,"07:30",7,30,"Thursday","Slight",2,"Slight","Car occupant","Driver or rider","Female",31,"Unclassified","Single carriageway",30,"A","Not a Pedestrian","Not a Pedestrian",435726,436940,"E01011720",2,"T or staggered junction","Darkness - lighting unknown","Fine no high winds","Wet or damp","Car occupant"
"7357","2017134BN0509",2017-11-23,2017,"Nov",23,"10:12",10,12,"Thursday","Slight",1,"Slight","Pedestrian","Pedestrian","Female",23,"Unclassified","Single carriageway",30,NA,"In carriageway, crossing elsewhere","Crossing from driver's offside",431891,434897,"E01011677",1,"Not at junction or within 20 metres","Daylight","Fine no high winds","Dry","Pedestrian"
"7358","2017134BN1065",2017-11-23,2017,"Nov",23,"15:28",15,28,"Thursday","Slight",1,"Slight","Pedestrian","Pedestrian","Male",15,"Unclassified","Single carriageway",30,NA,"In carriageway, crossing elsewhere","Crossing from driver's nearside",428465,425662,"E01011549",1,"Not at junction or within 20 metres","Daylight","Raining no high winds","Wet or damp","Pedestrian"
"7359","2017134BN1169",2017-11-23,2017,"Nov",23,"16:13",16,13,"Thursday","Slight",2,"Slight","Car occupant","Passenger","Female",12,"A","Dual carriageway",30,"Unclassified","Not a Pedestrian","Not a Pedestrian",431443,432718,"E01011626",2,"Crossroads","Darkness - lights lit","Raining no high winds","Wet or damp","Car occupant"
"7360","2017134BN1308",2017-11-23,2017,"Nov",23,"17:00",17,0,"Thursday","Slight",3,"Slight","Car occupant","Driver or rider","Male",24,"A","Single carriageway",30,"Unclassified","Not a Pedestrian","Not a Pedestrian",427779,431697,"E01011362",3,"T or staggered junction","Darkness - lights lit","Raining + high winds","Wet or damp","Car occupant"
"7361","2017134BN1518",2017-11-23,2017,"Nov",23,"18:35",18,35,"Thursday","Slight",1,"Slight","Car occupant","Driver or rider","Female",54,"A","Dual carriageway",40,"Unclassified","Not a Pedestrian","Not a Pedestrian",427732,425810,"E01011548",2,"Crossroads","Darkness - lights lit","Fine no high winds","Wet or damp","Car occupant"
"7362","2017134BO0388",2017-11-24,2017,"Nov",24,"07:20",7,20,"Friday","Serious",1,"Serious","Pedestrian","Pedestrian","Female",54,"Unclassified","Single carriageway",30,"A","In carriageway, crossing elsewhere","Crossing from driver's offside",426867,437526,"E01011685",1,"Roundabout","Darkness - lights lit","Fine no high winds","Dry","Pedestrian"
"7363","2017134BO0360",2017-11-24,2017,"Nov",24,"08:05",8,5,"Friday","Slight",1,"Slight","Pedestrian","Pedestrian","Female",12,"Unclassified","Single carriageway",30,"Unclassified","In carriageway, crossing elsewhere","Crossing from driver's nearside",426377,437875,"E01011687",1,"Crossroads","Daylight","Fine no high winds","Frost or ice","Pedestrian"
"7364","2017134BO0397",2017-11-24,2017,"Nov",24,"08:18",8,18,"Friday","Slight",1,"Slight","Cyclist","Driver or rider","Female",27,"A","Single carriageway",30,"Unclassified","Not a Pedestrian","Not a Pedestrian",427713,434458,"E01011483",2,"T or staggered junction","Daylight","Fine no high winds","Frost or ice","Cyclist"
"7365","2017134BO0479",2017-11-24,2017,"Nov",24,"09:25",9,25,"Friday","Slight",1,"Slight","Car occupant","Driver or rider","Female",28,"Unclassified","Single carriageway",30,"Unclassified","Not a Pedestrian","Not a Pedestrian",429617,430946,"E01011312",2,"T or staggered junction","Daylight","Fine no high winds","Wet or damp","Car occupant"
"7366","2017134BO0483",2017-11-24,2017,"Nov",24,"09:30",9,30,"Friday","Slight",1,"Slight","Motorcycle 125cc and under rider or passenger","Driver or rider","Male",18,"A","Single carriageway",40,"Unclassified","Not a Pedestrian","Not a Pedestrian",424880,443542,"E01032503",2,"T or staggered junction","Daylight","Fine no high winds","Dry","Motorcyclist and pillion"
"7367","2017134BO0623",2017-11-24,2017,"Nov",24,"10:50",10,50,"Friday","Slight",4,"Slight","Car occupant","Driver or rider","Male",31,"B","Dual carriageway",40,"Unclassified","Not a Pedestrian","Not a Pedestrian",434416,433751,"E01011341",2,"T or staggered junction","Daylight","Fine no high winds","Dry","Car occupant"
"7368","2017134BO0804",2017-11-24,2017,"Nov",24,"12:30",12,30,"Friday","Serious",1,"Serious","Cyclist","Driver or rider","Male",43,"Unclassified","Single carriageway",30,"Unclassified","Not a Pedestrian","Not a Pedestrian",445194,446987,"E01011697",2,"T or staggered junction","Daylight","Fine no high winds","Wet or damp","Cyclist"
"7369","2017134BO1217",2017-11-24,2017,"Nov",24,"15:45",15,45,"Friday","Slight",2,"Slight","Car occupant","Driver or rider","Female",52,"Unclassified","Single carriageway",30,"Unclassified","Not a Pedestrian","Not a Pedestrian",432255,438652,"E01011653",2,"Crossroads","Daylight","Fine no high winds","Wet or damp","Car occupant"
"7370","2017134BO1424",2017-11-24,2017,"Nov",24,"17:14",17,14,"Friday","Slight",1,"Slight","Motorcycle 125cc and under rider or passenger","Driver or rider","Male",21,"Unclassified","Single carriageway",30,"B","Not a Pedestrian","Not a Pedestrian",427518,435873,"E01032945",2,"T or staggered junction","Darkness - lights lit","Raining no high winds","Wet or damp","Motorcyclist and pillion"