"","accident_index","date","year","month","day","time","time_hour","time_minute","day_of_week","accident_severity","number_of_casualties","casualty_severity","casualty_type","casualty_class","sex_of_casualty","age_of_casualty","first_road_class","road_type","speed_limit","second_road_class","pedestrian_location","pedestrian_movement","location_easting_osgr","location_northing_osgr","lsoa_of_accident_location","number_of_vehicles","junction_detail","light_conditions","weather_conditions","road_surface_conditions","cas_type"
"7371","2017134BO2064",2017-11-24,2017,"Nov",24,"17:15",17,15,"Friday","Slight",1,"Slight","Car occupant","Driver or rider","Female",82,"A","Dual carriageway",70,"A","Not a Pedestrian","Not a Pedestrian",430773,439192,"E01011512",3,"Roundabout","Darkness - lighting unknown","Snowing + high winds","Wet or damp","Car occupant"
"7372","2017134BO1433",2017-11-24,2017,"Nov",24,"17:23",17,23,"Friday","Serious",1,"Serious","Cyclist","Driver or rider","Male",36,"A","Single carriageway",30,"Unclassified","Not a Pedestrian","Not a Pedestrian",420930,439495,"E01011580",2,"T or staggered junction","Darkness - lights lit","Raining no high winds","Wet or damp","Cyclist"
"7373","2017134BT0736",2017-11-24,2017,"Nov",24,"22:15",22,15,"Friday","Slight",2,"Slight","Car occupant","Driver or rider","Male",28,"Unclassified","Single carriageway",50,NA,"Not a Pedestrian","Not a Pedestrian",437769,427517,"E01011636",2,"Not at junction or within 20 metres","Darkness - lights lit","Fine no high winds","Dry","Car occupant"
"7374","2017134BP0140",2017-11-25,2017,"Nov",25,"00:30",0,30,"Saturday","Slight",1,"Slight","Pedestrian","Pedestrian","Male",24,"Unclassified","Single carriageway",30,NA,"In carriageway, crossing elsewhere","Unknown or other",430784,433454,"E01033011",1,"Not at junction or within 20 metres","Darkness - lighting unknown","Fine no high winds","Dry","Pedestrian"
"7375","2017134BP0594",2017-11-25,2017,"Nov",25,"10:35",10,35,"Saturday","Slight",1,"Slight","Pedestrian","Pedestrian","Male",86,"Unclassified","One way street",20,"Unclassified","In carriageway, crossing elsewhere","Crossing from driver's offside",420199,445711,"E01011569",1,"T or staggered junction","Daylight","Fine no high winds","Wet or damp","Pedestrian"
"7376","2017134BP1386",2017-11-25,2017,"Nov",25,"16:00",16,0,"Saturday","Slight",7,"Slight","Bus or coach occupant (17 or more pass seats)","Driver or rider","Male",45,"Unclassified","Single carriageway",30,NA,"Not a Pedestrian","Not a Pedestrian",427624,434757,"E01011482",2,"Not at junction or within 20 metres","Daylight","Fine no high winds","Dry","Bus and goods vehicle occupant"
"7377","2017134BR0470",2017-11-25,2017,"Nov",25,"16:00",16,0,"Saturday","Slight",1,"Slight","Car occupant","Driver or rider","Female",60,"A(M)","Slip road",70,"Unclassified","Not a Pedestrian","Not a Pedestrian",441074,449559,"E01011704",2,"T or staggered junction","Daylight","Fine no high winds","Wet or damp","Car occupant"
"7378","2017134BP1626",2017-11-25,2017,"Nov",25,"16:45",16,45,"Saturday","Slight",1,"Slight","Cyclist","Driver or rider","Male",30,"Unclassified","Single carriageway",30,"Unclassified","Not a Pedestrian","Not a Pedestrian",429932,433787,"E01033010",2,"Crossroads","Darkness - lights lit","Fine no high winds","Wet or damp","Cyclist"
"7379","2017134BP1313",2017-11-25,2017,"Nov",25,"17:05",17,5,"Saturday","Serious",1,"Serious","Motorcycle 125cc and under rider or passenger","Driver or rider","Male",50,"A","Single carriageway",40,"Unclassified","Not a Pedestrian","Not a Pedestrian",433272,426150,"E01011500",2,"T or staggered junction","Darkness - lights lit","Fine no high winds","Dry","Motorcyclist and pillion"
"7380","2017134BP1439",2017-11-25,2017,"Nov",25,"17:40",17,40,"Saturday","Slight",2,"Slight","Car occupant","Driver or rider","Male",57,"A","Dual carriageway",40,NA,"Not a Pedestrian","Not a Pedestrian",429974,436547,"E01011355",2,"Not at junction or within 20 metres","Darkness - lights lit","Fine no high winds","Dry","Car occupant"
"7381","2017134BP1533",2017-11-25,2017,"Nov",25,"18:57",18,57,"Saturday","Slight",1,"Slight","Car occupant","Passenger","Female",40,"A","Dual carriageway",30,"Unclassified","Not a Pedestrian","Not a Pedestrian",430875,434255,"E01033003",3,"Crossroads","Darkness - lights lit","Fine no high winds","Dry","Car occupant"
"7382","2017134BP1859",2017-11-25,2017,"Nov",25,"21:53",21,53,"Saturday","Fatal",6,"Serious","Car occupant","Driver or rider","Male",15,"B","Single carriageway",30,NA,"Not a Pedestrian","Not a Pedestrian",428965,437436,"E01011688",1,"Not at junction or within 20 metres","Darkness - lights lit","Fine no high winds","Wet or damp","Car occupant"
"7383","2017134BQ0085",2017-11-26,2017,"Nov",26,"01:00",1,0,"Sunday","Slight",1,"Slight","Pedestrian","Pedestrian","Male",18,"A","Single carriageway",30,NA,"Crossing elsewhere within 50m. of pedestrian crossing","Crossing from driver's nearside",429916,434372,"E01033008",1,"Not at junction or within 20 metres","Darkness - lights lit","Fine no high winds","Wet or damp","Pedestrian"
"7384","2017134BJ0210",2017-11-26,2017,"Nov",26,"02:23",2,23,"Sunday","Serious",1,"Serious","Pedestrian","Pedestrian","Male",40,"Unclassified","Single carriageway",30,NA,"In carriageway, crossing elsewhere","Crossing from driver's offside",430007,433299,"E01033010",1,"Not at junction or within 20 metres","Darkness - lights lit","Fine no high winds","Dry","Pedestrian"
"7385","2017134BP0385",2017-11-26,2017,"Nov",26,"07:50",7,50,"Sunday","Slight",1,"Slight","Car occupant","Driver or rider","Female",21,"A","Dual carriageway",40,NA,"Not a Pedestrian","Not a Pedestrian",427356,426358,"E01032491",1,"Not at junction or within 20 metres","Daylight","Fine no high winds","Frost or ice","Car occupant"
"7386","2017134BQ0707",2017-11-26,2017,"Nov",26,"11:15",11,15,"Sunday","Serious",2,"Serious","Car occupant","Driver or rider","Male",38,"Unclassified","Single carriageway",30,NA,"Not a Pedestrian","Not a Pedestrian",428635,436496,"E01011691",3,"Not at junction or within 20 metres","Daylight","Fine no high winds","Wet or damp","Car occupant"
"7387","2017134BQ0857",2017-11-26,2017,"Nov",26,"12:50",12,50,"Sunday","Slight",2,"Slight","Car occupant","Driver or rider","Female",25,"A","Dual carriageway",40,"Unclassified","Not a Pedestrian","Not a Pedestrian",430344,435928,"E01011357",2,"T or staggered junction","Daylight","Fine no high winds","Dry","Car occupant"
"7388","2017134BR0756",2017-11-27,2017,"Nov",27,"12:40",12,40,"Monday","Slight",2,"Slight","Car occupant","Driver or rider","Female",39,"Unclassified","Single carriageway",30,"Unclassified","Not a Pedestrian","Not a Pedestrian",431075,431212,"E01011467",2,"T or staggered junction","Daylight","Fine no high winds","Dry","Car occupant"
"7389","2017134BR0891",2017-11-27,2017,"Nov",27,"13:46",13,46,"Monday","Slight",4,"Slight","Car occupant","Driver or rider","Female",48,"Motorway","Dual carriageway",70,NA,"Not a Pedestrian","Not a Pedestrian",431797,426348,"E01011499",2,"Not at junction or within 20 metres","Daylight","Fine no high winds","Wet or damp","Car occupant"
"7390","2017134BR1460",2017-11-27,2017,"Nov",27,"18:05",18,5,"Monday","Slight",2,"Slight","Car occupant","Driver or rider","Female",29,"Motorway","Slip road",70,"Motorway","Not a Pedestrian","Not a Pedestrian",432164,426118,"E01011499",2,"Slip road","Darkness - lights lit","Fine no high winds","Dry","Car occupant"
"7391","2017134BS0257",2017-11-28,2017,"Nov",28,"07:30",7,30,"Tuesday","Slight",1,"Slight","Cyclist","Driver or rider","Male",27,"A","Dual carriageway",40,"Unclassified","Not a Pedestrian","Not a Pedestrian",434921,434642,"E01011343",2,"T or staggered junction","Darkness - lights lit","Fine no high winds","Dry","Cyclist"
"7392","2017134BS0354",2017-11-28,2017,"Nov",28,"08:47",8,47,"Tuesday","Slight",1,"Slight","Cyclist","Driver or rider","Male",26,"A","Roundabout",30,"A","Not a Pedestrian","Not a Pedestrian",420503,440236,"E01011278",2,"Roundabout","Daylight","Fine no high winds","Wet or damp","Cyclist"
"7393","2017134BS0452",2017-11-28,2017,"Nov",28,"09:35",9,35,"Tuesday","Slight",1,"Slight","Cyclist","Driver or rider","Male",31,"B","Single carriageway",30,"Unclassified","Not a Pedestrian","Not a Pedestrian",428665,437012,"E01011691",2,"T or staggered junction","Daylight","Fine no high winds","Dry","Cyclist"
"7394","2017134BT0434",2017-11-29,2017,"Nov",29,"09:43",9,43,"Wednesday","Slight",1,"Slight","Pedestrian","Pedestrian","Male",23,"Unclassified","Single carriageway",30,NA,"Crossing in zig-zag exit lines","Crossing from driver's nearside",425355,440818,"E01011377",1,"Not at junction or within 20 metres","Daylight","Fine no high winds","Dry","Pedestrian"
"7395","2017134BT1221",2017-11-29,2017,"Nov",29,"16:05",16,5,"Wednesday","Slight",1,"Slight","Bus or coach occupant (17 or more pass seats)","Passenger","Male",85,"Unclassified","Single carriageway",30,NA,"Not a Pedestrian","Not a Pedestrian",434428,435399,"E01011662",1,"Not at junction or within 20 metres","Daylight","Fine no high winds","Dry","Bus and goods vehicle occupant"
"7396","2017134BT1291",2017-11-29,2017,"Nov",29,"16:44",16,44,"Wednesday","Slight",2,"Slight","Car occupant","Driver or rider","Female",74,"Unclassified","Single carriageway",30,NA,"Not a Pedestrian","Not a Pedestrian",422065,432468,"E01011604",2,"Not at junction or within 20 metres","Darkness - lights lit","Fine no high winds","Dry","Car occupant"
"7397","2017134BT1459",2017-11-29,2017,"Nov",29,"18:00",18,0,"Wednesday","Slight",2,"Slight","Car occupant","Driver or rider","Female",60,"Motorway","Dual carriageway",70,NA,"Not a Pedestrian","Not a Pedestrian",440874,434536,"E01011297",3,"Not at junction or within 20 metres","Darkness - no lighting","Fine no high winds","Dry","Car occupant"
"7398","2017134BT1024",2017-11-29,2017,"Nov",29,"21:34",21,34,"Wednesday","Slight",1,"Slight","Car occupant","Passenger","Female",64,"Unclassified","Single carriageway",60,"Unclassified","Not a Pedestrian","Not a Pedestrian",415909,442021,"E01011270",2,"Crossroads","Darkness - lighting unknown","Fine no high winds","Dry","Car occupant"
"7399","2017134BU0335",2017-11-30,2017,"Nov",30,"07:40",7,40,"Thursday","Slight",1,"Slight","Car occupant","Driver or rider","Female",43,"B","Single carriageway",30,NA,"Not a Pedestrian","Not a Pedestrian",432676,434592,"E01011344",2,"Not at junction or within 20 metres","Darkness - lights lit","Fine no high winds","Wet or damp","Car occupant"
"7400","2017134BU0327",2017-11-30,2017,"Nov",30,"08:25",8,25,"Thursday","Slight",1,"Slight","Car occupant","Driver or rider","Male",22,"Unclassified","Dual carriageway",30,"Unclassified","Not a Pedestrian","Not a Pedestrian",426671,438491,"E01011684",3,"T or staggered junction","Daylight","Fine no high winds","Dry","Car occupant"
"7401","2017134BU0803",2017-11-30,2017,"Nov",30,"13:15",13,15,"Thursday","Slight",1,"Slight","Car occupant","Driver or rider","Male",25,"Motorway","Dual carriageway",70,NA,"Not a Pedestrian","Not a Pedestrian",425291,428294,"E01011532",2,"Not at junction or within 20 metres","Daylight","Fine no high winds","Dry","Car occupant"
"7402","2017134BU1214",2017-11-30,2017,"Nov",30,"15:10",15,10,"Thursday","Slight",1,"Slight","Bus or coach occupant (17 or more pass seats)","Passenger","Female",55,"Unclassified","Single carriageway",30,NA,"Not a Pedestrian","Not a Pedestrian",431383,434012,"E01033031",1,"Not at junction or within 20 metres","Daylight","Snowing no high winds","Wet or damp","Bus and goods vehicle occupant"
"7403","2017134C10049",2017-12-01,2017,"Dec",1,"00:45",0,45,"Friday","Slight",1,"Slight","Car occupant","Driver or rider","Female",28,"Unclassified","Single carriageway",30,NA,"Not a Pedestrian","Not a Pedestrian",430008,434320,"E01033010",1,"Not at junction or within 20 metres","Darkness - lights lit","Fine no high winds","Wet or damp","Car occupant"
"7404","2017134C10176",2017-12-01,2017,"Dec",1,"05:20",5,20,"Friday","Slight",1,"Slight","Car occupant","Driver or rider","Male",32,"Unclassified","Single carriageway",30,NA,"Not a Pedestrian","Not a Pedestrian",430130,430949,"E01011312",4,"Not at junction or within 20 metres","Darkness - lights lit","Fine no high winds","Frost or ice","Car occupant"
"7405","2017134C10063",2017-12-01,2017,"Dec",1,"05:43",5,43,"Friday","Serious",1,"Serious","Van / Goods vehicle (3.5 tonnes mgw or under) occupant","Driver or rider","Male",23,"A(M)","Dual carriageway",70,NA,"Not a Pedestrian","Not a Pedestrian",443236,439622,"E01011309",1,"Not at junction or within 20 metres","Darkness - no lighting","Snowing no high winds","Snow","Bus and goods vehicle occupant"
"7406","2017134C10398",2017-12-01,2017,"Dec",1,"09:21",9,21,"Friday","Slight",1,"Slight","Pedestrian","Pedestrian","Female",16,"A","Dual carriageway",30,NA,"In carriageway, crossing elsewhere","Crossing from driver's nearside",429488,433786,"E01033008",1,"Not at junction or within 20 metres","Daylight","Fine no high winds","Wet or damp","Pedestrian"
"7407","2017134C10440",2017-12-01,2017,"Dec",1,"13:23",13,23,"Friday","Slight",2,"Slight","Car occupant","Passenger","Female",32,"Unclassified","Single carriageway",30,NA,"Not a Pedestrian","Not a Pedestrian",427029,427932,"E01032489",2,"Not at junction or within 20 metres","Daylight","Raining no high winds","Wet or damp","Car occupant"
"7408","2017134C11223",2017-12-01,2017,"Dec",1,"14:45",14,45,"Friday","Slight",1,"Slight","Pedestrian","Pedestrian","Male",24,"Unclassified","Single carriageway",30,NA,"In carriageway, not crossing","Unknown or other",430272,433814,"E01033010",2,"Not at junction or within 20 metres","Daylight","Fine no high winds","Dry","Pedestrian"
"7409","2017134C10979",2017-12-01,2017,"Dec",1,"14:49",14,49,"Friday","Slight",4,"Slight","Car occupant","Driver or rider","Male",32,"Unclassified","One way street",30,NA,"Not a Pedestrian","Not a Pedestrian",429923,432848,"E01033016",2,"Not at junction or within 20 metres","Daylight","Fine no high winds","Dry","Car occupant"
"7410","2017134C11212",2017-12-01,2017,"Dec",1,"16:30",16,30,"Friday","Slight",1,"Slight","Car occupant","Driver or rider","Female",29,"A(M)","Dual carriageway",70,NA,"Not a Pedestrian","Not a Pedestrian",441403,444960,"E01011707",3,"Not at junction or within 20 metres","Darkness - no lighting","Fine no high winds","Dry","Car occupant"
"7411","2017134C11300",2017-12-01,2017,"Dec",1,"16:50",16,50,"Friday","Slight",1,"Slight","Car occupant","Driver or rider","Male",30,"Unclassified","Single carriageway",30,NA,"Not a Pedestrian","Not a Pedestrian",435016,436031,"E01011664",2,"Not at junction or within 20 metres","Darkness - lights lit","Fine no high winds","Dry","Car occupant"
"7412","2017134C11335",2017-12-01,2017,"Dec",1,"17:05",17,5,"Friday","Serious",1,"Serious","Pedestrian","Pedestrian","Male",40,"A","Single carriageway",30,"Unclassified","Unknown or other","In carriageway, stationary - not crossing  (standing or playing) - masked by parked or stationary vehicle",428455,431345,"E01011369",1,"Crossroads","Darkness - lights lit","Fine no high winds","Dry","Pedestrian"
"7413","2017134C11398",2017-12-01,2017,"Dec",1,"17:42",17,42,"Friday","Slight",1,"Slight","Car occupant","Driver or rider","Male",50,"Unclassified","Single carriageway",30,"Unclassified","Not a Pedestrian","Not a Pedestrian",431017,428490,"E01011466",2,"T or staggered junction","Darkness - lights lit","Fine no high winds","Dry","Car occupant"
"7414","2017134C11461",2017-12-01,2017,"Dec",1,"18:13",18,13,"Friday","Slight",1,"Slight","Car occupant","Driver or rider","Male",51,"Unclassified","Single carriageway",30,"Unclassified","Not a Pedestrian","Not a Pedestrian",421115,434941,"E01011594",2,"T or staggered junction","Darkness - lighting unknown","Fine no high winds","Dry","Car occupant"
"7415","2017134C11544",2017-12-01,2017,"Dec",1,"18:50",18,50,"Friday","Slight",1,"Slight","Car occupant","Driver or rider","Male",67,"A","Dual carriageway",40,"Unclassified","Not a Pedestrian","Not a Pedestrian",434697,434565,"E01011341",2,"Crossroads","Darkness - lights lit","Other","Wet or damp","Car occupant"
"7416","2017134C11582",2017-12-01,2017,"Dec",1,"19:10",19,10,"Friday","Slight",1,"Slight","Car occupant","Driver or rider","Male",30,"A","Roundabout",30,"B","Not a Pedestrian","Not a Pedestrian",430700,439041,"E01011512",2,"Roundabout","Darkness - lights lit","Fine no high winds","Dry","Car occupant"
"7417","2017134C11985",2017-12-01,2017,"Dec",1,"23:20",23,20,"Friday","Slight",1,"Slight","Car occupant","Driver or rider","Male",22,"Unclassified","Single carriageway",30,"Unclassified","Not a Pedestrian","Not a Pedestrian",430586,437074,"E01011352",3,"T or staggered junction","Darkness - lights unlit","Fine no high winds","Wet or damp","Car occupant"
"7418","2017134C12027",2017-12-01,2017,"Dec",1,"23:30",23,30,"Friday","Slight",2,"Slight","Car occupant","Passenger","Male",28,"Unclassified","Single carriageway",30,NA,"Not a Pedestrian","Not a Pedestrian",429274,435266,"E01033005",2,"Not at junction or within 20 metres","Darkness - lighting unknown","Fine no high winds","Dry","Car occupant"
"7419","2017134C20178",2017-12-02,2017,"Dec",2,"01:52",1,52,"Saturday","Slight",2,"Slight","Car occupant","Passenger","Male",25,"A","Dual carriageway",40,NA,"Not a Pedestrian","Not a Pedestrian",429370,433727,"E01033008",2,"Not at junction or within 20 metres","Darkness - lights lit","Fine no high winds","Dry","Car occupant"
"7420","2017134C20645",2017-12-02,2017,"Dec",2,"10:21",10,21,"Saturday","Slight",3,"Slight","Car occupant","Passenger","Male",20,"A","Single carriageway",40,NA,"Not a Pedestrian","Not a Pedestrian",425595,431369,"E01011734",2,"Not at junction or within 20 metres","Daylight","Fine no high winds","Wet or damp","Car occupant"
"7421","2017134C50999",2017-12-02,2017,"Dec",2,"15:00",15,0,"Saturday","Serious",1,"Serious","Pedestrian","Pedestrian","Male",31,"Unclassified","Single carriageway",40,NA,"In carriageway, crossing elsewhere","Crossing from offside - masked by  parked or stationary vehicle",424683,438095,"E01011463",1,"Not at junction or within 20 metres","Daylight","Fine no high winds","Dry","Pedestrian"
"7422","2017134C20831",2017-12-02,2017,"Dec",2,"18:00",18,0,"Saturday","Slight",1,"Slight","Pedestrian","Pedestrian","Female",45,"Unclassified","Single carriageway",30,"Unclassified","Unknown or other","Crossing from offside - masked by  parked or stationary vehicle",431620,436140,"E01011359",1,"T or staggered junction","Darkness - lights lit","Snowing no high winds","Snow","Pedestrian"
"7423","2017134C21612",2017-12-02,2017,"Dec",2,"18:27",18,27,"Saturday","Slight",3,"Slight","Car occupant","Driver or rider","Male",37,"A","Roundabout",30,"A","Not a Pedestrian","Not a Pedestrian",427937,426303,"E01011550",2,"Roundabout","Darkness - lights lit","Fine no high winds","Wet or damp","Car occupant"
"7424","2017134C40867",2017-12-03,2017,"Dec",3,"08:55",8,55,"Sunday","Slight",2,"Slight","Car occupant","Driver or rider","Female",18,"A","Dual carriageway",40,NA,"Not a Pedestrian","Not a Pedestrian",430586,431796,"E01011364",2,"Not at junction or within 20 metres","Daylight","Fine no high winds","Dry","Car occupant"
"7425","2017134C31064",2017-12-03,2017,"Dec",3,"14:20",14,20,"Sunday","Slight",1,"Slight","Car occupant","Passenger","Male",31,"A","Single carriageway",50,"A","Not a Pedestrian","Not a Pedestrian",432190,429817,"E01011470",2,"Slip road","Daylight","Fine no high winds","Wet or damp","Car occupant"
"7426","2017134C31780",2017-12-03,2017,"Dec",3,"20:38",20,38,"Sunday","Slight",1,"Slight","Car occupant","Driver or rider","Male",20,"Unclassified","Single carriageway",30,"Unclassified","Not a Pedestrian","Not a Pedestrian",427193,433523,"E01011293",2,"Crossroads","Darkness - lighting unknown","Fine no high winds","Dry","Car occupant"
"7427","2017134C40338",2017-12-04,2017,"Dec",4,"08:52",8,52,"Monday","Slight",1,"Slight","Car occupant","Driver or rider","Female",33,"Motorway","Dual carriageway",70,NA,"Not a Pedestrian","Not a Pedestrian",426185,426099,"E01011546",2,"Not at junction or within 20 metres","Daylight","Fine no high winds","Dry","Car occupant"
"7428","2017134C40676",2017-12-04,2017,"Dec",4,"11:48",11,48,"Monday","Slight",1,"Slight","Motorcycle 125cc and under rider or passenger","Driver or rider","Male",33,"B","Single carriageway",40,NA,"Not a Pedestrian","Not a Pedestrian",442620,427996,"E01011299",2,"Not at junction or within 20 metres","Daylight","Fine no high winds","Wet or damp","Motorcyclist and pillion"
"7429","2017134C41133",2017-12-04,2017,"Dec",4,"14:50",14,50,"Monday","Serious",1,"Serious","Pedestrian","Pedestrian","Female",80,"A","Single carriageway",30,"Unclassified","Crossing on pedestrian crossing facility","Crossing from driver's nearside",438466,430384,"E01011390",1,"Other junction","Daylight","Fine no high winds","Wet or damp","Pedestrian"
"7430","2017134C41290",2017-12-04,2017,"Dec",4,"16:35",16,35,"Monday","Slight",2,"Slight","Car occupant","Passenger","Male",4,"A(M)","Dual carriageway",60,"A","Not a Pedestrian","Not a Pedestrian",430292,434315,"E01033002",2,"Slip road","Darkness - lights lit","Fine no high winds","Wet or damp","Car occupant"
"7431","2017134C41501",2017-12-04,2017,"Dec",4,"18:12",18,12,"Monday","Slight",1,"Slight","Car occupant","Driver or rider","Male",79,"A","Single carriageway",50,"Unclassified","Not a Pedestrian","Not a Pedestrian",439893,447400,"E01011704",2,"Other junction","Darkness - no lighting","Fine no high winds","Wet or damp","Car occupant"
"7432","2017134C41631",2017-12-04,2017,"Dec",4,"20:00",20,0,"Monday","Slight",1,"Slight","Van / Goods vehicle (3.5 tonnes mgw or under) occupant","Driver or rider","Male",58,"A","Dual carriageway",40,"Unclassified","Not a Pedestrian","Not a Pedestrian",428125,426678,"E01011538",2,"Crossroads","Darkness - lights lit","Other","Wet or damp","Bus and goods vehicle occupant"
"7433","2017134C41815",2017-12-04,2017,"Dec",4,"20:20",20,20,"Monday","Slight",1,"Slight","Cyclist","Driver or rider","Female",57,"A","Dual carriageway",40,"A","Not a Pedestrian","Not a Pedestrian",426858,438041,"E01011685",2,"Roundabout","Darkness - lights lit","Raining no high winds","Wet or damp","Cyclist"
"7434","2017134C50155",2017-12-05,2017,"Dec",5,"03:00",3,0,"Tuesday","Serious",1,"Serious","Motorcycle 125cc and under rider or passenger","Driver or rider","Male",40,"A","Single carriageway",50,"Unclassified","Not a Pedestrian","Not a Pedestrian",430036,431022,"E01011312",2,"T or staggered junction","Darkness - lights lit","Fine no high winds","Wet or damp","Motorcyclist and pillion"
"7435","2017134C50872",2017-12-05,2017,"Dec",5,"13:20",13,20,"Tuesday","Slight",1,"Slight","Car occupant","Passenger","Female",67,"Unclassified","Single carriageway",30,"Unclassified","Not a Pedestrian","Not a Pedestrian",436856,428987,"E01011637",2,"Crossroads","Daylight","Fine no high winds","Dry","Car occupant"
"7436","2017134C51045",2017-12-05,2017,"Dec",5,"15:10",15,10,"Tuesday","Serious",2,"Serious","Pedestrian","Pedestrian","Female",13,"Unclassified","Single carriageway",30,NA,"On footway or verge","Unknown or other",431265,438273,"E01011511",1,"Not at junction or within 20 metres","Daylight","Fine no high winds","Dry","Pedestrian"
"7437","2017134C51483",2017-12-05,2017,"Dec",5,"15:30",15,30,"Tuesday","Slight",1,"Slight","Car occupant","Driver or rider","Male",25,"A","Single carriageway",30,NA,"Not a Pedestrian","Not a Pedestrian",418149,442438,"E01011266",2,"Not at junction or within 20 metres","Darkness - lights lit","Fine no high winds","Frost or ice","Car occupant"
"7438","2017134C51166",2017-12-05,2017,"Dec",5,"15:50",15,50,"Tuesday","Slight",1,"Slight","Car occupant","Driver or rider","Female",39,"A","Single carriageway",60,"Unclassified","Not a Pedestrian","Not a Pedestrian",438952,431558,"E01011402",2,"T or staggered junction","Darkness - lights lit","Fine no high winds","Dry","Car occupant"
"7439","2017134C51215",2017-12-05,2017,"Dec",5,"16:15",16,15,"Tuesday","Slight",2,"Slight","Car occupant","Driver or rider","Male",59,"A","Slip road",40,"A","Not a Pedestrian","Not a Pedestrian",428449,429068,"E01011493",2,"Slip road","Darkness - lights lit","Fine no high winds","Wet or damp","Car occupant"
"7440","2017134C51339",2017-12-05,2017,"Dec",5,"17:00",17,0,"Tuesday","Serious",1,"Serious","Car occupant","Driver or rider","Female",81,"Unclassified","Single carriageway",20,NA,"Not a Pedestrian","Not a Pedestrian",432525,438359,"E01011655",1,"Not at junction or within 20 metres","Darkness - lights lit","Fine no high winds","Dry","Car occupant"
"7441","2017134C51510",2017-12-05,2017,"Dec",5,"17:20",17,20,"Tuesday","Slight",1,"Slight","Car occupant","Driver or rider","Female",38,"Unclassified","Single carriageway",20,NA,"Not a Pedestrian","Not a Pedestrian",424913,440283,"E01011376",2,"Not at junction or within 20 metres","Darkness - lights lit","Fine no high winds","Dry","Car occupant"
"7442","2017134C51556",2017-12-05,2017,"Dec",5,"18:40",18,40,"Tuesday","Slight",1,"Slight","Car occupant","Driver or rider","Female",45,"A","Roundabout",40,"Unclassified","Not a Pedestrian","Not a Pedestrian",428558,427778,"E01011540",2,"Roundabout","Darkness - lights lit","Fine no high winds","Wet or damp","Car occupant"
"7443","2017134C51878",2017-12-05,2017,"Dec",5,"19:20",19,20,"Tuesday","Slight",1,"Slight","Pedestrian","Pedestrian","Female",21,"Unclassified","One way street",30,NA,"In centre of carriageway - not on refuge, island or central reservation","Unknown or other",429885,434289,"E01033008",1,"Not at junction or within 20 metres","Darkness - lights lit","Fine no high winds","Dry","Pedestrian"
"7444","2017134C60031",2017-12-06,2017,"Dec",6,"00:36",0,36,"Wednesday","Slight",1,"Slight","Car occupant","Driver or rider","Male",18,"Unclassified","Single carriageway",30,"Unclassified","Not a Pedestrian","Not a Pedestrian",428210,436712,"E01011692",1,"T or staggered junction","Darkness - lights lit","Raining no high winds","Wet or damp","Car occupant"
"7445","2017134C60146",2017-12-06,2017,"Dec",6,"03:37",3,37,"Wednesday","Serious",3,"Serious","Van / Goods vehicle (3.5 tonnes mgw or under) occupant","Driver or rider","Male",22,"B","Single carriageway",30,NA,"Not a Pedestrian","Not a Pedestrian",441501,430749,"E01011305",1,"Not at junction or within 20 metres","Darkness - lights lit","Fine no high winds","Wet or damp","Bus and goods vehicle occupant"
"7446","2017134C60163",2017-12-06,2017,"Dec",6,"05:00",5,0,"Wednesday","Serious",1,"Serious","Car occupant","Driver or rider","Male",24,"Motorway","Dual carriageway",70,NA,"Not a Pedestrian","Not a Pedestrian",436100,425919,"E01011636",2,"Not at junction or within 20 metres","Darkness - lights lit","Fine no high winds","Dry","Car occupant"
"7447","2017134C60486",2017-12-06,2017,"Dec",6,"10:34",10,34,"Wednesday","Slight",1,"Slight","Car occupant","Driver or rider","Male",46,"A","Dual carriageway",40,"Unclassified","Not a Pedestrian","Not a Pedestrian",429192,438574,"E01011505",2,"T or staggered junction","Daylight","Fine no high winds","Dry","Car occupant"
"7448","2017134C60339",2017-12-06,2017,"Dec",6,"17:30",17,30,"Wednesday","Slight",2,"Slight","Motorcycle 125cc and under rider or passenger","Driver or rider","Male",55,"Unclassified","Single carriageway",30,NA,"Not a Pedestrian","Not a Pedestrian",421728,432821,"E01011602",1,"Not at junction or within 20 metres","Darkness - lights lit","Fine no high winds","Dry","Motorcyclist and pillion"
"7449","2017134C62105",2017-12-06,2017,"Dec",6,"23:56",23,56,"Wednesday","Slight",1,"Slight","Car occupant","Driver or rider","Male",23,"B","Single carriageway",30,NA,"Not a Pedestrian","Not a Pedestrian",425116,425896,"E01011534",4,"Not at junction or within 20 metres","Darkness - lights lit","Fine + high winds","Wet or damp","Car occupant"
"7450","2017134C81843",2017-12-07,2017,"Dec",7,"07:50",7,50,"Thursday","Slight",1,"Slight","Pedestrian","Pedestrian","Male",12,"Unclassified","Single carriageway",30,NA,"Unknown or other","Crossing from driver's offside",419385,432661,"E01011606",1,"Not at junction or within 20 metres","Daylight","Fine no high winds","Dry","Pedestrian"
"7451","2017134C70349",2017-12-07,2017,"Dec",7,"08:37",8,37,"Thursday","Serious",1,"Serious","Cyclist","Driver or rider","Male",36,"Unclassified","Single carriageway",20,"Unclassified","Not a Pedestrian","Not a Pedestrian",421248,440672,"E01011276",2,"T or staggered junction","Daylight","Fine no high winds","Dry","Cyclist"
"7452","2017134CK0411",2017-12-07,2017,"Dec",7,"16:20",16,20,"Thursday","Slight",1,"Slight","Van / Goods vehicle (3.5 tonnes mgw or under) occupant","Driver or rider","Male",35,"Unclassified","Single carriageway",30,"Unclassified","Not a Pedestrian","Not a Pedestrian",430349,432101,"E01011364",2,"T or staggered junction","Darkness - lights lit","Fine no high winds","Dry","Bus and goods vehicle occupant"