"","accident_index","date","year","month","day","time","time_hour","time_minute","day_of_week","accident_severity","number_of_casualties","casualty_severity","casualty_type","casualty_class","sex_of_casualty","age_of_casualty","first_road_class","road_type","speed_limit","second_road_class","pedestrian_location","pedestrian_movement","location_easting_osgr","location_northing_osgr","lsoa_of_accident_location","number_of_vehicles","junction_detail","light_conditions","weather_conditions","road_surface_conditions","cas_type"
"7453","2017134C80605",2017-12-08,2017,"Dec",8,"10:49",10,49,"Friday","Slight",1,"Slight","Car occupant","Passenger","Female",71,"A","Single carriageway",30,NA,"Not a Pedestrian","Not a Pedestrian",436187,427362,"E01011635",1,"Not at junction or within 20 metres","Daylight","Fine no high winds","Dry","Car occupant"
"7454","2017134C80644",2017-12-08,2017,"Dec",8,"11:10",11,10,"Friday","Slight",1,"Slight","Pedestrian","Pedestrian","Female",32,"B","Single carriageway",30,"A","In carriageway, crossing elsewhere","Crossing from driver's nearside",425991,428180,"E01011525",1,"T or staggered junction","Daylight","Fine + high winds","Wet or damp","Pedestrian"
"7455","2017134C80757",2017-12-08,2017,"Dec",8,"12:54",12,54,"Friday","Slight",1,"Slight","Car occupant","Driver or rider","Male",76,"B","Unknown",20,NA,"Not a Pedestrian","Not a Pedestrian",422244,433427,"E01011612",2,"Not at junction or within 20 metres","Daylight","Fine + high winds","Frost or ice","Car occupant"
"7456","2017134C81123",2017-12-08,2017,"Dec",8,"15:00",15,0,"Friday","Slight",1,"Slight","Pedestrian","Pedestrian","Female",12,"Unclassified","Single carriageway",30,NA,"In carriageway, crossing elsewhere","Crossing from offside - masked by  parked or stationary vehicle",418804,441578,"E01011265",1,"Not at junction or within 20 metres","Daylight","Fine no high winds","Dry","Pedestrian"
"7457","2017134C70862",2017-12-08,2017,"Dec",8,"16:00",16,0,"Friday","Slight",1,"Slight","Car occupant","Driver or rider","Female",29,"Unclassified","Single carriageway",30,NA,"Not a Pedestrian","Not a Pedestrian",425778,427095,"E01011545",2,"Not at junction or within 20 metres","Daylight","Fine no high winds","Wet or damp","Car occupant"
"7458","2017134C81904",2017-12-08,2017,"Dec",8,"16:20",16,20,"Friday","Slight",1,"Slight","Cyclist","Driver or rider","Male",46,"Unclassified","Single carriageway",30,NA,"Not a Pedestrian","Not a Pedestrian",426261,435581,"E01011488",2,"Not at junction or within 20 metres","Darkness - lights lit","Fine no high winds","Dry","Cyclist"
"7459","2017134C81646",2017-12-08,2017,"Dec",8,"18:56",18,56,"Friday","Slight",1,"Slight","Pedestrian","Pedestrian","Male",21,"Unclassified","Single carriageway",30,"Unclassified","In carriageway, crossing elsewhere","Crossing from driver's offside",426989,433439,"E01011292",1,"T or staggered junction","Darkness - lights lit","Fine no high winds","Wet or damp","Pedestrian"
"7460","2017134C81802",2017-12-08,2017,"Dec",8,"20:00",20,0,"Friday","Serious",1,"Serious","Pedestrian","Pedestrian","Female",58,"Unclassified","Single carriageway",20,"Unclassified","In carriageway, crossing elsewhere","Crossing from driver's nearside",432286,435347,"E01011430",1,"T or staggered junction","Darkness - lights lit","Raining + high winds","Frost or ice","Pedestrian"
"7461","2017134C91297",2017-12-09,2017,"Dec",9,"16:55",16,55,"Saturday","Slight",1,"Slight","Bus or coach occupant (17 or more pass seats)","Passenger","Male",7,"Unclassified","Dual carriageway",30,NA,"Not a Pedestrian","Not a Pedestrian",429087,433513,"E01033015",2,"Not at junction or within 20 metres","Darkness - lights lit","Fine no high winds","Dry","Bus and goods vehicle occupant"
"7462","2017134CA1317",2017-12-10,2017,"Dec",10,"18:06",18,6,"Sunday","Slight",1,"Slight","Car occupant","Driver or rider","Male",49,"A","Single carriageway",30,NA,"Not a Pedestrian","Not a Pedestrian",440968,432074,"E01011302",3,"Not at junction or within 20 metres","Darkness - lights lit","Fine no high winds","Wet or damp","Car occupant"
"7463","2017134CA1751",2017-12-10,2017,"Dec",10,"23:10",23,10,"Sunday","Serious",1,"Serious","Cyclist","Driver or rider","Male",32,"Unclassified","Single carriageway",30,"Unclassified","Not a Pedestrian","Not a Pedestrian",432643,435859,"E01011424",2,"T or staggered junction","Darkness - lights lit","Fine no high winds","Wet or damp","Cyclist"
"7464","2017134CB0208",2017-12-11,2017,"Dec",11,"07:15",7,15,"Monday","Slight",1,"Slight","Car occupant","Passenger","Male",26,"A","Dual carriageway",30,NA,"Not a Pedestrian","Not a Pedestrian",425201,436514,"E01032494",2,"Not at junction or within 20 metres","Darkness - lights lit","Fine + high winds","Dry","Car occupant"
"7465","2017134CB1462",2017-12-11,2017,"Dec",11,"18:35",18,35,"Monday","Slight",2,"Slight","Motorcycle 50cc and under rider or passenger","Driver or rider","Male",25,"A","Single carriageway",30,NA,"Not a Pedestrian","Not a Pedestrian",427953,433624,"E01011284",2,"Not at junction or within 20 metres","Darkness - lights lit","Fine no high winds","Dry","Motorcyclist and pillion"
"7466","2017134CC0213",2017-12-12,2017,"Dec",12,"07:30",7,30,"Tuesday","Slight",1,"Slight","Car occupant","Driver or rider","Male",51,"Unclassified","Dual carriageway",40,NA,"Not a Pedestrian","Not a Pedestrian",428611,432796,"E01011363",2,"Not at junction or within 20 metres","Darkness - lights lit","Fine no high winds","Frost or ice","Car occupant"
"7467","2017134CC0308",2017-12-12,2017,"Dec",12,"08:57",8,57,"Tuesday","Slight",1,"Slight","Pedestrian","Pedestrian","Female",78,"A","Dual carriageway",40,"Unclassified","Crossing on pedestrian crossing facility","Crossing from driver's offside",425015,433189,"E01011727",1,"Roundabout","Daylight","Fine no high winds","Wet or damp","Pedestrian"
"7468","2017134CC0314",2017-12-12,2017,"Dec",12,"09:02",9,2,"Tuesday","Slight",1,"Slight","Van / Goods vehicle (3.5 tonnes mgw or under) occupant","Driver or rider","Male",26,"Motorway","Dual carriageway",70,NA,"Not a Pedestrian","Not a Pedestrian",431559,426429,"E01011499",2,"Not at junction or within 20 metres","Daylight","Other","Dry","Bus and goods vehicle occupant"
"7469","2017134CC0353",2017-12-12,2017,"Dec",12,"09:25",9,25,"Tuesday","Slight",2,"Slight","Car occupant","Driver or rider","Male",36,"Motorway","Dual carriageway",70,"Motorway","Not a Pedestrian","Not a Pedestrian",432297,427031,"E01032496",3,"Slip road","Daylight","Fine no high winds","Wet or damp","Car occupant"
"7470","2017134CC0730",2017-12-12,2017,"Dec",12,"12:45",12,45,"Tuesday","Slight",1,"Slight","Cyclist","Driver or rider","Male",57,"A","Single carriageway",30,"Unclassified","Not a Pedestrian","Not a Pedestrian",427231,434731,"E01011482",2,"T or staggered junction","Daylight","Fine no high winds","Wet or damp","Cyclist"
"7471","2017134CC1019",2017-12-12,2017,"Dec",12,"15:35",15,35,"Tuesday","Serious",5,"Serious","Car occupant","Driver or rider","Male",40,"Unclassified","Single carriageway",30,NA,"Not a Pedestrian","Not a Pedestrian",431846,429798,"E01011469",3,"Not at junction or within 20 metres","Daylight","Fine no high winds","Dry","Car occupant"
"7472","2017134CC1372",2017-12-12,2017,"Dec",12,"16:10",16,10,"Tuesday","Slight",1,"Slight","Pedestrian","Pedestrian","Male",18,"A","Single carriageway",30,NA,"Crossing on pedestrian crossing facility","Crossing from driver's nearside",427956,436097,"E01011451",1,"Not at junction or within 20 metres","Darkness - lights lit","Fine no high winds","Wet or damp","Pedestrian"
"7473","2017134CF0936",2017-12-12,2017,"Dec",12,"16:25",16,25,"Tuesday","Slight",1,"Slight","Car occupant","Driver or rider","Male",36,"A","Dual carriageway",30,"Unclassified","Not a Pedestrian","Not a Pedestrian",431561,435184,"E01011429",2,"T or staggered junction","Darkness - lights lit","Fine no high winds","Dry","Car occupant"
"7474","2017134CC1212",2017-12-12,2017,"Dec",12,"16:45",16,45,"Tuesday","Slight",1,"Slight","Motorcycle 50cc and under rider or passenger","Driver or rider","Male",18,"Unclassified","Dual carriageway",30,NA,"Not a Pedestrian","Not a Pedestrian",430828,434007,"E01033031",2,"Not at junction or within 20 metres","Darkness - lights lit","Fine no high winds","Wet or damp","Motorcyclist and pillion"
"7475","2017134CC1394",2017-12-12,2017,"Dec",12,"18:23",18,23,"Tuesday","Slight",1,"Slight","Pedestrian","Pedestrian","Female",47,"Unclassified","Single carriageway",30,"B","In carriageway, crossing elsewhere","Crossing from nearside - masked by parked or stationary vehicle",432125,435339,"E01011430",1,"T or staggered junction","Darkness - lights lit","Raining no high winds","Wet or damp","Pedestrian"
"7476","2017134CC1736",2017-12-12,2017,"Dec",12,"21:15",21,15,"Tuesday","Slight",1,"Slight","Cyclist","Driver or rider","Male",14,"Unclassified","Single carriageway",30,NA,"Not a Pedestrian","Not a Pedestrian",442838,444969,"E01011709",2,"Not at junction or within 20 metres","Darkness - lights lit","Fine no high winds","Dry","Cyclist"
"7477","2017134CD0463",2017-12-13,2017,"Dec",13,"08:35",8,35,"Wednesday","Slight",1,"Slight","Cyclist","Driver or rider","Male",41,"Unclassified","Single carriageway",30,"Unclassified","Not a Pedestrian","Not a Pedestrian",428945,432948,"E01033013",2,"Private drive or entrance","Daylight","Fine no high winds","Wet or damp","Cyclist"
"7478","2017134CD1410",2017-12-13,2017,"Dec",13,"18:06",18,6,"Wednesday","Slight",1,"Slight","Pedestrian","Pedestrian","Male",10,"Unclassified","Single carriageway",20,NA,"In carriageway, crossing elsewhere","Crossing from driver's nearside",426148,439100,"E01011695",1,"Not at junction or within 20 metres","Darkness - lights lit","Fine no high winds","Frost or ice","Pedestrian"
"7479","2017134CE0355",2017-12-14,2017,"Dec",14,"08:20",8,20,"Thursday","Serious",1,"Serious","Pedestrian","Pedestrian","Female",23,"Unclassified","Single carriageway",30,"Unclassified","In carriageway, crossing elsewhere","Unknown or other",428955,435467,"E01033005",1,"Crossroads","Darkness - lights lit","Fine no high winds","Frost or ice","Pedestrian"
"7480","2017134CE0384",2017-12-14,2017,"Dec",14,"08:40",8,40,"Thursday","Slight",1,"Slight","Pedestrian","Pedestrian","Male",10,"Unclassified","Single carriageway",20,NA,"In carriageway, crossing elsewhere","Crossing from driver's offside",429467,431223,"E01011373",1,"Not at junction or within 20 metres","Daylight","Fine no high winds","Frost or ice","Pedestrian"
"7481","2017134CE0654",2017-12-14,2017,"Dec",14,"11:00",11,0,"Thursday","Slight",2,"Slight","Minibus (8 - 16 passenger seats) occupant","Driver or rider","Male",51,"Unclassified","Single carriageway",30,"Unclassified","Not a Pedestrian","Not a Pedestrian",423241,434953,"E01011333",2,"T or staggered junction","Daylight","Fine no high winds","Wet or damp","Bus and goods vehicle occupant"
"7482","2017134CE1338",2017-12-14,2017,"Dec",14,"16:50",16,50,"Thursday","Slight",2,"Slight","Car occupant","Passenger","Female",6,"B","Single carriageway",30,"Unclassified","Not a Pedestrian","Not a Pedestrian",432130,435328,"E01011432",3,"Crossroads","Darkness - lights lit","Raining no high winds","Wet or damp","Car occupant"
"7483","2017134CE1947",2017-12-14,2017,"Dec",14,"22:07",22,7,"Thursday","Slight",1,"Slight","Car occupant","Passenger","Female",11,"A","Single carriageway",30,"Unclassified","Not a Pedestrian","Not a Pedestrian",431887,435700,"E01011428",2,"T or staggered junction","Darkness - lights lit","Fine no high winds","Wet or damp","Car occupant"
"7484","2017134CF0249",2017-12-15,2017,"Dec",15,"06:35",6,35,"Friday","Slight",1,"Slight","Car occupant","Driver or rider","Male",29,"A","Roundabout",40,"Unclassified","Not a Pedestrian","Not a Pedestrian",425037,433181,"E01011727",2,"Roundabout","Darkness - lights lit","Fine no high winds","Dry","Car occupant"
"7485","2017134CF0266",2017-12-15,2017,"Dec",15,"07:05",7,5,"Friday","Slight",1,"Slight","Car occupant","Driver or rider","Female",45,"A","Slip road",40,"A","Not a Pedestrian","Not a Pedestrian",429905,434401,"E01033008",2,"Slip road","Darkness - lights lit","Raining no high winds","Frost or ice","Car occupant"
"7486","2017134CF0378",2017-12-15,2017,"Dec",15,"07:55",7,55,"Friday","Slight",1,"Slight","Cyclist","Driver or rider","Male",43,"A","Roundabout",40,"A","Not a Pedestrian","Not a Pedestrian",426816,438009,"E01011687",2,"Roundabout","Darkness - lights lit","Fine no high winds","Wet or damp","Cyclist"
"7487","2017134CF0313",2017-12-15,2017,"Dec",15,"08:00",8,0,"Friday","Slight",1,"Slight","Motorcycle 50cc and under rider or passenger","Driver or rider","Female",24,"Unclassified","Single carriageway",30,"Unclassified","Not a Pedestrian","Not a Pedestrian",430871,429956,"E01011472",1,"T or staggered junction","Daylight","Fine no high winds","Frost or ice","Motorcyclist and pillion"
"7488","2017134CF0359",2017-12-15,2017,"Dec",15,"08:40",8,40,"Friday","Slight",1,"Slight","Pedestrian","Pedestrian","Male",37,"Unclassified","Single carriageway",30,"Unclassified","In centre of carriageway - not on refuge, island or central reservation","Crossing from driver's nearside",422732,435534,"E01011327",1,"T or staggered junction","Darkness - lighting unknown","Fine no high winds","Dry","Pedestrian"
"7489","2017134CF0387",2017-12-15,2017,"Dec",15,"09:00",9,0,"Friday","Slight",1,"Slight","Pedestrian","Pedestrian","Female",10,"Unclassified","Single carriageway",30,"Unclassified","Crossing on pedestrian crossing facility","Crossing from driver's nearside",432500,434076,"E01011348",1,"T or staggered junction","Daylight","Other","Frost or ice","Pedestrian"
"7490","2017134CF0647",2017-12-15,2017,"Dec",15,"09:54",9,54,"Friday","Slight",1,"Slight","Bus or coach occupant (17 or more pass seats)","Passenger","Female",71,"Unclassified","Single carriageway",20,NA,"Not a Pedestrian","Not a Pedestrian",435687,436251,"E01011661",1,"Not at junction or within 20 metres","Daylight","Fine no high winds","Dry","Bus and goods vehicle occupant"
"7491","2017134CF0676",2017-12-15,2017,"Dec",15,"12:00",12,0,"Friday","Serious",2,"Slight","Car occupant","Driver or rider","Male",57,"Unclassified","Dual carriageway",40,"A","Not a Pedestrian","Not a Pedestrian",425265,432975,"E01011730",2,"Crossroads","Daylight","Fine no high winds","Dry","Car occupant"
"7492","2017134CF0703",2017-12-15,2017,"Dec",15,"12:10",12,10,"Friday","Serious",1,"Serious","Pedestrian","Pedestrian","Male",13,"A","Dual carriageway",40,NA,"In carriageway, crossing elsewhere","Crossing from driver's nearside",426528,437988,"E01011687",1,"Not at junction or within 20 metres","Daylight","Fine no high winds","Wet or damp","Pedestrian"
"7493","2017134CF1039",2017-12-15,2017,"Dec",15,"15:18",15,18,"Friday","Serious",1,"Serious","Pedestrian","Pedestrian","Male",10,"Unclassified","Single carriageway",30,"Unclassified","On footway or verge","Unknown or other",431312,434130,"E01033035",5,"T or staggered junction","Daylight","Fine no high winds","Dry","Pedestrian"
"7494","2017134CF1222",2017-12-15,2017,"Dec",15,"16:20",16,20,"Friday","Slight",1,"Slight","Cyclist","Driver or rider","Male",42,"Unclassified","Single carriageway",30,"Unclassified","Not a Pedestrian","Not a Pedestrian",429436,433459,"E01033015",2,"Crossroads","Darkness - lights lit","Fine no high winds","Dry","Cyclist"
"7495","2017134CF1424",2017-12-15,2017,"Dec",15,"17:52",17,52,"Friday","Slight",1,"Slight","Cyclist","Driver or rider","Male",45,"Unclassified","Single carriageway",30,"Unclassified","Not a Pedestrian","Not a Pedestrian",431402,435028,"E01011673",2,"Crossroads","Darkness - lights lit","Fine no high winds","Wet or damp","Cyclist"
"7496","2017134CF1427",2017-12-15,2017,"Dec",15,"17:55",17,55,"Friday","Serious",1,"Serious","Bus or coach occupant (17 or more pass seats)","Passenger","Male",64,"Unclassified","Single carriageway",30,NA,"Not a Pedestrian","Not a Pedestrian",433582,435850,"E01011421",1,"Not at junction or within 20 metres","Darkness - lights lit","Fine no high winds","Wet or damp","Bus and goods vehicle occupant"
"7497","2017134CF1955",2017-12-15,2017,"Dec",15,"22:00",22,0,"Friday","Slight",1,"Slight","Car occupant","Driver or rider","Female",23,"Unclassified","Single carriageway",30,"Unclassified","Not a Pedestrian","Not a Pedestrian",442831,445001,"E01011709",1,"T or staggered junction","Darkness - lights lit","Fine no high winds","Wet or damp","Car occupant"
"7498","2017134CG0399",2017-12-16,2017,"Dec",16,"06:55",6,55,"Saturday","Serious",1,"Serious","Motorcycle over 125cc and up to 500cc rider or  passenger","Driver or rider","Male",25,"Unclassified","Roundabout",30,"Unclassified","Not a Pedestrian","Not a Pedestrian",425058,433369,"E01011727",2,"Roundabout","Darkness - lights lit","Fine no high winds","Wet or damp","Motorcyclist and pillion"
"7499","2017134CG0642",2017-12-16,2017,"Dec",16,"11:00",11,0,"Saturday","Slight",1,"Slight","Cyclist","Driver or rider","Male",36,"Unclassified","Single carriageway",30,"Unclassified","Not a Pedestrian","Not a Pedestrian",427239,440070,"E01011381",2,"T or staggered junction","Daylight","Fine no high winds","Wet or damp","Cyclist"
"7500","2017134CG1560",2017-12-16,2017,"Dec",16,"19:20",19,20,"Saturday","Slight",1,"Slight","Pedestrian","Pedestrian","Female",55,"Unclassified","Single carriageway",30,NA,"In carriageway, not crossing","Unknown or other",438083,430267,"E01011391",2,"Not at junction or within 20 metres","Darkness - lights lit","Fine no high winds","Frost or ice","Pedestrian"
"7501","2017134CH1299",2017-12-17,2017,"Dec",17,"17:33",17,33,"Sunday","Slight",2,"Slight","Car occupant","Driver or rider","Male",18,"Unclassified","Single carriageway",40,NA,"Not a Pedestrian","Not a Pedestrian",422642,440094,"E01032503",1,"Not at junction or within 20 metres","Darkness - no lighting","Fine no high winds","Frost or ice","Car occupant"
"7502","2017134CG1637",2017-12-17,2017,"Dec",17,"20:07",20,7,"Sunday","Slight",1,"Slight","Pedestrian","Pedestrian","Female",16,"Unclassified","Dual carriageway",30,"Unclassified","In carriageway, crossing elsewhere","Crossing from driver's offside",433376,434898,"E01011342",1,"Crossroads","Darkness - lights lit","Fine no high winds","Wet or damp","Pedestrian"
"7503","2017134CI0504",2017-12-18,2017,"Dec",18,"10:08",10,8,"Monday","Slight",2,"Slight","Car occupant","Driver or rider","Female",26,"Unclassified","Single carriageway",60,NA,"Not a Pedestrian","Not a Pedestrian",443348,434874,"E01011298",1,"Not at junction or within 20 metres","Daylight","Fine no high winds","Frost or ice","Car occupant"
"7504","2017134CI0888",2017-12-18,2017,"Dec",18,"13:40",13,40,"Monday","Slight",1,"Slight","Motorcycle 50cc and under rider or passenger","Driver or rider","Male",22,"Unclassified","Single carriageway",30,"Unclassified","Not a Pedestrian","Not a Pedestrian",432469,432044,"E01011621",2,"Private drive or entrance","Daylight","Fine no high winds","Wet or damp","Motorcyclist and pillion"
"7505","2017134CI1215",2017-12-18,2017,"Dec",18,"16:00",16,0,"Monday","Serious",2,"Serious","Pedestrian","Pedestrian","Female",13,"A","Dual carriageway",40,"B","Crossing on pedestrian crossing facility","Crossing from driver's offside",425155,428997,"E01011522",1,"Crossroads","Darkness - lights lit","Fine no high winds","Wet or damp","Pedestrian"
"7506","2017134CI1732",2017-12-18,2017,"Dec",18,"18:04",18,4,"Monday","Slight",1,"Slight","Cyclist","Driver or rider","Male",54,"Unclassified","Single carriageway",30,"Unclassified","Not a Pedestrian","Not a Pedestrian",426510,439906,"E01011386",2,"T or staggered junction","Darkness - lights lit","Fine no high winds","Dry","Cyclist"
"7507","2017134CJ0881",2017-12-19,2017,"Dec",19,"13:30",13,30,"Tuesday","Slight",1,"Slight","Motorcycle 125cc and under rider or passenger","Driver or rider","Female",27,"Unclassified","Single carriageway",30,"Unclassified","Not a Pedestrian","Not a Pedestrian",431592,434015,"E01033031",2,"Roundabout","Daylight","Fine no high winds","Dry","Motorcyclist and pillion"
"7508","2017134CJ1448",2017-12-19,2017,"Dec",19,"17:59",17,59,"Tuesday","Slight",1,"Slight","Cyclist","Driver or rider","Male",42,"A","Roundabout",30,"Unclassified","Not a Pedestrian","Not a Pedestrian",428421,432505,"E01011363",2,"Roundabout","Darkness - lights lit","Fine no high winds","Wet or damp","Cyclist"
"7509","2017134CL0472",2017-12-20,2017,"Dec",20,"07:10",7,10,"Wednesday","Slight",1,"Slight","Pedestrian","Pedestrian","Female",37,"Unclassified","One way street",30,NA,"Unknown or other","Unknown or other",430407,433477,"E01033010",1,"Not at junction or within 20 metres","Darkness - lights lit","Fine no high winds","Wet or damp","Pedestrian"
"7510","2017134CK0326",2017-12-20,2017,"Dec",20,"08:45",8,45,"Wednesday","Slight",1,"Slight","Car occupant","Driver or rider","Female",26,"A","Single carriageway",30,"Unclassified","Not a Pedestrian","Not a Pedestrian",431558,435185,"E01011429",3,"Other junction","Daylight","Fine no high winds","Wet or damp","Car occupant"
"7511","2017134CK1083",2017-12-20,2017,"Dec",20,"15:30",15,30,"Wednesday","Fatal",2,"Fatal","Pedestrian","Pedestrian","Female",66,"Unclassified","Single carriageway",30,NA,"On footway or verge","Unknown or other",424095,438511,"E01011459",1,"Not at junction or within 20 metres","Darkness - lights lit","Fine no high winds","Dry","Pedestrian"
"7512","2017134CK1107",2017-12-20,2017,"Dec",20,"15:45",15,45,"Wednesday","Slight",1,"Slight","Car occupant","Driver or rider","Male",45,"Motorway","Dual carriageway",70,NA,"Not a Pedestrian","Not a Pedestrian",434064,429930,"E01011639",2,"Not at junction or within 20 metres","Daylight","Fine no high winds","Dry","Car occupant"
"7513","2017134CK1309",2017-12-20,2017,"Dec",20,"17:00",17,0,"Wednesday","Serious",1,"Serious","Car occupant","Passenger","Male",19,"B","Single carriageway",30,"B","Not a Pedestrian","Not a Pedestrian",425627,433080,"E01011730",2,"T or staggered junction","Darkness - lights lit","Fine no high winds","Dry","Car occupant"
"7514","2017134CK1885",2017-12-20,2017,"Dec",20,"20:30",20,30,"Wednesday","Serious",1,"Serious","Motorcycle 125cc and under rider or passenger","Driver or rider","Male",19,"Unclassified","Single carriageway",20,NA,"Not a Pedestrian","Not a Pedestrian",431265,428408,"E01011490",2,"Not at junction or within 20 metres","Darkness - lights lit","Fine no high winds","Wet or damp","Motorcyclist and pillion"
"7515","2017134CK0890",2017-12-20,2017,"Dec",20,"22:35",22,35,"Wednesday","Serious",1,"Serious","Pedestrian","Pedestrian","Male",38,"Unclassified","Single carriageway",30,NA,"In carriageway, not crossing","Walking along in carriageway, back to traffic",430625,431980,"E01011364",2,"Not at junction or within 20 metres","Darkness - lighting unknown","Fine no high winds","Dry","Pedestrian"
"7516","2017134CL0489",2017-12-21,2017,"Dec",21,"09:30",9,30,"Thursday","Serious",1,"Serious","Car occupant","Driver or rider","Male",79,"Unclassified","Single carriageway",30,"Unclassified","Not a Pedestrian","Not a Pedestrian",426242,431665,"E01011734",2,"T or staggered junction","Daylight","Fine no high winds","Dry","Car occupant"
"7517","2017134CL1451",2017-12-21,2017,"Dec",21,"17:35",17,35,"Thursday","Slight",1,"Slight","Cyclist","Driver or rider","Female",33,"A","Roundabout",30,"A","Not a Pedestrian","Not a Pedestrian",426693,431728,"E01011734",2,"Roundabout","Darkness - lights lit","Fine no high winds","Dry","Cyclist"
"7518","2017134CM0375",2017-12-22,2017,"Dec",22,"08:35",8,35,"Friday","Slight",1,"Slight","Car occupant","Driver or rider","Female",53,"A","Dual carriageway",40,NA,"Not a Pedestrian","Not a Pedestrian",426890,439189,"E01011383",1,"Not at junction or within 20 metres","Daylight","Fine no high winds","Wet or damp","Car occupant"
"7519","2017134CM0849",2017-12-22,2017,"Dec",22,"13:00",13,0,"Friday","Slight",1,"Slight","Car occupant","Driver or rider","Female",20,"A","Single carriageway",30,NA,"Not a Pedestrian","Not a Pedestrian",426849,441341,"E01011381",2,"Not at junction or within 20 metres","Daylight","Fine no high winds","Dry","Car occupant"
"7520","2017134CM1241",2017-12-22,2017,"Dec",22,"15:56",15,56,"Friday","Slight",1,"Slight","Car occupant","Driver or rider","Male",83,"A(M)","Dual carriageway",40,NA,"Not a Pedestrian","Not a Pedestrian",430828,433827,"E01033031",2,"Not at junction or within 20 metres","Daylight","Fine no high winds","Dry","Car occupant"
"7521","2017134CM1388",2017-12-22,2017,"Dec",22,"16:24",16,24,"Friday","Slight",2,"Slight","Taxi/Private hire car occupant","Passenger","Female",35,"A","Single carriageway",30,NA,"Not a Pedestrian","Not a Pedestrian",429962,434208,"E01033010",1,"Not at junction or within 20 metres","Darkness - lights lit","Fine no high winds","Dry","Car occupant"
"7522","2017134CM1411",2017-12-22,2017,"Dec",22,"17:00",17,0,"Friday","Serious",1,"Serious","Pedestrian","Pedestrian","Male",69,"Unclassified","Single carriageway",30,"Unclassified","Crossing on pedestrian crossing facility","Crossing from driver's nearside",441743,430222,"E01011304",1,"Other junction","Darkness - lights lit","Fine no high winds","Dry","Pedestrian"
"7523","2017134CN1113",2017-12-23,2017,"Dec",23,"13:00",13,0,"Saturday","Serious",1,"Serious","Pedestrian","Pedestrian","Male",13,"B","Single carriageway",30,"Unclassified","Crossing on pedestrian crossing facility","Crossing from driver's nearside",427712,436105,"E01011435",1,"T or staggered junction","Daylight","Fine no high winds","Dry","Pedestrian"
"7524","2017134CN1340",2017-12-23,2017,"Dec",23,"15:55",15,55,"Saturday","Slight",1,"Slight","Cyclist","Driver or rider","Female",46,"Unclassified","Single carriageway",30,"Unclassified","Not a Pedestrian","Not a Pedestrian",430236,435114,"E01011671",2,"T or staggered junction","Darkness - lighting unknown","Fine no high winds","Wet or damp","Cyclist"
"7525","2017134CN1391",2017-12-23,2017,"Dec",23,"16:21",16,21,"Saturday","Slight",2,"Slight","Car occupant","Passenger","Female",42,"Unclassified","Single carriageway",30,"Unclassified","Not a Pedestrian","Not a Pedestrian",431402,435030,"E01011673",2,"Crossroads","Darkness - lights lit","Fine no high winds","Wet or damp","Car occupant"
"7526","2017134CN1805",2017-12-23,2017,"Dec",23,"19:20",19,20,"Saturday","Slight",1,"Slight","Pedestrian","Pedestrian","Male",24,"Unclassified","Single carriageway",30,NA,"In carriageway, crossing elsewhere","Crossing from offside - masked by  parked or stationary vehicle",430348,427678,"E01011492",1,"Not at junction or within 20 metres","Darkness - lights lit","Fine no high winds","Wet or damp","Pedestrian"
"7527","2017134CO1176",2017-12-24,2017,"Dec",24,"16:40",16,40,"Sunday","Slight",1,"Slight","Car occupant","Driver or rider","Male",84,"Unclassified","Single carriageway",30,NA,"Not a Pedestrian","Not a Pedestrian",435467,433394,"E01011417",2,"Not at junction or within 20 metres","Darkness - lights lit","Fine no high winds","Dry","Car occupant"
"7528","2017134CO1180",2017-12-24,2017,"Dec",24,"16:45",16,45,"Sunday","Slight",1,"Slight","Car occupant","Driver or rider","Female",32,"Unclassified","Single carriageway",30,NA,"Not a Pedestrian","Not a Pedestrian",420944,436984,"E01011589",2,"Not at junction or within 20 metres","Daylight","Fine no high winds","Dry","Car occupant"
"7529","2017134CO1873",2017-12-24,2017,"Dec",24,"23:45",23,45,"Sunday","Slight",1,"Slight","Car occupant","Driver or rider","Female",52,"Unclassified","Single carriageway",30,"Unclassified","Not a Pedestrian","Not a Pedestrian",427904,426124,"E01011550",1,"T or staggered junction","Darkness - lights lit","Fine no high winds","Dry","Car occupant"
"7530","2017134CQ0712",2017-12-26,2017,"Dec",26,"13:55",13,55,"Tuesday","Serious",2,"Serious","Car occupant","Driver or rider","Male",26,"C","Single carriageway",60,NA,"Not a Pedestrian","Not a Pedestrian",440360,435571,"E01011296",1,"Not at junction or within 20 metres","Daylight","Fine no high winds","Wet or damp","Car occupant"
"7531","2017134CQ0890",2017-12-26,2017,"Dec",26,"14:54",14,54,"Tuesday","Slight",1,"Slight","Taxi/Private hire car occupant","Driver or rider","Male",42,"A","Single carriageway",30,"Unclassified","Not a Pedestrian","Not a Pedestrian",435234,434861,"E01011667",2,"Roundabout","Daylight","Raining no high winds","Dry","Car occupant"
"7532","2017134CR0580",2017-12-27,2017,"Dec",27,"10:50",10,50,"Wednesday","Slight",2,"Slight","Car occupant","Driver or rider","Male",28,"Unclassified","Single carriageway",40,NA,"Not a Pedestrian","Not a Pedestrian",427835,431800,"E01011362",2,"Not at junction or within 20 metres","Daylight","Fine no high winds","Dry","Car occupant"