"","accident_index","date","year","month","day","time","time_hour","time_minute","day_of_week","accident_severity","number_of_casualties","casualty_severity","casualty_type","casualty_class","sex_of_casualty","age_of_casualty","first_road_class","road_type","speed_limit","second_road_class","pedestrian_location","pedestrian_movement","location_easting_osgr","location_northing_osgr","lsoa_of_accident_location","number_of_vehicles","junction_detail","light_conditions","weather_conditions","road_surface_conditions","cas_type"
"7533","2017134CR0609",2017-12-27,2017,"Dec",27,"11:05",11,5,"Wednesday","Slight",1,"Slight","Motorcycle 125cc and under rider or passenger","Driver or rider","Male",23,"Unclassified","Single carriageway",30,NA,"Not a Pedestrian","Not a Pedestrian",425057,433245,"E01011739",1,"Not at junction or within 20 metres","Daylight","Fine no high winds","Wet or damp","Motorcyclist and pillion"
"7534","2017134CR0854",2017-12-27,2017,"Dec",27,"13:34",13,34,"Wednesday","Slight",1,"Slight","Pedestrian","Pedestrian","Male",7,"Unclassified","Single carriageway",30,NA,"In carriageway, crossing elsewhere","Crossing from driver's nearside",421050,441460,"E01011264",1,"Not at junction or within 20 metres","Daylight","Fine no high winds","Dry","Pedestrian"
"7535","2017134CR1758",2017-12-27,2017,"Dec",27,"22:05",22,5,"Wednesday","Slight",2,"Slight","Car occupant","Passenger","Male",25,"Unclassified","One way street",30,NA,"Not a Pedestrian","Not a Pedestrian",431097,432793,"E01033019",3,"Not at junction or within 20 metres","Darkness - lights lit","Fine no high winds","Frost or ice","Car occupant"
"7536","2017134CS1006",2017-12-28,2017,"Dec",28,"16:10",16,10,"Thursday","Serious",1,"Serious","Pedestrian","Pedestrian","Female",18,"Unclassified","Single carriageway",20,"Unclassified","In carriageway, crossing elsewhere","Crossing from driver's offside",429922,427973,"E01011494",1,"Crossroads","Daylight","Fine no high winds","Wet or damp","Pedestrian"
"7537","2017134CS1206",2017-12-28,2017,"Dec",28,"18:00",18,0,"Thursday","Slight",2,"Slight","Car occupant","Driver or rider","Male",48,"A","Single carriageway",40,"Unclassified","Not a Pedestrian","Not a Pedestrian",428391,432472,"E01011363",2,"Roundabout","Darkness - lights lit","Fine no high winds","Dry","Car occupant"
"7538","2017134CT0192",2017-12-29,2017,"Dec",29,"05:00",5,0,"Friday","Fatal",1,"Fatal","Pedestrian","Pedestrian","Male",20,"Motorway","Dual carriageway",70,NA,"Unknown or other","Crossing from driver's nearside",438666,433851,"E01011411",1,"Not at junction or within 20 metres","Darkness - no lighting","Fine no high winds","Frost or ice","Pedestrian"
"7539","2017134CT0276",2017-12-29,2017,"Dec",29,"08:16",8,16,"Friday","Slight",1,"Slight","Car occupant","Driver or rider","Female",24,"A","Dual carriageway",40,NA,"Not a Pedestrian","Not a Pedestrian",420878,434568,"E01011595",2,"Not at junction or within 20 metres","Daylight","Snowing no high winds","Frost or ice","Car occupant"
"7540","2017134CT0947",2017-12-29,2017,"Dec",29,"14:39",14,39,"Friday","Slight",1,"Slight","Car occupant","Passenger","Male",29,"Unclassified","Single carriageway",30,"Unclassified","Not a Pedestrian","Not a Pedestrian",430703,436749,"E01011352",2,"Other junction","Daylight","Fine no high winds","Snow","Car occupant"
"7541","2017134CT1810",2017-12-29,2017,"Dec",29,"22:15",22,15,"Friday","Slight",1,"Slight","Pedestrian","Pedestrian","Male",36,"B","Single carriageway",30,"Unclassified","In centre of carriageway - not on refuge, island or central reservation","Crossing from driver's nearside",422581,433535,"E01011610",1,"T or staggered junction","Darkness - lights lit","Fine no high winds","Wet or damp","Pedestrian"
"7542","2017134CU0087",2017-12-30,2017,"Dec",30,"01:07",1,7,"Saturday","Serious",2,"Serious","Car occupant","Driver or rider","Male",18,"Motorway","Slip road",50,"A","Not a Pedestrian","Not a Pedestrian",431997,430008,"E01011469",2,"Roundabout","Darkness - lights lit","Raining no high winds","Wet or damp","Car occupant"
"7543","2017134CU0583",2017-12-30,2017,"Dec",30,"11:20",11,20,"Saturday","Slight",1,"Slight","Pedestrian","Pedestrian","Female",16,"A","Dual carriageway",40,"Unclassified","Crossing elsewhere within 50m. of pedestrian crossing","Crossing from nearside - masked by parked or stationary vehicle",426253,438110,"E01011687",1,"T or staggered junction","Daylight","Raining + high winds","Wet or damp","Pedestrian"
"7544","2017134CU0586",2017-12-30,2017,"Dec",30,"11:25",11,25,"Saturday","Slight",3,"Slight","Car occupant","Driver or rider","Female",28,"A","Single carriageway",30,"Unclassified","Not a Pedestrian","Not a Pedestrian",431435,431610,"E01011467",2,"T or staggered junction","Daylight","Fine no high winds","Wet or damp","Car occupant"
"7545","2017134CU0830",2017-12-30,2017,"Dec",30,"13:45",13,45,"Saturday","Slight",1,"Slight","Car occupant","Driver or rider","Female",70,"A(M)","Dual carriageway",70,NA,"Not a Pedestrian","Not a Pedestrian",443623,435703,"E01011297",2,"Not at junction or within 20 metres","Daylight","Fine no high winds","Dry","Car occupant"
"7546","2017134CU1068",2017-12-30,2017,"Dec",30,"15:50",15,50,"Saturday","Slight",3,"Slight","Car occupant","Driver or rider","Male",35,"Unclassified","Single carriageway",60,NA,"Not a Pedestrian","Not a Pedestrian",416068,443207,"E01011270",2,"Not at junction or within 20 metres","Darkness - no lighting","Fine no high winds","Wet or damp","Car occupant"
"7547","2017134CU1264",2017-12-30,2017,"Dec",30,"15:50",15,50,"Saturday","Slight",1,"Slight","Bus or coach occupant (17 or more pass seats)","Passenger","Female",65,"Unclassified","Single carriageway",30,NA,"Not a Pedestrian","Not a Pedestrian",431010,428170,"E01011490",1,"Not at junction or within 20 metres","Daylight","Fine no high winds","Dry","Bus and goods vehicle occupant"
"7548","2017134CV0870",2017-12-31,2017,"Dec",31,"13:45",13,45,"Sunday","Slight",1,"Slight","Car occupant","Driver or rider","Male",21,"Unclassified","Single carriageway",30,"Unclassified","Not a Pedestrian","Not a Pedestrian",430983,439018,"E01011509",2,"T or staggered junction","Daylight","Fine no high winds","Dry","Car occupant"
"7549","2017134CV0902",2017-12-31,2017,"Dec",31,"15:15",15,15,"Sunday","Slight",2,"Slight","Car occupant","Driver or rider","Male",19,"Unclassified","Single carriageway",30,"Unclassified","Not a Pedestrian","Not a Pedestrian",430343,431175,"E01011374",2,"T or staggered junction","Daylight","Snowing no high winds","Snow","Car occupant"
"7550","2017134CV1387",2017-12-31,2017,"Dec",31,"19:35",19,35,"Sunday","Slight",1,"Slight","Motorcycle over 125cc and up to 500cc rider or  passenger","Driver or rider","Male",23,"Unclassified","Single carriageway",30,"A","Not a Pedestrian","Not a Pedestrian",427748,436446,"E01011440",3,"T or staggered junction","Darkness - lights lit","Raining no high winds","Wet or damp","Motorcyclist and pillion"
"7551","2017134CV1544",2017-12-31,2017,"Dec",31,"21:11",21,11,"Sunday","Slight",1,"Slight","Car occupant","Driver or rider","Male",20,"B","Single carriageway",30,"Unclassified","Not a Pedestrian","Not a Pedestrian",420323,434279,"E01011597",2,"Roundabout","Darkness - lights lit","Raining no high winds","Wet or damp","Car occupant"
"7552","2018135110140",2018-01-01,2018,"Jan",1,"00:45",0,45,"Monday","Serious",1,"Serious","Car occupant","Driver or rider","Male",38,"Unclassified","Single carriageway",30,"Unclassified","Not a Pedestrian","Not a Pedestrian",433820,433502,"E01011622",1,"T or staggered junction","Darkness - lights lit","Fine no high winds","Wet or damp","Car occupant"
"7553","2018135110577",2018-01-01,2018,"Jan",1,"03:44",3,44,"Monday","Serious",3,"Slight","Car occupant","Driver or rider","Male",23,"Unclassified","Single carriageway",30,NA,"Not a Pedestrian","Not a Pedestrian",430660,430766,"E01011468",1,"Not at junction or within 20 metres","Darkness - lights lit","Fine no high winds","Wet or damp","Car occupant"
"7554","2018135111304",2018-01-01,2018,"Jan",1,"13:35",13,35,"Monday","Slight",1,"Slight","Car occupant","Driver or rider","Female",57,"A","Dual carriageway",40,"Unclassified","Not a Pedestrian","Not a Pedestrian",431442,432717,"E01011626",2,"Crossroads","Daylight","Fine no high winds","Dry","Car occupant"
"7555","2018135111365",2018-01-01,2018,"Jan",1,"14:21",14,21,"Monday","Slight",3,"Slight","Car occupant","Driver or rider","Male",33,"Unclassified","Single carriageway",30,"Unclassified","Not a Pedestrian","Not a Pedestrian",429509,431308,"E01011373",2,"T or staggered junction","Daylight","Raining no high winds","Wet or damp","Car occupant"
"7556","2018135111461",2018-01-01,2018,"Jan",1,"15:00",15,0,"Monday","Slight",1,"Slight","Car occupant","Driver or rider","Male",44,"Unclassified","Single carriageway",30,NA,"Not a Pedestrian","Not a Pedestrian",428919,429888,"E01011320",2,"Not at junction or within 20 metres","Daylight","Raining no high winds","Wet or damp","Car occupant"
"7557","2018135111443",2018-01-01,2018,"Jan",1,"15:08",15,8,"Monday","Slight",1,"Slight","Pedestrian","Pedestrian","Male",51,"A","Single carriageway",30,NA,"In carriageway, crossing elsewhere","Crossing from driver's offside",428444,431338,"E01011369",1,"Not at junction or within 20 metres","Daylight","Fine no high winds","Wet or damp","Pedestrian"
"7558","2018135111450",2018-01-01,2018,"Jan",1,"15:08",15,8,"Monday","Slight",1,"Slight","Car occupant","Driver or rider","Female",29,"A","Slip road",30,"A","Not a Pedestrian","Not a Pedestrian",428952,433434,"E01033015",2,"Slip road","Daylight","Fine no high winds","Wet or damp","Car occupant"
"7559","2018135111524",2018-01-01,2018,"Jan",1,"15:54",15,54,"Monday","Serious",2,"Serious","Car occupant","Driver or rider","Male",84,"A","Single carriageway",40,"Unclassified","Not a Pedestrian","Not a Pedestrian",425627,438001,"E01011686",2,"T or staggered junction","Daylight","Fine no high winds","Dry","Car occupant"
"7560","2018135210599",2018-01-02,2018,"Jan",2,"12:14",12,14,"Tuesday","Slight",1,"Slight","Car occupant","Driver or rider","Female",24,"Motorway","Roundabout",70,"Motorway","Not a Pedestrian","Not a Pedestrian",432375,426056,"E01011499",2,"Roundabout","Daylight","Raining no high winds","Wet or damp","Car occupant"
"7561","2018135130351",2018-01-03,2018,"Jan",3,"08:31",8,31,"Wednesday","Slight",1,"Slight","Pedestrian","Pedestrian","Male",11,"A","Single carriageway",30,NA,"In carriageway, crossing elsewhere","Crossing from driver's nearside",425035,427720,"E01011530",1,"Not at junction or within 20 metres","Daylight","Raining no high winds","Wet or damp","Pedestrian"
"7562","2018135130478",2018-01-03,2018,"Jan",3,"10:12",10,12,"Wednesday","Slight",1,"Slight","Car occupant","Driver or rider","Female",43,"Unclassified","Single carriageway",30,NA,"Not a Pedestrian","Not a Pedestrian",429772,434647,"E01033005",2,"Not at junction or within 20 metres","Daylight","Fine no high winds","Wet or damp","Car occupant"
"7563","2018135130621",2018-01-03,2018,"Jan",3,"11:20",11,20,"Wednesday","Slight",1,"Slight","Taxi/Private hire car occupant","Driver or rider","Male",50,"Unclassified","Single carriageway",30,"Unclassified","Not a Pedestrian","Not a Pedestrian",432664,436931,"E01011644",2,"T or staggered junction","Daylight","Fine no high winds","Wet or damp","Car occupant"
"7564","2018135131497",2018-01-03,2018,"Jan",3,"16:45",16,45,"Wednesday","Serious",3,"Serious","Car occupant","Driver or rider","Female",53,"A","Dual carriageway",30,"A","Not a Pedestrian","Not a Pedestrian",424059,428048,"E01011523",2,"T or staggered junction","Darkness - lights lit","Raining + high winds","Wet or damp","Car occupant"
"7565","2018135131385",2018-01-03,2018,"Jan",3,"17:35",17,35,"Wednesday","Serious",1,"Serious","Cyclist","Driver or rider","Male",42,"A","Dual carriageway",40,"Unclassified","Not a Pedestrian","Not a Pedestrian",427965,430292,"E01011317",2,"Roundabout","Darkness - lighting unknown","Raining no high winds","Wet or damp","Cyclist"
"7566","2018135131860",2018-01-03,2018,"Jan",3,"18:00",18,0,"Wednesday","Slight",1,"Slight","Cyclist","Driver or rider","Female",23,"A","Dual carriageway",40,"B","Not a Pedestrian","Not a Pedestrian",426288,435692,"E01011488",2,"Slip road","Darkness - lights lit","Fine no high winds","Wet or damp","Cyclist"
"7567","2018135140317",2018-01-04,2018,"Jan",4,"06:30",6,30,"Thursday","Slight",1,"Slight","Pedestrian","Pedestrian","Female",25,"Unclassified","Single carriageway",30,NA,"Crossing in zig-zag approach lines","Crossing from driver's nearside",431354,433969,"E01033031",1,"Not at junction or within 20 metres","Darkness - lights lit","Raining + high winds","Wet or damp","Pedestrian"
"7568","2018135140764",2018-01-04,2018,"Jan",4,"12:10",12,10,"Thursday","Slight",1,"Slight","Bus or coach occupant (17 or more pass seats)","Passenger","Male",2,"A","Single carriageway",30,NA,"Not a Pedestrian","Not a Pedestrian",426268,435815,"E01011488",2,"Not at junction or within 20 metres","Daylight","Fine no high winds","Wet or damp","Bus and goods vehicle occupant"
"7569","2018135141403",2018-01-04,2018,"Jan",4,"17:05",17,5,"Thursday","Slight",1,"Slight","Bus or coach occupant (17 or more pass seats)","Passenger","Male",39,"Unclassified","Single carriageway",30,"Unclassified","Not a Pedestrian","Not a Pedestrian",431273,433825,"E01011338",2,"T or staggered junction","Darkness - lights lit","Raining + high winds","Wet or damp","Bus and goods vehicle occupant"
"7570","2018135141435",2018-01-04,2018,"Jan",4,"17:35",17,35,"Thursday","Slight",1,"Slight","Car occupant","Driver or rider","Male",26,"Unclassified","Single carriageway",30,"Unclassified","Not a Pedestrian","Not a Pedestrian",431843,435796,"E01011422",2,"Crossroads","Darkness - lights lit","Raining + high winds","Wet or damp","Car occupant"
"7571","2018135141464",2018-01-04,2018,"Jan",4,"18:27",18,27,"Thursday","Fatal",2,"Fatal","Pedestrian","Pedestrian","Female",12,"A","Single carriageway",40,NA,"In carriageway, crossing elsewhere","Crossing from driver's offside",434885,437921,"E01011657",1,"Not at junction or within 20 metres","Darkness - lights lit","Raining + high winds","Wet or damp","Pedestrian"
"7572","2018135141687",2018-01-04,2018,"Jan",4,"20:37",20,37,"Thursday","Slight",1,"Slight","Pedestrian","Pedestrian","Male",45,"A","Single carriageway",30,NA,"In carriageway, crossing elsewhere","Crossing from driver's offside",431615,435268,"E01011429",1,"Not at junction or within 20 metres","Darkness - lighting unknown","Fine no high winds","Wet or damp","Pedestrian"
"7573","2018135150988",2018-01-05,2018,"Jan",5,"07:30",7,30,"Friday","Slight",1,"Slight","Cyclist","Driver or rider","Male",54,"Unclassified","Single carriageway",30,"Unclassified","Not a Pedestrian","Not a Pedestrian",431267,429674,"E01011474",2,"T or staggered junction","Darkness - lights lit","Fine no high winds","Wet or damp","Cyclist"
"7574","2018135150878",2018-01-05,2018,"Jan",5,"13:15",13,15,"Friday","Slight",2,"Slight","Car occupant","Driver or rider","Female",27,"A","Slip road",30,"Unclassified","Not a Pedestrian","Not a Pedestrian",430689,431925,"E01011364",2,"Slip road","Daylight","Fine no high winds","Dry","Car occupant"
"7575","2018135151211",2018-01-05,2018,"Jan",5,"16:10",16,10,"Friday","Slight",1,"Slight","Motorcycle 125cc and under rider or passenger","Driver or rider","Male",22,"Unclassified","Single carriageway",30,"Unclassified","Not a Pedestrian","Not a Pedestrian",429886,435210,"E01011670",2,"T or staggered junction","Darkness - lights lit","Fine no high winds","Wet or damp","Motorcyclist and pillion"
"7576","2018135151432",2018-01-05,2018,"Jan",5,"17:10",17,10,"Friday","Slight",1,"Slight","Pedestrian","Pedestrian","Male",47,"Unclassified","Single carriageway",30,"Unclassified","Unknown or other","Crossing from driver's nearside",422253,437288,"E01011458",1,"Private drive or entrance","Darkness - no lighting","Fine no high winds","Dry","Pedestrian"
"7577","2018135151459",2018-01-05,2018,"Jan",5,"17:11",17,11,"Friday","Slight",1,"Slight","Car occupant","Driver or rider","Female",38,"Motorway","Dual carriageway",70,NA,"Not a Pedestrian","Not a Pedestrian",439062,433978,"E01011410",2,"Not at junction or within 20 metres","Darkness - lights unlit","Fine no high winds","Dry","Car occupant"
"7578","2018135151365",2018-01-05,2018,"Jan",5,"17:30",17,30,"Friday","Slight",2,"Slight","Bus or coach occupant (17 or more pass seats)","Passenger","Female",17,"Unclassified","Single carriageway",30,NA,"Not a Pedestrian","Not a Pedestrian",430517,433712,"E01033010",2,"Not at junction or within 20 metres","Darkness - lights lit","Fine no high winds","Dry","Bus and goods vehicle occupant"
"7579","2018135151410",2018-01-05,2018,"Jan",5,"17:45",17,45,"Friday","Slight",3,"Slight","Car occupant","Driver or rider","Female",62,"A","Single carriageway",60,"A","Not a Pedestrian","Not a Pedestrian",424127,444006,"E01032503",2,"Crossroads","Darkness - lights lit","Fine no high winds","Wet or damp","Car occupant"
"7580","2018135160107",2018-01-06,2018,"Jan",6,"01:17",1,17,"Saturday","Slight",1,"Slight","Car occupant","Passenger","Male",27,"Unclassified","Single carriageway",30,"Unclassified","Not a Pedestrian","Not a Pedestrian",429246,433955,"E01011678",2,"Other junction","Darkness - lights lit","Fine no high winds","Wet or damp","Car occupant"
"7581","2018135161450",2018-01-06,2018,"Jan",6,"13:45",13,45,"Saturday","Slight",2,"Slight","Bus or coach occupant (17 or more pass seats)","Driver or rider","Male",29,"A","Slip road",40,"Unclassified","Not a Pedestrian","Not a Pedestrian",431190,433664,"E01033021",2,"Slip road","Daylight","Fine no high winds","Dry","Bus and goods vehicle occupant"
"7582","2018135160854",2018-01-06,2018,"Jan",6,"13:47",13,47,"Saturday","Slight",1,"Slight","Car occupant","Driver or rider","Male",25,"Unclassified","Single carriageway",30,NA,"Not a Pedestrian","Not a Pedestrian",422486,433074,"E01011600",3,"Not at junction or within 20 metres","Daylight","Fine no high winds","Wet or damp","Car occupant"
"7583","2018135160883",2018-01-06,2018,"Jan",6,"14:00",14,0,"Saturday","Slight",2,"Slight","Car occupant","Driver or rider","Male",36,"Motorway","Roundabout",70,"Motorway","Not a Pedestrian","Not a Pedestrian",432350,426044,"E01011499",2,"Roundabout","Daylight","Fine no high winds","Wet or damp","Car occupant"
"7584","2018135170291",2018-01-07,2018,"Jan",7,"05:08",5,8,"Sunday","Slight",1,"Slight","Van / Goods vehicle (3.5 tonnes mgw or under) occupant","Driver or rider","Male",39,"Unclassified","Unknown",30,"Unclassified","Not a Pedestrian","Not a Pedestrian",428838,436574,"E01011691",2,"Other junction","Darkness - lights lit","Fine no high winds","Dry","Bus and goods vehicle occupant"
"7585","2018135170529",2018-01-07,2018,"Jan",7,"11:30",11,30,"Sunday","Slight",1,"Slight","Car occupant","Driver or rider","Female",46,"Unclassified","Single carriageway",30,"Unclassified","Not a Pedestrian","Not a Pedestrian",426459,433842,"E01032608",2,"T or staggered junction","Daylight","Fine no high winds","Wet or damp","Car occupant"
"7586","2018135180252",2018-01-08,2018,"Jan",8,"08:00",8,0,"Monday","Slight",1,"Slight","Pedestrian","Pedestrian","Female",11,"Unclassified","Roundabout",30,"Unclassified","In centre of carriageway - not on refuge, island or central reservation","Crossing from driver's nearside",433999,435142,"E01011339",1,"Roundabout","Daylight","Fine no high winds","Frost or ice","Pedestrian"
"7587","2018135180490",2018-01-08,2018,"Jan",8,"10:30",10,30,"Monday","Slight",1,"Slight","Car occupant","Driver or rider","Female",41,"Unclassified","Single carriageway",30,"Unclassified","Not a Pedestrian","Not a Pedestrian",422879,439315,"E01011455",2,"Crossroads","Daylight","Fine no high winds","Wet or damp","Car occupant"
"7588","2018135180563",2018-01-08,2018,"Jan",8,"11:16",11,16,"Monday","Slight",2,"Slight","Cyclist","Driver or rider","Male",19,"A","Single carriageway",50,"Unclassified","Not a Pedestrian","Not a Pedestrian",426646,441800,"E01032504",4,"Other junction","Daylight","Fine no high winds","Dry","Cyclist"
"7589","2018135180709",2018-01-08,2018,"Jan",8,"12:27",12,27,"Monday","Slight",1,"Slight","Pedestrian","Pedestrian","Female",76,"Unclassified","Single carriageway",30,NA,"In carriageway, crossing elsewhere","Crossing from driver's nearside",420161,445804,"E01011569",1,"Not at junction or within 20 metres","Daylight","Fine no high winds","Dry","Pedestrian"
"7590","2018135181139",2018-01-08,2018,"Jan",8,"15:50",15,50,"Monday","Slight",1,"Slight","Pedestrian","Pedestrian","Male",20,"Unclassified","One way street",30,"Unclassified","Crossing on pedestrian crossing facility","Crossing from driver's offside",429866,433412,"E01033016",1,"Other junction","Daylight","Fine no high winds","Dry","Pedestrian"
"7591","2018135181330",2018-01-08,2018,"Jan",8,"16:20",16,20,"Monday","Slight",1,"Slight","Car occupant","Driver or rider","Female",19,"A","Dual carriageway",30,"Unclassified","Not a Pedestrian","Not a Pedestrian",431467,432552,"E01011626",2,"Other junction","Daylight","Fine no high winds","Dry","Car occupant"
"7592","2018135190310",2018-01-09,2018,"Jan",9,"08:40",8,40,"Tuesday","Slight",1,"Slight","Pedestrian","Pedestrian","Female",81,"Unclassified","Single carriageway",30,"Unclassified","In carriageway, crossing elsewhere","Crossing from driver's offside",424495,439140,"E01032501",1,"T or staggered junction","Darkness - lights unlit","Fine no high winds","Dry","Pedestrian"
"7593","2018135190724",2018-01-09,2018,"Jan",9,"11:26",11,26,"Tuesday","Slight",1,"Slight","Bus or coach occupant (17 or more pass seats)","Passenger","Female",60,"A","Single carriageway",30,"A","Not a Pedestrian","Not a Pedestrian",418175,442474,"E01011280",1,"Other junction","Daylight","Fine no high winds","Dry","Bus and goods vehicle occupant"
"7594","2018135191140",2018-01-09,2018,"Jan",9,"16:00",16,0,"Tuesday","Slight",1,"Slight","Pedestrian","Pedestrian","Male",16,"Unclassified","Single carriageway",30,"Unclassified","Crossing on pedestrian crossing facility","Crossing from driver's offside",429444,437311,"E01011507",1,"Crossroads","Darkness - lights lit","Fine no high winds","Dry","Pedestrian"
"7595","2018135191266",2018-01-09,2018,"Jan",9,"17:42",17,42,"Tuesday","Slight",1,"Slight","Car occupant","Driver or rider","Male",49,"Motorway","Slip road",70,"Unclassified","Not a Pedestrian","Not a Pedestrian",424095,428091,"E01011523",2,"Slip road","Darkness - lighting unknown","Fine no high winds","Wet or damp","Car occupant"
"7596","20181351A0334",2018-01-10,2018,"Jan",10,"08:49",8,49,"Wednesday","Slight",1,"Slight","Pedestrian","Pedestrian","Male",6,"Unclassified","Single carriageway",30,NA,"In carriageway, crossing elsewhere","Crossing from driver's nearside",435577,437891,"E01011717",1,"Not at junction or within 20 metres","Daylight","Fine no high winds","Wet or damp","Pedestrian"
"7597","20181351A0320",2018-01-10,2018,"Jan",10,"08:52",8,52,"Wednesday","Slight",1,"Slight","Car occupant","Driver or rider","Female",25,"Motorway","Slip road",70,NA,"Not a Pedestrian","Not a Pedestrian",437768,432613,"E01011402",4,"Not at junction or within 20 metres","Daylight","Fog or mist","Wet or damp","Car occupant"
"7598","20181351B0632",2018-01-10,2018,"Jan",10,"10:14",10,14,"Wednesday","Slight",1,"Slight","Car occupant","Driver or rider","Female",47,"A","One way street",30,NA,"Not a Pedestrian","Not a Pedestrian",428627,432517,"E01011363",2,"Not at junction or within 20 metres","Daylight","Fine no high winds","Wet or damp","Car occupant"
"7599","20181351A0699",2018-01-10,2018,"Jan",10,"12:34",12,34,"Wednesday","Slight",1,"Slight","Van / Goods vehicle (3.5 tonnes mgw or under) occupant","Driver or rider","Male",67,"A","Single carriageway",30,"A","Not a Pedestrian","Not a Pedestrian",430907,432292,"E01033018",2,"T or staggered junction","Daylight","Fine no high winds","Dry","Bus and goods vehicle occupant"
"7600","20181351A0945",2018-01-10,2018,"Jan",10,"14:35",14,35,"Wednesday","Serious",1,"Serious","Goods vehicle (7.5 tonnes mgw and over) occupant","Driver or rider","Male",55,"Motorway","Dual carriageway",70,NA,"Not a Pedestrian","Not a Pedestrian",437793,432383,"E01011402",3,"Not at junction or within 20 metres","Daylight","Fine no high winds","Wet or damp","Bus and goods vehicle occupant"
"7601","20181351A1086",2018-01-10,2018,"Jan",10,"15:30",15,30,"Wednesday","Serious",1,"Serious","Cyclist","Driver or rider","Male",23,"Unclassified","Single carriageway",30,"Unclassified","Not a Pedestrian","Not a Pedestrian",426484,432010,"E01011737",2,"T or staggered junction","Daylight","Fine no high winds","Wet or damp","Cyclist"
"7602","20181351A1551",2018-01-10,2018,"Jan",10,"15:30",15,30,"Wednesday","Slight",1,"Slight","Car occupant","Driver or rider","Female",29,"Unclassified","Dual carriageway",30,NA,"Not a Pedestrian","Not a Pedestrian",430944,436531,"E01011356",2,"Not at junction or within 20 metres","Daylight","Fine no high winds","Dry","Car occupant"
"7603","20181351A1433",2018-01-10,2018,"Jan",10,"18:17",18,17,"Wednesday","Slight",1,"Slight","Motorcycle over 125cc and up to 500cc rider or  passenger","Driver or rider","Male",49,"Unclassified","Single carriageway",30,"Unclassified","Not a Pedestrian","Not a Pedestrian",432499,434064,"E01011348",2,"T or staggered junction","Darkness - lights lit","Fine no high winds","Wet or damp","Motorcyclist and pillion"
"7604","20181351A1895",2018-01-10,2018,"Jan",10,"22:08",22,8,"Wednesday","Slight",2,"Slight","Car occupant","Driver or rider","Male",48,"A","Single carriageway",30,"Unclassified","Not a Pedestrian","Not a Pedestrian",421988,436527,"E01011591",2,"Roundabout","Darkness - lights lit","Fine no high winds","Wet or damp","Car occupant"
"7605","20181351B0230",2018-01-11,2018,"Jan",11,"07:00",7,0,"Thursday","Slight",1,"Slight","Pedestrian","Pedestrian","Female",87,"Unclassified","Single carriageway",30,NA,"In carriageway, crossing elsewhere","Crossing from driver's nearside",433936,428874,"E01011639",1,"Not at junction or within 20 metres","Darkness - lights lit","Fine no high winds","Dry","Pedestrian"
"7606","20181351B0349",2018-01-11,2018,"Jan",11,"08:55",8,55,"Thursday","Slight",5,"Slight","Bus or coach occupant (17 or more pass seats)","Passenger","Female",51,"Unclassified","Single carriageway",30,NA,"Not a Pedestrian","Not a Pedestrian",430076,433872,"E01033010",1,"Not at junction or within 20 metres","Daylight","Fine no high winds","Wet or damp","Bus and goods vehicle occupant"
"7607","20181351B1288",2018-01-11,2018,"Jan",11,"12:05",12,5,"Thursday","Slight",1,"Slight","Pedestrian","Pedestrian","Female",4,"Unclassified","Single carriageway",30,NA,"On footway or verge","Unknown or other",431791,434652,"E01011677",1,"Not at junction or within 20 metres","Daylight","Fine no high winds","Wet or damp","Pedestrian"
"7608","20181351B1241",2018-01-11,2018,"Jan",11,"14:55",14,55,"Thursday","Slight",1,"Slight","Bus or coach occupant (17 or more pass seats)","Passenger","Female",71,"Unclassified","Single carriageway",30,NA,"Not a Pedestrian","Not a Pedestrian",431320,433911,"E01033031",1,"Not at junction or within 20 metres","Daylight","Fine no high winds","Dry","Bus and goods vehicle occupant"
"7609","20181351B0975",2018-01-11,2018,"Jan",11,"15:00",15,0,"Thursday","Slight",1,"Slight","Car occupant","Passenger","Female",13,"Unclassified","Single carriageway",30,"Unclassified","Not a Pedestrian","Not a Pedestrian",424572,434438,"E01011287",2,"T or staggered junction","Daylight","Fine no high winds","Dry","Car occupant"
"7610","20181351B1212",2018-01-11,2018,"Jan",11,"16:59",16,59,"Thursday","Slight",1,"Slight","Car occupant","Driver or rider","Female",47,"Unclassified","Single carriageway",30,"B","Not a Pedestrian","Not a Pedestrian",423190,434659,"E01011337",2,"Crossroads","Darkness - lights lit","Fine no high winds","Wet or damp","Car occupant"
"7611","20181351B1329",2018-01-11,2018,"Jan",11,"17:52",17,52,"Thursday","Slight",1,"Slight","Pedestrian","Pedestrian","Female",59,"Unclassified","Single carriageway",30,"Unclassified","In carriageway, crossing elsewhere","Crossing from driver's nearside",429654,433388,"E01033008",1,"T or staggered junction","Darkness - lights lit","Fine no high winds","Wet or damp","Pedestrian"
"7612","20181351B1315",2018-01-11,2018,"Jan",11,"18:00",18,0,"Thursday","Serious",1,"Serious","Pedestrian","Pedestrian","Male",50,"Unclassified","One way street",30,NA,"Crossing elsewhere within 50m. of pedestrian crossing","Crossing from nearside - masked by parked or stationary vehicle",430859,433470,"E01033011",1,"Not at junction or within 20 metres","Darkness - lights lit","Fine no high winds","Dry","Pedestrian"
"7613","20181351C1211",2018-01-12,2018,"Jan",12,"16:15",16,15,"Friday","Slight",1,"Slight","Car occupant","Driver or rider","Male",23,"Unclassified","Single carriageway",30,NA,"Not a Pedestrian","Not a Pedestrian",428411,435013,"E01011445",2,"Not at junction or within 20 metres","Daylight","Fine no high winds","Dry","Car occupant"