"","accident_index","date","year","month","day","time","time_hour","time_minute","day_of_week","accident_severity","number_of_casualties","casualty_severity","casualty_type","casualty_class","sex_of_casualty","age_of_casualty","first_road_class","road_type","speed_limit","second_road_class","pedestrian_location","pedestrian_movement","location_easting_osgr","location_northing_osgr","lsoa_of_accident_location","number_of_vehicles","junction_detail","light_conditions","weather_conditions","road_surface_conditions","cas_type"
"7614","2018135220471",2018-01-12,2018,"Jan",12,"16:15",16,15,"Friday","Slight",1,"Slight","Bus or coach occupant (17 or more pass seats)","Passenger","Female",83,"Unclassified","Single carriageway",30,"Unclassified","Not a Pedestrian","Not a Pedestrian",425837,437783,"E01011686",1,"T or staggered junction","Daylight","Fine no high winds","Dry","Bus and goods vehicle occupant"
"7615","20181351C1909",2018-01-12,2018,"Jan",12,"20:45",20,45,"Friday","Slight",1,"Slight","Car occupant","Driver or rider","Male",22,"B","Single carriageway",30,NA,"Not a Pedestrian","Not a Pedestrian",427787,436484,"E01011692",2,"Not at junction or within 20 metres","Darkness - lights lit","Fine no high winds","Wet or damp","Car occupant"
"7616","20181351D0387",2018-01-13,2018,"Jan",13,"07:35",7,35,"Saturday","Slight",1,"Slight","Motorcycle over 500cc rider or passenger","Driver or rider","Male",59,"A","Single carriageway",60,NA,"Not a Pedestrian","Not a Pedestrian",422306,445990,"E01011569",1,"Not at junction or within 20 metres","Daylight","Fine no high winds","Frost or ice","Motorcyclist and pillion"
"7617","20181351C0703",2018-01-13,2018,"Jan",13,"12:10",12,10,"Saturday","Slight",1,"Slight","Motorcycle 50cc and under rider or passenger","Driver or rider","Male",18,"Unclassified","Single carriageway",30,NA,"Not a Pedestrian","Not a Pedestrian",432273,434581,"E01011344",2,"Not at junction or within 20 metres","Daylight","Fine no high winds","Dry","Motorcyclist and pillion"
"7618","20181351D0810",2018-01-13,2018,"Jan",13,"12:55",12,55,"Saturday","Slight",1,"Slight","Motorcycle over 125cc and up to 500cc rider or  passenger","Driver or rider","Male",38,"B","Single carriageway",30,NA,"Not a Pedestrian","Not a Pedestrian",426292,428015,"E01011533",2,"Not at junction or within 20 metres","Daylight","Fine no high winds","Dry","Motorcyclist and pillion"
"7619","20181351D1266",2018-01-13,2018,"Jan",13,"16:48",16,48,"Saturday","Slight",1,"Slight","Bus or coach occupant (17 or more pass seats)","Passenger","Female",37,"Unclassified","Single carriageway",30,"Unclassified","Not a Pedestrian","Not a Pedestrian",431346,433945,"E01033031",2,"T or staggered junction","Darkness - lights lit","Fine no high winds","Dry","Bus and goods vehicle occupant"
"7620","20181351E1008",2018-01-14,2018,"Jan",14,"13:20",13,20,"Sunday","Slight",1,"Slight","Bus or coach occupant (17 or more pass seats)","Passenger","Female",1,"Unclassified","Dual carriageway",30,NA,"Not a Pedestrian","Not a Pedestrian",431297,429122,"E01011475",2,"Not at junction or within 20 metres","Daylight","Fine no high winds","Wet or damp","Bus and goods vehicle occupant"
"7621","20181351E1227",2018-01-14,2018,"Jan",14,"16:25",16,25,"Sunday","Slight",1,"Slight","Pedestrian","Pedestrian","Male",11,"Unclassified","Single carriageway",30,"Unclassified","In carriageway, not crossing","In carriageway, stationary - not crossing  (standing or playing)",426521,435648,"E01011477",1,"Crossroads","Darkness - lights lit","Fine no high winds","Dry","Pedestrian"
"7622","20181351E1717",2018-01-14,2018,"Jan",14,"20:45",20,45,"Sunday","Slight",1,"Slight","Taxi/Private hire car occupant","Passenger","Female",56,"Unclassified","Single carriageway",30,NA,"Not a Pedestrian","Not a Pedestrian",430241,434626,"E01033002",1,"Not at junction or within 20 metres","Darkness - lights lit","Fine no high winds","Dry","Car occupant"
"7623","20181351E1843",2018-01-14,2018,"Jan",14,"22:50",22,50,"Sunday","Slight",1,"Slight","Other vehicle occupant","Passenger","Male",22,"Unclassified","Single carriageway",30,NA,"Not a Pedestrian","Not a Pedestrian",430404,428108,"E01032498",1,"Not at junction or within 20 metres","Darkness - lighting unknown","Fine no high winds","Dry","Others"
"7624","20181351F0205",2018-01-15,2018,"Jan",15,"07:00",7,0,"Monday","Slight",1,"Slight","Motorcycle over 500cc rider or passenger","Driver or rider","Male",28,"A","Roundabout",40,"A","Not a Pedestrian","Not a Pedestrian",435288,434836,"E01011666",2,"Roundabout","Darkness - lights lit","Raining no high winds","Wet or damp","Motorcyclist and pillion"
"7625","20181351F0848",2018-01-15,2018,"Jan",15,"13:30",13,30,"Monday","Slight",1,"Slight","Bus or coach occupant (17 or more pass seats)","Passenger","Male",78,"A(M)","Dual carriageway",40,NA,"Not a Pedestrian","Not a Pedestrian",434197,434279,"E01011346",1,"Not at junction or within 20 metres","Daylight","Fine no high winds","Dry","Bus and goods vehicle occupant"
"7626","20181351F1050",2018-01-15,2018,"Jan",15,"15:15",15,15,"Monday","Serious",1,"Serious","Pedestrian","Pedestrian","Male",6,"Unclassified","Single carriageway",20,NA,"In carriageway, crossing elsewhere","Crossing from nearside - masked by parked or stationary vehicle",429906,436509,"E01011355",1,"Not at junction or within 20 metres","Daylight","Fine no high winds","Wet or damp","Pedestrian"
"7627","20181351F1547",2018-01-15,2018,"Jan",15,"18:50",18,50,"Monday","Slight",1,"Slight","Car occupant","Driver or rider","Female",36,"A","Single carriageway",30,NA,"Not a Pedestrian","Not a Pedestrian",427741,436460,"E01011692",2,"Not at junction or within 20 metres","Darkness - lights lit","Fine no high winds","Dry","Car occupant"
"7628","20181351G0154",2018-01-16,2018,"Jan",16,"05:35",5,35,"Tuesday","Slight",1,"Slight","Cyclist","Driver or rider","Male",39,"A","Roundabout",40,"A","Not a Pedestrian","Not a Pedestrian",430754,439227,"E01011556",2,"Roundabout","Darkness - lights lit","Fine no high winds","Wet or damp","Cyclist"
"7629","20181351H1034",2018-01-16,2018,"Jan",16,"08:40",8,40,"Tuesday","Slight",1,"Slight","Car occupant","Driver or rider","Female",42,"A","Single carriageway",30,"Unclassified","Not a Pedestrian","Not a Pedestrian",431434,431599,"E01011468",2,"T or staggered junction","Darkness - lights lit","Raining no high winds","Wet or damp","Car occupant"
"7630","20181351G0377",2018-01-16,2018,"Jan",16,"08:45",8,45,"Tuesday","Slight",1,"Slight","Pedestrian","Pedestrian","Female",29,"Unclassified","Single carriageway",30,NA,"In carriageway, crossing elsewhere","Crossing from driver's nearside",426759,427947,"E01032489",1,"Not at junction or within 20 metres","Daylight","Fine no high winds","Dry","Pedestrian"
"7631","20181351G1247",2018-01-16,2018,"Jan",16,"16:45",16,45,"Tuesday","Slight",1,"Slight","Cyclist","Driver or rider","Male",28,"Unclassified","Roundabout",30,"A","Not a Pedestrian","Not a Pedestrian",428405,432473,"E01011363",2,"Roundabout","Darkness - lights lit","Fine + high winds","Snow","Cyclist"
"7632","20181351G1228",2018-01-16,2018,"Jan",16,"16:47",16,47,"Tuesday","Slight",1,"Slight","Pedestrian","Pedestrian","Female",76,"Unclassified","Single carriageway",30,"Unclassified","In carriageway, crossing elsewhere","Crossing from driver's offside",420333,445551,"E01011569",1,"T or staggered junction","Darkness - lights lit","Snowing no high winds","Snow","Pedestrian"
"7633","20181351G1268",2018-01-16,2018,"Jan",16,"17:05",17,5,"Tuesday","Serious",1,"Serious","Pedestrian","Pedestrian","Male",52,"C","Single carriageway",30,"C","In carriageway, crossing elsewhere","Crossing from driver's nearside",431010,428483,"E01032497",1,"Other junction","Darkness - lights lit","Snowing no high winds","Snow","Pedestrian"
"7634","20181351G1332",2018-01-16,2018,"Jan",16,"17:25",17,25,"Tuesday","Slight",1,"Slight","Motorcycle 125cc and under rider or passenger","Driver or rider","Male",23,"A","Dual carriageway",40,"Unclassified","Not a Pedestrian","Not a Pedestrian",427732,425798,"E01011548",1,"T or staggered junction","Darkness - lights lit","Snowing + high winds","Snow","Motorcyclist and pillion"
"7635","20181351G1876",2018-01-16,2018,"Jan",16,"21:20",21,20,"Tuesday","Slight",1,"Slight","Car occupant","Driver or rider","Female",29,"A","Single carriageway",30,"A","Not a Pedestrian","Not a Pedestrian",432513,427318,"E01032496",2,"Crossroads","Darkness - lights lit","Snowing no high winds","Snow","Car occupant"
"7636","20181351G2091",2018-01-16,2018,"Jan",16,"22:14",22,14,"Tuesday","Slight",1,"Slight","Car occupant","Driver or rider","Female",55,"Motorway","Roundabout",50,"Motorway","Not a Pedestrian","Not a Pedestrian",432405,426229,"E01011499",2,"Roundabout","Darkness - lighting unknown","Fine no high winds","Wet or damp","Car occupant"
"7637","20181351H0354",2018-01-17,2018,"Jan",17,"08:50",8,50,"Wednesday","Slight",1,"Slight","Car occupant","Driver or rider","Male",42,"Unclassified","Single carriageway",30,"Unclassified","Not a Pedestrian","Not a Pedestrian",425900,434497,"E01011283",2,"T or staggered junction","Daylight","Raining no high winds","Snow","Car occupant"
"7638","20181351H1013",2018-01-17,2018,"Jan",17,"15:00",15,0,"Wednesday","Serious",1,"Serious","Car occupant","Driver or rider","Female",36,"Unclassified","Single carriageway",30,NA,"Not a Pedestrian","Not a Pedestrian",433394,435105,"E01011339",1,"Not at junction or within 20 metres","Daylight","Raining no high winds","Wet or damp","Car occupant"
"7639","20181351H1037",2018-01-17,2018,"Jan",17,"15:10",15,10,"Wednesday","Serious",1,"Serious","Cyclist","Driver or rider","Male",36,"Unclassified","Single carriageway",30,NA,"Not a Pedestrian","Not a Pedestrian",430874,433376,"E01033011",2,"Not at junction or within 20 metres","Daylight","Fine no high winds","Dry","Cyclist"
"7640","20181351I0259",2018-01-18,2018,"Jan",18,"07:20",7,20,"Thursday","Slight",1,"Slight","Pedestrian","Pedestrian","Male",23,"A","Dual carriageway",40,"Unclassified","Unknown or other","Crossing from driver's nearside",426643,433874,"E01032500",1,"Other junction","Darkness - lighting unknown","Fine no high winds","Dry","Pedestrian"
"7641","20181351I0504",2018-01-18,2018,"Jan",18,"08:28",8,28,"Thursday","Slight",2,"Slight","Bus or coach occupant (17 or more pass seats)","Passenger","Female",46,"Unclassified","Single carriageway",30,"A","Not a Pedestrian","Not a Pedestrian",430770,433453,"E01033011",1,"T or staggered junction","Daylight","Fine no high winds","Dry","Bus and goods vehicle occupant"
"7642","20181351I0448",2018-01-18,2018,"Jan",18,"09:20",9,20,"Thursday","Slight",2,"Slight","Car occupant","Driver or rider","Female",39,"A","Single carriageway",30,"Unclassified","Not a Pedestrian","Not a Pedestrian",419531,441575,"E01011265",2,"T or staggered junction","Daylight","Other","Frost or ice","Car occupant"
"7643","20181351I0890",2018-01-18,2018,"Jan",18,"14:20",14,20,"Thursday","Slight",3,"Slight","Car occupant","Driver or rider","Male",28,"A","Dual carriageway",40,"Unclassified","Not a Pedestrian","Not a Pedestrian",437771,433085,"E01011411",2,"Roundabout","Daylight","Fine no high winds","Dry","Car occupant"
"7644","20181351I1124",2018-01-18,2018,"Jan",18,"15:30",15,30,"Thursday","Slight",1,"Slight","Car occupant","Driver or rider","Male",46,"Unclassified","Dual carriageway",30,"A","Not a Pedestrian","Not a Pedestrian",431970,435825,"E01011422",2,"Crossroads","Daylight","Fine no high winds","Dry","Car occupant"
"7645","20181351I1440",2018-01-18,2018,"Jan",18,"17:45",17,45,"Thursday","Slight",1,"Slight","Car occupant","Driver or rider","Female",68,"A","Single carriageway",40,"Unclassified","Not a Pedestrian","Not a Pedestrian",424278,428348,"E01011523",2,"T or staggered junction","Darkness - lights lit","Raining no high winds","Wet or damp","Car occupant"
"7646","20181351J0246",2018-01-19,2018,"Jan",19,"06:35",6,35,"Friday","Slight",1,"Slight","Pedestrian","Pedestrian","Male",19,"Unclassified","Dual carriageway",30,NA,"In carriageway, crossing elsewhere","Crossing from driver's nearside",431048,433059,"E01033034",1,"Not at junction or within 20 metres","Darkness - lights lit","Raining no high winds","Wet or damp","Pedestrian"
"7647","20181351J0285",2018-01-19,2018,"Jan",19,"07:20",7,20,"Friday","Slight",1,"Slight","Car occupant","Driver or rider","Female",44,"Unclassified","Single carriageway",20,NA,"Not a Pedestrian","Not a Pedestrian",430951,429996,"E01011473",3,"Not at junction or within 20 metres","Darkness - lighting unknown","Fine no high winds","Frost or ice","Car occupant"
"7648","20181351O0688",2018-01-19,2018,"Jan",19,"10:00",10,0,"Friday","Slight",1,"Slight","Car occupant","Driver or rider","Male",28,"Unclassified","Single carriageway",30,NA,"Not a Pedestrian","Not a Pedestrian",430933,435649,"E01011360",2,"Not at junction or within 20 metres","Daylight","Fine no high winds","Dry","Car occupant"
"7649","20181351J1698",2018-01-19,2018,"Jan",19,"20:07",20,7,"Friday","Slight",1,"Slight","Pedestrian","Pedestrian","Female",31,"Unclassified","Single carriageway",30,NA,"In carriageway, not crossing","In carriageway, stationary - not crossing  (standing or playing)",434529,435517,"E01011664",2,"Not at junction or within 20 metres","Darkness - lights lit","Fine no high winds","Frost or ice","Pedestrian"
"7650","20181351J2063",2018-01-19,2018,"Jan",19,"22:35",22,35,"Friday","Slight",1,"Slight","Car occupant","Passenger","Female",17,"Unclassified","Dual carriageway",30,"Unclassified","Not a Pedestrian","Not a Pedestrian",431421,432409,"E01011626",2,"Slip road","Darkness - lights lit","Fine no high winds","Wet or damp","Car occupant"
"7651","20181351K0068",2018-01-19,2018,"Jan",19,"23:15",23,15,"Friday","Slight",1,"Slight","Pedestrian","Pedestrian","Female",27,"A","Dual carriageway",30,"A","Crossing on pedestrian crossing facility","Crossing from driver's nearside",424235,428163,"E01011523",1,"Roundabout","Darkness - lights lit","Fine no high winds","Wet or damp","Pedestrian"
"7652","20181351K0227",2018-01-20,2018,"Jan",20,"03:00",3,0,"Saturday","Serious",5,"Serious","Car occupant","Driver or rider","Male",31,"Unclassified","Single carriageway",30,"Unclassified","Not a Pedestrian","Not a Pedestrian",429702,431348,"E01011373",1,"T or staggered junction","Darkness - lights lit","Fine no high winds","Frost or ice","Car occupant"
"7653","20181351K1256",2018-01-20,2018,"Jan",20,"17:30",17,30,"Saturday","Slight",1,"Slight","Car occupant","Driver or rider","Male",50,"Unclassified","Single carriageway",30,NA,"Not a Pedestrian","Not a Pedestrian",430411,439579,"E01011558",2,"Not at junction or within 20 metres","Darkness - lights lit","Fine no high winds","Wet or damp","Car occupant"
"7654","20181351K1556",2018-01-20,2018,"Jan",20,"20:00",20,0,"Saturday","Serious",1,"Serious","Pedestrian","Pedestrian","Male",34,"Unclassified","Single carriageway",30,NA,"In carriageway, crossing elsewhere","Crossing from driver's offside",431091,432229,"E01011467",1,"Not at junction or within 20 metres","Darkness - lights lit","Raining no high winds","Wet or damp","Pedestrian"
"7655","20181351L0609",2018-01-21,2018,"Jan",21,"11:44",11,44,"Sunday","Slight",1,"Slight","Cyclist","Driver or rider","Male",36,"Unclassified","Single carriageway",30,"Unclassified","Not a Pedestrian","Not a Pedestrian",431753,434603,"E01011677",2,"T or staggered junction","Daylight","Fine no high winds","Dry","Cyclist"
"7656","20181351L0845",2018-01-21,2018,"Jan",21,"13:30",13,30,"Sunday","Slight",1,"Slight","Car occupant","Driver or rider","Male",40,"Unclassified","Single carriageway",30,NA,"Not a Pedestrian","Not a Pedestrian",428805,425807,"E01011552",1,"Not at junction or within 20 metres","Daylight","Fine no high winds","Frost or ice","Car occupant"
"7657","20181351L0802",2018-01-21,2018,"Jan",21,"13:42",13,42,"Sunday","Slight",2,"Slight","Car occupant","Passenger","Male",17,"Unclassified","Single carriageway",30,"Unclassified","Not a Pedestrian","Not a Pedestrian",421533,445877,"E01011569",2,"T or staggered junction","Daylight","Snowing no high winds","Snow","Car occupant"
"7658","20181351L0977",2018-01-21,2018,"Jan",21,"15:30",15,30,"Sunday","Slight",1,"Slight","Car occupant","Passenger","Female",46,"Motorway","Dual carriageway",70,NA,"Not a Pedestrian","Not a Pedestrian",426978,430296,"E01011734",2,"Not at junction or within 20 metres","Daylight","Raining + high winds","Frost or ice","Car occupant"
"7659","20181351M0731",2018-01-22,2018,"Jan",22,"12:55",12,55,"Monday","Slight",1,"Slight","Pedestrian","Pedestrian","Male",16,"A","Dual carriageway",40,"Unclassified","In carriageway, crossing elsewhere","Crossing from driver's nearside",431803,431377,"E01011468",1,"Other junction","Daylight","Fine no high winds","Dry","Pedestrian"
"7660","20181351M1160",2018-01-22,2018,"Jan",22,"15:03",15,3,"Monday","Slight",1,"Slight","Car occupant","Driver or rider","Male",35,"Unclassified","Single carriageway",30,"Unclassified","Not a Pedestrian","Not a Pedestrian",430782,438592,"E01011512",2,"Crossroads","Daylight","Fine no high winds","Wet or damp","Car occupant"
"7661","20181351M1215",2018-01-22,2018,"Jan",22,"16:52",16,52,"Monday","Slight",4,"Slight","Car occupant","Driver or rider","Female",30,"Unclassified","Single carriageway",30,NA,"Not a Pedestrian","Not a Pedestrian",433816,434551,"E01011346",4,"Not at junction or within 20 metres","Darkness - lights lit","Fine no high winds","Dry","Car occupant"
"7662","20181351M1399",2018-01-22,2018,"Jan",22,"18:21",18,21,"Monday","Slight",1,"Slight","Cyclist","Driver or rider","Male",25,"Unclassified","Single carriageway",30,"Unclassified","Not a Pedestrian","Not a Pedestrian",430157,430970,"E01011322",2,"Other junction","Darkness - no lighting","Fine no high winds","Wet or damp","Cyclist"
"7663","20181351G1508",2018-01-22,2018,"Jan",22,"18:39",18,39,"Monday","Slight",1,"Slight","Car occupant","Driver or rider","Male",24,"Unclassified","Single carriageway",30,NA,"Not a Pedestrian","Not a Pedestrian",425482,438746,"E01011388",2,"Not at junction or within 20 metres","Darkness - lights lit","Snowing no high winds","Snow","Car occupant"
"7664","20181351N0812",2018-01-23,2018,"Jan",23,"13:24",13,24,"Tuesday","Slight",1,"Slight","Car occupant","Driver or rider","Male",71,"Unclassified","Single carriageway",30,NA,"Not a Pedestrian","Not a Pedestrian",423662,438120,"E01011459",2,"Not at junction or within 20 metres","Darkness - lighting unknown","Fine no high winds","Dry","Car occupant"
"7665","20181351N1571",2018-01-23,2018,"Jan",23,"19:30",19,30,"Tuesday","Slight",1,"Slight","Cyclist","Driver or rider","Male",32,"B","Single carriageway",30,"Unclassified","Not a Pedestrian","Not a Pedestrian",436642,432604,"E01011419",2,"T or staggered junction","Darkness - lights lit","Fine no high winds","Dry","Cyclist"
"7666","20181351N1993",2018-01-23,2018,"Jan",23,"23:17",23,17,"Tuesday","Serious",1,"Serious","Pedestrian","Pedestrian","Female",19,"Unclassified","Single carriageway",30,"Unclassified","Crossing elsewhere within 50m. of pedestrian crossing","Crossing from driver's offside",428504,434471,"E01011681",1,"T or staggered junction","Darkness - lights lit","Fine no high winds","Wet or damp","Pedestrian"
"7667","20181351N0267",2018-01-24,2018,"Jan",24,"07:54",7,54,"Wednesday","Slight",2,"Slight","Car occupant","Driver or rider","Male",70,"Motorway","Unknown",50,NA,"Not a Pedestrian","Not a Pedestrian",435590,431291,"E01011420",2,"Not at junction or within 20 metres","Daylight","Fine no high winds","Wet or damp","Car occupant"
"7668","20181351O0327",2018-01-24,2018,"Jan",24,"08:30",8,30,"Wednesday","Slight",3,"Slight","Car occupant","Driver or rider","Female",38,"Unclassified","Single carriageway",30,"B","Not a Pedestrian","Not a Pedestrian",424992,432896,"E01011727",2,"Crossroads","Daylight","Raining no high winds","Wet or damp","Car occupant"
"7669","20181351O0855",2018-01-24,2018,"Jan",24,"13:51",13,51,"Wednesday","Serious",1,"Serious","Goods vehicle (over 3.5t. and under 7.5t.) occupant","Driver or rider","Male",68,"Motorway","Dual carriageway",70,NA,"Not a Pedestrian","Not a Pedestrian",433562,425862,"E01011500",3,"Not at junction or within 20 metres","Daylight","Fine no high winds","Dry","Bus and goods vehicle occupant"
"7670","20181351O0866",2018-01-24,2018,"Jan",24,"14:00",14,0,"Wednesday","Slight",1,"Slight","Car occupant","Driver or rider","Male",64,"Unclassified","Single carriageway",30,"Unclassified","Not a Pedestrian","Not a Pedestrian",427853,432793,"E01011362",2,"T or staggered junction","Daylight","Raining + high winds","Dry","Car occupant"
"7671","20181351O1318",2018-01-24,2018,"Jan",24,"17:52",17,52,"Wednesday","Serious",1,"Serious","Pedestrian","Pedestrian","Male",17,"A","Dual carriageway",40,NA,"Unknown or other","Crossing from driver's nearside",434164,433869,"E01011616",1,"Not at junction or within 20 metres","Darkness - lighting unknown","Fine no high winds","Dry","Pedestrian"
"7672","20181351P0268",2018-01-25,2018,"Jan",25,"08:25",8,25,"Thursday","Serious",1,"Serious","Motorcycle over 500cc rider or passenger","Driver or rider","Male",25,"A","Single carriageway",40,NA,"Not a Pedestrian","Not a Pedestrian",434229,438674,"E01011649",2,"Not at junction or within 20 metres","Daylight","Fine no high winds","Wet or damp","Motorcyclist and pillion"
"7673","20181351P0353",2018-01-25,2018,"Jan",25,"09:15",9,15,"Thursday","Serious",1,"Serious","Pedestrian","Pedestrian","Male",85,"A","Single carriageway",30,NA,"Unknown or other","Crossing from driver's nearside",427493,436984,"E01011690",1,"Not at junction or within 20 metres","Daylight","Fine no high winds","Dry","Pedestrian"
"7674","20181351P0812",2018-01-25,2018,"Jan",25,"13:14",13,14,"Thursday","Serious",2,"Serious","Car occupant","Driver or rider","Male",72,"Unclassified","Single carriageway",30,"Unclassified","Not a Pedestrian","Not a Pedestrian",431074,430365,"E01011472",2,"Crossroads","Daylight","Fine no high winds","Dry","Car occupant"
"7675","20181351P0848",2018-01-25,2018,"Jan",25,"14:00",14,0,"Thursday","Slight",1,"Slight","Car occupant","Driver or rider","Female",56,"A","Roundabout",40,"Unclassified","Not a Pedestrian","Not a Pedestrian",428707,433140,"E01033013",2,"Roundabout","Daylight","Fine no high winds","Dry","Car occupant"
"7676","20181351P0878",2018-01-25,2018,"Jan",25,"14:15",14,15,"Thursday","Slight",1,"Slight","Cyclist","Driver or rider","Female",27,"A","Roundabout",40,"Unclassified","Not a Pedestrian","Not a Pedestrian",425473,432855,"E01011730",2,"Roundabout","Daylight","Fine no high winds","Dry","Cyclist"
"7677","20181351P1051",2018-01-25,2018,"Jan",25,"15:30",15,30,"Thursday","Slight",1,"Slight","Pedestrian","Pedestrian","Female",39,"Unclassified","Single carriageway",30,"Unclassified","In carriageway, crossing elsewhere","Crossing from driver's nearside",432713,434970,"E01011431",1,"T or staggered junction","Daylight","Fine no high winds","Dry","Pedestrian"
"7678","20181351P1324",2018-01-25,2018,"Jan",25,"17:44",17,44,"Thursday","Slight",1,"Slight","Pedestrian","Pedestrian","Male",39,"B","Single carriageway",40,NA,"Crossing on pedestrian crossing facility","Crossing from driver's offside",424868,434435,"E01032606",1,"Not at junction or within 20 metres","Darkness - lights lit","Raining no high winds","Wet or damp","Pedestrian"
"7679","20181351P1516",2018-01-25,2018,"Jan",25,"19:30",19,30,"Thursday","Slight",1,"Slight","Cyclist","Driver or rider","Male",50,"Unclassified","Single carriageway",30,"Unclassified","Not a Pedestrian","Not a Pedestrian",429558,431565,"E01011364",2,"Crossroads","Darkness - lights lit","Raining no high winds","Wet or damp","Cyclist"
"7680","20181351P1809",2018-01-25,2018,"Jan",25,"22:05",22,5,"Thursday","Slight",1,"Slight","Pedestrian","Pedestrian","Female",43,"Unclassified","Single carriageway",30,"Unclassified","Crossing elsewhere within 50m. of pedestrian crossing","Crossing from driver's offside",430499,437087,"E01011352",1,"T or staggered junction","Darkness - lights lit","Fine no high winds","Wet or damp","Pedestrian"
"7681","20181351Q0595",2018-01-26,2018,"Jan",26,"11:15",11,15,"Friday","Slight",1,"Slight","Pedestrian","Pedestrian","Female",24,"Unclassified","Single carriageway",30,"Unclassified","In carriageway, crossing elsewhere","Crossing from driver's nearside",425941,437265,"E01011484",1,"T or staggered junction","Daylight","Fine no high winds","Dry","Pedestrian"
"7682","20181351Q0731",2018-01-26,2018,"Jan",26,"12:35",12,35,"Friday","Serious",1,"Serious","Pedestrian","Pedestrian","Male",48,"A","Single carriageway",30,NA,"Crossing on pedestrian crossing facility","Crossing from driver's offside",430045,431049,"E01011312",1,"Not at junction or within 20 metres","Daylight","Fine no high winds","Dry","Pedestrian"
"7683","20181351Q1039",2018-01-26,2018,"Jan",26,"14:17",14,17,"Friday","Slight",1,"Slight","Cyclist","Driver or rider","Female",21,"A","Single carriageway",30,"Unclassified","Not a Pedestrian","Not a Pedestrian",429760,434505,"E01033005",2,"T or staggered junction","Daylight","Fine no high winds","Dry","Cyclist"
"7684","20181351Q1884",2018-01-26,2018,"Jan",26,"19:30",19,30,"Friday","Slight",1,"Slight","Cyclist","Driver or rider","Male",41,"Unclassified","Single carriageway",30,"Unclassified","Not a Pedestrian","Not a Pedestrian",429224,431521,"E01011373",2,"T or staggered junction","Darkness - lights lit","Fine no high winds","Dry","Cyclist"
"7685","20181351R0160",2018-01-27,2018,"Jan",27,"02:20",2,20,"Saturday","Slight",1,"Slight","Pedestrian","Pedestrian","Female",28,"B","Single carriageway",30,NA,"On footway or verge","Unknown or other",432479,434780,"E01011344",1,"Not at junction or within 20 metres","Darkness - lights lit","Fine no high winds","Dry","Pedestrian"
"7686","20181351R1371",2018-01-27,2018,"Jan",27,"17:29",17,29,"Saturday","Slight",1,"Slight","Car occupant","Driver or rider","Male",24,"B","Single carriageway",30,"Unclassified","Not a Pedestrian","Not a Pedestrian",431982,435807,"E01011422",2,"T or staggered junction","Darkness - lights lit","Fine no high winds","Dry","Car occupant"
"7687","20181351S0923",2018-01-28,2018,"Jan",28,"00:31",0,31,"Sunday","Slight",1,"Slight","Car occupant","Driver or rider","Male",36,"Unclassified","Single carriageway",30,"Unclassified","Not a Pedestrian","Not a Pedestrian",431904,434860,"E01011677",2,"T or staggered junction","Darkness - lights lit","Fine no high winds","Dry","Car occupant"
"7688","20181351S1189",2018-01-28,2018,"Jan",28,"16:20",16,20,"Sunday","Serious",1,"Serious","Motorcycle 125cc and under rider or passenger","Driver or rider","Male",19,"Unclassified","Single carriageway",30,NA,"Not a Pedestrian","Not a Pedestrian",425626,428575,"E01011532",2,"Not at junction or within 20 metres","Daylight","Fine no high winds","Dry","Motorcyclist and pillion"
"7689","20181351S1426",2018-01-28,2018,"Jan",28,"18:35",18,35,"Sunday","Slight",2,"Slight","Car occupant","Driver or rider","Male",42,"A","Single carriageway",50,"B","Not a Pedestrian","Not a Pedestrian",422493,427896,"E01011527",2,"T or staggered junction","Darkness - lights lit","Fine no high winds","Wet or damp","Car occupant"
"7690","20181351T0191",2018-01-29,2018,"Jan",29,"05:50",5,50,"Monday","Slight",2,"Slight","Car occupant","Driver or rider","Female",31,"Motorway","Roundabout",40,NA,"Not a Pedestrian","Not a Pedestrian",432286,426254,"E01011499",2,"Not at junction or within 20 metres","Darkness - lights lit","Fine no high winds","Wet or damp","Car occupant"
"7691","20181351T0214",2018-01-29,2018,"Jan",29,"06:43",6,43,"Monday","Slight",1,"Slight","Cyclist","Driver or rider","Male",52,"A","Single carriageway",30,"Unclassified","Not a Pedestrian","Not a Pedestrian",423546,437387,"E01011454",2,"T or staggered junction","Darkness - lights lit","Raining no high winds","Wet or damp","Cyclist"
"7692","20181351T0804",2018-01-29,2018,"Jan",29,"13:05",13,5,"Monday","Serious",3,"Slight","Car occupant","Driver or rider","Female",19,"B","Single carriageway",40,"Unclassified","Not a Pedestrian","Not a Pedestrian",443335,435491,"E01011297",2,"Crossroads","Daylight","Fine no high winds","Wet or damp","Car occupant"
"7693","20181351T0963",2018-01-29,2018,"Jan",29,"14:18",14,18,"Monday","Slight",1,"Slight","Motorcycle 125cc and under rider or passenger","Driver or rider","Male",23,"Unclassified","Single carriageway",20,"Unclassified","Not a Pedestrian","Not a Pedestrian",432183,433327,"E01011623",2,"T or staggered junction","Daylight","Fine no high winds","Dry","Motorcyclist and pillion"
"7694","20181351T1315",2018-01-29,2018,"Jan",29,"14:40",14,40,"Monday","Slight",3,"Slight","Bus or coach occupant (17 or more pass seats)","Passenger","Male",26,"Unclassified","Single carriageway",30,NA,"Not a Pedestrian","Not a Pedestrian",427977,433614,"E01011294",1,"Not at junction or within 20 metres","Daylight","Fine no high winds","Dry","Bus and goods vehicle occupant"