"","accident_index","date","year","month","day","time","time_hour","time_minute","day_of_week","accident_severity","number_of_casualties","casualty_severity","casualty_type","casualty_class","sex_of_casualty","age_of_casualty","first_road_class","road_type","speed_limit","second_road_class","pedestrian_location","pedestrian_movement","location_easting_osgr","location_northing_osgr","lsoa_of_accident_location","number_of_vehicles","junction_detail","light_conditions","weather_conditions","road_surface_conditions","cas_type"
"7695","20181351T1039",2018-01-29,2018,"Jan",29,"14:50",14,50,"Monday","Slight",1,"Slight","Car occupant","Driver or rider","Male",55,"A(M)","Dual carriageway",70,NA,"Not a Pedestrian","Not a Pedestrian",440500,446312,"E01011704",1,"Not at junction or within 20 metres","Daylight","Fine no high winds","Wet or damp","Car occupant"
"7696","20181351T1111",2018-01-29,2018,"Jan",29,"15:15",15,15,"Monday","Slight",2,"Slight","Van / Goods vehicle (3.5 tonnes mgw or under) occupant","Driver or rider","Male",40,"A","Single carriageway",60,NA,"Not a Pedestrian","Not a Pedestrian",443612,431682,"E01011299",4,"Not at junction or within 20 metres","Daylight","Fine no high winds","Dry","Bus and goods vehicle occupant"
"7697","20181351T1797",2018-01-29,2018,"Jan",29,"20:49",20,49,"Monday","Slight",1,"Slight","Car occupant","Driver or rider","Male",31,"A(M)","Dual carriageway",70,NA,"Not a Pedestrian","Not a Pedestrian",437897,433100,"E01011402",1,"Not at junction or within 20 metres","Darkness - no lighting","Fine no high winds","Dry","Car occupant"
"7698","20181351U0222",2018-01-30,2018,"Jan",30,"06:45",6,45,"Tuesday","Slight",1,"Slight","Car occupant","Driver or rider","Female",58,"Motorway","Dual carriageway",50,NA,"Not a Pedestrian","Not a Pedestrian",427811,431244,"E01011369",6,"Not at junction or within 20 metres","Darkness - lights lit","Fine no high winds","Dry","Car occupant"
"7699","20181351U0670",2018-01-30,2018,"Jan",30,"08:50",8,50,"Tuesday","Slight",1,"Slight","Car occupant","Driver or rider","Female",33,"Unclassified","Single carriageway",30,"A","Not a Pedestrian","Not a Pedestrian",438497,430405,"E01011390",2,"T or staggered junction","Daylight","Fine no high winds","Dry","Car occupant"
"7700","20181351U0390",2018-01-30,2018,"Jan",30,"09:13",9,13,"Tuesday","Serious",1,"Serious","Cyclist","Driver or rider","Male",10,"Unclassified","Single carriageway",40,NA,"Not a Pedestrian","Not a Pedestrian",435268,434804,"E01011343",2,"Not at junction or within 20 metres","Daylight","Fine no high winds","Wet or damp","Cyclist"
"7701","2018135221579",2018-01-31,2018,"Jan",31,"08:20",8,20,"Wednesday","Slight",1,"Slight","Pedestrian","Pedestrian","Male",12,"Unclassified","Single carriageway",20,NA,"In carriageway, crossing elsewhere","Crossing from offside - masked by  parked or stationary vehicle",423857,438580,"E01011459",1,"Not at junction or within 20 metres","Daylight","Fine no high winds","Dry","Pedestrian"
"7702","20181351V0967",2018-01-31,2018,"Jan",31,"14:30",14,30,"Wednesday","Slight",1,"Slight","Cyclist","Driver or rider","Male",21,"Unclassified","Single carriageway",30,NA,"Not a Pedestrian","Not a Pedestrian",427489,434601,"E01011482",2,"Not at junction or within 20 metres","Daylight","Fine no high winds","Dry","Cyclist"
"7703","20181351V1253",2018-01-31,2018,"Jan",31,"16:45",16,45,"Wednesday","Slight",1,"Slight","Bus or coach occupant (17 or more pass seats)","Passenger","Female",53,"A","Roundabout",40,"B","Not a Pedestrian","Not a Pedestrian",436860,433637,"E01011411",2,"Roundabout","Daylight","Fine + high winds","Dry","Bus and goods vehicle occupant"
"7704","20181351V1411",2018-01-31,2018,"Jan",31,"17:59",17,59,"Wednesday","Slight",1,"Slight","Car occupant","Driver or rider","Female",25,"A","Single carriageway",30,"B","Not a Pedestrian","Not a Pedestrian",420831,439679,"E01011580",2,"Crossroads","Darkness - lights lit","Fine no high winds","Wet or damp","Car occupant"
"7705","20181351V1573",2018-01-31,2018,"Jan",31,"18:15",18,15,"Wednesday","Slight",2,"Slight","Car occupant","Driver or rider","Male",34,"Unclassified","Single carriageway",30,"Unclassified","Not a Pedestrian","Not a Pedestrian",435425,437263,"E01011657",2,"Crossroads","Darkness - lights lit","Raining no high winds","Wet or damp","Car occupant"
"7706","2018135211823",2018-02-01,2018,"Feb",1,"07:50",7,50,"Thursday","Serious",1,"Serious","Cyclist","Driver or rider","Male",44,"B","Single carriageway",30,"Unclassified","Not a Pedestrian","Not a Pedestrian",428098,436746,"E01011692",2,"T or staggered junction","Daylight","Fine no high winds","Dry","Cyclist"
"7707","2018135210508",2018-02-01,2018,"Feb",1,"09:00",9,0,"Thursday","Slight",1,"Slight","Cyclist","Driver or rider","Male",28,"Unclassified","Single carriageway",30,"Unclassified","Not a Pedestrian","Not a Pedestrian",428837,440131,"E01011554",2,"T or staggered junction","Daylight","Fine no high winds","Dry","Cyclist"
"7708","2018135210417",2018-02-01,2018,"Feb",1,"09:13",9,13,"Thursday","Slight",1,"Slight","Pedestrian","Pedestrian","Male",59,"A","Single carriageway",30,"Unclassified","In carriageway, crossing elsewhere","Crossing from driver's offside",432522,427562,"E01011496",1,"Crossroads","Daylight","Fine no high winds","Dry","Pedestrian"
"7709","2018135210620",2018-02-01,2018,"Feb",1,"11:21",11,21,"Thursday","Slight",1,"Slight","Pedestrian","Pedestrian","Male",47,"Unclassified","Single carriageway",30,"Unclassified","In carriageway, crossing elsewhere","Crossing from driver's nearside",421723,432936,"E01011602",1,"T or staggered junction","Daylight","Fine no high winds","Dry","Pedestrian"
"7710","2018135210831",2018-02-01,2018,"Feb",1,"13:23",13,23,"Thursday","Slight",1,"Slight","Car occupant","Driver or rider","Female",42,"Unclassified","Single carriageway",30,"Unclassified","Not a Pedestrian","Not a Pedestrian",426517,435658,"E01011477",3,"Crossroads","Daylight","Fine no high winds","Snow","Car occupant"
"7711","2018135210901",2018-02-01,2018,"Feb",1,"13:55",13,55,"Thursday","Serious",1,"Serious","Motorcycle over 125cc and up to 500cc rider or  passenger","Driver or rider","Female",52,"Unclassified","Single carriageway",30,NA,"Not a Pedestrian","Not a Pedestrian",439742,430162,"E01011392",1,"Not at junction or within 20 metres","Daylight","Fine no high winds","Dry","Motorcyclist and pillion"
"7712","2018135211489",2018-02-01,2018,"Feb",1,"18:43",18,43,"Thursday","Serious",2,"Serious","Car occupant","Driver or rider","Male",42,"Unclassified","Single carriageway",30,NA,"Not a Pedestrian","Not a Pedestrian",431304,434649,"E01033031",2,"Not at junction or within 20 metres","Darkness - lights lit","Fine no high winds","Dry","Car occupant"
"7713","2018135211579",2018-02-01,2018,"Feb",1,"19:23",19,23,"Thursday","Serious",1,"Serious","Car occupant","Driver or rider","Male",63,"Motorway","Dual carriageway",70,NA,"Not a Pedestrian","Not a Pedestrian",431213,426513,"E01011499",3,"Not at junction or within 20 metres","Darkness - lights lit","Fine no high winds","Dry","Car occupant"
"7714","2018135220298",2018-02-02,2018,"Feb",2,"08:00",8,0,"Friday","Slight",1,"Slight","Pedestrian","Pedestrian","Female",13,"Unclassified","One way street",30,NA,"In carriageway, crossing elsewhere","Crossing from driver's nearside",418458,442826,"E01011280",1,"Not at junction or within 20 metres","Daylight","Fine no high winds","Dry","Pedestrian"
"7715","2018135221273",2018-02-02,2018,"Feb",2,"16:25",16,25,"Friday","Slight",1,"Slight","Car occupant","Driver or rider","Male",57,"A","Dual carriageway",30,"Unclassified","Not a Pedestrian","Not a Pedestrian",428995,429899,"E01011320",3,"Other junction","Daylight","Fine no high winds","Dry","Car occupant"
"7716","2018135221295",2018-02-02,2018,"Feb",2,"16:40",16,40,"Friday","Serious",1,"Serious","Pedestrian","Pedestrian","Male",12,"Unclassified","Single carriageway",20,NA,"Unknown or other","Unknown or other",427102,427364,"E01011547",1,"Not at junction or within 20 metres","Daylight","Fine no high winds","Dry","Pedestrian"
"7717","2018135221554",2018-02-02,2018,"Feb",2,"18:38",18,38,"Friday","Slight",1,"Slight","Cyclist","Driver or rider","Female",21,"Unclassified","Single carriageway",30,"Unclassified","Not a Pedestrian","Not a Pedestrian",429972,433288,"E01033016",2,"T or staggered junction","Darkness - lights lit","Fine no high winds","Dry","Cyclist"
"7718","2018135221602",2018-02-02,2018,"Feb",2,"18:55",18,55,"Friday","Slight",3,"Slight","Car occupant","Driver or rider","Female",37,"Unclassified","Single carriageway",30,"Unclassified","Not a Pedestrian","Not a Pedestrian",431883,435363,"E01011428",3,"T or staggered junction","Darkness - lights lit","Fine no high winds","Dry","Car occupant"
"7719","2018135221770",2018-02-02,2018,"Feb",2,"20:00",20,0,"Friday","Slight",1,"Slight","Car occupant","Driver or rider","Male",23,"Unclassified","Single carriageway",30,"A","Not a Pedestrian","Not a Pedestrian",431739,431403,"E01011468",1,"T or staggered junction","Darkness - lights lit","Fine no high winds","Dry","Car occupant"
"7720","2018135230684",2018-02-03,2018,"Feb",3,"11:45",11,45,"Saturday","Slight",2,"Slight","Van / Goods vehicle (3.5 tonnes mgw or under) occupant","Driver or rider","Male",28,"Unclassified","Single carriageway",30,"Unclassified","Not a Pedestrian","Not a Pedestrian",425116,432412,"E01011726",2,"Private drive or entrance","Daylight","Fine no high winds","Wet or damp","Bus and goods vehicle occupant"
"7721","2018135230700",2018-02-03,2018,"Feb",3,"11:50",11,50,"Saturday","Slight",3,"Slight","Car occupant","Driver or rider","Male",77,"A","Single carriageway",40,NA,"Not a Pedestrian","Not a Pedestrian",425465,426996,"E01011534",2,"Not at junction or within 20 metres","Daylight","Raining no high winds","Wet or damp","Car occupant"
"7722","2018135290494",2018-02-03,2018,"Feb",3,"13:30",13,30,"Saturday","Slight",1,"Slight","Car occupant","Driver or rider","Male",64,"Unclassified","Single carriageway",30,"Unclassified","Not a Pedestrian","Not a Pedestrian",431182,438729,"E01011511",2,"T or staggered junction","Daylight","Fine no high winds","Dry","Car occupant"
"7723","2018135230952",2018-02-03,2018,"Feb",3,"14:00",14,0,"Saturday","Serious",1,"Serious","Pedestrian","Pedestrian","Male",74,"A","Single carriageway",30,"Unclassified","In centre of carriageway - not on refuge, island or central reservation","Crossing from driver's nearside",419469,441649,"E01011267",1,"T or staggered junction","Daylight","Raining no high winds","Wet or damp","Pedestrian"
"7724","2018135231758",2018-02-03,2018,"Feb",3,"21:46",21,46,"Saturday","Slight",1,"Slight","Car occupant","Driver or rider","Male",37,"Unclassified","Single carriageway",30,"Unclassified","Not a Pedestrian","Not a Pedestrian",432630,434928,"E01011433",2,"T or staggered junction","Darkness - lights lit","Fine no high winds","Wet or damp","Car occupant"
"7725","2018135231836",2018-02-03,2018,"Feb",3,"22:31",22,31,"Saturday","Slight",1,"Slight","Pedestrian","Pedestrian","Male",34,"Unclassified","Single carriageway",30,"A","In carriageway, crossing elsewhere","Crossing from driver's nearside",431349,435062,"E01011429",1,"T or staggered junction","Darkness - lights lit","Fine no high winds","Dry","Pedestrian"
"7726","2018135240945",2018-02-04,2018,"Feb",4,"04:35",4,35,"Sunday","Slight",3,"Slight","Taxi/Private hire car occupant","Passenger","Male",21,"A","Dual carriageway",30,NA,"Not a Pedestrian","Not a Pedestrian",432285,433647,"E01011349",2,"Not at junction or within 20 metres","Darkness - lights lit","Fine no high winds","Dry","Car occupant"
"7727","2018135241389",2018-02-04,2018,"Feb",4,"17:35",17,35,"Sunday","Slight",2,"Slight","Car occupant","Passenger","Male",3,"A","Dual carriageway",40,"Unclassified","Not a Pedestrian","Not a Pedestrian",433108,436129,"E01011648",2,"Other junction","Darkness - lights lit","Fine no high winds","Dry","Car occupant"
"7728","2018135241529",2018-02-04,2018,"Feb",4,"18:50",18,50,"Sunday","Slight",3,"Slight","Car occupant","Driver or rider","Male",41,"A","Single carriageway",30,"A","Not a Pedestrian","Not a Pedestrian",429003,433568,"E01011363",2,"T or staggered junction","Darkness - lights lit","Fine no high winds","Dry","Car occupant"
"7729","2018135241545",2018-02-04,2018,"Feb",4,"19:00",19,0,"Sunday","Slight",1,"Slight","Car occupant","Passenger","Female",10,"Unclassified","Single carriageway",30,NA,"Not a Pedestrian","Not a Pedestrian",429359,436837,"E01011354",1,"Not at junction or within 20 metres","Darkness - lights lit","Fine no high winds","Dry","Car occupant"
"7730","2018135241812",2018-02-04,2018,"Feb",4,"21:20",21,20,"Sunday","Slight",1,"Slight","Motorcycle 125cc and under rider or passenger","Driver or rider","Male",57,"Unclassified","Single carriageway",30,"Unclassified","Not a Pedestrian","Not a Pedestrian",429139,435246,"E01033005",2,"T or staggered junction","Darkness - lights lit","Fine no high winds","Dry","Motorcyclist and pillion"
"7731","2018135250960",2018-02-05,2018,"Feb",5,"13:15",13,15,"Monday","Slight",1,"Slight","Car occupant","Driver or rider","Male",20,"Unclassified","Single carriageway",30,"Unclassified","Not a Pedestrian","Not a Pedestrian",429061,434626,"E01033006",2,"T or staggered junction","Daylight","Fine no high winds","Dry","Car occupant"
"7732","2018135251184",2018-02-05,2018,"Feb",5,"15:12",15,12,"Monday","Slight",1,"Slight","Car occupant","Driver or rider","Male",68,"Unclassified","Single carriageway",30,"Unclassified","Not a Pedestrian","Not a Pedestrian",428055,433750,"E01011363",2,"Private drive or entrance","Daylight","Fine no high winds","Dry","Car occupant"
"7733","2018135251726",2018-02-05,2018,"Feb",5,"18:06",18,6,"Monday","Slight",1,"Slight","Pedestrian","Pedestrian","Female",27,"Unclassified","Dual carriageway",30,NA,"On footway or verge","Unknown or other",430246,433406,"E01033010",1,"Not at junction or within 20 metres","Darkness - lights lit","Fine no high winds","Dry","Pedestrian"
"7734","2018135251712",2018-02-05,2018,"Feb",5,"19:00",19,0,"Monday","Slight",2,"Slight","Car occupant","Driver or rider","Male",30,"Unclassified","Single carriageway",30,NA,"Not a Pedestrian","Not a Pedestrian",440564,431683,"E01011302",2,"Not at junction or within 20 metres","Darkness - lights lit","Fine no high winds","Dry","Car occupant"
"7735","2018135252158",2018-02-05,2018,"Feb",5,"23:15",23,15,"Monday","Slight",1,"Slight","Pedestrian","Pedestrian","Male",22,"Unclassified","One way street",30,"Unclassified","In carriageway, crossing elsewhere","Crossing from driver's offside",429795,433790,"E01033008",1,"T or staggered junction","Darkness - lights lit","Fine no high winds","Dry","Pedestrian"
"7736","2018135261209",2018-02-06,2018,"Feb",6,"16:20",16,20,"Tuesday","Slight",1,"Slight","Car occupant","Driver or rider","Female",45,"Motorway","Dual carriageway",70,NA,"Not a Pedestrian","Not a Pedestrian",431517,426444,"E01011499",2,"Not at junction or within 20 metres","Daylight","Fine no high winds","Dry","Car occupant"
"7737","2018135261603",2018-02-06,2018,"Feb",6,"19:30",19,30,"Tuesday","Serious",1,"Serious","Pedestrian","Pedestrian","Male",27,"Unclassified","Single carriageway",30,"Unclassified","Crossing on pedestrian crossing facility","Crossing from driver's nearside",430604,434156,"E01033002",1,"T or staggered junction","Darkness - lights lit","Fine no high winds","Wet or damp","Pedestrian"
"7738","2018135270223",2018-02-07,2018,"Feb",7,"07:25",7,25,"Wednesday","Slight",1,"Slight","Car occupant","Driver or rider","Male",32,"A","Dual carriageway",40,NA,"Not a Pedestrian","Not a Pedestrian",428743,433249,"E01033013",1,"Not at junction or within 20 metres","Darkness - lighting unknown","Fine no high winds","Dry","Car occupant"
"7739","2018135270434",2018-02-07,2018,"Feb",7,"09:47",9,47,"Wednesday","Slight",1,"Slight","Van / Goods vehicle (3.5 tonnes mgw or under) occupant","Driver or rider","Male",54,"Motorway","Dual carriageway",50,NA,"Not a Pedestrian","Not a Pedestrian",431007,430557,"E01011471",2,"Not at junction or within 20 metres","Daylight","Fine no high winds","Dry","Bus and goods vehicle occupant"
"7740","2018135270548",2018-02-07,2018,"Feb",7,"10:48",10,48,"Wednesday","Slight",3,"Slight","Goods vehicle (7.5 tonnes mgw and over) occupant","Driver or rider","Male",46,"Motorway","Dual carriageway",50,"A","Not a Pedestrian","Not a Pedestrian",427803,431236,"E01011369",3,"Slip road","Daylight","Fine no high winds","Dry","Bus and goods vehicle occupant"
"7741","2018135271913",2018-02-07,2018,"Feb",7,"17:30",17,30,"Wednesday","Slight",1,"Slight","Taxi/Private hire car occupant","Passenger","Female",41,"Unclassified","Single carriageway",30,NA,"Not a Pedestrian","Not a Pedestrian",425453,435035,"E01011295",1,"Not at junction or within 20 metres","Darkness - lights lit","Fine no high winds","Dry","Car occupant"
"7742","2018134971519",2018-02-07,2018,"Feb",7,"19:44",19,44,"Wednesday","Slight",1,"Slight","Car occupant","Driver or rider","Male",72,"Unclassified","Single carriageway",20,NA,"Not a Pedestrian","Not a Pedestrian",421169,440497,"E01011276",1,"Not at junction or within 20 metres","Darkness - lights lit","Raining no high winds","Wet or damp","Car occupant"
"7743","2018135271687",2018-02-07,2018,"Feb",7,"19:55",19,55,"Wednesday","Slight",2,"Slight","Taxi/Private hire car occupant","Driver or rider","Male",52,"Unclassified","Single carriageway",30,"Unclassified","Not a Pedestrian","Not a Pedestrian",429190,431919,"E01011368",2,"T or staggered junction","Darkness - lights lit","Fine no high winds","Dry","Car occupant"
"7744","2018135271995",2018-02-07,2018,"Feb",7,"23:05",23,5,"Wednesday","Slight",1,"Slight","Car occupant","Driver or rider","Male",27,"Unclassified","Single carriageway",30,NA,"Not a Pedestrian","Not a Pedestrian",441757,427852,"E01011307",1,"Not at junction or within 20 metres","Darkness - lights lit","Fine no high winds","Frost or ice","Car occupant"
"7745","2018135281420",2018-02-08,2018,"Feb",8,"18:05",18,5,"Thursday","Slight",1,"Slight","Pedestrian","Pedestrian","Female",21,"Unclassified","Single carriageway",30,NA,"In carriageway, crossing elsewhere","Crossing from nearside - masked by parked or stationary vehicle",427899,433646,"E01011284",1,"Not at junction or within 20 metres","Darkness - lighting unknown","Fine no high winds","Dry","Pedestrian"
"7746","2018134981404",2018-02-08,2018,"Feb",8,"18:14",18,14,"Thursday","Slight",3,"Slight","Car occupant","Driver or rider","Female",35,"A(M)","Dual carriageway",40,"A","Not a Pedestrian","Not a Pedestrian",429857,434402,"E01033008",3,"Slip road","Darkness - lighting unknown","Fine no high winds","Dry","Car occupant"
"7747","2018135281685",2018-02-08,2018,"Feb",8,"20:30",20,30,"Thursday","Slight",1,"Slight","Car occupant","Driver or rider","Male",22,"Motorway","Slip road",70,NA,"Not a Pedestrian","Not a Pedestrian",423695,428036,"E01011529",2,"Not at junction or within 20 metres","Darkness - lights lit","Fine no high winds","Wet or damp","Car occupant"
"7748","2018135291212",2018-02-09,2018,"Feb",9,"14:15",14,15,"Friday","Slight",1,"Slight","Bus or coach occupant (17 or more pass seats)","Passenger","Female",55,"Unclassified","Single carriageway",30,"Unclassified","Not a Pedestrian","Not a Pedestrian",429124,433550,"E01033008",1,"Slip road","Daylight","Fine no high winds","Dry","Bus and goods vehicle occupant"
"7749","20181352A1309",2018-02-10,2018,"Feb",10,"16:51",16,51,"Saturday","Slight",1,"Slight","Motorcycle 50cc and under rider or passenger","Driver or rider","Female",53,"A","Dual carriageway",40,NA,"Not a Pedestrian","Not a Pedestrian",427978,430277,"E01011317",2,"Not at junction or within 20 metres","Darkness - lights lit","Fine no high winds","Wet or damp","Motorcyclist and pillion"
"7750","20181352A1399",2018-02-10,2018,"Feb",10,"17:24",17,24,"Saturday","Slight",1,"Slight","Car occupant","Driver or rider","Female",30,"A","Dual carriageway",40,"Unclassified","Not a Pedestrian","Not a Pedestrian",430699,434878,"E01011671",3,"More than 4 arms (not roundabout)","Darkness - lights lit","Fine no high winds","Dry","Car occupant"
"7751","20181352A1718",2018-02-10,2018,"Feb",10,"20:09",20,9,"Saturday","Serious",2,"Slight","Motorcycle over 125cc and up to 500cc rider or  passenger","Driver or rider","Male",28,"A","Dual carriageway",30,"Unclassified","Not a Pedestrian","Not a Pedestrian",427618,434516,"E01011482",2,"Crossroads","Darkness - lights lit","Raining no high winds","Wet or damp","Motorcyclist and pillion"
"7752","20181352B1046",2018-02-11,2018,"Feb",11,"13:50",13,50,"Sunday","Slight",1,"Slight","Bus or coach occupant (17 or more pass seats)","Passenger","Male",6,"Unclassified","Single carriageway",30,NA,"Not a Pedestrian","Not a Pedestrian",431302,433880,"E01033031",1,"Not at junction or within 20 metres","Daylight","Fine no high winds","Dry","Bus and goods vehicle occupant"
"7753","20181352B1166",2018-02-11,2018,"Feb",11,"14:00",14,0,"Sunday","Slight",1,"Slight","Bus or coach occupant (17 or more pass seats)","Passenger","Female",55,"Unclassified","Single carriageway",30,NA,"Not a Pedestrian","Not a Pedestrian",433259,432729,"E01011621",1,"Not at junction or within 20 metres","Daylight","Fine no high winds","Dry","Bus and goods vehicle occupant"
"7754","20181352C1751",2018-02-12,2018,"Feb",12,"07:50",7,50,"Monday","Slight",1,"Slight","Cyclist","Driver or rider","Male",34,"Unclassified","Single carriageway",30,"Unclassified","Not a Pedestrian","Not a Pedestrian",430070,433830,"E01033010",2,"T or staggered junction","Daylight","Fine no high winds","Dry","Cyclist"
"7755","20181352C0465",2018-02-12,2018,"Feb",12,"10:00",10,0,"Monday","Slight",1,"Slight","Car occupant","Driver or rider","Female",64,"C","Single carriageway",30,NA,"Not a Pedestrian","Not a Pedestrian",444201,433468,"E01011298",2,"Not at junction or within 20 metres","Daylight","Fine no high winds","Dry","Car occupant"
"7756","20181352C1430",2018-02-12,2018,"Feb",12,"10:20",10,20,"Monday","Slight",2,"Slight","Bus or coach occupant (17 or more pass seats)","Passenger","Female",55,"A","Single carriageway",30,NA,"Not a Pedestrian","Not a Pedestrian",431950,435798,"E01011428",2,"Not at junction or within 20 metres","Daylight","Fine no high winds","Dry","Bus and goods vehicle occupant"
"7757","20181352C1095",2018-02-12,2018,"Feb",12,"15:25",15,25,"Monday","Slight",1,"Slight","Car occupant","Driver or rider","Female",26,"A","Roundabout",30,NA,"Not a Pedestrian","Not a Pedestrian",430711,424426,"E01011537",2,"Not at junction or within 20 metres","Daylight","Fine no high winds","Dry","Car occupant"
"7758","20181352D0357",2018-02-12,2018,"Feb",12,"17:20",17,20,"Monday","Slight",1,"Slight","Pedestrian","Pedestrian","Male",59,"Unclassified","Single carriageway",30,"Unclassified","Crossing elsewhere within 50m. of pedestrian crossing","Crossing from nearside - masked by parked or stationary vehicle",431269,433826,"E01011338",1,"T or staggered junction","Darkness - lights lit","Fine no high winds","Dry","Pedestrian"
"7759","20181352C1982",2018-02-12,2018,"Feb",12,"22:15",22,15,"Monday","Slight",1,"Slight","Car occupant","Driver or rider","Male",47,"Unclassified","Single carriageway",30,"Unclassified","Not a Pedestrian","Not a Pedestrian",432552,434328,"E01011347",2,"T or staggered junction","Darkness - lights lit","Fine no high winds","Dry","Car occupant"
"7760","20181352D0371",2018-02-13,2018,"Feb",13,"09:13",9,13,"Tuesday","Slight",1,"Slight","Car occupant","Driver or rider","Male",25,"Unclassified","Single carriageway",30,"Unclassified","Not a Pedestrian","Not a Pedestrian",428113,432785,"E01011362",2,"T or staggered junction","Daylight","Raining no high winds","Wet or damp","Car occupant"
"7761","20181352D0581",2018-02-13,2018,"Feb",13,"11:31",11,31,"Tuesday","Slight",1,"Slight","Car occupant","Driver or rider","Male",21,"Unclassified","Dual carriageway",40,"A","Not a Pedestrian","Not a Pedestrian",431427,432651,"E01011626",2,"Other junction","Daylight","Raining no high winds","Wet or damp","Car occupant"
"7762","20181352D0890",2018-02-13,2018,"Feb",13,"14:25",14,25,"Tuesday","Slight",1,"Slight","Bus or coach occupant (17 or more pass seats)","Passenger","Male",69,"A","Single carriageway",30,NA,"Not a Pedestrian","Not a Pedestrian",430040,434049,"E01033010",1,"Not at junction or within 20 metres","Daylight","Fine no high winds","Wet or damp","Bus and goods vehicle occupant"
"7763","20181352E0249",2018-02-14,2018,"Feb",14,"07:40",7,40,"Wednesday","Slight",2,"Slight","Car occupant","Driver or rider","Female",32,"Unclassified","Single carriageway",30,"Unclassified","Not a Pedestrian","Not a Pedestrian",424278,428910,"E01011523",2,"T or staggered junction","Daylight","Raining no high winds","Dry","Car occupant"
"7764","20181352E0458",2018-02-14,2018,"Feb",14,"10:15",10,15,"Wednesday","Slight",3,"Slight","Car occupant","Driver or rider","Male",71,"A","Single carriageway",30,NA,"Not a Pedestrian","Not a Pedestrian",433065,426415,"E01011500",3,"Not at junction or within 20 metres","Daylight","Fine no high winds","Wet or damp","Car occupant"
"7765","20181352E1341",2018-02-14,2018,"Feb",14,"17:30",17,30,"Wednesday","Slight",1,"Slight","Cyclist","Driver or rider","Male",54,"A","Single carriageway",30,"Unclassified","Not a Pedestrian","Not a Pedestrian",428139,435851,"E01032946",2,"T or staggered junction","Darkness - lights lit","Fine no high winds","Wet or damp","Cyclist"
"7766","20181352E1362",2018-02-14,2018,"Feb",14,"18:04",18,4,"Wednesday","Serious",1,"Serious","Car occupant","Driver or rider","Male",67,"Motorway","Dual carriageway",70,NA,"Not a Pedestrian","Not a Pedestrian",432430,426102,"E01011499",3,"Not at junction or within 20 metres","Darkness - lights lit","Raining no high winds","Wet or damp","Car occupant"
"7767","20181352E1501",2018-02-14,2018,"Feb",14,"19:12",19,12,"Wednesday","Slight",1,"Slight","Pedestrian","Pedestrian","Male",31,"Unclassified","Single carriageway",20,NA,"In carriageway, crossing elsewhere","Crossing from offside - masked by  parked or stationary vehicle",429183,430908,"E01011314",1,"Not at junction or within 20 metres","Darkness - lights lit","Fine no high winds","Wet or damp","Pedestrian"
"7768","20181352F0138",2018-02-15,2018,"Feb",15,"02:19",2,19,"Thursday","Slight",1,"Slight","Pedestrian","Pedestrian","Male",28,"Unclassified","Single carriageway",30,NA,"In carriageway, not crossing","In carriageway, stationary - not crossing  (standing or playing)",426316,433620,"E01032500",1,"Not at junction or within 20 metres","Darkness - lights lit","Fine no high winds","Dry","Pedestrian"
"7769","20181352G0403",2018-02-16,2018,"Feb",16,"09:00",9,0,"Friday","Serious",1,"Serious","Car occupant","Passenger","Female",65,"Unclassified","Single carriageway",30,NA,"Not a Pedestrian","Not a Pedestrian",429320,436294,"E01011450",2,"Not at junction or within 20 metres","Daylight","Fine no high winds","Wet or damp","Car occupant"
"7770","20181352G0633",2018-02-16,2018,"Feb",16,"11:15",11,15,"Friday","Slight",2,"Slight","Car occupant","Driver or rider","Male",81,"A","Single carriageway",30,NA,"Not a Pedestrian","Not a Pedestrian",418260,442433,"E01011280",2,"Not at junction or within 20 metres","Daylight","Fine no high winds","Wet or damp","Car occupant"
"7771","20181352G0993",2018-02-16,2018,"Feb",16,"14:30",14,30,"Friday","Slight",2,"Slight","Car occupant","Passenger","Female",32,"Unclassified","Single carriageway",30,"Unclassified","Not a Pedestrian","Not a Pedestrian",432129,435329,"E01011432",2,"Crossroads","Daylight","Fine no high winds","Dry","Car occupant"
"7772","20181352G1425",2018-02-16,2018,"Feb",16,"17:30",17,30,"Friday","Slight",1,"Slight","Car occupant","Driver or rider","Male",46,"Unclassified","Dual carriageway",30,NA,"Not a Pedestrian","Not a Pedestrian",430837,433300,"E01033033",2,"Not at junction or within 20 metres","Darkness - lighting unknown","Fine no high winds","Dry","Car occupant"
"7773","20181352G1725",2018-02-16,2018,"Feb",16,"19:50",19,50,"Friday","Slight",1,"Slight","Taxi/Private hire car occupant","Passenger","Female",17,"Unclassified","Single carriageway",30,"A","Not a Pedestrian","Not a Pedestrian",432758,429212,"E01011470",3,"T or staggered junction","Darkness - lighting unknown","Fine no high winds","Dry","Car occupant"
"7774","20181352G1735",2018-02-16,2018,"Feb",16,"19:54",19,54,"Friday","Fatal",1,"Fatal","Pedestrian","Pedestrian","Female",84,"Unclassified","Single carriageway",40,NA,"In carriageway, crossing elsewhere","Unknown or other",426551,438688,"E01011684",1,"Not at junction or within 20 metres","Darkness - lights lit","Fine no high winds","Wet or damp","Pedestrian"