"","accident_index","date","year","month","day","time","time_hour","time_minute","day_of_week","accident_severity","number_of_casualties","casualty_severity","casualty_type","casualty_class","sex_of_casualty","age_of_casualty","first_road_class","road_type","speed_limit","second_road_class","pedestrian_location","pedestrian_movement","location_easting_osgr","location_northing_osgr","lsoa_of_accident_location","number_of_vehicles","junction_detail","light_conditions","weather_conditions","road_surface_conditions","cas_type"
"7775","20181352G2053",2018-02-16,2018,"Feb",16,"22:34",22,34,"Friday","Serious",1,"Serious","Pedestrian","Pedestrian","Male",45,"Unclassified","Single carriageway",30,NA,"In carriageway, crossing elsewhere","Crossing from driver's offside",431884,435126,"E01011434",1,"Not at junction or within 20 metres","Darkness - lights lit","Fine no high winds","Dry","Pedestrian"
"7776","20181352H0042",2018-02-17,2018,"Feb",17,"00:15",0,15,"Saturday","Slight",1,"Slight","Taxi/Private hire car occupant","Driver or rider","Male",38,"Unclassified","One way street",30,NA,"Not a Pedestrian","Not a Pedestrian",429186,435465,"E01033005",2,"Not at junction or within 20 metres","Darkness - lights lit","Fine no high winds","Wet or damp","Car occupant"
"7777","20181352I1722",2018-02-17,2018,"Feb",17,"10:20",10,20,"Saturday","Slight",1,"Slight","Van / Goods vehicle (3.5 tonnes mgw or under) occupant","Driver or rider","Male",51,"A(M)","Unknown",70,"Motorway","Not a Pedestrian","Not a Pedestrian",443621,435554,"E01011297",3,"Other junction","Daylight","Fine no high winds","Dry","Bus and goods vehicle occupant"
"7778","20181352F0953",2018-02-17,2018,"Feb",17,"16:30",16,30,"Saturday","Slight",1,"Slight","Car occupant","Driver or rider","Female",74,"A","Single carriageway",40,"Unclassified","Not a Pedestrian","Not a Pedestrian",424129,430427,"E01011728",2,"T or staggered junction","Daylight","Fine no high winds","Wet or damp","Car occupant"
"7779","20181352H1452",2018-02-17,2018,"Feb",17,"18:05",18,5,"Saturday","Slight",1,"Slight","Car occupant","Driver or rider","Female",29,"Unclassified","Single carriageway",30,"Unclassified","Not a Pedestrian","Not a Pedestrian",431620,426338,"E01011499",2,"T or staggered junction","Darkness - lights lit","Fine no high winds","Dry","Car occupant"
"7780","20181352I0723",2018-02-18,2018,"Feb",18,"11:30",11,30,"Sunday","Serious",1,"Serious","Cyclist","Driver or rider","Male",45,"Unclassified","Single carriageway",30,"Unclassified","Not a Pedestrian","Not a Pedestrian",431512,440587,"E01011562",2,"T or staggered junction","Daylight","Fine no high winds","Dry","Cyclist"
"7781","20181352I0795",2018-02-18,2018,"Feb",18,"12:18",12,18,"Sunday","Slight",2,"Slight","Car occupant","Driver or rider","Female",75,"Unclassified","Single carriageway",30,"Motorway","Not a Pedestrian","Not a Pedestrian",431005,430543,"E01011471",2,"T or staggered junction","Daylight","Fine no high winds","Wet or damp","Car occupant"
"7782","20181352I1158",2018-02-18,2018,"Feb",18,"15:19",15,19,"Sunday","Slight",1,"Slight","Car occupant","Driver or rider","Male",47,"B","Single carriageway",30,NA,"Not a Pedestrian","Not a Pedestrian",432699,434508,"E01011347",2,"Not at junction or within 20 metres","Daylight","Fine no high winds","Dry","Car occupant"
"7783","20181352I1416",2018-02-18,2018,"Feb",18,"16:50",16,50,"Sunday","Slight",1,"Slight","Cyclist","Driver or rider","Female",33,"Unclassified","Roundabout",30,"Unclassified","Not a Pedestrian","Not a Pedestrian",428011,435414,"E01011442",2,"Roundabout","Darkness - lighting unknown","Fine no high winds","Dry","Cyclist"
"7784","20181347I1326",2018-02-18,2018,"Feb",18,"17:58",17,58,"Sunday","Slight",1,"Slight","Car occupant","Driver or rider","Female",33,"Unclassified","Single carriageway",30,"Unclassified","Not a Pedestrian","Not a Pedestrian",431902,434864,"E01011677",2,"T or staggered junction","Darkness - lighting unknown","Fine no high winds","Dry","Car occupant"
"7785","20181352I1529",2018-02-18,2018,"Feb",18,"18:25",18,25,"Sunday","Slight",2,"Slight","Car occupant","Driver or rider","Female",42,"Unclassified","Single carriageway",40,NA,"Not a Pedestrian","Not a Pedestrian",433221,441562,"E01011561",2,"Not at junction or within 20 metres","Darkness - no lighting","Raining no high winds","Wet or damp","Car occupant"
"7786","20181352J1728",2018-02-19,2018,"Feb",19,"08:30",8,30,"Monday","Slight",1,"Slight","Cyclist","Driver or rider","Female",32,"Unclassified","Single carriageway",40,"Unclassified","Not a Pedestrian","Not a Pedestrian",432297,436292,"E01011647",2,"T or staggered junction","Daylight","Fine no high winds","Dry","Cyclist"
"7787","20181352J0539",2018-02-19,2018,"Feb",19,"11:00",11,0,"Monday","Slight",1,"Slight","Car occupant","Driver or rider","Female",25,"A","Slip road",40,"Unclassified","Not a Pedestrian","Not a Pedestrian",428935,433426,"E01033015",4,"Slip road","Daylight","Fine no high winds","Dry","Car occupant"
"7788","20181352K0466",2018-02-20,2018,"Feb",20,"10:10",10,10,"Tuesday","Slight",1,"Slight","Pedestrian","Pedestrian","Male",54,"Unclassified","Single carriageway",30,NA,"In carriageway, not crossing","Unknown or other",430205,433553,"E01033010",1,"Not at junction or within 20 metres","Daylight","Fine no high winds","Dry","Pedestrian"
"7789","20181352K0633",2018-02-20,2018,"Feb",20,"11:55",11,55,"Tuesday","Slight",3,"Slight","Car occupant","Passenger","Male",36,"A","Dual carriageway",30,"Unclassified","Not a Pedestrian","Not a Pedestrian",430699,434881,"E01011671",3,"More than 4 arms (not roundabout)","Daylight","Fine no high winds","Dry","Car occupant"
"7790","20181352K0817",2018-02-20,2018,"Feb",20,"13:27",13,27,"Tuesday","Slight",1,"Slight","Car occupant","Driver or rider","Male",81,"Unclassified","Single carriageway",20,NA,"Not a Pedestrian","Not a Pedestrian",431929,445237,"E01011561",1,"Not at junction or within 20 metres","Daylight","Fine no high winds","Wet or damp","Car occupant"
"7791","20181352K1668",2018-02-20,2018,"Feb",20,"19:55",19,55,"Tuesday","Slight",1,"Slight","Pedestrian","Pedestrian","Male",16,"Unclassified","Single carriageway",30,NA,"In carriageway, crossing elsewhere","Crossing from driver's nearside",426962,433382,"E01011292",1,"Not at junction or within 20 metres","Darkness - lights lit","Raining no high winds","Wet or damp","Pedestrian"
"7792","20181352K1987",2018-02-20,2018,"Feb",20,"22:50",22,50,"Tuesday","Slight",1,"Slight","Pedestrian","Pedestrian","Female",19,"Unclassified","Single carriageway",30,NA,"In carriageway, crossing elsewhere","Crossing from nearside - masked by parked or stationary vehicle",428128,434712,"E01011481",1,"Not at junction or within 20 metres","Darkness - lights lit","Fine no high winds","Dry","Pedestrian"
"7793","20181352M0493",2018-02-21,2018,"Feb",21,"07:00",7,0,"Wednesday","Slight",1,"Slight","Cyclist","Driver or rider","Male",34,"B","Single carriageway",30,"Unclassified","Not a Pedestrian","Not a Pedestrian",428664,437012,"E01011691",2,"T or staggered junction","Darkness - lighting unknown","Fine no high winds","Dry","Cyclist"
"7794","20181352L0839",2018-02-21,2018,"Feb",21,"13:25",13,25,"Wednesday","Slight",1,"Slight","Car occupant","Driver or rider","Male",42,"Unclassified","Single carriageway",50,"Unclassified","Not a Pedestrian","Not a Pedestrian",414747,442826,"E01011270",2,"T or staggered junction","Daylight","Fine no high winds","Dry","Car occupant"
"7795","20181352L1021",2018-02-21,2018,"Feb",21,"15:00",15,0,"Wednesday","Slight",1,"Slight","Pedestrian","Pedestrian","Male",67,"Unclassified","Single carriageway",30,"Unclassified","In carriageway, crossing elsewhere","Unknown or other",420690,440978,"E01011274",1,"T or staggered junction","Daylight","Fine no high winds","Dry","Pedestrian"
"7796","20181352L1071",2018-02-21,2018,"Feb",21,"15:15",15,15,"Wednesday","Slight",1,"Slight","Pedestrian","Pedestrian","Female",27,"Unclassified","Single carriageway",30,NA,"In carriageway, crossing elsewhere","Crossing from driver's nearside",427298,433770,"E01011284",1,"Not at junction or within 20 metres","Daylight","Fine no high winds","Dry","Pedestrian"
"7797","20181352L1151",2018-02-21,2018,"Feb",21,"15:56",15,56,"Wednesday","Slight",1,"Slight","Pedestrian","Pedestrian","Male",32,"Unclassified","Single carriageway",30,NA,"In carriageway, crossing elsewhere","Crossing from offside - masked by  parked or stationary vehicle",425976,434657,"E01011281",1,"Not at junction or within 20 metres","Daylight","Fine no high winds","Dry","Pedestrian"
"7798","20181352L1510",2018-02-21,2018,"Feb",21,"18:30",18,30,"Wednesday","Slight",1,"Slight","Car occupant","Passenger","Male",9,"A","Single carriageway",30,"Unclassified","Not a Pedestrian","Not a Pedestrian",431435,431610,"E01011467",2,"T or staggered junction","Darkness - lights lit","Fine no high winds","Wet or damp","Car occupant"
"7799","20181352M0287",2018-02-22,2018,"Feb",22,"08:08",8,8,"Thursday","Slight",1,"Slight","Car occupant","Driver or rider","Female",34,"A","Roundabout",40,"A","Not a Pedestrian","Not a Pedestrian",436925,433641,"E01011411",3,"Roundabout","Daylight","Fine no high winds","Dry","Car occupant"
"7800","20181352M0724",2018-02-22,2018,"Feb",22,"12:45",12,45,"Thursday","Slight",2,"Slight","Car occupant","Driver or rider","Female",21,"Unclassified","Single carriageway",20,"Unclassified","Not a Pedestrian","Not a Pedestrian",428432,435004,"E01011445",2,"Crossroads","Daylight","Fine no high winds","Dry","Car occupant"
"7801","20181352M1614",2018-02-22,2018,"Feb",22,"19:54",19,54,"Thursday","Slight",1,"Slight","Car occupant","Driver or rider","Male",48,"A","Single carriageway",40,"Unclassified","Not a Pedestrian","Not a Pedestrian",436214,436844,"E01011721",2,"T or staggered junction","Darkness - lights lit","Fine no high winds","Dry","Car occupant"
"7802","20181352M1828",2018-02-22,2018,"Feb",22,"21:30",21,30,"Thursday","Slight",1,"Slight","Cyclist","Driver or rider","Male",24,"A","Single carriageway",30,NA,"Not a Pedestrian","Not a Pedestrian",427980,436048,"E01011440",2,"Not at junction or within 20 metres","Darkness - lights lit","Fine no high winds","Dry","Cyclist"
"7803","20181352N0337",2018-02-23,2018,"Feb",23,"08:30",8,30,"Friday","Slight",1,"Slight","Pedestrian","Pedestrian","Male",50,"A","Single carriageway",30,NA,"In carriageway, crossing elsewhere","Crossing from nearside - masked by parked or stationary vehicle",420485,440307,"E01011278",1,"Not at junction or within 20 metres","Daylight","Fine no high winds","Dry","Pedestrian"
"7804","20181352N0338",2018-02-23,2018,"Feb",23,"08:30",8,30,"Friday","Slight",1,"Slight","Car occupant","Driver or rider","Male",49,"A","Single carriageway",60,"Unclassified","Not a Pedestrian","Not a Pedestrian",422293,436835,"E01011589",2,"T or staggered junction","Daylight","Fine no high winds","Frost or ice","Car occupant"
"7805","20181352N0590",2018-02-23,2018,"Feb",23,"11:22",11,22,"Friday","Slight",1,"Slight","Cyclist","Driver or rider","Male",50,"A","Single carriageway",30,"Unclassified","Not a Pedestrian","Not a Pedestrian",430099,431521,"E01011371",2,"T or staggered junction","Daylight","Fine no high winds","Dry","Cyclist"
"7806","20181352N1199",2018-02-23,2018,"Feb",23,"14:00",14,0,"Friday","Serious",1,"Serious","Bus or coach occupant (17 or more pass seats)","Passenger","Female",75,"Unclassified","One way street",30,NA,"Not a Pedestrian","Not a Pedestrian",430420,433807,"E01033010",2,"Not at junction or within 20 metres","Daylight","Fine no high winds","Dry","Bus and goods vehicle occupant"
"7807","20181352N1754",2018-02-23,2018,"Feb",23,"16:00",16,0,"Friday","Serious",1,"Serious","Cyclist","Driver or rider","Female",25,"Unclassified","Single carriageway",30,"Unclassified","Not a Pedestrian","Not a Pedestrian",427541,436167,"E01011435",2,"T or staggered junction","Daylight","Fine no high winds","Dry","Cyclist"
"7808","20181352N1702",2018-02-23,2018,"Feb",23,"20:10",20,10,"Friday","Slight",1,"Slight","Car occupant","Driver or rider","Male",22,"Unclassified","Roundabout",40,"A","Not a Pedestrian","Not a Pedestrian",425030,433179,"E01011727",2,"Roundabout","Darkness - lights lit","Fine no high winds","Dry","Car occupant"
"7809","20181352N1934",2018-02-23,2018,"Feb",23,"22:55",22,55,"Friday","Slight",1,"Slight","Car occupant","Driver or rider","Male",28,"Unclassified","Single carriageway",60,"Unclassified","Not a Pedestrian","Not a Pedestrian",427613,441658,"E01032504",1,"T or staggered junction","Darkness - no lighting","Fine no high winds","Dry","Car occupant"
"7810","20181352N2004",2018-02-23,2018,"Feb",23,"23:25",23,25,"Friday","Slight",1,"Slight","Taxi/Private hire car occupant","Driver or rider","Male",41,"Unclassified","Single carriageway",30,"Unclassified","Not a Pedestrian","Not a Pedestrian",427915,435312,"E01011441",2,"T or staggered junction","Darkness - lights lit","Fine no high winds","Dry","Car occupant"
"7811","20181352O0005",2018-02-24,2018,"Feb",24,"00:05",0,5,"Saturday","Slight",3,"Slight","Car occupant","Passenger","Male",17,"Unclassified","Single carriageway",60,NA,"Not a Pedestrian","Not a Pedestrian",419422,443129,"E01011279",1,"Not at junction or within 20 metres","Darkness - lighting unknown","Fine no high winds","Dry","Car occupant"
"7812","20181352N0790",2018-02-24,2018,"Feb",24,"13:28",13,28,"Saturday","Serious",1,"Serious","Car occupant","Driver or rider","Male",58,"A","Dual carriageway",40,"A","Not a Pedestrian","Not a Pedestrian",428397,429061,"E01011531",1,"T or staggered junction","Daylight","Fine no high winds","Dry","Car occupant"
"7813","20181352O1293",2018-02-24,2018,"Feb",24,"16:51",16,51,"Saturday","Serious",1,"Serious","Pedestrian","Pedestrian","Male",53,"A","Single carriageway",30,"Unclassified","In carriageway, not crossing","Walking along in carriageway, back to traffic",427887,430959,"E01011369",1,"Crossroads","Daylight","Fine no high winds","Dry","Pedestrian"
"7814","20181352P0959",2018-02-25,2018,"Feb",25,"14:34",14,34,"Sunday","Fatal",1,"Fatal","Pedestrian","Pedestrian","Female",89,"A","Single carriageway",60,"Unclassified","In carriageway, crossing elsewhere","Crossing from driver's offside",432532,443146,"E01011561",1,"T or staggered junction","Daylight","Fine no high winds","Dry","Pedestrian"
"7815","20181352Q1077",2018-02-26,2018,"Feb",26,"15:05",15,5,"Monday","Slight",1,"Slight","Car occupant","Driver or rider","Male",49,"Unclassified","Single carriageway",30,NA,"Not a Pedestrian","Not a Pedestrian",433105,432725,"E01011621",2,"Not at junction or within 20 metres","Daylight","Snowing no high winds","Dry","Car occupant"
"7816","20181352R0151",2018-02-27,2018,"Feb",27,"03:52",3,52,"Tuesday","Serious",1,"Serious","Car occupant","Driver or rider","Male",36,"A","Dual carriageway",60,NA,"Not a Pedestrian","Not a Pedestrian",421084,434200,"E01011599",1,"Not at junction or within 20 metres","Darkness - lights lit","Snowing no high winds","Snow","Car occupant"
"7817","20181352R0502",2018-02-27,2018,"Feb",27,"10:35",10,35,"Tuesday","Slight",1,"Slight","Pedestrian","Pedestrian","Female",17,"A","Single carriageway",30,NA,"Crossing on pedestrian crossing facility","Crossing from nearside - masked by parked or stationary vehicle",427341,437182,"E01011690",1,"Not at junction or within 20 metres","Daylight","Fine no high winds","Wet or damp","Pedestrian"
"7818","20181352S0700",2018-02-28,2018,"Feb",28,"12:15",12,15,"Wednesday","Slight",2,"Slight","Car occupant","Passenger","Female",46,"Unclassified","Single carriageway",30,"Unclassified","Not a Pedestrian","Not a Pedestrian",436796,428236,"E01011635",1,"T or staggered junction","Daylight","Snowing + high winds","Snow","Car occupant"
"7819","20181352S1634",2018-02-28,2018,"Feb",28,"18:29",18,29,"Wednesday","Slight",1,"Slight","Car occupant","Passenger","Female",17,"Unclassified","Single carriageway",30,NA,"Not a Pedestrian","Not a Pedestrian",430366,432242,"E01033016",1,"Not at junction or within 20 metres","Darkness - lights lit","Snowing no high winds","Snow","Car occupant"
"7820","20181352S1650",2018-02-28,2018,"Feb",28,"18:30",18,30,"Wednesday","Slight",1,"Slight","Pedestrian","Pedestrian","Male",29,"Unclassified","Single carriageway",30,NA,"In carriageway, crossing elsewhere","Crossing from driver's nearside",430866,428552,"E01032497",1,"Not at junction or within 20 metres","Darkness - lights lit","Snowing no high winds","Snow","Pedestrian"
"7821","20181352S0393",2018-03-01,2018,"Mar",1,"09:30",9,30,"Thursday","Slight",2,"Slight","Car occupant","Driver or rider","Male",54,"Motorway","Dual carriageway",70,NA,"Not a Pedestrian","Not a Pedestrian",425214,426682,"E01011534",2,"Not at junction or within 20 metres","Daylight","Snowing no high winds","Snow","Car occupant"
"7822","2018135311326",2018-03-01,2018,"Mar",1,"17:05",17,5,"Thursday","Slight",1,"Slight","Pedestrian","Pedestrian","Female",15,"Unclassified","Single carriageway",30,NA,"On footway or verge","Unknown or other",422874,434819,"E01011328",1,"Not at junction or within 20 metres","Darkness - lighting unknown","Fine no high winds","Dry","Pedestrian"
"7823","2018135321014",2018-03-02,2018,"Mar",2,"16:05",16,5,"Friday","Serious",1,"Serious","Car occupant","Driver or rider","Male",40,"Motorway","Dual carriageway",70,NA,"Not a Pedestrian","Not a Pedestrian",441087,434591,"E01011297",1,"Not at junction or within 20 metres","Daylight","Fine + high winds","Wet or damp","Car occupant"
"7824","2018135321560",2018-03-02,2018,"Mar",2,"20:15",20,15,"Friday","Slight",1,"Slight","Car occupant","Driver or rider","Male",42,"Unclassified","Single carriageway",30,"Unclassified","Not a Pedestrian","Not a Pedestrian",427844,435959,"E01011440",2,"T or staggered junction","Darkness - lights lit","Fine no high winds","Snow","Car occupant"
"7825","2018135321651",2018-03-02,2018,"Mar",2,"21:04",21,4,"Friday","Slight",1,"Slight","Car occupant","Driver or rider","Female",23,"A","Dual carriageway",40,NA,"Not a Pedestrian","Not a Pedestrian",428621,432870,"E01011363",2,"Not at junction or within 20 metres","Darkness - lights lit","Snowing no high winds","Snow","Car occupant"
"7826","2018135330782",2018-03-03,2018,"Mar",3,"12:40",12,40,"Saturday","Slight",1,"Slight","Cyclist","Driver or rider","Male",21,"B","Single carriageway",30,NA,"Not a Pedestrian","Not a Pedestrian",427861,436179,"E01011440",2,"Not at junction or within 20 metres","Daylight","Fine no high winds","Dry","Cyclist"
"7827","2018135331118",2018-03-03,2018,"Mar",3,"16:02",16,2,"Saturday","Slight",1,"Slight","Car occupant","Driver or rider","Male",37,"Unclassified","Single carriageway",30,"Unclassified","Not a Pedestrian","Not a Pedestrian",432516,438025,"E01011655",2,"Crossroads","Daylight","Fine no high winds","Dry","Car occupant"
"7828","2018135331745",2018-03-03,2018,"Mar",3,"21:45",21,45,"Saturday","Slight",2,"Slight","Car occupant","Driver or rider","Male",37,"Unclassified","Single carriageway",30,NA,"Not a Pedestrian","Not a Pedestrian",427125,439903,"E01011380",2,"Not at junction or within 20 metres","Darkness - lighting unknown","Fine + high winds","Wet or damp","Car occupant"
"7829","2018135340882",2018-03-04,2018,"Mar",4,"14:05",14,5,"Sunday","Fatal",2,"Fatal","Car occupant","Passenger","Female",69,"A","Single carriageway",50,"Unclassified","Not a Pedestrian","Not a Pedestrian",434171,445051,"E01011708",2,"Private drive or entrance","Daylight","Fog or mist","Wet or damp","Car occupant"
"7830","2018135360287",2018-03-06,2018,"Mar",6,"07:40",7,40,"Tuesday","Slight",1,"Slight","Motorcycle 125cc and under rider or passenger","Driver or rider","Male",36,"A","Dual carriageway",40,NA,"Not a Pedestrian","Not a Pedestrian",434874,431312,"E01011624",2,"Not at junction or within 20 metres","Daylight","Fine no high winds","Wet or damp","Motorcyclist and pillion"
"7831","2018135360401",2018-03-06,2018,"Mar",6,"08:50",8,50,"Tuesday","Slight",1,"Slight","Pedestrian","Pedestrian","Male",6,"Unclassified","Single carriageway",30,"Unclassified","In carriageway, crossing elsewhere","Crossing from driver's offside",431442,434895,"E01011673",1,"T or staggered junction","Daylight","Fine no high winds","Dry","Pedestrian"
"7832","2018135360430",2018-03-06,2018,"Mar",6,"09:08",9,8,"Tuesday","Serious",1,"Serious","Cyclist","Driver or rider","Male",69,"A","Single carriageway",40,"Unclassified","Not a Pedestrian","Not a Pedestrian",417932,443181,"E01011280",2,"T or staggered junction","Daylight","Fine no high winds","Wet or damp","Cyclist"
"7833","2018135360888",2018-03-06,2018,"Mar",6,"13:20",13,20,"Tuesday","Fatal",1,"Fatal","Pedestrian","Pedestrian","Female",75,"Unclassified","Single carriageway",30,NA,"Crossing on pedestrian crossing facility","Crossing from driver's nearside",420292,445366,"E01011569",1,"Not at junction or within 20 metres","Daylight","Fine no high winds","Wet or damp","Pedestrian"
"7834","2018135360985",2018-03-06,2018,"Mar",6,"14:05",14,5,"Tuesday","Slight",1,"Slight","Car occupant","Passenger","Male",18,"A","Dual carriageway",30,"Unclassified","Not a Pedestrian","Not a Pedestrian",430691,431911,"E01011364",3,"T or staggered junction","Daylight","Fine no high winds","Wet or damp","Car occupant"
"7835","2018135361857",2018-03-06,2018,"Mar",6,"16:00",16,0,"Tuesday","Slight",1,"Slight","Bus or coach occupant (17 or more pass seats)","Passenger","Female",60,"B","Roundabout",30,"Unclassified","Not a Pedestrian","Not a Pedestrian",426005,428231,"E01011525",1,"Roundabout","Daylight","Fine no high winds","Dry","Bus and goods vehicle occupant"
"7836","2018135361667",2018-03-06,2018,"Mar",6,"18:58",18,58,"Tuesday","Slight",2,"Slight","Car occupant","Driver or rider","Male",36,"Motorway","Dual carriageway",50,"Motorway","Not a Pedestrian","Not a Pedestrian",427872,431314,"E01011369",2,"Slip road","Darkness - lights lit","Fine no high winds","Dry","Car occupant"
"7837","2018135370745",2018-03-07,2018,"Mar",7,"12:00",12,0,"Wednesday","Slight",1,"Slight","Bus or coach occupant (17 or more pass seats)","Passenger","Female",30,"A","Dual carriageway",40,"A","Not a Pedestrian","Not a Pedestrian",427499,431339,"E01011369",2,"T or staggered junction","Daylight","Fine no high winds","Dry","Bus and goods vehicle occupant"
"7838","2018135371093",2018-03-07,2018,"Mar",7,"14:54",14,54,"Wednesday","Slight",1,"Slight","Pedestrian","Pedestrian","Female",12,"Unclassified","Single carriageway",30,NA,"In carriageway, crossing elsewhere","Crossing from driver's offside",426365,437829,"E01011687",1,"Not at junction or within 20 metres","Daylight","Fine no high winds","Dry","Pedestrian"
"7839","2018135372047",2018-03-07,2018,"Mar",7,"21:47",21,47,"Wednesday","Slight",1,"Slight","Pedestrian","Pedestrian","Male",78,"Unclassified","Single carriageway",30,NA,"In carriageway, crossing elsewhere","Crossing from driver's nearside",431236,429806,"E01011474",1,"Not at junction or within 20 metres","Darkness - lights lit","Fine no high winds","Dry","Pedestrian"
"7840","2018135380230",2018-03-08,2018,"Mar",8,"06:10",6,10,"Thursday","Serious",1,"Serious","Pedestrian","Pedestrian","Male",28,"A","Single carriageway",40,"Unclassified","On footway or verge","Unknown or other",426378,426747,"E01011546",1,"Crossroads","Darkness - lights lit","Snowing no high winds","Snow","Pedestrian"
"7841","2018135380339",2018-03-08,2018,"Mar",8,"07:15",7,15,"Thursday","Slight",1,"Slight","Pedestrian","Pedestrian","Male",51,"Unclassified","Slip road",30,NA,"In carriageway, not crossing","Unknown or other",432223,436395,"E01011647",1,"Not at junction or within 20 metres","Darkness - lighting unknown","Snowing no high winds","Snow","Pedestrian"
"7842","2018135380766",2018-03-08,2018,"Mar",8,"11:00",11,0,"Thursday","Slight",2,"Slight","Car occupant","Driver or rider","Male",57,"A","Dual carriageway",60,NA,"Not a Pedestrian","Not a Pedestrian",425094,434309,"E01032606",2,"Not at junction or within 20 metres","Daylight","Fine no high winds","Dry","Car occupant"
"7843","2018135381175",2018-03-08,2018,"Mar",8,"15:01",15,1,"Thursday","Serious",1,"Serious","Motorcycle 50cc and under rider or passenger","Driver or rider","Male",16,"Unclassified","Single carriageway",30,"Unclassified","Not a Pedestrian","Not a Pedestrian",440670,429117,"E01011308",1,"T or staggered junction","Daylight","Fine no high winds","Dry","Motorcyclist and pillion"
"7844","2018135381477",2018-03-08,2018,"Mar",8,"15:30",15,30,"Thursday","Slight",1,"Slight","Car occupant","Driver or rider","Female",47,"Unclassified","Single carriageway",30,NA,"Not a Pedestrian","Not a Pedestrian",431615,437682,"E01011517",2,"Not at junction or within 20 metres","Daylight","Fine no high winds","Dry","Car occupant"
"7845","2018135381518",2018-03-08,2018,"Mar",8,"16:30",16,30,"Thursday","Slight",1,"Slight","Car occupant","Driver or rider","Female",36,"Unclassified","Roundabout",40,"Unclassified","Not a Pedestrian","Not a Pedestrian",442208,434639,"E01011297",2,"Roundabout","Daylight","Fine no high winds","Dry","Car occupant"
"7846","2018135371464",2018-03-08,2018,"Mar",8,"17:23",17,23,"Thursday","Slight",1,"Slight","Cyclist","Driver or rider","Male",37,"A","Single carriageway",30,"Unclassified","Not a Pedestrian","Not a Pedestrian",418976,442084,"E01011265",2,"T or staggered junction","Darkness - lighting unknown","Fine no high winds","Dry","Cyclist"
"7847","2018135381586",2018-03-08,2018,"Mar",8,"18:00",18,0,"Thursday","Slight",1,"Slight","Car occupant","Driver or rider","Female",19,"A","Single carriageway",30,NA,"Not a Pedestrian","Not a Pedestrian",428867,433730,"E01011678",2,"Not at junction or within 20 metres","Darkness - lights lit","Fine no high winds","Dry","Car occupant"
"7848","2018135381587",2018-03-08,2018,"Mar",8,"18:10",18,10,"Thursday","Slight",1,"Slight","Car occupant","Driver or rider","Female",51,"Unclassified","Single carriageway",60,"Unclassified","Not a Pedestrian","Not a Pedestrian",440362,434712,"E01011297",2,"T or staggered junction","Darkness - no lighting","Fine no high winds","Wet or damp","Car occupant"
"7849","2018135381894",2018-03-08,2018,"Mar",8,"20:39",20,39,"Thursday","Slight",3,"Slight","Car occupant","Driver or rider","Male",47,"Unclassified","Single carriageway",30,"Unclassified","Not a Pedestrian","Not a Pedestrian",429073,431236,"E01011370",2,"T or staggered junction","Darkness - lights lit","Fine no high winds","Dry","Car occupant"
"7850","2018135381927",2018-03-08,2018,"Mar",8,"20:51",20,51,"Thursday","Serious",2,"Serious","Motorcycle over 500cc rider or passenger","Driver or rider","Male",37,"Unclassified","Single carriageway",30,"Unclassified","Not a Pedestrian","Not a Pedestrian",430901,430366,"E01011472",2,"T or staggered junction","Darkness - lights lit","Fine no high winds","Dry","Motorcyclist and pillion"
"7851","20181353A0824",2018-03-08,2018,"Mar",8,"23:00",23,0,"Thursday","Slight",3,"Slight","Car occupant","Driver or rider","Male",27,"A","Single carriageway",30,NA,"Not a Pedestrian","Not a Pedestrian",430676,434874,"E01011671",2,"Not at junction or within 20 metres","Darkness - lights lit","Fine no high winds","Dry","Car occupant"
"7852","2018135390904",2018-03-09,2018,"Mar",9,"13:45",13,45,"Friday","Slight",3,"Slight","Car occupant","Driver or rider","Female",38,"A","Single carriageway",30,"Unclassified","Not a Pedestrian","Not a Pedestrian",426899,439316,"E01011386",2,"Crossroads","Daylight","Fine no high winds","Wet or damp","Car occupant"
"7853","2018135391525",2018-03-09,2018,"Mar",9,"18:10",18,10,"Friday","Slight",1,"Slight","Cyclist","Driver or rider","Male",42,"Unclassified","Single carriageway",30,"Unclassified","Not a Pedestrian","Not a Pedestrian",429241,433846,"E01011678",2,"T or staggered junction","Darkness - lights lit","Fine no high winds","Dry","Cyclist"
"7854","2018135391982",2018-03-09,2018,"Mar",9,"21:40",21,40,"Friday","Slight",1,"Slight","Pedestrian","Pedestrian","Male",29,"Unclassified","Single carriageway",30,NA,"In carriageway, crossing elsewhere","Crossing from driver's nearside",435719,435741,"E01011663",1,"Not at junction or within 20 metres","Darkness - lights lit","Fine no high winds","Dry","Pedestrian"
"7855","20181353A0189",2018-03-10,2018,"Mar",10,"02:15",2,15,"Saturday","Serious",2,"Serious","Taxi/Private hire car occupant","Passenger","Female",16,"A","Roundabout",40,"A","Not a Pedestrian","Not a Pedestrian",428111,426283,"E01011550",2,"Roundabout","Darkness - lights lit","Fine no high winds","Wet or damp","Car occupant"
"7856","20181353A0329",2018-03-10,2018,"Mar",10,"05:22",5,22,"Saturday","Serious",1,"Serious","Car occupant","Driver or rider","Male",36,"Motorway","Dual carriageway",70,NA,"Not a Pedestrian","Not a Pedestrian",432283,426133,"E01011499",2,"Not at junction or within 20 metres","Darkness - lights lit","Raining no high winds","Wet or damp","Car occupant"