"","accident_index","date","year","month","day","time","time_hour","time_minute","day_of_week","accident_severity","number_of_casualties","casualty_severity","casualty_type","casualty_class","sex_of_casualty","age_of_casualty","first_road_class","road_type","speed_limit","second_road_class","pedestrian_location","pedestrian_movement","location_easting_osgr","location_northing_osgr","lsoa_of_accident_location","number_of_vehicles","junction_detail","light_conditions","weather_conditions","road_surface_conditions","cas_type"
"8024","20181354O0663",2018-04-24,2018,"Apr",24,"11:05",11,5,"Tuesday","Slight",1,"Slight","Car occupant","Driver or rider","Male",19,"A","Single carriageway",30,NA,"Not a Pedestrian","Not a Pedestrian",430821,433408,"E01033011",2,"Not at junction or within 20 metres","Daylight","Fine no high winds","Dry","Car occupant"
"8025","20181354O1067",2018-04-24,2018,"Apr",24,"18:09",18,9,"Tuesday","Slight",3,"Slight","Car occupant","Driver or rider","Female",27,"Unclassified","Single carriageway",30,"Unclassified","Not a Pedestrian","Not a Pedestrian",426052,432994,"E01011730",3,"T or staggered junction","Daylight","Raining no high winds","Wet or damp","Car occupant"
"8026","20181354O1524",2018-04-24,2018,"Apr",24,"18:25",18,25,"Tuesday","Slight",1,"Slight","Cyclist","Driver or rider","Male",36,"A","Single carriageway",30,"Unclassified","Not a Pedestrian","Not a Pedestrian",427600,436796,"E01011694",2,"T or staggered junction","Darkness - no lighting","Raining no high winds","Wet or damp","Cyclist"
"8027","20181354P0421",2018-04-24,2018,"Apr",24,"18:30",18,30,"Tuesday","Slight",1,"Slight","Car occupant","Driver or rider","Male",32,"A","Dual carriageway",70,NA,"Not a Pedestrian","Not a Pedestrian",435884,436343,"E01011661",2,"Not at junction or within 20 metres","Daylight","Fine no high winds","Dry","Car occupant"
"8028","20181354P0556",2018-04-25,2018,"Apr",25,"10:40",10,40,"Wednesday","Slight",1,"Slight","Cyclist","Driver or rider","Female",57,"A","Single carriageway",30,NA,"Not a Pedestrian","Not a Pedestrian",441346,431951,"E01011404",2,"Not at junction or within 20 metres","Daylight","Fine no high winds","Dry","Cyclist"
"8029","20181354P1044",2018-04-25,2018,"Apr",25,"15:16",15,16,"Wednesday","Slight",3,"Slight","Car occupant","Driver or rider","Male",44,"Unclassified","Single carriageway",30,NA,"Not a Pedestrian","Not a Pedestrian",425167,435072,"E01011295",1,"Not at junction or within 20 metres","Daylight","Fine no high winds","Dry","Car occupant"
"8030","20181354P1295",2018-04-25,2018,"Apr",25,"16:50",16,50,"Wednesday","Slight",1,"Slight","Cyclist","Driver or rider","Male",20,"Unclassified","Single carriageway",30,"Unclassified","Not a Pedestrian","Not a Pedestrian",425380,440749,"E01011377",2,"T or staggered junction","Daylight","Fine no high winds","Dry","Cyclist"
"8031","20181354P1499",2018-04-25,2018,"Apr",25,"18:30",18,30,"Wednesday","Slight",3,"Slight","Car occupant","Driver or rider","Female",62,"A","Single carriageway",60,NA,"Not a Pedestrian","Not a Pedestrian",439653,446793,"E01011704",2,"Not at junction or within 20 metres","Daylight","Fine no high winds","Dry","Car occupant"
"8032","20181354Q0801",2018-04-26,2018,"Apr",26,"07:15",7,15,"Thursday","Serious",1,"Serious","Cyclist","Driver or rider","Male",18,"Unclassified","Dual carriageway",30,"Unclassified","Not a Pedestrian","Not a Pedestrian",434747,433488,"E01011616",2,"T or staggered junction","Daylight","Fine no high winds","Dry","Cyclist"
"8033","20181354Q0363",2018-04-26,2018,"Apr",26,"07:45",7,45,"Thursday","Slight",2,"Slight","Car occupant","Driver or rider","Male",28,"A","Single carriageway",30,"Unclassified","Not a Pedestrian","Not a Pedestrian",427070,429434,"E01011524",3,"T or staggered junction","Daylight","Fine no high winds","Dry","Car occupant"
"8034","20181354Q0517",2018-04-26,2018,"Apr",26,"09:20",9,20,"Thursday","Slight",1,"Slight","Car occupant","Driver or rider","Female",36,"A","Dual carriageway",40,"Unclassified","Not a Pedestrian","Not a Pedestrian",429177,438566,"E01011505",2,"Crossroads","Daylight","Fine no high winds","Dry","Car occupant"
"8035","20181354Q0589",2018-04-26,2018,"Apr",26,"13:10",13,10,"Thursday","Slight",1,"Slight","Bus or coach occupant (17 or more pass seats)","Passenger","Female",75,"Unclassified","Single carriageway",30,NA,"Not a Pedestrian","Not a Pedestrian",430094,433781,"E01033010",1,"Not at junction or within 20 metres","Daylight","Fine no high winds","Dry","Bus and goods vehicle occupant"
"8036","20181354Q0982",2018-04-26,2018,"Apr",26,"14:38",14,38,"Thursday","Slight",1,"Slight","Cyclist","Driver or rider","Male",34,"Unclassified","Single carriageway",40,"Unclassified","Not a Pedestrian","Not a Pedestrian",425159,434368,"E01011286",2,"T or staggered junction","Daylight","Fine no high winds","Dry","Cyclist"
"8037","20181354Q1152",2018-04-26,2018,"Apr",26,"15:58",15,58,"Thursday","Slight",4,"Slight","Car occupant","Driver or rider","Female",22,"Motorway","Dual carriageway",70,NA,"Not a Pedestrian","Not a Pedestrian",424794,427415,"E01011530",3,"Not at junction or within 20 metres","Daylight","Fine no high winds","Dry","Car occupant"
"8038","20181354Q2014",2018-04-26,2018,"Apr",26,"23:40",23,40,"Thursday","Slight",1,"Slight","Pedestrian","Pedestrian","Male",52,"Unclassified","Single carriageway",40,NA,"Unknown or other","Unknown or other",442752,429469,"E01011303",1,"Not at junction or within 20 metres","Darkness - no lighting","Fine no high winds","Dry","Pedestrian"
"8039","20181354Q2038",2018-04-26,2018,"Apr",26,"23:45",23,45,"Thursday","Slight",2,"Slight","Car occupant","Driver or rider","Male",21,"A","Single carriageway",30,"Unclassified","Not a Pedestrian","Not a Pedestrian",419832,441189,"E01011275",2,"T or staggered junction","Darkness - lights lit","Fine no high winds","Dry","Car occupant"
"8040","20181354R0290",2018-04-27,2018,"Apr",27,"07:46",7,46,"Friday","Slight",1,"Slight","Car occupant","Driver or rider","Female",28,"Motorway","Dual carriageway",70,NA,"Not a Pedestrian","Not a Pedestrian",427531,426319,"E01011550",2,"Not at junction or within 20 metres","Daylight","Raining no high winds","Wet or damp","Car occupant"
"8041","20181354R0541",2018-04-27,2018,"Apr",27,"10:00",10,0,"Friday","Slight",1,"Slight","Car occupant","Driver or rider","Male",47,"A","Dual carriageway",40,NA,"Not a Pedestrian","Not a Pedestrian",428439,433338,"E01011363",1,"Not at junction or within 20 metres","Daylight","Raining no high winds","Wet or damp","Car occupant"
"8042","20181354R0675",2018-04-27,2018,"Apr",27,"10:00",10,0,"Friday","Slight",1,"Slight","Cyclist","Driver or rider","Male",45,"Unclassified","Single carriageway",30,"Unclassified","Not a Pedestrian","Not a Pedestrian",431507,432727,"E01011626",2,"T or staggered junction","Daylight","Raining no high winds","Wet or damp","Cyclist"
"8043","20181354R0620",2018-04-27,2018,"Apr",27,"11:18",11,18,"Friday","Slight",1,"Slight","Car occupant","Driver or rider","Male",33,"A","Single carriageway",30,"Unclassified","Not a Pedestrian","Not a Pedestrian",427789,436380,"E01011440",2,"T or staggered junction","Daylight","Raining no high winds","Wet or damp","Car occupant"
"8044","20181354R0796",2018-04-27,2018,"Apr",27,"12:52",12,52,"Friday","Serious",1,"Serious","Cyclist","Driver or rider","Male",19,"Unclassified","Single carriageway",30,NA,"Not a Pedestrian","Not a Pedestrian",430647,433457,"E01033011",2,"Not at junction or within 20 metres","Daylight","Fine no high winds","Dry","Cyclist"
"8045","20181354R1031",2018-04-27,2018,"Apr",27,"14:45",14,45,"Friday","Slight",1,"Slight","Cyclist","Driver or rider","Female",33,"Unclassified","Single carriageway",30,"Unclassified","Not a Pedestrian","Not a Pedestrian",420714,440967,"E01011274",2,"T or staggered junction","Daylight","Raining no high winds","Wet or damp","Cyclist"
"8046","20181354R1093",2018-04-27,2018,"Apr",27,"15:25",15,25,"Friday","Slight",2,"Slight","Van / Goods vehicle (3.5 tonnes mgw or under) occupant","Driver or rider","Male",41,"Motorway","Dual carriageway",70,NA,"Not a Pedestrian","Not a Pedestrian",435348,425898,"E01011636",3,"Not at junction or within 20 metres","Daylight","Raining no high winds","Wet or damp","Bus and goods vehicle occupant"
"8047","20181354R1325",2018-04-27,2018,"Apr",27,"17:21",17,21,"Friday","Serious",1,"Serious","Pedestrian","Pedestrian","Female",32,"Unclassified","Single carriageway",30,"Unclassified","In carriageway, crossing elsewhere","Crossing from driver's nearside",428744,430857,"E01011369",1,"Mini-roundabout","Daylight","Raining no high winds","Wet or damp","Pedestrian"
"8048","20181354R1402",2018-04-27,2018,"Apr",27,"18:00",18,0,"Friday","Slight",2,"Slight","Car occupant","Driver or rider","Male",36,"A","Single carriageway",30,"Unclassified","Not a Pedestrian","Not a Pedestrian",430852,434109,"E01033003",2,"Crossroads","Daylight","Fine no high winds","Dry","Car occupant"
"8049","20181354R1517",2018-04-27,2018,"Apr",27,"19:05",19,5,"Friday","Slight",1,"Slight","Motorcycle 125cc and under rider or passenger","Driver or rider","Male",23,"A","Roundabout",30,"A","Not a Pedestrian","Not a Pedestrian",430721,439237,"E01011556",2,"Roundabout","Daylight","Raining no high winds","Wet or damp","Motorcyclist and pillion"
"8050","20181354S1979",2018-04-28,2018,"Apr",28,"22:35",22,35,"Saturday","Serious",1,"Serious","Pedestrian","Pedestrian","Male",17,"A","Single carriageway",30,NA,"In carriageway, crossing elsewhere","Crossing from driver's offside",432600,426847,"E01032496",1,"Not at junction or within 20 metres","Darkness - lights lit","Fine no high winds","Dry","Pedestrian"
"8051","20181354T1252",2018-04-29,2018,"Apr",29,"16:10",16,10,"Sunday","Serious",1,"Serious","Motorcycle over 500cc rider or passenger","Driver or rider","Male",51,"A","Dual carriageway",40,"B","Not a Pedestrian","Not a Pedestrian",433811,434054,"E01011346",2,"T or staggered junction","Daylight","Fine no high winds","Dry","Motorcyclist and pillion"
"8052","20181354T1480",2018-04-29,2018,"Apr",29,"17:56",17,56,"Sunday","Serious",1,"Serious","Pedestrian","Pedestrian","Male",6,"Unclassified","Single carriageway",20,NA,"In carriageway, crossing elsewhere","Crossing from driver's offside",429019,430897,"E01011313",1,"Not at junction or within 20 metres","Daylight","Fine no high winds","Dry","Pedestrian"
"8053","20181354U1699",2018-04-30,2018,"Apr",30,"08:30",8,30,"Monday","Serious",1,"Serious","Cyclist","Driver or rider","Male",39,"Unclassified","Single carriageway",30,"A","Not a Pedestrian","Not a Pedestrian",436729,433816,"E01011412",2,"T or staggered junction","Daylight","Fine no high winds","Dry","Cyclist"
"8054","2018135531160",2018-04-30,2018,"Apr",30,"09:15",9,15,"Monday","Slight",1,"Slight","Pedestrian","Pedestrian","Female",62,"A","Single carriageway",40,"Unclassified","In carriageway, crossing elsewhere","Crossing from driver's offside",426901,439315,"E01011386",1,"T or staggered junction","Daylight","Fine no high winds","Dry","Pedestrian"
"8055","20181354U1690",2018-04-30,2018,"Apr",30,"09:42",9,42,"Monday","Slight",1,"Slight","Pedestrian","Pedestrian","Male",40,"Unclassified","Single carriageway",30,NA,"In carriageway, crossing elsewhere","Crossing from driver's nearside",430779,438668,"E01011512",1,"Not at junction or within 20 metres","Daylight","Fine no high winds","Dry","Pedestrian"
"8056","20181354U1045",2018-04-30,2018,"Apr",30,"15:15",15,15,"Monday","Serious",1,"Serious","Motorcycle over 500cc rider or passenger","Driver or rider","Male",57,"Unclassified","Single carriageway",20,"Unclassified","Not a Pedestrian","Not a Pedestrian",431016,428491,"E01011466",2,"Crossroads","Daylight","Fine no high winds","Dry","Motorcyclist and pillion"
"8057","20181354U1120",2018-04-30,2018,"Apr",30,"15:40",15,40,"Monday","Slight",1,"Slight","Pedestrian","Pedestrian","Male",4,"Unclassified","Single carriageway",30,NA,"In carriageway, crossing elsewhere","Crossing from offside - masked by  parked or stationary vehicle",433186,433935,"E01011617",1,"Not at junction or within 20 metres","Daylight","Fine no high winds","Dry","Pedestrian"
"8058","20181354U1512",2018-04-30,2018,"Apr",30,"18:20",18,20,"Monday","Slight",1,"Slight","Cyclist","Driver or rider","Male",27,"Unclassified","Single carriageway",30,"Unclassified","Not a Pedestrian","Not a Pedestrian",436678,436624,"E01011721",2,"T or staggered junction","Daylight","Fine no high winds","Dry","Cyclist"
"8059","2018135510256",2018-05-01,2018,"May",1,"07:08",7,8,"Tuesday","Slight",1,"Slight","Car occupant","Driver or rider","Male",24,"Unclassified","Single carriageway",30,NA,"Not a Pedestrian","Not a Pedestrian",425709,432933,"E01011730",2,"Not at junction or within 20 metres","Daylight","Fine no high winds","Dry","Car occupant"
"8060","2018135511148",2018-05-01,2018,"May",1,"15:50",15,50,"Tuesday","Serious",1,"Serious","Pedestrian","Pedestrian","Male",12,"B","Single carriageway",40,NA,"In carriageway, crossing elsewhere","Crossing from nearside - masked by parked or stationary vehicle",423210,434203,"E01011609",1,"Not at junction or within 20 metres","Daylight","Fine no high winds","Dry","Pedestrian"
"8061","2018135511218",2018-05-01,2018,"May",1,"16:29",16,29,"Tuesday","Slight",1,"Slight","Motorcycle 50cc and under rider or passenger","Driver or rider","Female",52,"Unclassified","Single carriageway",30,"A","Not a Pedestrian","Not a Pedestrian",430794,433456,"E01033011",2,"Other junction","Daylight","Fine no high winds","Dry","Motorcyclist and pillion"
"8062","2018135511277",2018-05-01,2018,"May",1,"16:45",16,45,"Tuesday","Slight",1,"Slight","Cyclist","Driver or rider","Male",23,"A","Roundabout",30,"Unclassified","Not a Pedestrian","Not a Pedestrian",432347,433705,"E01011348",2,"Roundabout","Daylight","Fine no high winds","Dry","Cyclist"
"8063","20181355U0327",2018-05-02,2018,"May",2,"10:50",10,50,"Wednesday","Slight",1,"Slight","Car occupant","Driver or rider","Male",27,"A","Single carriageway",30,NA,"Not a Pedestrian","Not a Pedestrian",438661,445954,"E01011706",2,"Not at junction or within 20 metres","Daylight","Fine no high winds","Dry","Car occupant"
"8064","2018135520837",2018-05-02,2018,"May",2,"13:27",13,27,"Wednesday","Slight",1,"Slight","Car occupant","Driver or rider","Male",29,"Unclassified","Single carriageway",40,"Unclassified","Not a Pedestrian","Not a Pedestrian",440141,426164,"E01011394",2,"T or staggered junction","Daylight","Fine no high winds","Dry","Car occupant"
"8065","2018135520989",2018-05-02,2018,"May",2,"14:39",14,39,"Wednesday","Slight",2,"Slight","Car occupant","Driver or rider","Male",43,"A","Dual carriageway",40,NA,"Not a Pedestrian","Not a Pedestrian",436473,434061,"E01011408",4,"Not at junction or within 20 metres","Daylight","Fine no high winds","Dry","Car occupant"
"8066","2018135521141",2018-05-02,2018,"May",2,"15:30",15,30,"Wednesday","Slight",1,"Slight","Pedestrian","Pedestrian","Female",10,"Unclassified","Single carriageway",20,NA,"In carriageway, crossing elsewhere","Crossing from nearside - masked by parked or stationary vehicle",436589,436642,"E01011721",1,"Not at junction or within 20 metres","Daylight","Fine no high winds","Dry","Pedestrian"
"8067","2018135521240",2018-05-02,2018,"May",2,"16:26",16,26,"Wednesday","Slight",1,"Slight","Car occupant","Driver or rider","Female",53,"Motorway","Dual carriageway",70,NA,"Not a Pedestrian","Not a Pedestrian",429389,426425,"E01011538",3,"Not at junction or within 20 metres","Daylight","Fine no high winds","Dry","Car occupant"
"8068","2018135521410",2018-05-02,2018,"May",2,"17:30",17,30,"Wednesday","Slight",1,"Slight","Pedestrian","Pedestrian","Male",30,"Unclassified","Single carriageway",30,"Unclassified","In carriageway, crossing elsewhere","Crossing from driver's offside",430348,432101,"E01033016",1,"T or staggered junction","Daylight","Fine no high winds","Dry","Pedestrian"
"8069","2018135530252",2018-05-03,2018,"May",3,"07:31",7,31,"Thursday","Serious",1,"Serious","Cyclist","Driver or rider","Male",50,"A","Single carriageway",60,NA,"Not a Pedestrian","Not a Pedestrian",420690,444983,"E01011569",2,"Not at junction or within 20 metres","Daylight","Fine no high winds","Dry","Cyclist"
"8070","2018135530263",2018-05-03,2018,"May",3,"07:35",7,35,"Thursday","Slight",1,"Slight","Cyclist","Driver or rider","Male",43,"Unclassified","Single carriageway",30,NA,"Not a Pedestrian","Not a Pedestrian",421631,433679,"E01011585",2,"Not at junction or within 20 metres","Daylight","Fine no high winds","Dry","Cyclist"
"8071","2018135530558",2018-05-03,2018,"May",3,"11:00",11,0,"Thursday","Serious",1,"Serious","Bus or coach occupant (17 or more pass seats)","Passenger","Female",77,"Unclassified","Roundabout",30,"Unclassified","Not a Pedestrian","Not a Pedestrian",429933,427363,"E01011492",2,"Roundabout","Daylight","Fine no high winds","Dry","Bus and goods vehicle occupant"
"8072","2018135530752",2018-05-03,2018,"May",3,"12:35",12,35,"Thursday","Slight",1,"Slight","Motorcycle 125cc and under rider or passenger","Driver or rider","Male",18,"Motorway","Dual carriageway",70,NA,"Not a Pedestrian","Not a Pedestrian",432129,429313,"E01011469",2,"Not at junction or within 20 metres","Daylight","Fine no high winds","Dry","Motorcyclist and pillion"
"8073","2018135531085",2018-05-03,2018,"May",3,"14:15",14,15,"Thursday","Serious",1,"Serious","Cyclist","Driver or rider","Male",48,"Unclassified","Single carriageway",30,"Unclassified","Not a Pedestrian","Not a Pedestrian",425409,440391,"E01011377",2,"T or staggered junction","Daylight","Fine no high winds","Dry","Cyclist"
"8074","2018135531298",2018-05-03,2018,"May",3,"16:00",16,0,"Thursday","Serious",1,"Serious","Cyclist","Driver or rider","Male",14,"Unclassified","Single carriageway",30,"Unclassified","Not a Pedestrian","Not a Pedestrian",427314,425926,"E01011550",2,"Private drive or entrance","Daylight","Fine no high winds","Dry","Cyclist"
"8075","2018135540548",2018-05-04,2018,"May",4,"10:36",10,36,"Friday","Slight",1,"Slight","Pedestrian","Pedestrian","Male",12,"Unclassified","Single carriageway",30,NA,"Unknown or other","Unknown or other",433651,434305,"E01011346",1,"Not at junction or within 20 metres","Daylight","Fine no high winds","Dry","Pedestrian"
"8076","2018135541517",2018-05-04,2018,"May",4,"17:25",17,25,"Friday","Slight",1,"Slight","Car occupant","Driver or rider","Female",28,"Unclassified","Single carriageway",30,"Unclassified","Not a Pedestrian","Not a Pedestrian",426241,426884,"E01011545",2,"T or staggered junction","Daylight","Fine no high winds","Dry","Car occupant"
"8077","2018135541452",2018-05-04,2018,"May",4,"17:37",17,37,"Friday","Slight",1,"Slight","Car occupant","Driver or rider","Male",26,"Unclassified","Single carriageway",30,NA,"Not a Pedestrian","Not a Pedestrian",427686,444755,"E01011576",3,"Not at junction or within 20 metres","Daylight","Fine no high winds","Dry","Car occupant"
"8078","2018135551010",2018-05-05,2018,"May",5,"13:00",13,0,"Saturday","Serious",1,"Serious","Cyclist","Driver or rider","Male",39,"Unclassified","Single carriageway",30,"Unclassified","Not a Pedestrian","Not a Pedestrian",428097,434763,"E01011481",2,"T or staggered junction","Daylight","Fine no high winds","Dry","Cyclist"
"8079","2018135551704",2018-05-05,2018,"May",5,"18:05",18,5,"Saturday","Slight",1,"Slight","Pedestrian","Pedestrian","Female",13,"Unclassified","Single carriageway",30,"Unclassified","Crossing elsewhere within 50m. of pedestrian crossing","Crossing from driver's nearside",430064,433790,"E01033010",1,"Crossroads","Daylight","Fine no high winds","Dry","Pedestrian"
"8080","2018135581932",2018-05-05,2018,"May",5,"18:33",18,33,"Saturday","Slight",1,"Slight","Cyclist","Driver or rider","Male",48,"Unclassified","Single carriageway",30,"Unclassified","Not a Pedestrian","Not a Pedestrian",428633,435476,"E01011443",2,"T or staggered junction","Daylight","Fine no high winds","Dry","Cyclist"
"8081","2018135570613",2018-05-07,2018,"May",7,"10:24",10,24,"Monday","Slight",1,"Slight","Car occupant","Driver or rider","Male",42,"Unclassified","Single carriageway",30,"Unclassified","Not a Pedestrian","Not a Pedestrian",421345,440482,"E01011276",3,"T or staggered junction","Daylight","Fine no high winds","Dry","Car occupant"
"8082","2018135570679",2018-05-07,2018,"May",7,"11:00",11,0,"Monday","Slight",1,"Slight","Car occupant","Driver or rider","Female",64,"Unclassified","Single carriageway",30,NA,"Not a Pedestrian","Not a Pedestrian",434003,427705,"E01011633",2,"Not at junction or within 20 metres","Daylight","Fine no high winds","Dry","Car occupant"
"8083","2018135570807",2018-05-07,2018,"May",7,"12:00",12,0,"Monday","Slight",2,"Slight","Car occupant","Driver or rider","Female",20,"Unclassified","Dual carriageway",30,"Unclassified","Not a Pedestrian","Not a Pedestrian",425906,436261,"E01011485",2,"T or staggered junction","Daylight","Fine no high winds","Dry","Car occupant"
"8084","2018135571146",2018-05-07,2018,"May",7,"15:00",15,0,"Monday","Slight",1,"Slight","Motorcycle 125cc and under rider or passenger","Driver or rider","Male",44,"Unclassified","Single carriageway",30,"Unclassified","Not a Pedestrian","Not a Pedestrian",430098,431479,"E01011371",2,"T or staggered junction","Daylight","Fine no high winds","Dry","Motorcyclist and pillion"
"8085","2018135571789",2018-05-07,2018,"May",7,"19:15",19,15,"Monday","Slight",4,"Slight","Car occupant","Driver or rider","Male",35,"A","Single carriageway",30,"Unclassified","Not a Pedestrian","Not a Pedestrian",431522,435146,"E01011429",2,"T or staggered junction","Daylight","Fine no high winds","Dry","Car occupant"
"8086","2018135572161",2018-05-07,2018,"May",7,"21:35",21,35,"Monday","Slight",1,"Slight","Car occupant","Passenger","Female",46,"Unclassified","Single carriageway",30,"Unclassified","Not a Pedestrian","Not a Pedestrian",430313,431178,"E01011374",2,"T or staggered junction","Darkness - lights lit","Fine no high winds","Dry","Car occupant"
"8087","2018135580349",2018-05-08,2018,"May",8,"08:10",8,10,"Tuesday","Slight",1,"Slight","Pedestrian","Pedestrian","Male",14,"Unclassified","Single carriageway",20,NA,"In carriageway, crossing elsewhere","Crossing from driver's nearside",435461,433396,"E01011417",1,"Not at junction or within 20 metres","Daylight","Fine no high winds","Dry","Pedestrian"
"8088","2018135580644",2018-05-08,2018,"May",8,"11:00",11,0,"Tuesday","Slight",3,"Slight","Car occupant","Driver or rider","Female",49,"Unclassified","Single carriageway",60,NA,"Not a Pedestrian","Not a Pedestrian",439441,430735,"E01011392",2,"Not at junction or within 20 metres","Daylight","Fine no high winds","Dry","Car occupant"
"8089","2018135581410",2018-05-08,2018,"May",8,"16:40",16,40,"Tuesday","Slight",1,"Slight","Cyclist","Driver or rider","Male",52,"Unclassified","Single carriageway",30,NA,"Not a Pedestrian","Not a Pedestrian",428864,440052,"E01011554",2,"Not at junction or within 20 metres","Daylight","Fine no high winds","Dry","Cyclist"
"8090","2018135581159",2018-05-08,2018,"May",8,"17:35",17,35,"Tuesday","Slight",1,"Slight","Bus or coach occupant (17 or more pass seats)","Passenger","Female",20,"Unclassified","Single carriageway",30,NA,"Not a Pedestrian","Not a Pedestrian",429858,433791,"E01033008",2,"Not at junction or within 20 metres","Daylight","Fine no high winds","Dry","Bus and goods vehicle occupant"
"8091","20181351H0915",2018-05-09,2018,"May",9,"14:15",14,15,"Wednesday","Serious",1,"Serious","Motorcycle over 125cc and up to 500cc rider or  passenger","Driver or rider","Male",21,"A","Roundabout",40,"A","Not a Pedestrian","Not a Pedestrian",439344,432363,"E01011402",2,"Roundabout","Daylight","Fine no high winds","Wet or damp","Motorcyclist and pillion"
"8092","2018135591481",2018-05-09,2018,"May",9,"16:30",16,30,"Wednesday","Slight",1,"Slight","Motorcycle 125cc and under rider or passenger","Driver or rider","Male",17,"Unclassified","Dual carriageway",40,"Unclassified","Not a Pedestrian","Not a Pedestrian",431006,439233,"E01011556",2,"T or staggered junction","Daylight","Fine no high winds","Dry","Motorcyclist and pillion"
"8093","20181355A0266",2018-05-09,2018,"May",9,"17:15",17,15,"Wednesday","Slight",1,"Slight","Cyclist","Driver or rider","Male",40,"A","One way street",30,NA,"Not a Pedestrian","Not a Pedestrian",431310,431728,"E01011467",2,"Not at junction or within 20 metres","Daylight","Fine no high winds","Dry","Cyclist"
"8094","2018135591416",2018-05-09,2018,"May",9,"17:30",17,30,"Wednesday","Slight",1,"Slight","Motorcycle 125cc and under rider or passenger","Driver or rider","Male",31,"Unclassified","Roundabout",30,"Unclassified","Not a Pedestrian","Not a Pedestrian",435895,436408,"E01011720",2,"Roundabout","Daylight","Fine no high winds","Dry","Motorcyclist and pillion"
"8095","20181355B1122",2018-05-10,2018,"May",10,"06:54",6,54,"Thursday","Slight",1,"Slight","Bus or coach occupant (17 or more pass seats)","Passenger","Male",45,"Unclassified","Single carriageway",30,"Unclassified","Not a Pedestrian","Not a Pedestrian",438367,440737,"E01011310",1,"T or staggered junction","Daylight","Fine no high winds","Dry","Bus and goods vehicle occupant"
"8096","20181355A0299",2018-05-10,2018,"May",10,"07:59",7,59,"Thursday","Serious",1,"Serious","Motorcycle 50cc and under rider or passenger","Driver or rider","Male",57,"B","Single carriageway",30,"Unclassified","Not a Pedestrian","Not a Pedestrian",425106,436047,"E01011326",2,"T or staggered junction","Daylight","Fine no high winds","Dry","Motorcyclist and pillion"
"8097","20181355A0321",2018-05-10,2018,"May",10,"08:14",8,14,"Thursday","Slight",1,"Slight","Motorcycle 125cc and under rider or passenger","Driver or rider","Male",32,"Unclassified","Single carriageway",30,NA,"Not a Pedestrian","Not a Pedestrian",428376,435451,"E01011442",3,"Not at junction or within 20 metres","Daylight","Fine no high winds","Dry","Motorcyclist and pillion"
"8098","20181355A0349",2018-05-10,2018,"May",10,"08:35",8,35,"Thursday","Slight",2,"Slight","Van / Goods vehicle (3.5 tonnes mgw or under) occupant","Driver or rider","Male",60,"Unclassified","Single carriageway",60,"Unclassified","Not a Pedestrian","Not a Pedestrian",445195,446988,"E01011697",2,"T or staggered junction","Daylight","Fine no high winds","Dry","Bus and goods vehicle occupant"
"8099","20181355A0355",2018-05-10,2018,"May",10,"08:38",8,38,"Thursday","Slight",2,"Slight","Car occupant","Driver or rider","Female",72,"A(M)","Dual carriageway",70,NA,"Not a Pedestrian","Not a Pedestrian",443050,441161,"E01011712",3,"Not at junction or within 20 metres","Daylight","Fine no high winds","Dry","Car occupant"
"8100","20181355A0597",2018-05-10,2018,"May",10,"11:22",11,22,"Thursday","Slight",1,"Slight","Car occupant","Driver or rider","Female",53,"Unclassified","Single carriageway",30,"Unclassified","Not a Pedestrian","Not a Pedestrian",430303,427710,"E01011492",2,"Crossroads","Daylight","Fine no high winds","Dry","Car occupant"
"8101","20181355A0397",2018-05-10,2018,"May",10,"14:59",14,59,"Thursday","Slight",1,"Slight","Car occupant","Driver or rider","Female",49,"Unclassified","One way street",30,NA,"Not a Pedestrian","Not a Pedestrian",421934,432849,"E01011603",3,"Not at junction or within 20 metres","Daylight","Fine no high winds","Dry","Car occupant"
"8102","20181355A1468",2018-05-10,2018,"May",10,"17:30",17,30,"Thursday","Slight",1,"Slight","Pedestrian","Pedestrian","Male",9,"Unclassified","Single carriageway",30,NA,"In carriageway, crossing elsewhere","Crossing from nearside - masked by parked or stationary vehicle",429446,438115,"E01011505",1,"Not at junction or within 20 metres","Daylight","Fine no high winds","Dry","Pedestrian"
"8103","20181355A1743",2018-05-10,2018,"May",10,"20:45",20,45,"Thursday","Slight",1,"Slight","Cyclist","Driver or rider","Male",36,"Unclassified","Single carriageway",30,"Unclassified","Not a Pedestrian","Not a Pedestrian",432752,433768,"E01011615",2,"T or staggered junction","Daylight","Fine no high winds","Dry","Cyclist"
"8104","20181355A1757",2018-05-10,2018,"May",10,"20:54",20,54,"Thursday","Slight",1,"Slight","Car occupant","Driver or rider","Male",32,"A","Single carriageway",40,"Unclassified","Not a Pedestrian","Not a Pedestrian",430404,435808,"E01011357",2,"T or staggered junction","Darkness - lights lit","Fine no high winds","Dry","Car occupant"
"8105","20181355B0076",2018-05-11,2018,"May",11,"01:17",1,17,"Friday","Slight",2,"Slight","Car occupant","Driver or rider","Male",19,"Unclassified","Single carriageway",30,NA,"Not a Pedestrian","Not a Pedestrian",429772,439286,"E01011559",2,"Not at junction or within 20 metres","Darkness - lights lit","Fine no high winds","Wet or damp","Car occupant"