"","accident_index","date","year","month","day","time","time_hour","time_minute","day_of_week","accident_severity","number_of_casualties","casualty_severity","casualty_type","casualty_class","sex_of_casualty","age_of_casualty","first_road_class","road_type","speed_limit","second_road_class","pedestrian_location","pedestrian_movement","location_easting_osgr","location_northing_osgr","lsoa_of_accident_location","number_of_vehicles","junction_detail","light_conditions","weather_conditions","road_surface_conditions","cas_type"
"8106","20181355B0192",2018-05-11,2018,"May",11,"04:00",4,0,"Friday","Slight",1,"Slight","Pedestrian","Pedestrian","Male",27,"Unclassified","Single carriageway",30,NA,"On footway or verge","Unknown or other",430146,433399,"E01033010",1,"Not at junction or within 20 metres","Darkness - lights lit","Fine no high winds","Dry","Pedestrian"
"8107","20181355B0472",2018-05-11,2018,"May",11,"09:15",9,15,"Friday","Slight",1,"Slight","Cyclist","Driver or rider","Female",24,"Unclassified","Single carriageway",30,"Unclassified","Not a Pedestrian","Not a Pedestrian",431363,434107,"E01033035",2,"T or staggered junction","Daylight","Fine no high winds","Dry","Cyclist"
"8108","20181355B1414",2018-05-11,2018,"May",11,"16:49",16,49,"Friday","Serious",1,"Serious","Pedestrian","Pedestrian","Female",65,"B","Single carriageway",30,NA,"In carriageway, crossing elsewhere","Crossing from driver's nearside",426715,435726,"E01011477",1,"Not at junction or within 20 metres","Daylight","Fine no high winds","Dry","Pedestrian"
"8109","20181355B1491",2018-05-11,2018,"May",11,"17:16",17,16,"Friday","Slight",1,"Slight","Car occupant","Driver or rider","Female",23,"Unclassified","Single carriageway",30,"Unclassified","Not a Pedestrian","Not a Pedestrian",435392,436699,"E01011659",2,"T or staggered junction","Daylight","Fine no high winds","Dry","Car occupant"
"8110","20181355C0941",2018-05-12,2018,"May",12,"11:35",11,35,"Saturday","Slight",2,"Slight","Bus or coach occupant (17 or more pass seats)","Passenger","Female",54,"Unclassified","One way street",30,NA,"Not a Pedestrian","Not a Pedestrian",430028,433333,"E01033010",1,"Not at junction or within 20 metres","Daylight","Fine no high winds","Dry","Bus and goods vehicle occupant"
"8111","20181355C2138",2018-05-12,2018,"May",12,"23:40",23,40,"Saturday","Slight",1,"Slight","Car occupant","Passenger","Male",20,"A(M)","Dual carriageway",40,NA,"Not a Pedestrian","Not a Pedestrian",429417,433941,"E01011678",1,"Not at junction or within 20 metres","Darkness - lights lit","Raining no high winds","Wet or damp","Car occupant"
"8112","20181355D0656",2018-05-13,2018,"May",13,"11:20",11,20,"Sunday","Slight",1,"Slight","Car occupant","Driver or rider","Male",23,"Motorway","Dual carriageway",70,NA,"Not a Pedestrian","Not a Pedestrian",433145,425894,"E01011500",2,"Not at junction or within 20 metres","Daylight","Fine no high winds","Dry","Car occupant"
"8113","20181355D0749",2018-05-13,2018,"May",13,"12:00",12,0,"Sunday","Slight",1,"Slight","Car occupant","Passenger","Male",6,"Motorway","Slip road",60,"A","Not a Pedestrian","Not a Pedestrian",435933,425873,"E01011636",2,"Roundabout","Daylight","Fine no high winds","Dry","Car occupant"
"8114","20181355D1383",2018-05-13,2018,"May",13,"16:55",16,55,"Sunday","Serious",3,"Slight","Taxi/Private hire car occupant","Driver or rider","Male",50,"Unclassified","Single carriageway",60,NA,"Not a Pedestrian","Not a Pedestrian",438205,448170,"E01011706",2,"Not at junction or within 20 metres","Daylight","Fine no high winds","Dry","Car occupant"
"8115","20181355D1491",2018-05-13,2018,"May",13,"19:00",19,0,"Sunday","Serious",1,"Serious","Pedestrian","Pedestrian","Male",7,"Unclassified","One way street",20,"Unclassified","In carriageway, crossing elsewhere","Crossing from driver's offside",425566,434521,"E01011283",1,"T or staggered junction","Daylight","Fine no high winds","Dry","Pedestrian"
"8116","20181355D1825",2018-05-13,2018,"May",13,"20:18",20,18,"Sunday","Slight",1,"Slight","Car occupant","Driver or rider","Female",39,"A","Single carriageway",30,"Unclassified","Not a Pedestrian","Not a Pedestrian",427250,433646,"E01011284",2,"Crossroads","Daylight","Fine no high winds","Dry","Car occupant"
"8117","20181355E1727",2018-05-14,2018,"May",14,"16:45",16,45,"Monday","Slight",1,"Slight","Cyclist","Driver or rider","Female",22,"Unclassified","One way street",30,NA,"Not a Pedestrian","Not a Pedestrian",430532,434824,"E01011671",2,"Not at junction or within 20 metres","Daylight","Fine no high winds","Dry","Cyclist"
"8118","20181355E1574",2018-05-14,2018,"May",14,"18:00",18,0,"Monday","Slight",1,"Slight","Cyclist","Driver or rider","Male",21,"Unclassified","Single carriageway",30,"Unclassified","Not a Pedestrian","Not a Pedestrian",428008,435414,"E01011442",2,"Roundabout","Daylight","Fine no high winds","Dry","Cyclist"
"8119","20181355E2037",2018-05-14,2018,"May",14,"21:24",21,24,"Monday","Slight",1,"Slight","Motorcycle over 500cc rider or passenger","Driver or rider","Male",38,"Unclassified","Single carriageway",30,"Unclassified","Not a Pedestrian","Not a Pedestrian",428876,430999,"E01011370",2,"T or staggered junction","Daylight","Fine no high winds","Dry","Motorcyclist and pillion"
"8120","20181355F0863",2018-05-15,2018,"May",15,"10:50",10,50,"Tuesday","Slight",1,"Slight","Car occupant","Driver or rider","Female",51,"B","Single carriageway",30,NA,"Not a Pedestrian","Not a Pedestrian",425482,435864,"E01011324",2,"Not at junction or within 20 metres","Daylight","Fine no high winds","Dry","Car occupant"
"8121","20181355F1041",2018-05-15,2018,"May",15,"12:20",12,20,"Tuesday","Slight",1,"Slight","Bus or coach occupant (17 or more pass seats)","Passenger","Female",79,"Unclassified","Single carriageway",30,"Unclassified","Not a Pedestrian","Not a Pedestrian",432945,435013,"E01011340",2,"Roundabout","Daylight","Fine no high winds","Dry","Bus and goods vehicle occupant"
"8122","20181355F1832",2018-05-15,2018,"May",15,"20:30",20,30,"Tuesday","Slight",1,"Slight","Motorcycle 50cc and under rider or passenger","Driver or rider","Male",57,"Unclassified","Single carriageway",30,NA,"Not a Pedestrian","Not a Pedestrian",431176,431451,"E01011467",1,"Not at junction or within 20 metres","Daylight","Fine no high winds","Dry","Motorcyclist and pillion"
"8123","20181355G0193",2018-05-16,2018,"May",16,"03:55",3,55,"Wednesday","Serious",1,"Serious","Motorcycle over 125cc and up to 500cc rider or  passenger","Passenger","Male",31,"Unclassified","Single carriageway",30,NA,"Not a Pedestrian","Not a Pedestrian",444030,433411,"E01011298",2,"Not at junction or within 20 metres","Darkness - lights lit","Fine no high winds","Dry","Motorcyclist and pillion"
"8124","20181355I0393",2018-05-16,2018,"May",16,"07:46",7,46,"Wednesday","Slight",1,"Slight","Pedestrian","Pedestrian","Male",9,"B","Single carriageway",30,NA,"In carriageway, crossing elsewhere","Crossing from driver's offside",429319,436619,"E01011354",1,"Not at junction or within 20 metres","Daylight","Fine no high winds","Dry","Pedestrian"
"8125","20181355G0367",2018-05-16,2018,"May",16,"08:20",8,20,"Wednesday","Serious",1,"Serious","Cyclist","Driver or rider","Male",34,"Unclassified","Single carriageway",30,"Unclassified","Not a Pedestrian","Not a Pedestrian",431799,433132,"E01011626",2,"T or staggered junction","Daylight","Fine no high winds","Dry","Cyclist"
"8126","20181355G1500",2018-05-16,2018,"May",16,"17:40",17,40,"Wednesday","Slight",2,"Slight","Car occupant","Driver or rider","Female",34,"A","Dual carriageway",40,NA,"Not a Pedestrian","Not a Pedestrian",430169,431925,"E01011364",3,"Not at junction or within 20 metres","Daylight","Fine no high winds","Dry","Car occupant"
"8127","20181355G1604",2018-05-16,2018,"May",16,"18:42",18,42,"Wednesday","Serious",2,"Serious","Pedestrian","Pedestrian","Female",4,"Unclassified","Single carriageway",20,"Unclassified","In carriageway, crossing elsewhere","Crossing from offside - masked by  parked or stationary vehicle",429453,431767,"E01011364",1,"Crossroads","Daylight","Fine no high winds","Dry","Pedestrian"
"8128","20181355H0331",2018-05-17,2018,"May",17,"08:02",8,2,"Thursday","Slight",1,"Slight","Car occupant","Driver or rider","Male",54,"Unclassified","Single carriageway",20,"Unclassified","Not a Pedestrian","Not a Pedestrian",433860,433840,"E01011617",2,"Other junction","Daylight","Fine no high winds","Dry","Car occupant"
"8129","20181355H0390",2018-05-17,2018,"May",17,"08:40",8,40,"Thursday","Slight",1,"Slight","Car occupant","Driver or rider","Male",27,"B","Single carriageway",30,NA,"Not a Pedestrian","Not a Pedestrian",426437,435635,"E01011488",2,"Not at junction or within 20 metres","Daylight","Fine no high winds","Dry","Car occupant"
"8130","20181355H0839",2018-05-17,2018,"May",17,"13:10",13,10,"Thursday","Slight",1,"Slight","Car occupant","Driver or rider","Male",80,"Unclassified","Single carriageway",30,"Unclassified","Not a Pedestrian","Not a Pedestrian",429060,440247,"E01011564",3,"T or staggered junction","Daylight","Fine no high winds","Dry","Car occupant"
"8131","20181355I0214",2018-05-18,2018,"May",18,"06:15",6,15,"Friday","Fatal",1,"Fatal","Car occupant","Driver or rider","Male",29,"A","Dual carriageway",40,"Unclassified","Not a Pedestrian","Not a Pedestrian",425789,432609,"E01011730",2,"Private drive or entrance","Daylight","Fine no high winds","Dry","Car occupant"
"8132","20181355I0440",2018-05-18,2018,"May",18,"09:30",9,30,"Friday","Serious",1,"Serious","Motorcycle over 125cc and up to 500cc rider or  passenger","Driver or rider","Female",54,"Motorway","Dual carriageway",70,"A(M)","Not a Pedestrian","Not a Pedestrian",443628,436530,"E01011297",3,"Slip road","Daylight","Fine no high winds","Dry","Motorcyclist and pillion"
"8133","20181355I1230",2018-05-18,2018,"May",18,"16:08",16,8,"Friday","Slight",1,"Slight","Cyclist","Driver or rider","Female",18,"A","Single carriageway",30,"Unclassified","Not a Pedestrian","Not a Pedestrian",428222,435781,"E01032946",2,"T or staggered junction","Daylight","Fine no high winds","Dry","Cyclist"
"8134","20181355I1276",2018-05-18,2018,"May",18,"16:10",16,10,"Friday","Slight",1,"Slight","Car occupant","Driver or rider","Female",37,"A","Dual carriageway",40,NA,"Not a Pedestrian","Not a Pedestrian",420266,434234,"E01011597",2,"Not at junction or within 20 metres","Daylight","Fine no high winds","Dry","Car occupant"
"8135","20181355I1495",2018-05-18,2018,"May",18,"17:51",17,51,"Friday","Slight",1,"Slight","Car occupant","Driver or rider","Male",22,"Unclassified","Single carriageway",30,"Unclassified","Not a Pedestrian","Not a Pedestrian",426560,437636,"E01011687",2,"Crossroads","Daylight","Fine no high winds","Dry","Car occupant"
"8136","20181355I1804",2018-05-18,2018,"May",18,"19:45",19,45,"Friday","Slight",1,"Slight","Pedestrian","Pedestrian","Female",6,"Unclassified","Single carriageway",30,NA,"In carriageway, crossing elsewhere","Crossing from offside - masked by  parked or stationary vehicle",428902,431188,"E01011370",3,"Not at junction or within 20 metres","Daylight","Fine no high winds","Dry","Pedestrian"
"8137","201813T087373",2018-05-18,2018,"May",18,"20:30",20,30,"Friday","Slight",1,"Slight","Motorcycle over 125cc and up to 500cc rider or  passenger","Driver or rider","Male",45,"A","Dual carriageway",60,NA,"Not a Pedestrian","Not a Pedestrian",446375,430896,"E01011299",1,"Not at junction or within 20 metres","Daylight","Fine no high winds","Dry","Motorcyclist and pillion"
"8138","20181355M1235",2018-05-18,2018,"May",18,"22:52",22,52,"Friday","Serious",1,"Serious","Bus or coach occupant (17 or more pass seats)","Passenger","Female",54,"Unclassified","Single carriageway",30,NA,"Not a Pedestrian","Not a Pedestrian",432135,432852,"E01011625",1,"Not at junction or within 20 metres","Darkness - lights lit","Fine no high winds","Dry","Bus and goods vehicle occupant"
"8139","20181355I2266",2018-05-18,2018,"May",18,"23:11",23,11,"Friday","Slight",1,"Slight","Car occupant","Passenger","Male",20,"A","Single carriageway",30,"Unclassified","Not a Pedestrian","Not a Pedestrian",430675,436792,"E01011352",2,"Crossroads","Darkness - lights lit","Fine no high winds","Dry","Car occupant"
"8140","20181355J1124",2018-05-19,2018,"May",19,"15:16",15,16,"Saturday","Serious",4,"Serious","Car occupant","Passenger","Male",7,"A(M)","Dual carriageway",70,NA,"Not a Pedestrian","Not a Pedestrian",442237,442921,"E01011712",2,"Not at junction or within 20 metres","Daylight","Fine no high winds","Dry","Car occupant"
"8141","20181355J1306",2018-05-19,2018,"May",19,"16:35",16,35,"Saturday","Slight",1,"Slight","Pedestrian","Pedestrian","Male",12,"Unclassified","Single carriageway",30,NA,"In carriageway, crossing elsewhere","Crossing from offside - masked by  parked or stationary vehicle",424765,434441,"E01011336",1,"Not at junction or within 20 metres","Daylight","Fine no high winds","Dry","Pedestrian"
"8142","20181355J1649",2018-05-19,2018,"May",19,"19:47",19,47,"Saturday","Serious",1,"Serious","Pedestrian","Pedestrian","Male",62,"Unclassified","One way street",30,NA,"In carriageway, crossing elsewhere","Unknown or other",428980,431679,"E01011366",1,"Not at junction or within 20 metres","Daylight","Fine no high winds","Dry","Pedestrian"
"8143","20181355J2155",2018-05-19,2018,"May",19,"23:30",23,30,"Saturday","Slight",1,"Slight","Car occupant","Driver or rider","Male",39,"Unclassified","Single carriageway",30,"Unclassified","Not a Pedestrian","Not a Pedestrian",427914,435313,"E01011441",2,"Crossroads","Darkness - lights lit","Fine no high winds","Dry","Car occupant"
"8144","20181355K0040",2018-05-20,2018,"May",20,"00:21",0,21,"Sunday","Slight",1,"Slight","Taxi/Private hire car occupant","Passenger","Male",44,"Unclassified","Single carriageway",30,NA,"Not a Pedestrian","Not a Pedestrian",430265,433080,"E01033016",1,"Not at junction or within 20 metres","Darkness - lights lit","Fine no high winds","Dry","Car occupant"
"8145","20181355K1139",2018-05-20,2018,"May",20,"01:45",1,45,"Sunday","Slight",1,"Slight","Pedestrian","Pedestrian","Female",23,"Unclassified","Single carriageway",30,"Unclassified","Crossing elsewhere within 50m. of pedestrian crossing","Crossing from driver's nearside",427711,436104,"E01011435",1,"T or staggered junction","Darkness - lights lit","Fine no high winds","Dry","Pedestrian"
"8146","20181355K0525",2018-05-20,2018,"May",20,"08:20",8,20,"Sunday","Slight",2,"Slight","Car occupant","Driver or rider","Female",38,"Unclassified","Single carriageway",40,"A","Not a Pedestrian","Not a Pedestrian",439478,426194,"E01011395",2,"T or staggered junction","Daylight","Fine no high winds","Dry","Car occupant"
"8147","20181355K0609",2018-05-20,2018,"May",20,"09:30",9,30,"Sunday","Serious",2,"Serious","Cyclist","Driver or rider","Female",56,"A","Single carriageway",40,NA,"Not a Pedestrian","Not a Pedestrian",422233,446012,"E01011569",3,"Not at junction or within 20 metres","Daylight","Fine no high winds","Dry","Cyclist"
"8148","20181355K1169",2018-05-20,2018,"May",20,"15:16",15,16,"Sunday","Slight",1,"Slight","Car occupant","Driver or rider","Female",50,"Unclassified","Single carriageway",30,NA,"Not a Pedestrian","Not a Pedestrian",420806,445708,"E01011569",2,"Not at junction or within 20 metres","Daylight","Fine no high winds","Dry","Car occupant"
"8149","20181355K1202",2018-05-20,2018,"May",20,"15:35",15,35,"Sunday","Slight",1,"Slight","Cyclist","Driver or rider","Male",44,"A","Single carriageway",40,"Unclassified","Not a Pedestrian","Not a Pedestrian",428887,429810,"E01011320",2,"T or staggered junction","Daylight","Fine no high winds","Dry","Cyclist"
"8150","20181355K1795",2018-05-20,2018,"May",20,"20:15",20,15,"Sunday","Slight",1,"Slight","Car occupant","Driver or rider","Female",24,"Unclassified","Single carriageway",30,"Unclassified","Not a Pedestrian","Not a Pedestrian",432394,434672,"E01011344",2,"T or staggered junction","Daylight","Fine no high winds","Dry","Car occupant"
"8151","20181355L0313",2018-05-21,2018,"May",21,"07:40",7,40,"Monday","Slight",1,"Slight","Car occupant","Driver or rider","Female",52,"A","Single carriageway",50,"B","Not a Pedestrian","Not a Pedestrian",422457,427904,"E01011527",4,"T or staggered junction","Daylight","Fine no high winds","Dry","Car occupant"
"8152","20181355L1204",2018-05-21,2018,"May",21,"15:35",15,35,"Monday","Slight",1,"Slight","Car occupant","Driver or rider","Male",74,"Unclassified","Single carriageway",20,"Unclassified","Not a Pedestrian","Not a Pedestrian",436265,435684,"E01011724",3,"T or staggered junction","Daylight","Fine no high winds","Dry","Car occupant"
"8153","20181355L1229",2018-05-21,2018,"May",21,"15:53",15,53,"Monday","Slight",1,"Slight","Cyclist","Driver or rider","Male",13,"Unclassified","Dual carriageway",30,"Unclassified","Not a Pedestrian","Not a Pedestrian",432297,436292,"E01011647",2,"T or staggered junction","Daylight","Fine no high winds","Dry","Cyclist"
"8154","20181355L1463",2018-05-21,2018,"May",21,"17:10",17,10,"Monday","Slight",1,"Slight","Motorcycle 125cc and under rider or passenger","Driver or rider","Male",22,"Unclassified","Single carriageway",40,NA,"Not a Pedestrian","Not a Pedestrian",430471,427015,"E01032495",2,"Not at junction or within 20 metres","Daylight","Fine no high winds","Dry","Motorcyclist and pillion"
"8155","20181355L1454",2018-05-21,2018,"May",21,"17:21",17,21,"Monday","Slight",2,"Slight","Goods vehicle (7.5 tonnes mgw and over) occupant","Driver or rider","Male",59,"A","Dual carriageway",40,NA,"Not a Pedestrian","Not a Pedestrian",430933,440023,"E01011557",3,"Not at junction or within 20 metres","Daylight","Fine no high winds","Dry","Bus and goods vehicle occupant"
"8156","20181355L1702",2018-05-21,2018,"May",21,"19:05",19,5,"Monday","Slight",3,"Slight","Car occupant","Driver or rider","Female",56,"A","Single carriageway",40,"Unclassified","Not a Pedestrian","Not a Pedestrian",423623,437575,"E01011465",4,"T or staggered junction","Daylight","Fine no high winds","Dry","Car occupant"
"8157","20181355L1917",2018-05-21,2018,"May",21,"20:20",20,20,"Monday","Slight",1,"Slight","Cyclist","Driver or rider","Male",23,"Unclassified","Single carriageway",30,"Unclassified","Not a Pedestrian","Not a Pedestrian",426677,433057,"E01011729",2,"T or staggered junction","Darkness - lighting unknown","Fine no high winds","Dry","Cyclist"
"8158","20181355M0373",2018-05-22,2018,"May",22,"08:12",8,12,"Tuesday","Serious",1,"Serious","Pedestrian","Pedestrian","Male",11,"A","Single carriageway",20,NA,"Crossing elsewhere within 50m. of pedestrian crossing","Crossing from nearside - masked by parked or stationary vehicle",430096,431414,"E01011371",1,"Not at junction or within 20 metres","Daylight","Fine no high winds","Dry","Pedestrian"
"8159","20181355M0489",2018-05-22,2018,"May",22,"09:20",9,20,"Tuesday","Slight",1,"Slight","Car occupant","Driver or rider","Female",51,"A","Dual carriageway",40,"Unclassified","Not a Pedestrian","Not a Pedestrian",436160,435074,"E01011408",2,"T or staggered junction","Daylight","Fine no high winds","Dry","Car occupant"
"8160","20181355M0984",2018-05-22,2018,"May",22,"13:35",13,35,"Tuesday","Slight",1,"Slight","Bus or coach occupant (17 or more pass seats)","Passenger","Female",51,"A","Dual carriageway",30,NA,"Not a Pedestrian","Not a Pedestrian",430705,433630,"E01033011",4,"Not at junction or within 20 metres","Daylight","Fine no high winds","Dry","Bus and goods vehicle occupant"
"8161","20181355M1834",2018-05-22,2018,"May",22,"15:00",15,0,"Tuesday","Slight",1,"Slight","Bus or coach occupant (17 or more pass seats)","Passenger","Female",40,"A","Dual carriageway",40,"B","Not a Pedestrian","Not a Pedestrian",433110,434022,"E01011340",1,"Crossroads","Daylight","Fine no high winds","Dry","Bus and goods vehicle occupant"
"8162","20181355M1302",2018-05-22,2018,"May",22,"15:57",15,57,"Tuesday","Slight",1,"Slight","Pedestrian","Pedestrian","Male",12,"B","One way street",30,"A","Crossing on pedestrian crossing facility","Crossing from driver's nearside",420831,439703,"E01011580",1,"More than 4 arms (not roundabout)","Daylight","Fine no high winds","Dry","Pedestrian"
"8163","20181355M1668",2018-05-22,2018,"May",22,"16:45",16,45,"Tuesday","Slight",1,"Slight","Cyclist","Driver or rider","Male",46,"Unclassified","Single carriageway",30,"Unclassified","Not a Pedestrian","Not a Pedestrian",431239,434801,"E01011673",2,"T or staggered junction","Daylight","Fine no high winds","Dry","Cyclist"
"8164","20181355M1734",2018-05-22,2018,"May",22,"19:10",19,10,"Tuesday","Slight",2,"Slight","Car occupant","Driver or rider","Male",35,"Unclassified","Single carriageway",30,"Unclassified","Not a Pedestrian","Not a Pedestrian",429149,431740,"E01011368",2,"T or staggered junction","Daylight","Fine no high winds","Dry","Car occupant"
"8165","20181355N0340",2018-05-23,2018,"May",23,"08:00",8,0,"Wednesday","Slight",1,"Slight","Car occupant","Driver or rider","Male",36,"Motorway","Dual carriageway",30,NA,"Not a Pedestrian","Not a Pedestrian",430227,431975,"E01011364",2,"Not at junction or within 20 metres","Daylight","Fine no high winds","Dry","Car occupant"
"8166","20181355N1310",2018-05-23,2018,"May",23,"14:30",14,30,"Wednesday","Slight",1,"Slight","Cyclist","Driver or rider","Male",54,"Unclassified","Single carriageway",30,"Unclassified","Not a Pedestrian","Not a Pedestrian",431302,429225,"E01011475",2,"T or staggered junction","Daylight","Fine no high winds","Dry","Cyclist"
"8167","20181355N1031",2018-05-23,2018,"May",23,"14:53",14,53,"Wednesday","Slight",1,"Slight","Taxi/Private hire car occupant","Passenger","Female",25,"A","Slip road",40,"A","Not a Pedestrian","Not a Pedestrian",428938,433424,"E01033015",2,"Slip road","Daylight","Fine no high winds","Dry","Car occupant"
"8168","20181355N1254",2018-05-23,2018,"May",23,"16:20",16,20,"Wednesday","Slight",1,"Slight","Pedestrian","Pedestrian","Female",25,"Unclassified","Single carriageway",20,NA,"In carriageway, crossing elsewhere","Crossing from driver's nearside",431804,434661,"E01011677",1,"Not at junction or within 20 metres","Daylight","Fine no high winds","Dry","Pedestrian"
"8169","20181355N1413",2018-05-23,2018,"May",23,"17:31",17,31,"Wednesday","Serious",1,"Serious","Cyclist","Driver or rider","Male",52,"A","Single carriageway",30,NA,"Not a Pedestrian","Not a Pedestrian",420091,440771,"E01011275",2,"Not at junction or within 20 metres","Daylight","Fine no high winds","Dry","Cyclist"
"8170","20181355N0424",2018-05-23,2018,"May",23,"18:25",18,25,"Wednesday","Slight",1,"Slight","Cyclist","Driver or rider","Male",26,"Unclassified","Single carriageway",30,"Unclassified","Not a Pedestrian","Not a Pedestrian",425181,437793,"E01011464",2,"Private drive or entrance","Daylight","Fine no high winds","Dry","Cyclist"
"8171","20181355O0005",2018-05-24,2018,"May",24,"00:01",0,1,"Thursday","Slight",1,"Slight","Car occupant","Driver or rider","Male",32,"A","Single carriageway",40,NA,"Not a Pedestrian","Not a Pedestrian",427515,436954,"E01011690",2,"Not at junction or within 20 metres","Darkness - lights lit","Fine no high winds","Dry","Car occupant"
"8172","20181355O0285",2018-05-24,2018,"May",24,"07:09",7,9,"Thursday","Slight",1,"Slight","Car occupant","Driver or rider","Female",27,"A","Single carriageway",40,NA,"Not a Pedestrian","Not a Pedestrian",437732,429769,"E01011402",2,"Not at junction or within 20 metres","Daylight","Fine no high winds","Dry","Car occupant"
"8173","20181355O0830",2018-05-24,2018,"May",24,"13:00",13,0,"Thursday","Slight",1,"Slight","Motorcycle over 125cc and up to 500cc rider or  passenger","Driver or rider","Male",45,"Unclassified","Single carriageway",30,NA,"Not a Pedestrian","Not a Pedestrian",426869,434481,"E01011281",2,"Not at junction or within 20 metres","Daylight","Fine no high winds","Dry","Motorcyclist and pillion"
"8174","20181355O1002",2018-05-24,2018,"May",24,"14:15",14,15,"Thursday","Slight",1,"Slight","Car occupant","Driver or rider","Female",20,"A","Single carriageway",30,NA,"Not a Pedestrian","Not a Pedestrian",423310,437670,"E01011465",2,"Not at junction or within 20 metres","Daylight","Fine no high winds","Dry","Car occupant"
"8175","20181355O1118",2018-05-24,2018,"May",24,"15:16",15,16,"Thursday","Slight",1,"Slight","Pedestrian","Pedestrian","Female",14,"Unclassified","Single carriageway",30,NA,"Crossing on pedestrian crossing facility","Crossing from driver's nearside",424092,435499,"E01011323",1,"Not at junction or within 20 metres","Daylight","Fine no high winds","Dry","Pedestrian"
"8176","20181355O1222",2018-05-24,2018,"May",24,"16:00",16,0,"Thursday","Slight",1,"Slight","Cyclist","Driver or rider","Male",41,"Unclassified","Slip road",30,"Unclassified","Not a Pedestrian","Not a Pedestrian",419578,446223,"E01011581",2,"T or staggered junction","Daylight","Fine no high winds","Dry","Cyclist"
"8177","20181355O1346",2018-05-24,2018,"May",24,"16:50",16,50,"Thursday","Slight",3,"Slight","Car occupant","Passenger","Male",33,"B","Single carriageway",30,"Unclassified","Not a Pedestrian","Not a Pedestrian",426828,433092,"E01011292",2,"T or staggered junction","Daylight","Fine no high winds","Dry","Car occupant"
"8178","20181355P0367",2018-05-25,2018,"May",25,"07:43",7,43,"Friday","Serious",1,"Serious","Pedestrian","Pedestrian","Male",12,"Unclassified","Single carriageway",30,NA,"In carriageway, crossing elsewhere","Crossing from driver's offside",425493,437544,"E01011686",1,"Not at junction or within 20 metres","Daylight","Fine no high winds","Wet or damp","Pedestrian"
"8179","20181355P0378",2018-05-25,2018,"May",25,"07:53",7,53,"Friday","Slight",1,"Slight","Cyclist","Driver or rider","Male",22,"Unclassified","Single carriageway",30,"Unclassified","Not a Pedestrian","Not a Pedestrian",429598,432562,"E01033032",2,"Crossroads","Daylight","Fine no high winds","Dry","Cyclist"
"8180","2018135641450",2018-05-25,2018,"May",25,"08:20",8,20,"Friday","Serious",1,"Serious","Pedestrian","Pedestrian","Female",86,"Unclassified","Single carriageway",30,NA,"In carriageway, not crossing","In carriageway, stationary - not crossing  (standing or playing)",426257,432271,"E01011732",1,"Not at junction or within 20 metres","Daylight","Fine no high winds","Dry","Pedestrian"
"8181","20181355P0777",2018-05-25,2018,"May",25,"08:30",8,30,"Friday","Slight",1,"Slight","Car occupant","Driver or rider","Female",48,"Unclassified","Single carriageway",30,"Unclassified","Not a Pedestrian","Not a Pedestrian",428749,436968,"E01011691",2,"T or staggered junction","Daylight","Raining no high winds","Wet or damp","Car occupant"
"8182","20181355P0584",2018-05-25,2018,"May",25,"10:17",10,17,"Friday","Serious",1,"Serious","Pedestrian","Pedestrian","Female",37,"B","Single carriageway",40,"Unclassified","Crossing elsewhere within 50m. of pedestrian crossing","Crossing from driver's nearside",424594,436056,"E01011325",1,"T or staggered junction","Daylight","Raining no high winds","Wet or damp","Pedestrian"
"8183","20181355Q0121",2018-05-26,2018,"May",26,"01:15",1,15,"Saturday","Slight",2,"Slight","Car occupant","Driver or rider","Male",25,"A","Single carriageway",30,NA,"Not a Pedestrian","Not a Pedestrian",427695,433712,"E01011284",2,"Not at junction or within 20 metres","Darkness - lights lit","Fine no high winds","Wet or damp","Car occupant"
"8184","20181355Q0595",2018-05-26,2018,"May",26,"09:18",9,18,"Saturday","Slight",2,"Slight","Car occupant","Driver or rider","Female",54,"A","Single carriageway",40,"A","Not a Pedestrian","Not a Pedestrian",424134,444004,"E01032503",2,"Crossroads","Daylight","Fine no high winds","Dry","Car occupant"
"8185","20181355Q0928",2018-05-26,2018,"May",26,"09:30",9,30,"Saturday","Serious",2,"Serious","Cyclist","Driver or rider","Male",32,"A","Roundabout",40,"Motorway","Not a Pedestrian","Not a Pedestrian",435798,425984,"E01011636",3,"Roundabout","Daylight","Fine no high winds","Dry","Cyclist"
"8186","20181355Q0623",2018-05-26,2018,"May",26,"09:46",9,46,"Saturday","Slight",6,"Slight","Minibus (8 - 16 passenger seats) occupant","Passenger","Female",20,"Motorway","Unknown",70,NA,"Not a Pedestrian","Not a Pedestrian",443394,438644,"E01011309",3,"Not at junction or within 20 metres","Daylight","Fine no high winds","Dry","Bus and goods vehicle occupant"
"8187","20181355Q1054",2018-05-26,2018,"May",26,"14:00",14,0,"Saturday","Slight",1,"Slight","Bus or coach occupant (17 or more pass seats)","Passenger","Female",85,"Motorway","Dual carriageway",50,NA,"Not a Pedestrian","Not a Pedestrian",432144,429782,"E01011469",2,"Not at junction or within 20 metres","Daylight","Fine no high winds","Dry","Bus and goods vehicle occupant"
"8188","20181355Q1656",2018-05-26,2018,"May",26,"18:30",18,30,"Saturday","Slight",1,"Slight","Cyclist","Driver or rider","Male",12,"Unclassified","Single carriageway",20,"Unclassified","Not a Pedestrian","Not a Pedestrian",420375,434510,"E01011595",2,"T or staggered junction","Daylight","Fine no high winds","Dry","Cyclist"