"","accident_index","date","year","month","day","time","time_hour","time_minute","day_of_week","accident_severity","number_of_casualties","casualty_severity","casualty_type","casualty_class","sex_of_casualty","age_of_casualty","first_road_class","road_type","speed_limit","second_road_class","pedestrian_location","pedestrian_movement","location_easting_osgr","location_northing_osgr","lsoa_of_accident_location","number_of_vehicles","junction_detail","light_conditions","weather_conditions","road_surface_conditions","cas_type"
"8189","20181355S1373",2018-05-26,2018,"May",26,"19:00",19,0,"Saturday","Serious",1,"Serious","Cyclist","Driver or rider","Male",74,"Unclassified","Single carriageway",30,NA,"Not a Pedestrian","Not a Pedestrian",428970,435429,"E01033005",2,"Not at junction or within 20 metres","Daylight","Fine no high winds","Dry","Cyclist"
"8190","20181355Q1954",2018-05-26,2018,"May",26,"20:41",20,41,"Saturday","Fatal",1,"Fatal","Pedestrian","Pedestrian","Male",46,"Unclassified","Single carriageway",30,NA,"In carriageway, crossing elsewhere","Crossing from driver's nearside",431390,435084,"E01011429",1,"Not at junction or within 20 metres","Daylight","Fine no high winds","Dry","Pedestrian"
"8191","20181355R0199",2018-05-27,2018,"May",27,"01:45",1,45,"Sunday","Slight",1,"Slight","Car occupant","Passenger","Male",22,"A","Dual carriageway",40,"Motorway","Not a Pedestrian","Not a Pedestrian",430835,424377,"E01011537",1,"Roundabout","Darkness - lights lit","Fine no high winds","Dry","Car occupant"
"8192","20181355R1200",2018-05-27,2018,"May",27,"15:20",15,20,"Sunday","Slight",1,"Slight","Car occupant","Passenger","Female",18,"Unclassified","Single carriageway",30,NA,"Not a Pedestrian","Not a Pedestrian",433666,426974,"E01011634",3,"Not at junction or within 20 metres","Daylight","Fine no high winds","Dry","Car occupant"
"8193","20181355R1207",2018-05-27,2018,"May",27,"15:20",15,20,"Sunday","Serious",1,"Serious","Pedestrian","Pedestrian","Male",40,"Unclassified","Single carriageway",30,NA,"On footway or verge","Walking along in carriageway, facing traffic",433265,427394,"E01011634",1,"Not at junction or within 20 metres","Daylight","Fine no high winds","Dry","Pedestrian"
"8194","20181355R1283",2018-05-27,2018,"May",27,"15:55",15,55,"Sunday","Slight",1,"Slight","Car occupant","Driver or rider","Female",37,"Unclassified","Single carriageway",30,"Unclassified","Not a Pedestrian","Not a Pedestrian",429771,436618,"E01011355",2,"T or staggered junction","Daylight","Fine no high winds","Dry","Car occupant"
"8195","20181355S1168",2018-05-28,2018,"May",28,"15:02",15,2,"Monday","Slight",1,"Slight","Motorcycle over 125cc and up to 500cc rider or  passenger","Driver or rider","Male",50,"A","Single carriageway",30,"A","Not a Pedestrian","Not a Pedestrian",424373,445355,"E01011570",2,"T or staggered junction","Daylight","Fine no high winds","Dry","Motorcyclist and pillion"
"8196","20181355S1240",2018-05-28,2018,"May",28,"15:47",15,47,"Monday","Slight",1,"Slight","Cyclist","Driver or rider","Male",19,"Unclassified","Single carriageway",30,"Unclassified","Not a Pedestrian","Not a Pedestrian",430352,432103,"E01011364",2,"T or staggered junction","Daylight","Fine no high winds","Dry","Cyclist"
"8197","20181355S1782",2018-05-28,2018,"May",28,"19:36",19,36,"Monday","Serious",1,"Serious","Pedestrian","Pedestrian","Male",12,"B","Dual carriageway",30,"Unclassified","Crossing on pedestrian crossing facility","Crossing from driver's nearside",426647,433086,"E01011729",1,"Crossroads","Daylight","Fine no high winds","Dry","Pedestrian"
"8198","20181355S2111",2018-05-28,2018,"May",28,"21:45",21,45,"Monday","Slight",1,"Slight","Car occupant","Driver or rider","Male",57,"Unclassified","Single carriageway",30,"Unclassified","Not a Pedestrian","Not a Pedestrian",433101,436478,"E01011643",2,"T or staggered junction","Darkness - lights lit","Fine no high winds","Dry","Car occupant"
"8199","20181355T0376",2018-05-29,2018,"May",29,"05:30",5,30,"Tuesday","Slight",1,"Slight","Bus or coach occupant (17 or more pass seats)","Driver or rider","Male",51,"A","Single carriageway",40,NA,"Not a Pedestrian","Not a Pedestrian",429371,425870,"E01011538",2,"Not at junction or within 20 metres","Daylight","Fine no high winds","Dry","Bus and goods vehicle occupant"
"8200","20181355T1200",2018-05-29,2018,"May",29,"12:48",12,48,"Tuesday","Slight",1,"Slight","Bus or coach occupant (17 or more pass seats)","Passenger","Female",2,"Unclassified","Single carriageway",30,"B","Not a Pedestrian","Not a Pedestrian",434466,433697,"E01011616",1,"T or staggered junction","Daylight","Fine no high winds","Dry","Bus and goods vehicle occupant"
"8201","20181355G1087",2018-05-29,2018,"May",29,"15:01",15,1,"Tuesday","Slight",1,"Slight","Car occupant","Driver or rider","Female",29,"A","Dual carriageway",60,NA,"Not a Pedestrian","Not a Pedestrian",427989,426088,"E01011549",2,"Not at junction or within 20 metres","Daylight","Fine no high winds","Dry","Car occupant"
"8202","20181355T1172",2018-05-29,2018,"May",29,"16:23",16,23,"Tuesday","Slight",1,"Slight","Car occupant","Driver or rider","Male",49,"A(M)","Dual carriageway",70,NA,"Not a Pedestrian","Not a Pedestrian",442665,442288,"E01011712",2,"Not at junction or within 20 metres","Daylight","Fine no high winds","Dry","Car occupant"
"8203","20181355T1409",2018-05-29,2018,"May",29,"18:23",18,23,"Tuesday","Slight",1,"Slight","Cyclist","Driver or rider","Female",42,"A","Single carriageway",30,"Unclassified","Not a Pedestrian","Not a Pedestrian",423110,437625,"E01011452",2,"T or staggered junction","Daylight","Fine no high winds","Dry","Cyclist"
"8204","20181355T1483",2018-05-29,2018,"May",29,"18:55",18,55,"Tuesday","Slight",1,"Slight","Pedestrian","Pedestrian","Male",9,"Unclassified","Single carriageway",30,"Unclassified","In carriageway, crossing elsewhere","Crossing from nearside - masked by parked or stationary vehicle",431493,435908,"E01011359",1,"T or staggered junction","Daylight","Fine no high winds","Dry","Pedestrian"
"8205","20181355U0656",2018-05-30,2018,"May",30,"11:53",11,53,"Wednesday","Slight",1,"Slight","Car occupant","Driver or rider","Female",52,"Unclassified","Single carriageway",30,"Unclassified","Not a Pedestrian","Not a Pedestrian",432179,434626,"E01011433",2,"Mini-roundabout","Daylight","Fine no high winds","Dry","Car occupant"
"8206","20181355U1341",2018-05-30,2018,"May",30,"17:47",17,47,"Wednesday","Slight",1,"Slight","Car occupant","Driver or rider","Male",40,"Unclassified","Single carriageway",30,NA,"Not a Pedestrian","Not a Pedestrian",429552,434169,"E01033008",2,"Not at junction or within 20 metres","Daylight","Fine no high winds","Dry","Car occupant"
"8207","20181355U1806",2018-05-30,2018,"May",30,"21:25",21,25,"Wednesday","Slight",7,"Slight","Car occupant","Driver or rider","Male",23,"A","Single carriageway",30,NA,"Not a Pedestrian","Not a Pedestrian",428888,429809,"E01011320",2,"Not at junction or within 20 metres","Darkness - lights lit","Fine no high winds","Dry","Car occupant"
"8208","20181355V0596",2018-05-31,2018,"May",31,"10:30",10,30,"Thursday","Slight",1,"Slight","Car occupant","Driver or rider","Male",45,"A","Single carriageway",30,"Unclassified","Not a Pedestrian","Not a Pedestrian",422219,438385,"E01011458",2,"Other junction","Daylight","Fine no high winds","Dry","Car occupant"
"8209","20181355V1147",2018-05-31,2018,"May",31,"15:29",15,29,"Thursday","Slight",3,"Slight","Car occupant","Passenger","Female",35,"Unclassified","Single carriageway",30,"Unclassified","Not a Pedestrian","Not a Pedestrian",432664,437999,"E01011655",2,"T or staggered junction","Daylight","Fine no high winds","Dry","Car occupant"
"8210","2018135610438",2018-06-01,2018,"Jun",1,"08:00",8,0,"Friday","Slight",1,"Slight","Car occupant","Driver or rider","Female",22,"Motorway","Dual carriageway",70,NA,"Not a Pedestrian","Not a Pedestrian",432125,425757,"E01011499",1,"Not at junction or within 20 metres","Daylight","Fine no high winds","Dry","Car occupant"
"8211","2018135611670",2018-06-01,2018,"Jun",1,"14:45",14,45,"Friday","Slight",1,"Slight","Cyclist","Driver or rider","Male",28,"A","Single carriageway",30,"A(M)","Not a Pedestrian","Not a Pedestrian",429892,434519,"E01033005",2,"Slip road","Daylight","Fine no high winds","Dry","Cyclist"
"8212","2018135611609",2018-06-01,2018,"Jun",1,"18:00",18,0,"Friday","Serious",2,"Serious","Pedestrian","Pedestrian","Male",86,"A","Dual carriageway",40,"Unclassified","On footway or verge","Unknown or other",430973,440100,"E01011557",1,"T or staggered junction","Daylight","Fine no high winds","Dry","Pedestrian"
"8213","2018135611702",2018-06-01,2018,"Jun",1,"18:49",18,49,"Friday","Serious",4,"Slight","Car occupant","Driver or rider","Male",35,"Unclassified","Single carriageway",20,"Unclassified","Not a Pedestrian","Not a Pedestrian",436813,436500,"E01011722",3,"T or staggered junction","Daylight","Fine no high winds","Dry","Car occupant"
"8214","2018135611733",2018-06-01,2018,"Jun",1,"19:03",19,3,"Friday","Slight",1,"Slight","Cyclist","Driver or rider","Male",6,"Unclassified","Single carriageway",30,"Unclassified","Not a Pedestrian","Not a Pedestrian",432541,434897,"E01011433",2,"T or staggered junction","Daylight","Fine no high winds","Dry","Cyclist"
"8215","2018135620883",2018-06-02,2018,"Jun",2,"11:00",11,0,"Saturday","Slight",1,"Slight","Cyclist","Driver or rider","Male",17,"A","Single carriageway",30,"Unclassified","Not a Pedestrian","Not a Pedestrian",434642,428162,"E01011633",2,"T or staggered junction","Daylight","Fine no high winds","Wet or damp","Cyclist"
"8216","2018135630563",2018-06-03,2018,"Jun",3,"09:03",9,3,"Sunday","Slight",1,"Slight","Car occupant","Driver or rider","Male",36,"Unclassified","Single carriageway",30,"Unclassified","Not a Pedestrian","Not a Pedestrian",431639,437403,"E01011641",1,"T or staggered junction","Daylight","Fine no high winds","Dry","Car occupant"
"8217","2018135630737",2018-06-03,2018,"Jun",3,"11:17",11,17,"Sunday","Serious",1,"Serious","Pedestrian","Pedestrian","Female",5,"A","Single carriageway",30,"Unclassified","In carriageway, not crossing","Walking along in carriageway, facing traffic",430101,431509,"E01011371",1,"T or staggered junction","Daylight","Fine no high winds","Dry","Pedestrian"
"8218","2018135631357",2018-06-03,2018,"Jun",3,"17:30",17,30,"Sunday","Slight",1,"Slight","Van / Goods vehicle (3.5 tonnes mgw or under) occupant","Passenger","Male",18,"Unclassified","One way street",30,"A","Not a Pedestrian","Not a Pedestrian",430543,432742,"E01033018",1,"Other junction","Daylight","Fine no high winds","Dry","Bus and goods vehicle occupant"
"8219","2018135632197",2018-06-03,2018,"Jun",3,"23:29",23,29,"Sunday","Serious",1,"Serious","Motorcycle over 500cc rider or passenger","Driver or rider","Male",19,"A","Single carriageway",60,NA,"Not a Pedestrian","Not a Pedestrian",423522,444449,"E01011570",1,"Not at junction or within 20 metres","Darkness - lights unlit","Fine no high winds","Dry","Motorcyclist and pillion"
"8220","2018135640056",2018-06-04,2018,"Jun",4,"00:35",0,35,"Monday","Serious",1,"Serious","Pedestrian","Pedestrian","Female",24,"B","Single carriageway",30,"Unclassified","Crossing elsewhere within 50m. of pedestrian crossing","Crossing from driver's offside",432487,434769,"E01011344",1,"Other junction","Darkness - lights lit","Fine no high winds","Dry","Pedestrian"
"8221","2018135640903",2018-06-04,2018,"Jun",4,"13:20",13,20,"Monday","Serious",2,"Serious","Car occupant","Driver or rider","Male",26,"A","Dual carriageway",40,NA,"Not a Pedestrian","Not a Pedestrian",423926,427919,"E01011523",1,"Not at junction or within 20 metres","Daylight","Fine no high winds","Dry","Car occupant"
"8222","2018135641021",2018-06-04,2018,"Jun",4,"14:24",14,24,"Monday","Slight",1,"Slight","Car occupant","Driver or rider","Female",43,"A","Roundabout",40,"Unclassified","Not a Pedestrian","Not a Pedestrian",428431,428713,"E01011493",2,"Roundabout","Daylight","Fine no high winds","Dry","Car occupant"
"8223","2018135641132",2018-06-04,2018,"Jun",4,"14:50",14,50,"Monday","Slight",1,"Slight","Pedestrian","Pedestrian","Male",48,"Unclassified","Single carriageway",30,NA,"On footway or verge","Unknown or other",431460,434010,"E01033031",1,"Not at junction or within 20 metres","Daylight","Fine no high winds","Dry","Pedestrian"
"8224","2018135641122",2018-06-04,2018,"Jun",4,"14:55",14,55,"Monday","Slight",2,"Slight","Car occupant","Driver or rider","Female",34,"Unclassified","Single carriageway",30,"Unclassified","Not a Pedestrian","Not a Pedestrian",423289,434657,"E01011335",2,"T or staggered junction","Daylight","Fine no high winds","Dry","Car occupant"
"8225","2018135641515",2018-06-04,2018,"Jun",4,"17:40",17,40,"Monday","Slight",1,"Slight","Car occupant","Driver or rider","Male",36,"A","Dual carriageway",40,NA,"Not a Pedestrian","Not a Pedestrian",429766,430608,"E01011316",2,"Not at junction or within 20 metres","Daylight","Fine no high winds","Dry","Car occupant"
"8226","2018135650554",2018-06-05,2018,"Jun",5,"10:46",10,46,"Tuesday","Slight",1,"Slight","Car occupant","Driver or rider","Female",71,"Unclassified","Single carriageway",30,"Unclassified","Not a Pedestrian","Not a Pedestrian",427120,439290,"E01011386",2,"Crossroads","Daylight","Fine no high winds","Dry","Car occupant"
"8227","2018135650878",2018-06-05,2018,"Jun",5,"13:00",13,0,"Tuesday","Slight",1,"Slight","Car occupant","Driver or rider","Male",66,"Unclassified","Dual carriageway",40,"Unclassified","Not a Pedestrian","Not a Pedestrian",428449,429063,"E01011493",2,"T or staggered junction","Daylight","Fine no high winds","Dry","Car occupant"
"8228","2018135650931",2018-06-05,2018,"Jun",5,"14:10",14,10,"Tuesday","Serious",1,"Serious","Goods vehicle (7.5 tonnes mgw and over) occupant","Driver or rider","Male",60,"Motorway","Dual carriageway",70,NA,"Not a Pedestrian","Not a Pedestrian",433546,425864,"E01011500",7,"Not at junction or within 20 metres","Daylight","Fine no high winds","Dry","Bus and goods vehicle occupant"
"8229","2018135651232",2018-06-05,2018,"Jun",5,"16:20",16,20,"Tuesday","Fatal",1,"Fatal","Pedestrian","Pedestrian","Male",24,"Unclassified","Single carriageway",30,NA,"On footway or verge","Unknown or other",428624,425115,"E01011536",1,"Not at junction or within 20 metres","Daylight","Fine no high winds","Dry","Pedestrian"
"8230","2018135651310",2018-06-05,2018,"Jun",5,"17:00",17,0,"Tuesday","Slight",1,"Slight","Cyclist","Driver or rider","Female",23,"Unclassified","Single carriageway",30,"Unclassified","Not a Pedestrian","Not a Pedestrian",428909,435507,"E01011443",2,"T or staggered junction","Daylight","Fine no high winds","Dry","Cyclist"
"8231","2018135660575",2018-06-06,2018,"Jun",6,"10:20",10,20,"Wednesday","Slight",1,"Slight","Pedestrian","Pedestrian","Female",84,"Unclassified","Single carriageway",30,NA,"On footway or verge","Unknown or other",420212,445526,"E01011569",1,"Not at junction or within 20 metres","Daylight","Fine no high winds","Dry","Pedestrian"
"8232","2018135661188",2018-06-06,2018,"Jun",6,"16:06",16,6,"Wednesday","Slight",1,"Slight","Cyclist","Driver or rider","Male",25,"Unclassified","Single carriageway",30,"Unclassified","Not a Pedestrian","Not a Pedestrian",429966,430365,"E01011322",2,"T or staggered junction","Daylight","Fine no high winds","Dry","Cyclist"
"8233","2018135691705",2018-06-06,2018,"Jun",6,"19:20",19,20,"Wednesday","Slight",1,"Slight","Car occupant","Driver or rider","Female",17,"Unclassified","Single carriageway",30,"Unclassified","Not a Pedestrian","Not a Pedestrian",431490,438677,"E01011511",2,"T or staggered junction","Daylight","Fine no high winds","Dry","Car occupant"
"8234","2018135670265",2018-06-06,2018,"Jun",6,"20:25",20,25,"Wednesday","Slight",2,"Slight","Car occupant","Driver or rider","Female",37,"Unclassified","Single carriageway",30,"Unclassified","Not a Pedestrian","Not a Pedestrian",429799,433376,"E01033016",2,"T or staggered junction","Daylight","Fine no high winds","Dry","Car occupant"
"8235","20181356S0632",2018-06-07,2018,"Jun",7,"10:00",10,0,"Thursday","Slight",1,"Slight","Car occupant","Passenger","Female",11,"Unclassified","Single carriageway",30,"Unclassified","Not a Pedestrian","Not a Pedestrian",427181,435270,"E01011480",2,"Crossroads","Daylight","Fine no high winds","Dry","Car occupant"
"8236","2018135670906",2018-06-07,2018,"Jun",7,"13:43",13,43,"Thursday","Serious",1,"Serious","Pedestrian","Pedestrian","Female",49,"Unclassified","Single carriageway",30,"Unclassified","In carriageway, crossing elsewhere","Crossing from driver's nearside",431487,435011,"E01011673",1,"Crossroads","Daylight","Fine no high winds","Dry","Pedestrian"
"8237","2018135671642",2018-06-07,2018,"Jun",7,"19:30",19,30,"Thursday","Slight",1,"Slight","Car occupant","Driver or rider","Female",21,"Unclassified","Single carriageway",30,"Unclassified","Not a Pedestrian","Not a Pedestrian",423084,434894,"E01011335",2,"T or staggered junction","Daylight","Fine no high winds","Dry","Car occupant"
"8238","2018135680382",2018-06-08,2018,"Jun",8,"08:20",8,20,"Friday","Slight",1,"Slight","Cyclist","Driver or rider","Female",32,"A","Single carriageway",30,"Unclassified","Not a Pedestrian","Not a Pedestrian",430035,431022,"E01011312",2,"T or staggered junction","Daylight","Fine no high winds","Dry","Cyclist"
"8239","2018135681155",2018-06-08,2018,"Jun",8,"15:18",15,18,"Friday","Slight",1,"Slight","Pedestrian","Pedestrian","Male",12,"Unclassified","Single carriageway",30,"Unclassified","In carriageway, crossing elsewhere","Crossing from driver's nearside",434860,433361,"E01011415",1,"T or staggered junction","Daylight","Fine no high winds","Dry","Pedestrian"
"8240","2018135681187",2018-06-08,2018,"Jun",8,"15:25",15,25,"Friday","Slight",3,"Slight","Car occupant","Driver or rider","Male",55,"A(M)","Dual carriageway",70,NA,"Not a Pedestrian","Not a Pedestrian",443087,440735,"E01011712",3,"Not at junction or within 20 metres","Daylight","Fine no high winds","Dry","Car occupant"
"8241","2018135681539",2018-06-08,2018,"Jun",8,"18:23",18,23,"Friday","Slight",2,"Slight","Car occupant","Driver or rider","Male",72,"Motorway","Dual carriageway",70,NA,"Not a Pedestrian","Not a Pedestrian",436120,431172,"E01011420",2,"Not at junction or within 20 metres","Daylight","Fine no high winds","Dry","Car occupant"
"8242","2018135681663",2018-06-08,2018,"Jun",8,"18:56",18,56,"Friday","Slight",1,"Slight","Pedestrian","Pedestrian","Male",6,"Unclassified","Single carriageway",30,"Unclassified","In carriageway, crossing elsewhere","Crossing from driver's offside",423722,433812,"E01011611",1,"T or staggered junction","Daylight","Fine no high winds","Dry","Pedestrian"
"8243","2018135681637",2018-06-08,2018,"Jun",8,"19:04",19,4,"Friday","Serious",1,"Serious","Motorcycle over 125cc and up to 500cc rider or  passenger","Driver or rider","Male",26,"Unclassified","Single carriageway",30,"Unclassified","Not a Pedestrian","Not a Pedestrian",431572,428653,"E01011502",2,"Crossroads","Daylight","Fine no high winds","Dry","Motorcyclist and pillion"
"8244","2018135681774",2018-06-08,2018,"Jun",8,"19:55",19,55,"Friday","Serious",1,"Serious","Motorcycle 125cc and under rider or passenger","Driver or rider","Male",20,"Unclassified","Single carriageway",30,"Unclassified","Not a Pedestrian","Not a Pedestrian",434355,435292,"E01011339",3,"Roundabout","Daylight","Fine no high winds","Dry","Motorcyclist and pillion"
"8245","2018135690653",2018-06-09,2018,"Jun",9,"11:25",11,25,"Saturday","Serious",1,"Serious","Pedestrian","Pedestrian","Male",70,"Unclassified","Dual carriageway",30,NA,"Crossing elsewhere within 50m. of pedestrian crossing","Crossing from driver's nearside",430469,433290,"E01033011",1,"Not at junction or within 20 metres","Daylight","Fine no high winds","Dry","Pedestrian"
"8246","2018135690701",2018-06-09,2018,"Jun",9,"11:50",11,50,"Saturday","Slight",1,"Slight","Car occupant","Driver or rider","Male",54,"Unclassified","Single carriageway",20,NA,"Not a Pedestrian","Not a Pedestrian",429637,427150,"E01011497",2,"Not at junction or within 20 metres","Daylight","Fine no high winds","Dry","Car occupant"
"8247","2018135690777",2018-06-09,2018,"Jun",9,"12:30",12,30,"Saturday","Slight",1,"Slight","Car occupant","Driver or rider","Male",41,"Unclassified","Single carriageway",30,"Unclassified","Not a Pedestrian","Not a Pedestrian",430536,435324,"E01011360",2,"T or staggered junction","Daylight","Fine no high winds","Dry","Car occupant"
"8248","2018135670912",2018-06-09,2018,"Jun",9,"13:45",13,45,"Saturday","Slight",1,"Slight","Car occupant","Passenger","Female",66,"A","Dual carriageway",30,NA,"Not a Pedestrian","Not a Pedestrian",428510,433255,"E01011363",2,"Not at junction or within 20 metres","Daylight","Fine no high winds","Dry","Car occupant"
"8249","2018135691922",2018-06-09,2018,"Jun",9,"21:00",21,0,"Saturday","Slight",1,"Slight","Car occupant","Driver or rider","Female",30,"Unclassified","Single carriageway",30,NA,"Not a Pedestrian","Not a Pedestrian",431954,436268,"E01011359",2,"Not at junction or within 20 metres","Darkness - lighting unknown","Fine no high winds","Dry","Car occupant"
"8250","20181356A0284",2018-06-10,2018,"Jun",10,"02:26",2,26,"Sunday","Serious",1,"Serious","Motorcycle 125cc and under rider or passenger","Driver or rider","Male",41,"Unclassified","Single carriageway",30,NA,"Not a Pedestrian","Not a Pedestrian",428377,432677,"E01011363",1,"Not at junction or within 20 metres","Daylight","Fine no high winds","Dry","Motorcyclist and pillion"
"8251","20181356A1111",2018-06-10,2018,"Jun",10,"15:06",15,6,"Sunday","Slight",1,"Slight","Car occupant","Passenger","Male",20,"Unclassified","Single carriageway",30,"A","Not a Pedestrian","Not a Pedestrian",431175,434983,"E01033031",2,"T or staggered junction","Daylight","Fine no high winds","Dry","Car occupant"
"8252","20181356A1164",2018-06-10,2018,"Jun",10,"15:31",15,31,"Sunday","Slight",1,"Slight","Pedestrian","Pedestrian","Male",3,"Unclassified","Single carriageway",20,"Unclassified","In carriageway, crossing elsewhere","Crossing from driver's offside",429646,427586,"E01011491",1,"T or staggered junction","Daylight","Fine no high winds","Dry","Pedestrian"
"8253","20181356A1796",2018-06-10,2018,"Jun",10,"19:45",19,45,"Sunday","Serious",1,"Serious","Cyclist","Driver or rider","Male",11,"Unclassified","Single carriageway",30,"Unclassified","Not a Pedestrian","Not a Pedestrian",432418,434409,"E01011347",2,"T or staggered junction","Daylight","Fine no high winds","Dry","Cyclist"
"8254","20181356B0186",2018-06-11,2018,"Jun",11,"04:20",4,20,"Monday","Slight",1,"Slight","Car occupant","Passenger","Male",29,"A","Dual carriageway",40,NA,"Not a Pedestrian","Not a Pedestrian",428606,432845,"E01011363",2,"Not at junction or within 20 metres","Daylight","Fine no high winds","Dry","Car occupant"
"8255","20181356B0470",2018-06-11,2018,"Jun",11,"07:40",7,40,"Monday","Slight",1,"Slight","Pedestrian","Pedestrian","Male",25,"Unclassified","Single carriageway",20,NA,"In carriageway, crossing elsewhere","Crossing from driver's offside",435392,433731,"E01011417",1,"Not at junction or within 20 metres","Daylight","Fine no high winds","Dry","Pedestrian"
"8256","20181356B0642",2018-06-11,2018,"Jun",11,"11:20",11,20,"Monday","Slight",1,"Slight","Car occupant","Driver or rider","Female",93,"A","Dual carriageway",30,"Unclassified","Not a Pedestrian","Not a Pedestrian",419316,441749,"E01011265",1,"Mini-roundabout","Daylight","Fine no high winds","Dry","Car occupant"
"8257","20181356B0993",2018-06-11,2018,"Jun",11,"14:00",14,0,"Monday","Slight",1,"Slight","Motorcycle 50cc and under rider or passenger","Driver or rider","Male",16,"A","Single carriageway",40,NA,"Not a Pedestrian","Not a Pedestrian",434965,428208,"E01011627",1,"Not at junction or within 20 metres","Daylight","Fine no high winds","Dry","Motorcyclist and pillion"
"8258","20181356B1397",2018-06-11,2018,"Jun",11,"15:15",15,15,"Monday","Slight",1,"Slight","Car occupant","Driver or rider","Male",51,"Unclassified","Dual carriageway",30,NA,"Not a Pedestrian","Not a Pedestrian",428800,432634,"E01033013",3,"Not at junction or within 20 metres","Daylight","Fine no high winds","Dry","Car occupant"
"8259","20181356C1698",2018-06-12,2018,"Jun",12,"17:35",17,35,"Tuesday","Slight",2,"Slight","Bus or coach occupant (17 or more pass seats)","Passenger","Female",61,"A","Dual carriageway",40,"Unclassified","Not a Pedestrian","Not a Pedestrian",429816,430653,"E01011322",2,"Private drive or entrance","Daylight","Fine no high winds","Dry","Bus and goods vehicle occupant"
"8260","20181356C1359",2018-06-12,2018,"Jun",12,"17:38",17,38,"Tuesday","Slight",1,"Slight","Pedestrian","Pedestrian","Female",9,"Unclassified","Single carriageway",30,NA,"On footway or verge","Unknown or other",431217,433746,"E01033031",1,"Not at junction or within 20 metres","Daylight","Fine no high winds","Dry","Pedestrian"
"8261","20181356E1043",2018-06-12,2018,"Jun",12,"20:15",20,15,"Tuesday","Slight",1,"Slight","Car occupant","Driver or rider","Female",25,"Unclassified","Single carriageway",30,NA,"Not a Pedestrian","Not a Pedestrian",436009,437010,"E01011720",2,"Not at junction or within 20 metres","Daylight","Fine no high winds","Dry","Car occupant"
"8262","20181356D0552",2018-06-13,2018,"Jun",13,"10:31",10,31,"Wednesday","Slight",1,"Slight","Goods vehicle (7.5 tonnes mgw and over) occupant","Passenger","Male",36,"A","Dual carriageway",40,"A","Not a Pedestrian","Not a Pedestrian",424061,428050,"E01011523",2,"T or staggered junction","Daylight","Fine no high winds","Dry","Bus and goods vehicle occupant"
"8263","20181356D1539",2018-06-13,2018,"Jun",13,"18:20",18,20,"Wednesday","Slight",1,"Slight","Pedestrian","Pedestrian","Female",25,"A","Single carriageway",30,NA,"On footway or verge","Unknown or other",431851,435645,"E01011422",1,"Not at junction or within 20 metres","Daylight","Fine no high winds","Dry","Pedestrian"
"8264","20181356E0477",2018-06-14,2018,"Jun",14,"09:16",9,16,"Thursday","Slight",1,"Slight","Car occupant","Driver or rider","Female",21,"A","Single carriageway",50,"Unclassified","Not a Pedestrian","Not a Pedestrian",435425,439800,"E01011311",2,"Crossroads","Daylight","Fine + high winds","Dry","Car occupant"
"8265","20181356E0483",2018-06-14,2018,"Jun",14,"09:19",9,19,"Thursday","Slight",1,"Slight","Car occupant","Driver or rider","Male",45,"Unclassified","Single carriageway",30,"Unclassified","Not a Pedestrian","Not a Pedestrian",427021,433109,"E01011292",3,"T or staggered junction","Daylight","Fine + high winds","Dry","Car occupant"
"8266","20181356E1004",2018-06-14,2018,"Jun",14,"13:48",13,48,"Thursday","Slight",1,"Slight","Car occupant","Driver or rider","Female",54,"A","Single carriageway",30,"Unclassified","Not a Pedestrian","Not a Pedestrian",427298,433626,"E01011293",2,"Crossroads","Daylight","Fine no high winds","Dry","Car occupant"
"8267","20181356E1968",2018-06-14,2018,"Jun",14,"21:34",21,34,"Thursday","Serious",2,"Slight","Car occupant","Driver or rider","Male",21,"A","Single carriageway",30,"Unclassified","Not a Pedestrian","Not a Pedestrian",436506,441867,"E01011310",2,"T or staggered junction","Daylight","Fine no high winds","Dry","Car occupant"
"8268","20181356F1240",2018-06-15,2018,"Jun",15,"16:20",16,20,"Friday","Slight",1,"Slight","Pedestrian","Pedestrian","Male",12,"A","Dual carriageway",30,"Unclassified","Crossing in zig-zag approach lines","Crossing from driver's nearside",429123,433540,"E01033008",1,"T or staggered junction","Daylight","Fine no high winds","Dry","Pedestrian"
"8269","20181356I1044",2018-06-15,2018,"Jun",15,"16:35",16,35,"Friday","Slight",2,"Slight","Car occupant","Passenger","Male",12,"A","Single carriageway",30,"Unclassified","Not a Pedestrian","Not a Pedestrian",426445,433948,"E01032608",2,"T or staggered junction","Daylight","Fine no high winds","Dry","Car occupant"
"8270","20181356F1289",2018-06-15,2018,"Jun",15,"16:38",16,38,"Friday","Slight",1,"Slight","Car occupant","Driver or rider","Male",47,"B","Roundabout",30,"B","Not a Pedestrian","Not a Pedestrian",426225,427438,"E01011541",2,"Roundabout","Daylight","Fine no high winds","Dry","Car occupant"
"8271","20181356F1480",2018-06-15,2018,"Jun",15,"18:00",18,0,"Friday","Serious",1,"Serious","Motorcycle over 500cc rider or passenger","Driver or rider","Male",32,"Unclassified","Single carriageway",30,NA,"Not a Pedestrian","Not a Pedestrian",423634,438019,"E01011461",2,"Not at junction or within 20 metres","Daylight","Fine no high winds","Dry","Motorcyclist and pillion"
"8272","20181356F2269",2018-06-15,2018,"Jun",15,"23:18",23,18,"Friday","Serious",1,"Serious","Motorcycle 125cc and under rider or passenger","Driver or rider","Male",18,"Unclassified","Single carriageway",20,"Unclassified","Not a Pedestrian","Not a Pedestrian",436458,436049,"E01011724",2,"T or staggered junction","Darkness - lights lit","Fine no high winds","Dry","Motorcyclist and pillion"