"","accident_index","date","year","month","day","time","time_hour","time_minute","day_of_week","accident_severity","number_of_casualties","casualty_severity","casualty_type","casualty_class","sex_of_casualty","age_of_casualty","first_road_class","road_type","speed_limit","second_road_class","pedestrian_location","pedestrian_movement","location_easting_osgr","location_northing_osgr","lsoa_of_accident_location","number_of_vehicles","junction_detail","light_conditions","weather_conditions","road_surface_conditions","cas_type"
"8273","20181356G0286",2018-06-16,2018,"Jun",16,"03:00",3,0,"Saturday","Slight",1,"Slight","Taxi/Private hire car occupant","Driver or rider","Male",34,"Unclassified","Single carriageway",30,NA,"Not a Pedestrian","Not a Pedestrian",430196,434008,"E01033010",2,"Not at junction or within 20 metres","Darkness - lights lit","Fine no high winds","Dry","Car occupant"
"8274","20181356G1144",2018-06-16,2018,"Jun",16,"15:12",15,12,"Saturday","Slight",1,"Slight","Pedestrian","Pedestrian","Male",9,"Unclassified","Single carriageway",20,"Unclassified","In carriageway, crossing elsewhere","Crossing from driver's nearside",426840,427835,"E01032489",1,"T or staggered junction","Daylight","Fine no high winds","Dry","Pedestrian"
"8275","20181356H0779",2018-06-16,2018,"Jun",16,"17:50",17,50,"Saturday","Slight",1,"Slight","Bus or coach occupant (17 or more pass seats)","Passenger","Female",30,"Unclassified","Single carriageway",30,"Unclassified","Not a Pedestrian","Not a Pedestrian",431461,430310,"E01011469",2,"T or staggered junction","Daylight","Fine no high winds","Dry","Bus and goods vehicle occupant"
"8276","20181356G1647",2018-06-16,2018,"Jun",16,"19:17",19,17,"Saturday","Slight",1,"Slight","Car occupant","Driver or rider","Male",70,"Unclassified","Unknown",30,NA,"Not a Pedestrian","Not a Pedestrian",430020,438556,"E01011514",2,"Not at junction or within 20 metres","Daylight","Fine no high winds","Dry","Car occupant"
"8277","20181356G1687",2018-06-16,2018,"Jun",16,"19:30",19,30,"Saturday","Slight",1,"Slight","Car occupant","Driver or rider","Female",29,"Unclassified","Single carriageway",30,"Unclassified","Not a Pedestrian","Not a Pedestrian",431015,427865,"E01011490",2,"T or staggered junction","Daylight","Fine no high winds","Dry","Car occupant"
"8278","20181356H0513",2018-06-17,2018,"Jun",17,"08:50",8,50,"Sunday","Slight",1,"Slight","Bus or coach occupant (17 or more pass seats)","Passenger","Female",89,"A","Single carriageway",30,NA,"Not a Pedestrian","Not a Pedestrian",424419,445278,"E01011570",1,"Not at junction or within 20 metres","Daylight","Fine no high winds","Dry","Bus and goods vehicle occupant"
"8279","20181356H0522",2018-06-17,2018,"Jun",17,"08:55",8,55,"Sunday","Slight",1,"Slight","Cyclist","Driver or rider","Male",33,"A","Roundabout",30,"Unclassified","Not a Pedestrian","Not a Pedestrian",426853,437547,"E01011685",2,"Roundabout","Daylight","Fine no high winds","Dry","Cyclist"
"8280","20181356H0777",2018-06-17,2018,"Jun",17,"12:00",12,0,"Sunday","Serious",1,"Serious","Pedestrian","Pedestrian","Female",66,"Unclassified","Single carriageway",30,"Unclassified","Crossing on pedestrian crossing facility","Crossing from driver's nearside",430374,433502,"E01033010",1,"Other junction","Daylight","Fine no high winds","Dry","Pedestrian"
"8281","20181356H1218",2018-06-17,2018,"Jun",17,"16:30",16,30,"Sunday","Slight",3,"Slight","Taxi/Private hire car occupant","Driver or rider","Male",37,"A","Dual carriageway",30,"Unclassified","Not a Pedestrian","Not a Pedestrian",428708,433138,"E01033013",2,"Roundabout","Daylight","Fine no high winds","Dry","Car occupant"
"8282","20181356H1249",2018-06-17,2018,"Jun",17,"16:35",16,35,"Sunday","Serious",1,"Serious","Pedestrian","Pedestrian","Male",5,"Unclassified","Single carriageway",30,NA,"In carriageway, crossing elsewhere","Crossing from driver's offside",431489,433749,"E01011338",1,"Not at junction or within 20 metres","Daylight","Fine no high winds","Dry","Pedestrian"
"8283","20181356H1480",2018-06-17,2018,"Jun",17,"18:18",18,18,"Sunday","Slight",1,"Slight","Car occupant","Driver or rider","Female",47,"Unclassified","Single carriageway",30,NA,"Not a Pedestrian","Not a Pedestrian",426077,436637,"E01011485",2,"Not at junction or within 20 metres","Daylight","Fine no high winds","Dry","Car occupant"
"8284","20181356H1483",2018-06-17,2018,"Jun",17,"18:20",18,20,"Sunday","Serious",1,"Serious","Pedestrian","Pedestrian","Male",45,"Unclassified","One way street",30,NA,"In carriageway, crossing elsewhere","Crossing from offside - masked by  parked or stationary vehicle",429830,433736,"E01033008",1,"Not at junction or within 20 metres","Daylight","Fine no high winds","Dry","Pedestrian"
"8285","20181356H1715",2018-06-17,2018,"Jun",17,"22:00",22,0,"Sunday","Slight",1,"Slight","Pedestrian","Pedestrian","Male",54,"A","Dual carriageway",40,"B","Crossing on pedestrian crossing facility","Crossing from driver's offside",426276,435597,"E01011488",1,"Crossroads","Darkness - lights lit","Fine no high winds","Dry","Pedestrian"
"8286","20181356I0264",2018-06-18,2018,"Jun",18,"06:30",6,30,"Monday","Slight",2,"Slight","Car occupant","Driver or rider","Female",49,"Motorway","Dual carriageway",70,NA,"Not a Pedestrian","Not a Pedestrian",425123,428034,"E01011530",2,"Not at junction or within 20 metres","Daylight","Fine no high winds","Dry","Car occupant"
"8287","20181356I0385",2018-06-18,2018,"Jun",18,"07:30",7,30,"Monday","Slight",1,"Slight","Cyclist","Driver or rider","Male",27,"A","Single carriageway",30,NA,"Not a Pedestrian","Not a Pedestrian",427058,430758,"E01011734",2,"Not at junction or within 20 metres","Daylight","Fine no high winds","Dry","Cyclist"
"8288","20181356I0356",2018-06-18,2018,"Jun",18,"08:11",8,11,"Monday","Slight",1,"Slight","Cyclist","Driver or rider","Male",30,"Unclassified","Single carriageway",30,NA,"Not a Pedestrian","Not a Pedestrian",421998,438911,"E01011458",2,"Not at junction or within 20 metres","Daylight","Fine no high winds","Dry","Cyclist"
"8289","20181356I0372",2018-06-18,2018,"Jun",18,"08:20",8,20,"Monday","Slight",2,"Slight","Car occupant","Driver or rider","Male",31,"Motorway","Dual carriageway",70,NA,"Not a Pedestrian","Not a Pedestrian",427499,426327,"E01032491",3,"Not at junction or within 20 metres","Daylight","Fine no high winds","Dry","Car occupant"
"8290","20181356I1098",2018-06-18,2018,"Jun",18,"15:00",15,0,"Monday","Slight",1,"Slight","Car occupant","Driver or rider","Male",52,"A","Single carriageway",30,NA,"Not a Pedestrian","Not a Pedestrian",432546,427813,"E01011496",2,"Not at junction or within 20 metres","Daylight","Fine no high winds","Dry","Car occupant"
"8291","20181356I1214",2018-06-18,2018,"Jun",18,"15:40",15,40,"Monday","Serious",1,"Serious","Motorcycle over 125cc and up to 500cc rider or  passenger","Driver or rider","Male",21,"Unclassified","Single carriageway",30,NA,"Not a Pedestrian","Not a Pedestrian",420890,441113,"E01011274",1,"Not at junction or within 20 metres","Daylight","Fine no high winds","Dry","Motorcyclist and pillion"
"8292","20181356I1471",2018-06-18,2018,"Jun",18,"17:40",17,40,"Monday","Slight",1,"Slight","Cyclist","Driver or rider","Male",8,"A","Dual carriageway",40,"Unclassified","Not a Pedestrian","Not a Pedestrian",427302,433638,"E01011293",2,"Crossroads","Daylight","Fine no high winds","Dry","Cyclist"
"8293","20181356J0051",2018-06-18,2018,"Jun",18,"23:45",23,45,"Monday","Slight",1,"Slight","Cyclist","Driver or rider","Male",31,"B","Single carriageway",30,"Unclassified","Not a Pedestrian","Not a Pedestrian",432498,430688,"E01011468",2,"T or staggered junction","Darkness - lights lit","Raining no high winds","Wet or damp","Cyclist"
"8294","20181356J0328",2018-06-19,2018,"Jun",19,"08:07",8,7,"Tuesday","Slight",2,"Slight","Car occupant","Driver or rider","Female",55,"Unclassified","Single carriageway",30,"Unclassified","Not a Pedestrian","Not a Pedestrian",425544,435379,"E01011324",2,"T or staggered junction","Daylight","Fine no high winds","Dry","Car occupant"
"8295","20181356J0342",2018-06-19,2018,"Jun",19,"08:15",8,15,"Tuesday","Slight",1,"Slight","Cyclist","Driver or rider","Male",11,"Unclassified","Single carriageway",30,NA,"Not a Pedestrian","Not a Pedestrian",424180,435567,"E01011329",2,"Not at junction or within 20 metres","Daylight","Fine no high winds","Dry","Cyclist"
"8296","20181356J0489",2018-06-19,2018,"Jun",19,"08:20",8,20,"Tuesday","Slight",1,"Slight","Pedestrian","Pedestrian","Male",35,"A","Single carriageway",40,NA,"On footway or verge","Unknown or other",431194,427053,"E01032495",1,"Not at junction or within 20 metres","Daylight","Fine no high winds","Dry","Pedestrian"
"8297","20181356J0552",2018-06-19,2018,"Jun",19,"10:20",10,20,"Tuesday","Slight",2,"Slight","Car occupant","Driver or rider","Female",35,"A","Single carriageway",30,NA,"Not a Pedestrian","Not a Pedestrian",418233,442442,"E01011280",2,"Not at junction or within 20 metres","Daylight","Fine no high winds","Dry","Car occupant"
"8298","20181356J1036",2018-06-19,2018,"Jun",19,"14:25",14,25,"Tuesday","Serious",1,"Serious","Pedestrian","Pedestrian","Female",34,"Unclassified","Single carriageway",30,NA,"Crossing on pedestrian crossing facility","Crossing from driver's nearside",429190,433851,"E01011678",1,"Not at junction or within 20 metres","Daylight","Fine no high winds","Dry","Pedestrian"
"8299","20181356J1096",2018-06-19,2018,"Jun",19,"14:45",14,45,"Tuesday","Slight",1,"Slight","Bus or coach occupant (17 or more pass seats)","Passenger","Female",41,"Unclassified","One way street",30,NA,"Not a Pedestrian","Not a Pedestrian",430430,433883,"E01033010",2,"Not at junction or within 20 metres","Daylight","Fine no high winds","Dry","Bus and goods vehicle occupant"
"8300","20181356J1324",2018-06-19,2018,"Jun",19,"17:16",17,16,"Tuesday","Slight",1,"Slight","Motorcycle over 500cc rider or passenger","Driver or rider","Male",70,"A","Single carriageway",60,"A","Not a Pedestrian","Not a Pedestrian",431247,445731,"E01011561",2,"T or staggered junction","Daylight","Fine no high winds","Dry","Motorcyclist and pillion"
"8301","20181356P1737",2018-06-19,2018,"Jun",19,"19:00",19,0,"Tuesday","Slight",1,"Slight","Motorcycle 125cc and under rider or passenger","Driver or rider","Male",30,"Unclassified","Single carriageway",30,"Unclassified","Not a Pedestrian","Not a Pedestrian",435062,435758,"E01011664",3,"T or staggered junction","Daylight","Fine no high winds","Dry","Motorcyclist and pillion"
"8302","20181356J2283",2018-06-19,2018,"Jun",19,"23:10",23,10,"Tuesday","Slight",1,"Slight","Motorcycle 125cc and under rider or passenger","Driver or rider","Male",21,"Unclassified","Single carriageway",30,"Unclassified","Not a Pedestrian","Not a Pedestrian",425705,436955,"E01011484",1,"T or staggered junction","Darkness - lights lit","Fine no high winds","Dry","Motorcyclist and pillion"
"8303","20181356K0452",2018-06-20,2018,"Jun",20,"09:25",9,25,"Wednesday","Serious",1,"Serious","Pedestrian","Pedestrian","Female",78,"A","Dual carriageway",40,"Unclassified","Crossing in zig-zag approach lines","Crossing from driver's nearside",430831,439690,"E01011557",1,"T or staggered junction","Daylight","Fine no high winds","Dry","Pedestrian"
"8304","20181356K1462",2018-06-20,2018,"Jun",20,"17:40",17,40,"Wednesday","Slight",2,"Slight","Car occupant","Driver or rider","Male",29,"A","Roundabout",40,"A","Not a Pedestrian","Not a Pedestrian",428311,429586,"E01011531",2,"Roundabout","Daylight","Fine no high winds","Dry","Car occupant"
"8305","20181356K1643",2018-06-20,2018,"Jun",20,"19:24",19,24,"Wednesday","Slight",1,"Slight","Car occupant","Driver or rider","Female",19,"A","Single carriageway",40,NA,"Not a Pedestrian","Not a Pedestrian",426905,439378,"E01011386",3,"Not at junction or within 20 metres","Daylight","Fine no high winds","Dry","Car occupant"
"8306","20181356K1979",2018-06-20,2018,"Jun",20,"22:00",22,0,"Wednesday","Serious",1,"Serious","Car occupant","Driver or rider","Male",73,"Unclassified","Single carriageway",30,NA,"Not a Pedestrian","Not a Pedestrian",425730,435662,"E01011324",1,"Not at junction or within 20 metres","Daylight","Fine no high winds","Dry","Car occupant"
"8307","20181356L0315",2018-06-21,2018,"Jun",21,"08:11",8,11,"Thursday","Serious",1,"Serious","Motorcycle 125cc and under rider or passenger","Driver or rider","Male",29,"Unclassified","Single carriageway",30,"Unclassified","Not a Pedestrian","Not a Pedestrian",437312,429479,"E01011402",2,"T or staggered junction","Daylight","Fine no high winds","Dry","Motorcyclist and pillion"
"8308","20181356L0680",2018-06-21,2018,"Jun",21,"12:00",12,0,"Thursday","Slight",1,"Slight","Pedestrian","Pedestrian","Male",37,"Unclassified","Single carriageway",30,NA,"In carriageway, crossing elsewhere","Crossing from driver's nearside",428977,432365,"E01033013",1,"Not at junction or within 20 metres","Daylight","Fine no high winds","Dry","Pedestrian"
"8309","20181356L1162",2018-06-21,2018,"Jun",21,"16:05",16,5,"Thursday","Slight",1,"Slight","Pedestrian","Pedestrian","Male",44,"A","Single carriageway",30,NA,"In carriageway, crossing elsewhere","Crossing from driver's nearside",433071,427619,"E01011634",1,"Not at junction or within 20 metres","Daylight","Fine no high winds","Dry","Pedestrian"
"8310","20181356L1295",2018-06-21,2018,"Jun",21,"17:05",17,5,"Thursday","Slight",2,"Slight","Car occupant","Passenger","Female",24,"Motorway","Dual carriageway",50,NA,"Not a Pedestrian","Not a Pedestrian",431529,430535,"E01011470",2,"Not at junction or within 20 metres","Daylight","Fine no high winds","Dry","Car occupant"
"8311","20181356L1893",2018-06-21,2018,"Jun",21,"21:45",21,45,"Thursday","Slight",1,"Slight","Pedestrian","Pedestrian","Male",17,"Unclassified","Single carriageway",30,NA,"Crossing elsewhere within 50m. of pedestrian crossing","Crossing from driver's nearside",427222,435212,"E01011480",1,"Not at junction or within 20 metres","Daylight","Fine no high winds","Dry","Pedestrian"
"8312","20181356M0359",2018-06-22,2018,"Jun",22,"07:37",7,37,"Friday","Slight",1,"Slight","Pedestrian","Pedestrian","Male",13,"Unclassified","Single carriageway",30,"Unclassified","Crossing on pedestrian crossing facility","Crossing from offside - masked by  parked or stationary vehicle",432354,434946,"E01011433",1,"Crossroads","Daylight","Fine no high winds","Dry","Pedestrian"
"8313","20181356M0710",2018-06-22,2018,"Jun",22,"08:20",8,20,"Friday","Slight",1,"Slight","Bus or coach occupant (17 or more pass seats)","Passenger","Female",42,"Unclassified","Single carriageway",30,"Unclassified","Not a Pedestrian","Not a Pedestrian",431447,428038,"E01011490",1,"T or staggered junction","Daylight","Fine no high winds","Dry","Bus and goods vehicle occupant"
"8314","20181356M0434",2018-06-22,2018,"Jun",22,"08:47",8,47,"Friday","Slight",2,"Slight","Goods vehicle (7.5 tonnes mgw and over) occupant","Driver or rider","Male",36,"Unclassified","Single carriageway",30,NA,"Not a Pedestrian","Not a Pedestrian",428679,445080,"E01011576",2,"Not at junction or within 20 metres","Daylight","Fine no high winds","Dry","Bus and goods vehicle occupant"
"8315","20181356M0879",2018-06-22,2018,"Jun",22,"13:00",13,0,"Friday","Slight",1,"Slight","Bus or coach occupant (17 or more pass seats)","Passenger","Male",92,"Unclassified","Single carriageway",30,"Unclassified","Not a Pedestrian","Not a Pedestrian",426776,435504,"E01011477",2,"Private drive or entrance","Daylight","Fine no high winds","Dry","Bus and goods vehicle occupant"
"8316","20181356M1193",2018-06-22,2018,"Jun",22,"15:36",15,36,"Friday","Slight",1,"Slight","Pedestrian","Pedestrian","Male",4,"Unclassified","Dual carriageway",30,NA,"Crossing elsewhere within 50m. of pedestrian crossing","Crossing from driver's nearside",429185,433852,"E01011678",1,"Not at junction or within 20 metres","Daylight","Fine no high winds","Dry","Pedestrian"
"8317","20181356N2060",2018-06-23,2018,"Jun",23,"22:12",22,12,"Saturday","Slight",1,"Slight","Motorcycle 125cc and under rider or passenger","Driver or rider","Male",16,"Unclassified","Single carriageway",30,NA,"Not a Pedestrian","Not a Pedestrian",436730,428794,"E01011637",2,"Not at junction or within 20 metres","Daylight","Fine no high winds","Dry","Motorcyclist and pillion"
"8318","20181356O0370",2018-06-24,2018,"Jun",24,"05:10",5,10,"Sunday","Slight",1,"Slight","Car occupant","Driver or rider","Male",25,"A","Single carriageway",50,NA,"Not a Pedestrian","Not a Pedestrian",426661,441798,"E01032504",1,"Not at junction or within 20 metres","Darkness - lighting unknown","Fine no high winds","Dry","Car occupant"
"8319","20181356O1258",2018-06-24,2018,"Jun",24,"16:18",16,18,"Sunday","Slight",1,"Slight","Cyclist","Driver or rider","Male",56,"B","Single carriageway",30,"Unclassified","Not a Pedestrian","Not a Pedestrian",445928,431195,"E01011299",2,"Other junction","Daylight","Fine no high winds","Dry","Cyclist"
"8320","20181356O1466",2018-06-24,2018,"Jun",24,"17:54",17,54,"Sunday","Slight",1,"Slight","Car occupant","Driver or rider","Female",43,"A","Single carriageway",30,"Unclassified","Not a Pedestrian","Not a Pedestrian",429369,433781,"E01011678",3,"Crossroads","Daylight","Fine no high winds","Dry","Car occupant"
"8321","20181356O1555",2018-06-24,2018,"Jun",24,"18:25",18,25,"Sunday","Slight",1,"Slight","Motorcycle 50cc and under rider or passenger","Driver or rider","Male",22,"Unclassified","Single carriageway",30,"Unclassified","Not a Pedestrian","Not a Pedestrian",433722,434978,"E01011339",2,"T or staggered junction","Daylight","Fine no high winds","Dry","Motorcyclist and pillion"
"8322","20181356O1743",2018-06-24,2018,"Jun",24,"19:59",19,59,"Sunday","Slight",1,"Slight","Cyclist","Driver or rider","Male",26,"Unclassified","Single carriageway",30,"Unclassified","Not a Pedestrian","Not a Pedestrian",430268,434077,"E01033010",2,"T or staggered junction","Daylight","Fine no high winds","Dry","Cyclist"
"8323","20181356P0363",2018-06-25,2018,"Jun",25,"08:16",8,16,"Monday","Slight",1,"Slight","Mobility scooter rider","Driver or rider","Male",80,"A","Dual carriageway",40,"Unclassified","Not a Pedestrian","Not a Pedestrian",419776,434046,"E01011597",2,"T or staggered junction","Daylight","Fine no high winds","Dry","Others"
"8324","20181356P0416",2018-06-25,2018,"Jun",25,"08:50",8,50,"Monday","Slight",1,"Slight","Cyclist","Driver or rider","Male",53,"Unclassified","Single carriageway",30,"Unclassified","Not a Pedestrian","Not a Pedestrian",427482,437000,"E01011690",2,"T or staggered junction","Daylight","Fine no high winds","Dry","Cyclist"
"8325","20181356P0740",2018-06-25,2018,"Jun",25,"11:44",11,44,"Monday","Slight",1,"Slight","Car occupant","Driver or rider","Male",27,"Unclassified","Single carriageway",30,"Unclassified","Not a Pedestrian","Not a Pedestrian",429694,432311,"E01011364",2,"T or staggered junction","Daylight","Fine no high winds","Dry","Car occupant"
"8326","20181356P1254",2018-06-25,2018,"Jun",25,"15:30",15,30,"Monday","Slight",1,"Slight","Cyclist","Driver or rider","Female",46,"Unclassified","Single carriageway",30,"Unclassified","Not a Pedestrian","Not a Pedestrian",427127,439287,"E01011386",2,"Crossroads","Daylight","Fine no high winds","Dry","Cyclist"
"8327","20181356P1224",2018-06-25,2018,"Jun",25,"15:34",15,34,"Monday","Slight",2,"Slight","Car occupant","Driver or rider","Male",35,"A","Dual carriageway",70,NA,"Not a Pedestrian","Not a Pedestrian",421854,433953,"E01011585",4,"Not at junction or within 20 metres","Daylight","Fine no high winds","Dry","Car occupant"
"8328","20181356P1418",2018-06-25,2018,"Jun",25,"16:48",16,48,"Monday","Serious",1,"Serious","Motorcycle over 125cc and up to 500cc rider or  passenger","Driver or rider","Male",41,"A","Single carriageway",30,"Unclassified","Not a Pedestrian","Not a Pedestrian",433274,426151,"E01011500",2,"T or staggered junction","Daylight","Fine no high winds","Dry","Motorcyclist and pillion"
"8329","20181356P1601",2018-06-25,2018,"Jun",25,"17:30",17,30,"Monday","Slight",1,"Slight","Bus or coach occupant (17 or more pass seats)","Driver or rider","Male",30,"A","Single carriageway",30,NA,"Not a Pedestrian","Not a Pedestrian",427370,433647,"E01011293",3,"Not at junction or within 20 metres","Daylight","Fine no high winds","Dry","Bus and goods vehicle occupant"
"8330","20181356P1541",2018-06-25,2018,"Jun",25,"17:37",17,37,"Monday","Slight",1,"Slight","Car occupant","Driver or rider","Male",49,"Unclassified","Single carriageway",20,"Unclassified","Not a Pedestrian","Not a Pedestrian",430871,436845,"E01011356",2,"Crossroads","Daylight","Fine no high winds","Dry","Car occupant"
"8331","20181356P1524",2018-06-25,2018,"Jun",25,"18:45",18,45,"Monday","Slight",1,"Slight","Cyclist","Driver or rider","Male",17,"Unclassified","Single carriageway",30,"A","Not a Pedestrian","Not a Pedestrian",431510,435135,"E01011673",2,"T or staggered junction","Daylight","Fine no high winds","Dry","Cyclist"
"8332","20181356Q0406",2018-06-26,2018,"Jun",26,"08:25",8,25,"Tuesday","Serious",2,"Slight","Goods vehicle (over 3.5t. and under 7.5t.) occupant","Driver or rider","Male",22,"Unclassified","Single carriageway",40,"Unclassified","Not a Pedestrian","Not a Pedestrian",434622,441226,"E01011713",2,"Crossroads","Daylight","Fine no high winds","Dry","Bus and goods vehicle occupant"
"8333","20181356Q1543",2018-06-26,2018,"Jun",26,"08:30",8,30,"Tuesday","Slight",1,"Slight","Cyclist","Driver or rider","Male",25,"A","Single carriageway",30,"Unclassified","Not a Pedestrian","Not a Pedestrian",432057,435968,"E01011647",2,"T or staggered junction","Daylight","Fine no high winds","Dry","Cyclist"
"8334","20181356Q0491",2018-06-26,2018,"Jun",26,"09:16",9,16,"Tuesday","Slight",1,"Slight","Cyclist","Driver or rider","Male",61,"A","Single carriageway",30,"Unclassified","Not a Pedestrian","Not a Pedestrian",429434,433461,"E01033015",2,"Crossroads","Daylight","Fine no high winds","Dry","Cyclist"
"8335","20181356Q1275",2018-06-26,2018,"Jun",26,"16:12",16,12,"Tuesday","Slight",1,"Slight","Car occupant","Driver or rider","Male",27,"A","Dual carriageway",40,"A","Not a Pedestrian","Not a Pedestrian",427490,431336,"E01011369",2,"Crossroads","Daylight","Fine no high winds","Dry","Car occupant"
"8336","20181356R0168",2018-06-27,2018,"Jun",27,"01:30",1,30,"Wednesday","Serious",1,"Serious","Pedestrian","Pedestrian","Female",31,"Unclassified","Single carriageway",30,NA,"In carriageway, not crossing","In carriageway, stationary - not crossing  (standing or playing)",425072,435189,"E01011332",1,"Not at junction or within 20 metres","Darkness - lights lit","Fine no high winds","Dry","Pedestrian"
"8337","20181356R0350",2018-06-27,2018,"Jun",27,"07:30",7,30,"Wednesday","Slight",1,"Slight","Car occupant","Driver or rider","Female",48,"A","Roundabout",40,"A","Not a Pedestrian","Not a Pedestrian",428116,426285,"E01011550",2,"Roundabout","Daylight","Fine no high winds","Dry","Car occupant"
"8338","20181356R0947",2018-06-27,2018,"Jun",27,"07:30",7,30,"Wednesday","Slight",1,"Slight","Cyclist","Driver or rider","Male",49,"Unclassified","Dual carriageway",30,"Unclassified","Not a Pedestrian","Not a Pedestrian",427915,433639,"E01011284",2,"Other junction","Daylight","Fine no high winds","Dry","Cyclist"
"8339","2018135BB1028",2018-06-27,2018,"Jun",27,"12:48",12,48,"Wednesday","Serious",1,"Serious","Pedestrian","Pedestrian","Male",47,"Unclassified","Dual carriageway",40,NA,"Unknown or other","Unknown or other",430086,431307,"E01011371",1,"Not at junction or within 20 metres","Daylight","Fine no high winds","Dry","Pedestrian"
"8340","20181356R0934",2018-06-27,2018,"Jun",27,"13:20",13,20,"Wednesday","Slight",2,"Slight","Car occupant","Driver or rider","Male",71,"A","Single carriageway",40,NA,"Not a Pedestrian","Not a Pedestrian",435700,436973,"E01011661",3,"Not at junction or within 20 metres","Daylight","Fine no high winds","Dry","Car occupant"
"8341","20181356R1266",2018-06-27,2018,"Jun",27,"14:30",14,30,"Wednesday","Slight",1,"Slight","Bus or coach occupant (17 or more pass seats)","Passenger","Female",60,"A","Dual carriageway",30,NA,"Not a Pedestrian","Not a Pedestrian",434937,434644,"E01011343",1,"Not at junction or within 20 metres","Daylight","Fine no high winds","Dry","Bus and goods vehicle occupant"
"8342","20181356R1097",2018-06-27,2018,"Jun",27,"14:40",14,40,"Wednesday","Slight",2,"Slight","Car occupant","Driver or rider","Female",29,"A","Dual carriageway",40,"Unclassified","Not a Pedestrian","Not a Pedestrian",430660,434702,"E01011671",3,"Crossroads","Daylight","Fine no high winds","Dry","Car occupant"
"8343","20181356R1295",2018-06-27,2018,"Jun",27,"16:14",16,14,"Wednesday","Slight",2,"Slight","Car occupant","Driver or rider","Female",47,"Unclassified","Single carriageway",30,"Unclassified","Not a Pedestrian","Not a Pedestrian",436445,434702,"E01011409",2,"T or staggered junction","Daylight","Fine no high winds","Dry","Car occupant"
"8344","20181356R2028",2018-06-27,2018,"Jun",27,"22:31",22,31,"Wednesday","Slight",1,"Slight","Car occupant","Driver or rider","Male",33,"Unclassified","Single carriageway",30,"A","Not a Pedestrian","Not a Pedestrian",429369,433781,"E01011678",2,"T or staggered junction","Darkness - lights lit","Fine no high winds","Dry","Car occupant"
"8345","20181356S0317",2018-06-28,2018,"Jun",28,"07:00",7,0,"Thursday","Slight",3,"Slight","Car occupant","Driver or rider","Male",48,"Motorway","Slip road",70,"Motorway","Not a Pedestrian","Not a Pedestrian",428272,426395,"E01011553",3,"Slip road","Daylight","Fine no high winds","Dry","Car occupant"
"8346","20181356S0411",2018-06-28,2018,"Jun",28,"08:30",8,30,"Thursday","Slight",1,"Slight","Cyclist","Driver or rider","Male",28,"Unclassified","One way street",30,NA,"Not a Pedestrian","Not a Pedestrian",435025,436373,"E01011659",2,"Not at junction or within 20 metres","Daylight","Fine no high winds","Dry","Cyclist"
"8347","20181356S0456",2018-06-28,2018,"Jun",28,"08:55",8,55,"Thursday","Slight",1,"Slight","Cyclist","Driver or rider","Female",60,"A","Single carriageway",30,"Unclassified","Not a Pedestrian","Not a Pedestrian",429390,433815,"E01011678",2,"T or staggered junction","Daylight","Fine no high winds","Dry","Cyclist"
"8348","20181356S0469",2018-06-28,2018,"Jun",28,"09:00",9,0,"Thursday","Slight",1,"Slight","Cyclist","Driver or rider","Male",23,"Unclassified","Single carriageway",30,"Unclassified","Not a Pedestrian","Not a Pedestrian",432055,435969,"E01011422",2,"T or staggered junction","Daylight","Fine no high winds","Dry","Cyclist"
"8349","20181356S1005",2018-06-28,2018,"Jun",28,"14:00",14,0,"Thursday","Slight",1,"Slight","Van / Goods vehicle (3.5 tonnes mgw or under) occupant","Driver or rider","Male",42,"Motorway","Dual carriageway",70,NA,"Not a Pedestrian","Not a Pedestrian",431697,426392,"E01011499",1,"Not at junction or within 20 metres","Daylight","Fine no high winds","Dry","Bus and goods vehicle occupant"
"8350","20181356S1258",2018-06-28,2018,"Jun",28,"15:40",15,40,"Thursday","Slight",1,"Slight","Car occupant","Driver or rider","Male",19,"Unclassified","Single carriageway",30,"Unclassified","Not a Pedestrian","Not a Pedestrian",429340,437270,"E01011688",2,"T or staggered junction","Daylight","Fine no high winds","Dry","Car occupant"
"8351","20181356S1295",2018-06-28,2018,"Jun",28,"15:55",15,55,"Thursday","Fatal",2,"Fatal","Car occupant","Passenger","Female",85,"Unclassified","Single carriageway",30,NA,"Not a Pedestrian","Not a Pedestrian",434482,434612,"E01011341",3,"Not at junction or within 20 metres","Daylight","Fine no high winds","Dry","Car occupant"
"8352","20181356S1307",2018-06-28,2018,"Jun",28,"16:05",16,5,"Thursday","Slight",2,"Slight","Goods vehicle (7.5 tonnes mgw and over) occupant","Driver or rider","Male",42,"Motorway","Dual carriageway",70,NA,"Not a Pedestrian","Not a Pedestrian",428661,426428,"E01011538",3,"Not at junction or within 20 metres","Daylight","Fine no high winds","Dry","Bus and goods vehicle occupant"
"8353","20181356S1737",2018-06-28,2018,"Jun",28,"19:40",19,40,"Thursday","Serious",1,"Serious","Cyclist","Driver or rider","Male",54,"Unclassified","Single carriageway",30,"Unclassified","Not a Pedestrian","Not a Pedestrian",419270,446311,"E01011582",2,"T or staggered junction","Daylight","Fine no high winds","Dry","Cyclist"
"8354","20181356T0678",2018-06-29,2018,"Jun",29,"10:00",10,0,"Friday","Slight",1,"Slight","Car occupant","Driver or rider","Male",25,"Unclassified","Roundabout",30,"Unclassified","Not a Pedestrian","Not a Pedestrian",428224,429487,"E01011531",2,"Roundabout","Daylight","Fine no high winds","Dry","Car occupant"