"","accident_index","date","year","month","day","time","time_hour","time_minute","day_of_week","accident_severity","number_of_casualties","casualty_severity","casualty_type","casualty_class","sex_of_casualty","age_of_casualty","first_road_class","road_type","speed_limit","second_road_class","pedestrian_location","pedestrian_movement","location_easting_osgr","location_northing_osgr","lsoa_of_accident_location","number_of_vehicles","junction_detail","light_conditions","weather_conditions","road_surface_conditions","cas_type"
"8355","20181356U0755",2018-06-29,2018,"Jun",29,"16:30",16,30,"Friday","Slight",2,"Slight","Taxi/Private hire car occupant","Passenger","Male",48,"A","Dual carriageway",30,"Unclassified","Not a Pedestrian","Not a Pedestrian",430667,433655,"E01033011",3,"Roundabout","Daylight","Fine no high winds","Dry","Car occupant"
"8356","20181356T1690",2018-06-29,2018,"Jun",29,"18:04",18,4,"Friday","Serious",1,"Serious","Cyclist","Driver or rider","Female",22,"A","Single carriageway",30,"Unclassified","Not a Pedestrian","Not a Pedestrian",429456,434910,"E01033005",2,"T or staggered junction","Daylight","Fine no high winds","Dry","Cyclist"
"8357","20181356U0266",2018-06-30,2018,"Jun",30,"02:38",2,38,"Saturday","Fatal",7,"Fatal","Car occupant","Driver or rider","Male",21,"A","Single carriageway",40,"Unclassified","Not a Pedestrian","Not a Pedestrian",423867,437663,"E01011462",2,"T or staggered junction","Darkness - lights lit","Fine no high winds","Dry","Car occupant"
"8358","20181356U0377",2018-06-30,2018,"Jun",30,"04:38",4,38,"Saturday","Serious",2,"Serious","Car occupant","Driver or rider","Female",23,"A","Dual carriageway",30,NA,"Not a Pedestrian","Not a Pedestrian",426218,434033,"E01032499",3,"Not at junction or within 20 metres","Daylight","Fine no high winds","Dry","Car occupant"
"8359","20181356U1100",2018-06-30,2018,"Jun",30,"11:40",11,40,"Saturday","Slight",1,"Slight","Cyclist","Driver or rider","Female",26,"A","Single carriageway",30,"Unclassified","Not a Pedestrian","Not a Pedestrian",428438,435711,"E01032946",2,"T or staggered junction","Daylight","Fine no high winds","Dry","Cyclist"
"8360","2018135710764",2018-06-30,2018,"Jun",30,"14:10",14,10,"Saturday","Slight",1,"Slight","Car occupant","Passenger","Male",1,"Unclassified","Single carriageway",30,"Unclassified","Not a Pedestrian","Not a Pedestrian",429120,432170,"E01011364",2,"Roundabout","Daylight","Fine no high winds","Dry","Car occupant"
"8361","20181356U1218",2018-06-30,2018,"Jun",30,"14:20",14,20,"Saturday","Slight",5,"Slight","Car occupant","Passenger","Female",27,"Motorway","Slip road",50,"A","Not a Pedestrian","Not a Pedestrian",428369,431617,"E01011366",3,"Slip road","Daylight","Fine no high winds","Dry","Car occupant"
"8362","20181356U1570",2018-06-30,2018,"Jun",30,"17:00",17,0,"Saturday","Serious",1,"Serious","Car occupant","Driver or rider","Male",33,"Unclassified","Single carriageway",30,NA,"Not a Pedestrian","Not a Pedestrian",430931,429752,"E01011473",2,"Not at junction or within 20 metres","Daylight","Fine no high winds","Dry","Car occupant"
"8363","20181356U1571",2018-06-30,2018,"Jun",30,"17:05",17,5,"Saturday","Serious",1,"Serious","Motorcycle 125cc and under rider or passenger","Driver or rider","Male",18,"Unclassified","Single carriageway",30,"B","Not a Pedestrian","Not a Pedestrian",430000,438583,"E01011514",2,"T or staggered junction","Daylight","Fine no high winds","Dry","Motorcyclist and pillion"
"8364","20181356U1853",2018-06-30,2018,"Jun",30,"17:30",17,30,"Saturday","Slight",1,"Slight","Cyclist","Driver or rider","Male",30,"B","Single carriageway",30,"Unclassified","Not a Pedestrian","Not a Pedestrian",431717,436074,"E01011359",2,"T or staggered junction","Daylight","Fine no high winds","Dry","Cyclist"
"8365","2018135710014",2018-07-01,2018,"Jul",1,"00:03",0,3,"Sunday","Slight",1,"Slight","Pedestrian","Pedestrian","Male",48,"Unclassified","Single carriageway",30,NA,"In carriageway, crossing elsewhere","Crossing from driver's nearside",430028,433333,"E01033010",1,"Not at junction or within 20 metres","Darkness - lights lit","Fine no high winds","Dry","Pedestrian"
"8366","2018135711464",2018-07-01,2018,"Jul",1,"09:30",9,30,"Sunday","Slight",1,"Slight","Cyclist","Driver or rider","Female",46,"A","Single carriageway",40,"A","Not a Pedestrian","Not a Pedestrian",440475,447662,"E01011704",2,"Roundabout","Daylight","Fine no high winds","Dry","Cyclist"
"8367","2018135711414",2018-07-01,2018,"Jul",1,"15:50",15,50,"Sunday","Serious",1,"Serious","Motorcycle over 125cc and up to 500cc rider or  passenger","Driver or rider","Male",26,"Unclassified","Single carriageway",30,"Unclassified","Not a Pedestrian","Not a Pedestrian",430939,435679,"E01011360",2,"T or staggered junction","Daylight","Fine no high winds","Dry","Motorcyclist and pillion"
"8368","2018135711538",2018-07-01,2018,"Jul",1,"17:05",17,5,"Sunday","Slight",1,"Slight","Pedestrian","Pedestrian","Male",54,"B","Single carriageway",30,"Unclassified","Crossing on pedestrian crossing facility","Crossing from driver's nearside",427636,435972,"E01011440",1,"T or staggered junction","Daylight","Fine no high winds","Dry","Pedestrian"
"8369","2018135711568",2018-07-01,2018,"Jul",1,"17:20",17,20,"Sunday","Slight",2,"Slight","Car occupant","Driver or rider","Male",76,"Unclassified","Single carriageway",30,NA,"Not a Pedestrian","Not a Pedestrian",443302,445917,"E01011697",1,"Not at junction or within 20 metres","Daylight","Fine no high winds","Dry","Car occupant"
"8370","2018135741533",2018-07-01,2018,"Jul",1,"19:30",19,30,"Sunday","Slight",1,"Slight","Pedestrian","Pedestrian","Female",28,"A","Single carriageway",30,NA,"Crossing elsewhere within 50m. of pedestrian crossing","Unknown or other",431863,435667,"E01011422",1,"Not at junction or within 20 metres","Daylight","Fine no high winds","Dry","Pedestrian"
"8371","2018135712160",2018-07-01,2018,"Jul",1,"21:45",21,45,"Sunday","Slight",1,"Slight","Car occupant","Driver or rider","Female",39,"A","Dual carriageway",40,NA,"Not a Pedestrian","Not a Pedestrian",430794,431964,"E01011467",1,"Not at junction or within 20 metres","Darkness - lights lit","Fine no high winds","Dry","Car occupant"
"8372","2018135720330",2018-07-02,2018,"Jul",2,"07:20",7,20,"Monday","Slight",1,"Slight","Cyclist","Driver or rider","Male",48,"Unclassified","Single carriageway",30,"Unclassified","Not a Pedestrian","Not a Pedestrian",431071,434566,"E01033031",2,"Other junction","Daylight","Fine no high winds","Dry","Cyclist"
"8373","2018135720328",2018-07-02,2018,"Jul",2,"07:30",7,30,"Monday","Slight",1,"Slight","Motorcycle over 125cc and up to 500cc rider or  passenger","Driver or rider","Male",36,"Unclassified","Single carriageway",30,NA,"Not a Pedestrian","Not a Pedestrian",433362,425663,"E01011500",2,"Not at junction or within 20 metres","Daylight","Fine no high winds","Dry","Motorcyclist and pillion"
"8374","2018135721098",2018-07-02,2018,"Jul",2,"14:38",14,38,"Monday","Slight",1,"Slight","Car occupant","Driver or rider","Male",53,"A","Slip road",40,"Unclassified","Not a Pedestrian","Not a Pedestrian",430892,433813,"E01033031",3,"Slip road","Daylight","Fine no high winds","Dry","Car occupant"
"8375","2018135721647",2018-07-02,2018,"Jul",2,"14:50",14,50,"Monday","Slight",1,"Slight","Pedestrian","Pedestrian","Male",12,"Unclassified","Single carriageway",20,NA,"In carriageway, crossing elsewhere","Crossing from nearside - masked by parked or stationary vehicle",422818,435383,"E01011328",1,"Not at junction or within 20 metres","Daylight","Fine no high winds","Dry","Pedestrian"
"8376","2018135721294",2018-07-02,2018,"Jul",2,"15:30",15,30,"Monday","Slight",1,"Slight","Cyclist","Driver or rider","Male",58,"A","Single carriageway",30,"Unclassified","Not a Pedestrian","Not a Pedestrian",426440,428516,"E01011528",2,"T or staggered junction","Daylight","Fine no high winds","Dry","Cyclist"
"8377","2018135721335",2018-07-02,2018,"Jul",2,"16:20",16,20,"Monday","Slight",2,"Slight","Bus or coach occupant (17 or more pass seats)","Passenger","Female",43,"Unclassified","Single carriageway",30,"Unclassified","Not a Pedestrian","Not a Pedestrian",431343,433944,"E01033031",2,"T or staggered junction","Daylight","Fine no high winds","Dry","Bus and goods vehicle occupant"
"8378","2018135722273",2018-07-02,2018,"Jul",2,"17:20",17,20,"Monday","Slight",1,"Slight","Pedestrian","Pedestrian","Female",74,"Unclassified","Single carriageway",30,"Unclassified","In carriageway, crossing elsewhere","Crossing from driver's nearside",425925,426689,"E01011546",1,"T or staggered junction","Daylight","Fine no high winds","Dry","Pedestrian"
"8379","2018135721924",2018-07-02,2018,"Jul",2,"19:00",19,0,"Monday","Slight",3,"Slight","Car occupant","Driver or rider","Male",62,"A","Dual carriageway",30,NA,"Not a Pedestrian","Not a Pedestrian",424118,428137,"E01011529",2,"Not at junction or within 20 metres","Daylight","Fine no high winds","Dry","Car occupant"
"8380","2018135730296",2018-07-03,2018,"Jul",3,"05:54",5,54,"Tuesday","Slight",2,"Slight","Taxi/Private hire car occupant","Driver or rider","Male",25,"A(M)","Dual carriageway",70,NA,"Not a Pedestrian","Not a Pedestrian",440438,446501,"E01011704",2,"Not at junction or within 20 metres","Daylight","Fine no high winds","Dry","Car occupant"
"8381","2018135730426",2018-07-03,2018,"Jul",3,"08:45",8,45,"Tuesday","Slight",1,"Slight","Car occupant","Passenger","Male",2,"Unclassified","Single carriageway",30,NA,"Not a Pedestrian","Not a Pedestrian",436160,436039,"E01011724",2,"Not at junction or within 20 metres","Daylight","Fine no high winds","Dry","Car occupant"
"8382","2018135730829",2018-07-03,2018,"Jul",3,"12:10",12,10,"Tuesday","Slight",1,"Slight","Cyclist","Passenger","Female",3,"Unclassified","Single carriageway",30,"Unclassified","Not a Pedestrian","Not a Pedestrian",432149,434962,"E01011434",1,"T or staggered junction","Daylight","Fine no high winds","Dry","Cyclist"
"8383","2018135731011",2018-07-03,2018,"Jul",3,"14:25",14,25,"Tuesday","Slight",1,"Slight","Car occupant","Driver or rider","Female",39,"A","Dual carriageway",30,NA,"Not a Pedestrian","Not a Pedestrian",430838,434444,"E01033003",4,"Not at junction or within 20 metres","Daylight","Fine no high winds","Dry","Car occupant"
"8384","2018135740995",2018-07-03,2018,"Jul",3,"15:00",15,0,"Tuesday","Slight",1,"Slight","Cyclist","Driver or rider","Male",56,"A","Roundabout",30,"Unclassified","Not a Pedestrian","Not a Pedestrian",428408,432474,"E01011363",2,"Roundabout","Daylight","Fine no high winds","Dry","Cyclist"
"8385","2018135731394",2018-07-03,2018,"Jul",3,"17:27",17,27,"Tuesday","Slight",2,"Slight","Car occupant","Driver or rider","Female",41,"A","Single carriageway",30,"Unclassified","Not a Pedestrian","Not a Pedestrian",431646,435322,"E01011429",2,"T or staggered junction","Daylight","Fine no high winds","Dry","Car occupant"
"8386","2018135741767",2018-07-04,2018,"Jul",4,"08:10",8,10,"Wednesday","Slight",1,"Slight","Car occupant","Driver or rider","Male",21,"A","Roundabout",40,"Unclassified","Not a Pedestrian","Not a Pedestrian",427035,431627,"E01011734",2,"Roundabout","Daylight","Fine no high winds","Dry","Car occupant"
"8387","20181357F1030",2018-07-04,2018,"Jul",4,"11:00",11,0,"Wednesday","Slight",1,"Slight","Car occupant","Driver or rider","Male",56,"Unclassified","Single carriageway",30,NA,"Not a Pedestrian","Not a Pedestrian",426408,428193,"E01011533",2,"Not at junction or within 20 metres","Daylight","Fine no high winds","Dry","Car occupant"
"8388","2018135750302",2018-07-05,2018,"Jul",5,"07:21",7,21,"Thursday","Serious",1,"Serious","Cyclist","Driver or rider","Male",53,"A","Dual carriageway",30,"Unclassified","Not a Pedestrian","Not a Pedestrian",429442,430221,"E01011319",2,"Other junction","Daylight","Fine no high winds","Dry","Cyclist"
"8389","2018135750710",2018-07-05,2018,"Jul",5,"10:20",10,20,"Thursday","Slight",1,"Slight","Bus or coach occupant (17 or more pass seats)","Passenger","Female",3,"Unclassified","Single carriageway",20,NA,"Not a Pedestrian","Not a Pedestrian",425099,440609,"E01011376",1,"Not at junction or within 20 metres","Daylight","Fine no high winds","Dry","Bus and goods vehicle occupant"
"8390","2018135751085",2018-07-05,2018,"Jul",5,"15:10",15,10,"Thursday","Slight",1,"Slight","Car occupant","Driver or rider","Female",40,"Unclassified","Dual carriageway",30,NA,"Not a Pedestrian","Not a Pedestrian",436172,434557,"E01011408",2,"Not at junction or within 20 metres","Daylight","Fine no high winds","Dry","Car occupant"
"8391","2018135751468",2018-07-05,2018,"Jul",5,"18:02",18,2,"Thursday","Slight",1,"Slight","Pedestrian","Pedestrian","Male",5,"Unclassified","Single carriageway",20,NA,"In carriageway, not crossing","Unknown or other",429305,431834,"E01011368",1,"Not at junction or within 20 metres","Daylight","Fine no high winds","Dry","Pedestrian"
"8392","2018135751481",2018-07-05,2018,"Jul",5,"18:10",18,10,"Thursday","Slight",2,"Slight","Car occupant","Driver or rider","Male",37,"A","Dual carriageway",40,NA,"Not a Pedestrian","Not a Pedestrian",431427,432648,"E01011626",2,"Not at junction or within 20 metres","Daylight","Fine no high winds","Dry","Car occupant"
"8393","2018135741979",2018-07-05,2018,"Jul",5,"21:33",21,33,"Thursday","Serious",1,"Serious","Pedestrian","Pedestrian","Male",6,"Unclassified","Single carriageway",20,"Unclassified","In carriageway, crossing elsewhere","Crossing from nearside - masked by parked or stationary vehicle",429888,431110,"E01011372",1,"T or staggered junction","Daylight","Fine no high winds","Dry","Pedestrian"
"8394","2018135752001",2018-07-05,2018,"Jul",5,"22:10",22,10,"Thursday","Slight",1,"Slight","Motorcycle 125cc and under rider or passenger","Driver or rider","Female",46,"A","Single carriageway",30,"Unclassified","Not a Pedestrian","Not a Pedestrian",424742,434883,"E01011282",2,"T or staggered junction","Darkness - lights lit","Fine no high winds","Dry","Motorcyclist and pillion"
"8395","2018135760486",2018-07-06,2018,"Jul",6,"08:55",8,55,"Friday","Slight",1,"Slight","Pedestrian","Pedestrian","Female",78,"Unclassified","Single carriageway",30,NA,"On footway or verge","Walking along in carriageway, back to traffic",430006,428095,"E01011494",1,"Not at junction or within 20 metres","Daylight","Fine no high winds","Dry","Pedestrian"
"8396","2018135760933",2018-07-06,2018,"Jul",6,"13:15",13,15,"Friday","Slight",1,"Slight","Car occupant","Passenger","Male",51,"A","Roundabout",40,"Unclassified","Not a Pedestrian","Not a Pedestrian",427979,430315,"E01011317",2,"Roundabout","Daylight","Fine no high winds","Dry","Car occupant"
"8397","2018135761009",2018-07-06,2018,"Jul",6,"13:45",13,45,"Friday","Slight",2,"Slight","Car occupant","Driver or rider","Female",42,"A","Roundabout",30,"A","Not a Pedestrian","Not a Pedestrian",421953,436530,"E01011591",2,"Roundabout","Daylight","Fine no high winds","Dry","Car occupant"
"8398","2018135761164",2018-07-06,2018,"Jul",6,"14:59",14,59,"Friday","Slight",1,"Slight","Motorcycle over 500cc rider or passenger","Driver or rider","Male",33,"A(M)","Dual carriageway",70,NA,"Not a Pedestrian","Not a Pedestrian",441722,444181,"E01011712",1,"Not at junction or within 20 metres","Daylight","Fine no high winds","Dry","Motorcyclist and pillion"
"8399","20181356R1163",2018-07-06,2018,"Jul",6,"15:46",15,46,"Friday","Slight",1,"Slight","Pedestrian","Pedestrian","Female",31,"Unclassified","Single carriageway",30,NA,"In carriageway, crossing elsewhere","Crossing from driver's nearside",431417,434272,"E01033035",1,"Not at junction or within 20 metres","Daylight","Fine no high winds","Dry","Pedestrian"
"8400","2018135762393",2018-07-06,2018,"Jul",6,"23:45",23,45,"Friday","Slight",2,"Slight","Car occupant","Driver or rider","Female",23,"A","Single carriageway",30,"Unclassified","Not a Pedestrian","Not a Pedestrian",427452,431884,"E01011734",2,"T or staggered junction","Daylight","Fine no high winds","Dry","Car occupant"
"8401","2018135762412",2018-07-06,2018,"Jul",6,"23:54",23,54,"Friday","Serious",1,"Serious","Cyclist","Driver or rider","Male",32,"Unclassified","Single carriageway",30,NA,"Not a Pedestrian","Not a Pedestrian",429163,431600,"E01011366",4,"Not at junction or within 20 metres","Darkness - lights lit","Fine no high winds","Dry","Cyclist"
"8402","2018135770746",2018-07-07,2018,"Jul",7,"10:40",10,40,"Saturday","Slight",1,"Slight","Car occupant","Driver or rider","Male",76,"A","Single carriageway",50,NA,"Not a Pedestrian","Not a Pedestrian",421915,446013,"E01011569",2,"Not at junction or within 20 metres","Daylight","Fine no high winds","Dry","Car occupant"
"8403","2018135772001",2018-07-07,2018,"Jul",7,"20:02",20,2,"Saturday","Slight",1,"Slight","Pedestrian","Pedestrian","Female",6,"Unclassified","Single carriageway",30,NA,"In carriageway, crossing elsewhere","Crossing from driver's nearside",432042,435570,"E01011428",1,"Not at junction or within 20 metres","Daylight","Fine no high winds","Dry","Pedestrian"
"8404","2018135781839",2018-07-08,2018,"Jul",8,"19:00",19,0,"Sunday","Serious",3,"Slight","Car occupant","Driver or rider","Male",32,"Unclassified","Single carriageway",30,"Unclassified","Not a Pedestrian","Not a Pedestrian",427061,431802,"E01011736",2,"T or staggered junction","Daylight","Fine no high winds","Dry","Car occupant"
"8405","2018135791589",2018-07-09,2018,"Jul",9,"17:25",17,25,"Monday","Slight",1,"Slight","Pedestrian","Pedestrian","Female",17,"Unclassified","Single carriageway",30,NA,"In carriageway, crossing elsewhere","Crossing from driver's offside",430068,435412,"E01011670",1,"Not at junction or within 20 metres","Daylight","Fine no high winds","Dry","Pedestrian"
"8406","2018135792001",2018-07-09,2018,"Jul",9,"20:35",20,35,"Monday","Slight",4,"Slight","Car occupant","Driver or rider","Male",21,"A","Dual carriageway",40,"A","Not a Pedestrian","Not a Pedestrian",430802,433273,"E01033011",2,"Crossroads","Daylight","Fine no high winds","Dry","Car occupant"
"8407","2018135792363",2018-07-09,2018,"Jul",9,"23:40",23,40,"Monday","Slight",3,"Slight","Taxi/Private hire car occupant","Driver or rider","Male",38,"A","Single carriageway",30,"B","Not a Pedestrian","Not a Pedestrian",431969,435837,"E01011422",2,"Crossroads","Darkness - lights unlit","Fine no high winds","Dry","Car occupant"
"8408","20181357B0236",2018-07-11,2018,"Jul",11,"04:45",4,45,"Wednesday","Slight",1,"Slight","Cyclist","Driver or rider","Female",27,"Unclassified","Roundabout",30,"Unclassified","Not a Pedestrian","Not a Pedestrian",432444,433799,"E01011348",2,"Roundabout","Daylight","Fine no high winds","Dry","Cyclist"
"8409","20181357B1301",2018-07-11,2018,"Jul",11,"15:00",15,0,"Wednesday","Slight",1,"Slight","Car occupant","Driver or rider","Female",38,"A","Dual carriageway",40,"Unclassified","Not a Pedestrian","Not a Pedestrian",420308,434231,"E01011597",2,"Crossroads","Daylight","Fine no high winds","Dry","Car occupant"
"8410","20181357B1427",2018-07-11,2018,"Jul",11,"16:55",16,55,"Wednesday","Slight",1,"Slight","Pedestrian","Pedestrian","Female",17,"Unclassified","Slip road",30,"Unclassified","On footway or verge","Unknown or other",429847,430831,"E01011312",1,"T or staggered junction","Daylight","Fine no high winds","Dry","Pedestrian"
"8411","20181357B1616",2018-07-11,2018,"Jul",11,"18:15",18,15,"Wednesday","Slight",1,"Slight","Cyclist","Driver or rider","Male",44,"A","One way street",40,NA,"Not a Pedestrian","Not a Pedestrian",423847,443911,"E01032503",2,"Not at junction or within 20 metres","Daylight","Fine no high winds","Dry","Cyclist"
"8412","20181357B2176",2018-07-11,2018,"Jul",11,"22:30",22,30,"Wednesday","Slight",1,"Slight","Pedestrian","Pedestrian","Male",30,"Unclassified","Single carriageway",30,NA,"In carriageway, crossing elsewhere","Crossing from driver's offside",428430,434981,"E01011449",1,"Not at junction or within 20 metres","Darkness - lights lit","Fine no high winds","Dry","Pedestrian"
"8413","20181357C0143",2018-07-12,2018,"Jul",12,"01:21",1,21,"Thursday","Serious",1,"Serious","Car occupant","Driver or rider","Male",32,"Unclassified","Single carriageway",30,"Unclassified","Not a Pedestrian","Not a Pedestrian",425336,432728,"E01011730",3,"T or staggered junction","Darkness - lights lit","Fine no high winds","Dry","Car occupant"
"8414","20181357C1009",2018-07-12,2018,"Jul",12,"14:27",14,27,"Thursday","Slight",1,"Slight","Car occupant","Driver or rider","Female",62,"Unclassified","Single carriageway",30,NA,"Not a Pedestrian","Not a Pedestrian",428550,435467,"E01011443",2,"Not at junction or within 20 metres","Daylight","Fine no high winds","Dry","Car occupant"
"8415","20181357D1562",2018-07-12,2018,"Jul",12,"15:00",15,0,"Thursday","Slight",1,"Slight","Cyclist","Driver or rider","Female",11,"Unclassified","Single carriageway",20,NA,"Not a Pedestrian","Not a Pedestrian",422350,428532,"E01011527",2,"Not at junction or within 20 metres","Daylight","Fine no high winds","Dry","Cyclist"
"8416","20181357C1466",2018-07-12,2018,"Jul",12,"18:05",18,5,"Thursday","Slight",1,"Slight","Car occupant","Driver or rider","Female",39,"Unclassified","Single carriageway",30,"Unclassified","Not a Pedestrian","Not a Pedestrian",422932,435659,"E01011327",2,"T or staggered junction","Daylight","Fine no high winds","Dry","Car occupant"
"8417","20181357D0744",2018-07-13,2018,"Jul",13,"11:25",11,25,"Friday","Slight",2,"Slight","Taxi/Private hire car occupant","Driver or rider","Male",36,"Unclassified","Single carriageway",30,"Unclassified","Not a Pedestrian","Not a Pedestrian",436781,434702,"E01011409",2,"T or staggered junction","Daylight","Fine no high winds","Dry","Car occupant"
"8418","20181357D0603",2018-07-13,2018,"Jul",13,"18:30",18,30,"Friday","Slight",1,"Slight","Bus or coach occupant (17 or more pass seats)","Passenger","Female",67,"Unclassified","Single carriageway",30,"Unclassified","Not a Pedestrian","Not a Pedestrian",430996,428274,"E01011490",1,"Roundabout","Daylight","Fine no high winds","Dry","Bus and goods vehicle occupant"
"8419","20181357D1870",2018-07-13,2018,"Jul",13,"20:00",20,0,"Friday","Slight",2,"Slight","Car occupant","Passenger","Female",33,"B","Roundabout",30,"A","Not a Pedestrian","Not a Pedestrian",428514,433060,"E01011363",2,"Roundabout","Daylight","Raining no high winds","Wet or damp","Car occupant"
"8420","20181357D2007",2018-07-13,2018,"Jul",13,"21:04",21,4,"Friday","Slight",1,"Slight","Car occupant","Driver or rider","Male",20,"Unclassified","Single carriageway",30,"Unclassified","Not a Pedestrian","Not a Pedestrian",432191,438846,"E01011653",2,"T or staggered junction","Daylight","Fine no high winds","Dry","Car occupant"
"8421","20181357E0882",2018-07-14,2018,"Jul",14,"12:10",12,10,"Saturday","Slight",2,"Slight","Car occupant","Driver or rider","Male",87,"Unclassified","Single carriageway",30,"Unclassified","Not a Pedestrian","Not a Pedestrian",428834,434633,"E01033006",2,"Crossroads","Daylight","Fine no high winds","Dry","Car occupant"
"8422","20181357F0738",2018-07-14,2018,"Jul",14,"19:05",19,5,"Saturday","Slight",1,"Slight","Car occupant","Passenger","Female",24,"Unclassified","Single carriageway",30,NA,"Not a Pedestrian","Not a Pedestrian",421705,435585,"E01011592",2,"Not at junction or within 20 metres","Daylight","Fine no high winds","Dry","Car occupant"
"8423","20181357F1049",2018-07-15,2018,"Jul",15,"12:50",12,50,"Sunday","Serious",2,"Slight","Car occupant","Driver or rider","Female",41,"Unclassified","Single carriageway",30,"Unclassified","Not a Pedestrian","Not a Pedestrian",425400,440556,"E01011377",2,"T or staggered junction","Daylight","Fine no high winds","Dry","Car occupant"
"8424","20181357F2058",2018-07-15,2018,"Jul",15,"21:27",21,27,"Sunday","Slight",2,"Slight","Car occupant","Driver or rider","Male",21,"Unclassified","Dual carriageway",40,"Unclassified","Not a Pedestrian","Not a Pedestrian",431966,431243,"E01011468",2,"Crossroads","Darkness - lights lit","Fine no high winds","Dry","Car occupant"
"8425","20181357G1209",2018-07-16,2018,"Jul",16,"15:20",15,20,"Monday","Serious",2,"Serious","Cyclist","Driver or rider","Male",42,"A","Single carriageway",50,NA,"Not a Pedestrian","Not a Pedestrian",426853,441340,"E01011381",2,"Not at junction or within 20 metres","Daylight","Fine no high winds","Dry","Cyclist"
"8426","20181357G1403",2018-07-16,2018,"Jul",16,"16:30",16,30,"Monday","Slight",1,"Slight","Cyclist","Driver or rider","Female",36,"A","Dual carriageway",40,"Unclassified","Not a Pedestrian","Not a Pedestrian",430036,432503,"E01033016",2,"T or staggered junction","Daylight","Fine no high winds","Dry","Cyclist"
"8427","20181357G1439",2018-07-16,2018,"Jul",16,"16:40",16,40,"Monday","Slight",1,"Slight","Motorcycle over 500cc rider or passenger","Driver or rider","Male",53,"Unclassified","Single carriageway",30,"Unclassified","Not a Pedestrian","Not a Pedestrian",424578,435162,"E01011331",2,"Crossroads","Daylight","Fine no high winds","Dry","Motorcyclist and pillion"
"8428","20181357G1531",2018-07-16,2018,"Jul",16,"17:20",17,20,"Monday","Slight",1,"Slight","Pedestrian","Pedestrian","Female",42,"Unclassified","Single carriageway",30,"Unclassified","Unknown or other","Unknown or other",430141,429926,"E01011322",1,"Roundabout","Daylight","Fine no high winds","Dry","Pedestrian"
"8429","20181357G1530",2018-07-16,2018,"Jul",16,"17:22",17,22,"Monday","Serious",2,"Slight","Cyclist","Driver or rider","Male",55,"Unclassified","Single carriageway",20,NA,"Not a Pedestrian","Not a Pedestrian",443381,428630,"E01011299",1,"Not at junction or within 20 metres","Daylight","Fine no high winds","Dry","Cyclist"
"8430","20181357G2090",2018-07-16,2018,"Jul",16,"18:30",18,30,"Monday","Slight",1,"Slight","Cyclist","Driver or rider","Male",17,"Unclassified","Single carriageway",30,"Unclassified","Not a Pedestrian","Not a Pedestrian",430781,438592,"E01011512",2,"Crossroads","Daylight","Fine no high winds","Dry","Cyclist"
"8431","20181357H0311",2018-07-17,2018,"Jul",17,"07:15",7,15,"Tuesday","Slight",1,"Slight","Cyclist","Driver or rider","Male",35,"Unclassified","Single carriageway",30,"Unclassified","Not a Pedestrian","Not a Pedestrian",422880,439314,"E01011455",2,"Crossroads","Daylight","Fine no high winds","Dry","Cyclist"
"8432","20181357H0504",2018-07-17,2018,"Jul",17,"09:20",9,20,"Tuesday","Slight",1,"Slight","Car occupant","Driver or rider","Female",28,"A","Single carriageway",30,NA,"Not a Pedestrian","Not a Pedestrian",425725,442965,"E01032504",2,"Not at junction or within 20 metres","Daylight","Fine no high winds","Dry","Car occupant"
"8433","20181357H0567",2018-07-17,2018,"Jul",17,"10:00",10,0,"Tuesday","Slight",1,"Slight","Car occupant","Driver or rider","Female",30,"Unclassified","Single carriageway",30,NA,"Not a Pedestrian","Not a Pedestrian",428775,425802,"E01011552",3,"Not at junction or within 20 metres","Daylight","Fine no high winds","Dry","Car occupant"
"8434","20181357I0949",2018-07-17,2018,"Jul",17,"17:00",17,0,"Tuesday","Slight",1,"Slight","Cyclist","Driver or rider","Male",65,"A","Single carriageway",30,NA,"Not a Pedestrian","Not a Pedestrian",430757,438842,"E01011512",2,"Not at junction or within 20 metres","Daylight","Fine no high winds","Dry","Cyclist"
"8435","20181357H1464",2018-07-17,2018,"Jul",17,"17:15",17,15,"Tuesday","Slight",1,"Slight","Car occupant","Driver or rider","Female",32,"A","Single carriageway",30,NA,"Not a Pedestrian","Not a Pedestrian",439141,432086,"E01011402",3,"Not at junction or within 20 metres","Daylight","Fine no high winds","Dry","Car occupant"
"8436","20181357H1760",2018-07-17,2018,"Jul",17,"19:26",19,26,"Tuesday","Slight",1,"Slight","Cyclist","Driver or rider","Male",36,"Unclassified","Single carriageway",30,"Unclassified","Not a Pedestrian","Not a Pedestrian",429933,427362,"E01011492",2,"Roundabout","Daylight","Fine no high winds","Dry","Cyclist"
"8437","20181357A0418",2018-07-18,2018,"Jul",18,"08:50",8,50,"Wednesday","Slight",1,"Slight","Pedestrian","Pedestrian","Female",47,"A","Slip road",30,"Unclassified","Crossing on pedestrian crossing facility","Crossing from driver's nearside",432398,433687,"E01011618",1,"Roundabout","Daylight","Fine no high winds","Dry","Pedestrian"
"8438","20181357I1268",2018-07-18,2018,"Jul",18,"15:30",15,30,"Wednesday","Slight",2,"Slight","Car occupant","Passenger","Male",47,"Unclassified","Single carriageway",30,"Unclassified","Not a Pedestrian","Not a Pedestrian",424470,433644,"E01011608",2,"Crossroads","Daylight","Fine no high winds","Dry","Car occupant"
"8439","20181357J0417",2018-07-19,2018,"Jul",19,"07:30",7,30,"Thursday","Serious",1,"Serious","Cyclist","Driver or rider","Male",49,"A","Single carriageway",30,"Unclassified","Not a Pedestrian","Not a Pedestrian",426992,437455,"E01011685",2,"Private drive or entrance","Daylight","Fine no high winds","Dry","Cyclist"
"8440","20181357J0445",2018-07-19,2018,"Jul",19,"08:13",8,13,"Thursday","Slight",1,"Slight","Cyclist","Driver or rider","Male",11,"Unclassified","Single carriageway",30,"Unclassified","Not a Pedestrian","Not a Pedestrian",436005,435768,"E01011661",2,"T or staggered junction","Daylight","Fine no high winds","Dry","Cyclist"