"","accident_index","date","year","month","day","time","time_hour","time_minute","day_of_week","accident_severity","number_of_casualties","casualty_severity","casualty_type","casualty_class","sex_of_casualty","age_of_casualty","first_road_class","road_type","speed_limit","second_road_class","pedestrian_location","pedestrian_movement","location_easting_osgr","location_northing_osgr","lsoa_of_accident_location","number_of_vehicles","junction_detail","light_conditions","weather_conditions","road_surface_conditions","cas_type"
"8525","20181358D0592",2018-08-11,2018,"Aug",11,"10:00",10,0,"Saturday","Serious",1,"Serious","Bus or coach occupant (17 or more pass seats)","Passenger","Male",74,"Unclassified","Single carriageway",30,NA,"Not a Pedestrian","Not a Pedestrian",430078,433890,"E01033010",1,"Not at junction or within 20 metres","Daylight","Fine no high winds","Dry","Bus and goods vehicle occupant"
"8526","20181358B1078",2018-08-11,2018,"Aug",11,"12:30",12,30,"Saturday","Slight",1,"Slight","Cyclist","Driver or rider","Male",19,"A","Single carriageway",30,"A","Not a Pedestrian","Not a Pedestrian",430808,433272,"E01033011",2,"Crossroads","Daylight","Fine no high winds","Dry","Cyclist"
"8527","20181358B0940",2018-08-11,2018,"Aug",11,"13:10",13,10,"Saturday","Slight",2,"Slight","Motorcycle over 500cc rider or passenger","Driver or rider","Male",47,"A","Dual carriageway",40,"B","Not a Pedestrian","Not a Pedestrian",433873,434068,"E01011346",2,"Crossroads","Daylight","Fine no high winds","Dry","Motorcyclist and pillion"
"8528","20181358B9999",2018-08-11,2018,"Aug",11,"22:10",22,10,"Saturday","Slight",1,"Slight","Car occupant","Driver or rider","Female",30,"A","Roundabout",30,"Unclassified","Not a Pedestrian","Not a Pedestrian",428004,426232,"E01011550",2,"Roundabout","Darkness - lights lit","Fine no high winds","Dry","Car occupant"
"8529","20181358C1036",2018-08-12,2018,"Aug",12,"14:24",14,24,"Sunday","Slight",1,"Slight","Car occupant","Passenger","Female",78,"Unclassified","Single carriageway",30,"Unclassified","Not a Pedestrian","Not a Pedestrian",434804,428897,"E01011628",2,"T or staggered junction","Daylight","Fine no high winds","Dry","Car occupant"
"8530","20181358C1229",2018-08-12,2018,"Aug",12,"15:50",15,50,"Sunday","Serious",1,"Serious","Cyclist","Driver or rider","Male",26,"Unclassified","Single carriageway",30,"Unclassified","Not a Pedestrian","Not a Pedestrian",431083,436053,"E01011356",2,"T or staggered junction","Daylight","Fine no high winds","Dry","Cyclist"
"8531","20181358D0398",2018-08-13,2018,"Aug",13,"08:10",8,10,"Monday","Slight",1,"Slight","Car occupant","Driver or rider","Female",23,"Motorway","Dual carriageway",50,NA,"Not a Pedestrian","Not a Pedestrian",430278,431938,"E01011371",2,"Not at junction or within 20 metres","Daylight","Raining no high winds","Wet or damp","Car occupant"
"8532","20181358D0477",2018-08-13,2018,"Aug",13,"09:36",9,36,"Monday","Slight",2,"Slight","Motorcycle over 500cc rider or passenger","Driver or rider","Male",34,"Unclassified","Single carriageway",30,"Unclassified","Not a Pedestrian","Not a Pedestrian",429146,432000,"E01011368",3,"T or staggered junction","Daylight","Fine no high winds","Dry","Motorcyclist and pillion"
"8533","20181358E1131",2018-08-14,2018,"Aug",14,"15:20",15,20,"Tuesday","Slight",2,"Slight","Car occupant","Driver or rider","Female",52,"A","Single carriageway",30,"Unclassified","Not a Pedestrian","Not a Pedestrian",422028,436565,"E01011589",4,"Roundabout","Daylight","Fine no high winds","Dry","Car occupant"
"8534","20181358F0056",2018-08-15,2018,"Aug",15,"00:30",0,30,"Wednesday","Serious",1,"Serious","Motorcycle 125cc and under rider or passenger","Driver or rider","Female",28,"A","Single carriageway",30,NA,"Not a Pedestrian","Not a Pedestrian",426720,426699,"E01011547",1,"Not at junction or within 20 metres","Darkness - lights lit","Fine no high winds","Dry","Motorcyclist and pillion"
"8535","20181358F1534",2018-08-15,2018,"Aug",15,"19:30",19,30,"Wednesday","Serious",1,"Serious","Motorcycle over 500cc rider or passenger","Driver or rider","Male",59,"Unclassified","Single carriageway",30,"Unclassified","Not a Pedestrian","Not a Pedestrian",427340,427812,"E01032492",2,"T or staggered junction","Daylight","Other","Wet or damp","Motorcyclist and pillion"
"8536","20181358G0123",2018-08-15,2018,"Aug",15,"20:20",20,20,"Wednesday","Slight",1,"Slight","Pedestrian","Pedestrian","Male",18,"Unclassified","Single carriageway",30,"A","In carriageway, crossing elsewhere","Crossing from driver's nearside",431320,435044,"E01011361",1,"T or staggered junction","Daylight","Fine no high winds","Dry","Pedestrian"
"8537","20181358G0689",2018-08-16,2018,"Aug",16,"11:20",11,20,"Thursday","Slight",1,"Slight","Pedestrian","Pedestrian","Male",85,"Unclassified","Single carriageway",30,NA,"Crossing on pedestrian crossing facility","Crossing from driver's offside",431622,434439,"E01033035",1,"Not at junction or within 20 metres","Daylight","Fine no high winds","Dry","Pedestrian"
"8538","20181358G1310",2018-08-16,2018,"Aug",16,"16:47",16,47,"Thursday","Slight",1,"Slight","Cyclist","Driver or rider","Female",48,"Unclassified","Single carriageway",30,"Unclassified","Not a Pedestrian","Not a Pedestrian",430400,437873,"E01011515",2,"T or staggered junction","Daylight","Fine no high winds","Dry","Cyclist"
"8539","20181358G1314",2018-08-16,2018,"Aug",16,"19:40",19,40,"Thursday","Slight",1,"Slight","Bus or coach occupant (17 or more pass seats)","Passenger","Female",40,"Unclassified","Single carriageway",30,NA,"Not a Pedestrian","Not a Pedestrian",430301,433388,"E01033010",1,"Not at junction or within 20 metres","Daylight","Fine no high winds","Dry","Bus and goods vehicle occupant"
"8540","20181358G1532",2018-08-16,2018,"Aug",16,"19:42",19,42,"Thursday","Serious",1,"Serious","Cyclist","Driver or rider","Male",44,"A","Dual carriageway",50,NA,"Not a Pedestrian","Not a Pedestrian",425993,429974,"E01011522",2,"Not at junction or within 20 metres","Daylight","Fine no high winds","Dry","Cyclist"
"8541","20181358G1947",2018-08-16,2018,"Aug",16,"22:00",22,0,"Thursday","Serious",1,"Serious","Motorcycle over 125cc and up to 500cc rider or  passenger","Driver or rider","Male",35,"A","Single carriageway",40,"Unclassified","Not a Pedestrian","Not a Pedestrian",428526,429635,"E01011321",2,"T or staggered junction","Darkness - lights lit","Fine no high winds","Dry","Motorcyclist and pillion"
"8542","20181358H0461",2018-08-17,2018,"Aug",17,"08:25",8,25,"Friday","Serious",1,"Serious","Motorcycle 125cc and under rider or passenger","Driver or rider","Male",25,"Unclassified","Dual carriageway",40,"Unclassified","Not a Pedestrian","Not a Pedestrian",431996,432335,"E01011621",1,"Other junction","Daylight","Fine no high winds","Dry","Motorcyclist and pillion"
"8543","20181358M0654",2018-08-17,2018,"Aug",17,"13:31",13,31,"Friday","Slight",1,"Slight","Minibus (8 - 16 passenger seats) occupant","Driver or rider","Male",50,"Unclassified","Single carriageway",30,"Unclassified","Not a Pedestrian","Not a Pedestrian",433260,435138,"E01011339",2,"Crossroads","Daylight","Fine no high winds","Dry","Bus and goods vehicle occupant"
"8544","20181358H1535",2018-08-17,2018,"Aug",17,"17:40",17,40,"Friday","Slight",1,"Slight","Motorcycle over 125cc and up to 500cc rider or  passenger","Driver or rider","Male",25,"A","Single carriageway",40,"Unclassified","Not a Pedestrian","Not a Pedestrian",420075,439061,"E01011457",2,"T or staggered junction","Daylight","Fine no high winds","Dry","Motorcyclist and pillion"
"8545","20181358H1705",2018-08-17,2018,"Aug",17,"18:45",18,45,"Friday","Slight",1,"Slight","Car occupant","Driver or rider","Female",22,"A","Dual carriageway",30,NA,"Not a Pedestrian","Not a Pedestrian",428581,431546,"E01011366",2,"Not at junction or within 20 metres","Daylight","Fine no high winds","Dry","Car occupant"
"8546","20181358I0137",2018-08-18,2018,"Aug",18,"01:10",1,10,"Saturday","Slight",2,"Slight","Car occupant","Passenger","Male",22,"Unclassified","Single carriageway",30,NA,"Not a Pedestrian","Not a Pedestrian",429109,433835,"E01011678",4,"Not at junction or within 20 metres","Darkness - lights lit","Fine no high winds","Dry","Car occupant"
"8547","20181358I0281",2018-08-18,2018,"Aug",18,"02:40",2,40,"Saturday","Slight",1,"Slight","Car occupant","Driver or rider","Male",20,"Unclassified","Single carriageway",20,"A","Not a Pedestrian","Not a Pedestrian",441054,432041,"E01011405",1,"T or staggered junction","Darkness - lights lit","Fine no high winds","Dry","Car occupant"
"8548","20181358I1017",2018-08-18,2018,"Aug",18,"13:00",13,0,"Saturday","Slight",1,"Slight","Cyclist","Driver or rider","Male",9,"Unclassified","Single carriageway",30,NA,"Not a Pedestrian","Not a Pedestrian",436717,436673,"E01011721",2,"Not at junction or within 20 metres","Daylight","Fine no high winds","Dry","Cyclist"
"8549","20181358I1042",2018-08-18,2018,"Aug",18,"13:10",13,10,"Saturday","Slight",1,"Slight","Pedestrian","Pedestrian","Male",27,"A","Dual carriageway",30,"B","Crossing on pedestrian crossing facility","Crossing from driver's nearside",431970,435823,"E01011422",1,"Slip road","Daylight","Fine no high winds","Dry","Pedestrian"
"8550","20181358J0664",2018-08-18,2018,"Aug",18,"16:00",16,0,"Saturday","Slight",1,"Slight","Cyclist","Driver or rider","Male",30,"Unclassified","Single carriageway",30,NA,"Not a Pedestrian","Not a Pedestrian",432460,438848,"E01011653",2,"Not at junction or within 20 metres","Daylight","Fine no high winds","Dry","Cyclist"
"8551","20181358M0706",2018-08-18,2018,"Aug",18,"19:00",19,0,"Saturday","Slight",1,"Slight","Taxi/Private hire car occupant","Passenger","Female",51,"Unclassified","Single carriageway",30,NA,"Not a Pedestrian","Not a Pedestrian",423923,429722,"E01011519",1,"Not at junction or within 20 metres","Daylight","Fine no high winds","Dry","Car occupant"
"8552","20181358J0719",2018-08-19,2018,"Aug",19,"11:30",11,30,"Sunday","Slight",1,"Slight","Pedestrian","Pedestrian","Male",71,"Unclassified","Single carriageway",30,"Unclassified","On footway or verge","In carriageway, stationary - not crossing  (standing or playing)",428395,434074,"E01011681",1,"T or staggered junction","Daylight","Fine no high winds","Dry","Pedestrian"
"8553","20181358J0457",2018-08-19,2018,"Aug",19,"16:03",16,3,"Sunday","Serious",1,"Serious","Bus or coach occupant (17 or more pass seats)","Passenger","Female",95,"A","Single carriageway",30,"Unclassified","Not a Pedestrian","Not a Pedestrian",419786,434051,"E01011597",2,"T or staggered junction","Daylight","Fine no high winds","Dry","Bus and goods vehicle occupant"
"8554","20181358K0771",2018-08-20,2018,"Aug",20,"12:35",12,35,"Monday","Serious",1,"Serious","Car occupant","Driver or rider","Female",26,"Unclassified","Single carriageway",40,NA,"Not a Pedestrian","Not a Pedestrian",421711,442269,"E01032503",2,"Not at junction or within 20 metres","Daylight","Fine no high winds","Dry","Car occupant"
"8555","20181358K1318",2018-08-20,2018,"Aug",20,"16:34",16,34,"Monday","Slight",9,"Slight","Car occupant","Driver or rider","Male",78,"Unclassified","Single carriageway",30,NA,"Not a Pedestrian","Not a Pedestrian",431457,430270,"E01011469",2,"Not at junction or within 20 metres","Daylight","Fine no high winds","Dry","Car occupant"
"8556","20181358G0696",2018-08-21,2018,"Aug",21,"11:30",11,30,"Tuesday","Slight",1,"Slight","Car occupant","Driver or rider","Female",48,"Unclassified","Dual carriageway",40,"A","Not a Pedestrian","Not a Pedestrian",426576,433900,"E01032608",2,"T or staggered junction","Daylight","Fine no high winds","Dry","Car occupant"
"8557","20181358L1429",2018-08-21,2018,"Aug",21,"15:40",15,40,"Tuesday","Slight",2,"Slight","Car occupant","Driver or rider","Female",32,"Unclassified","Dual carriageway",40,NA,"Not a Pedestrian","Not a Pedestrian",434109,433900,"E01011616",2,"Not at junction or within 20 metres","Daylight","Fine no high winds","Dry","Car occupant"
"8558","20181358L1538",2018-08-21,2018,"Aug",21,"17:15",17,15,"Tuesday","Slight",6,"Slight","Car occupant","Driver or rider","Male",34,"Motorway","Dual carriageway",70,NA,"Not a Pedestrian","Not a Pedestrian",429201,426408,"E01011538",4,"Not at junction or within 20 metres","Daylight","Fine no high winds","Dry","Car occupant"
"8559","20181358L1743",2018-08-21,2018,"Aug",21,"18:42",18,42,"Tuesday","Slight",1,"Slight","Car occupant","Passenger","Female",25,"A","Roundabout",30,"A","Not a Pedestrian","Not a Pedestrian",440441,447671,"E01011704",2,"Roundabout","Daylight","Fine no high winds","Dry","Car occupant"
"8560","20181358M0900",2018-08-22,2018,"Aug",22,"13:15",13,15,"Wednesday","Slight",1,"Slight","Car occupant","Driver or rider","Female",28,"A","Single carriageway",40,"Unclassified","Not a Pedestrian","Not a Pedestrian",423150,437706,"E01011465",2,"Private drive or entrance","Daylight","Fine no high winds","Dry","Car occupant"
"8561","20181358M1371",2018-08-22,2018,"Aug",22,"16:28",16,28,"Wednesday","Serious",1,"Serious","Motorcycle over 500cc rider or passenger","Driver or rider","Male",44,"Unclassified","Single carriageway",30,NA,"Not a Pedestrian","Not a Pedestrian",435690,433910,"E01011416",1,"Not at junction or within 20 metres","Daylight","Fine no high winds","Dry","Motorcyclist and pillion"
"8562","20181358M1951",2018-08-22,2018,"Aug",22,"21:05",21,5,"Wednesday","Slight",3,"Slight","Car occupant","Driver or rider","Male",33,"A","Single carriageway",30,"Unclassified","Not a Pedestrian","Not a Pedestrian",428463,431347,"E01011369",2,"Crossroads","Darkness - lights lit","Raining no high winds","Wet or damp","Car occupant"
"8563","20181358N0284",2018-08-23,2018,"Aug",23,"06:57",6,57,"Thursday","Slight",1,"Slight","Car occupant","Driver or rider","Female",48,"Unclassified","Single carriageway",20,"Unclassified","Not a Pedestrian","Not a Pedestrian",428389,436282,"E01011451",2,"T or staggered junction","Daylight","Fine no high winds","Dry","Car occupant"
"8564","20181358N0339",2018-08-23,2018,"Aug",23,"07:52",7,52,"Thursday","Slight",1,"Slight","Cyclist","Driver or rider","Male",57,"Unclassified","Dual carriageway",30,"Unclassified","Not a Pedestrian","Not a Pedestrian",430839,433997,"E01033031",2,"T or staggered junction","Daylight","Fine no high winds","Dry","Cyclist"
"8565","20181358N0386",2018-08-23,2018,"Aug",23,"08:32",8,32,"Thursday","Slight",1,"Slight","Car occupant","Driver or rider","Female",49,"Unclassified","Single carriageway",30,NA,"Not a Pedestrian","Not a Pedestrian",433229,427628,"E01011634",2,"Not at junction or within 20 metres","Daylight","Fine no high winds","Dry","Car occupant"
"8566","20181358N0589",2018-08-23,2018,"Aug",23,"11:05",11,5,"Thursday","Slight",1,"Slight","Motorcycle 125cc and under rider or passenger","Driver or rider","Male",27,"A","Single carriageway",30,"Unclassified","Not a Pedestrian","Not a Pedestrian",427485,437003,"E01011690",2,"T or staggered junction","Daylight","Fine no high winds","Dry","Motorcyclist and pillion"
"8567","20181358N1280",2018-08-23,2018,"Aug",23,"16:55",16,55,"Thursday","Slight",2,"Slight","Car occupant","Driver or rider","Female",30,"A","Dual carriageway",40,"Unclassified","Not a Pedestrian","Not a Pedestrian",432642,435860,"E01011424",2,"T or staggered junction","Daylight","Raining no high winds","Wet or damp","Car occupant"
"8568","20181358O0326",2018-08-24,2018,"Aug",24,"07:00",7,0,"Friday","Slight",1,"Slight","Car occupant","Driver or rider","Female",51,"Motorway","Dual carriageway",70,NA,"Not a Pedestrian","Not a Pedestrian",432158,429927,"E01011470",2,"Not at junction or within 20 metres","Daylight","Fine no high winds","Dry","Car occupant"
"8569","20181358O1202",2018-08-24,2018,"Aug",24,"16:15",16,15,"Friday","Serious",1,"Serious","Pedestrian","Pedestrian","Female",40,"Unclassified","Roundabout",30,"Unclassified","In carriageway, crossing elsewhere","Crossing from driver's nearside",428500,433156,"E01011363",1,"Roundabout","Daylight","Raining no high winds","Wet or damp","Pedestrian"
"8570","20181358O1973",2018-08-24,2018,"Aug",24,"22:14",22,14,"Friday","Serious",1,"Serious","Pedestrian","Pedestrian","Male",56,"A","Dual carriageway",40,"A","Crossing on pedestrian crossing facility","Crossing from nearside - masked by parked or stationary vehicle",427499,431339,"E01011369",1,"Crossroads","Darkness - lights lit","Fine no high winds","Dry","Pedestrian"
"8571","20181358P0450",2018-08-25,2018,"Aug",25,"07:30",7,30,"Saturday","Slight",1,"Slight","Cyclist","Driver or rider","Male",35,"A","Single carriageway",60,NA,"Not a Pedestrian","Not a Pedestrian",429248,426734,"E01011538",2,"Not at junction or within 20 metres","Daylight","Fine no high winds","Dry","Cyclist"
"8572","20181358P0570",2018-08-25,2018,"Aug",25,"09:41",9,41,"Saturday","Serious",1,"Serious","Motorcycle 125cc and under rider or passenger","Driver or rider","Male",54,"Unclassified","Single carriageway",30,"Unclassified","Not a Pedestrian","Not a Pedestrian",423953,435420,"E01011329",2,"T or staggered junction","Daylight","Fine no high winds","Dry","Motorcyclist and pillion"
"8573","20181358P0856",2018-08-25,2018,"Aug",25,"12:35",12,35,"Saturday","Slight",4,"Slight","Taxi/Private hire car occupant","Driver or rider","Male",33,"A","Single carriageway",30,NA,"Not a Pedestrian","Not a Pedestrian",440111,439656,"E01011309",2,"Not at junction or within 20 metres","Daylight","Fine no high winds","Dry","Car occupant"
"8574","20181358P1294",2018-08-25,2018,"Aug",25,"16:10",16,10,"Saturday","Serious",1,"Serious","Pedestrian","Pedestrian","Male",6,"Unclassified","Single carriageway",30,NA,"In carriageway, crossing elsewhere","Crossing from nearside - masked by parked or stationary vehicle",431766,432874,"E01011626",1,"Not at junction or within 20 metres","Daylight","Fine no high winds","Dry","Pedestrian"
"8575","20181358P1534",2018-08-25,2018,"Aug",25,"18:00",18,0,"Saturday","Serious",1,"Serious","Motorcycle - unknown cc rider or passenger","Driver or rider","Male",29,"Unclassified","Single carriageway",30,"Unclassified","Not a Pedestrian","Not a Pedestrian",430588,430943,"E01011468",2,"T or staggered junction","Daylight","Fine no high winds","Dry","Motorcyclist and pillion"
"8576","20181358Q0081",2018-08-26,2018,"Aug",26,"00:10",0,10,"Sunday","Slight",1,"Slight","Car occupant","Driver or rider","Male",40,"Unclassified","Single carriageway",30,"Unclassified","Not a Pedestrian","Not a Pedestrian",429102,432195,"E01033013",2,"T or staggered junction","Darkness - lights lit","Fine no high winds","Dry","Car occupant"
"8577","20181358Q0261",2018-08-26,2018,"Aug",26,"02:31",2,31,"Sunday","Slight",1,"Slight","Car occupant","Driver or rider","Female",23,"Motorway","Dual carriageway",70,NA,"Not a Pedestrian","Not a Pedestrian",432124,428919,"E01011496",1,"Not at junction or within 20 metres","Darkness - lights lit","Fine no high winds","Dry","Car occupant"
"8578","20181358Q0818",2018-08-26,2018,"Aug",26,"12:00",12,0,"Sunday","Serious",1,"Serious","Motorcycle over 500cc rider or passenger","Driver or rider","Male",32,"A","Dual carriageway",30,NA,"Not a Pedestrian","Not a Pedestrian",430810,433889,"E01033031",1,"Not at junction or within 20 metres","Daylight","Raining no high winds","Wet or damp","Motorcyclist and pillion"
"8579","20181358Q1030",2018-08-26,2018,"Aug",26,"14:23",14,23,"Sunday","Slight",2,"Slight","Car occupant","Driver or rider","Female",26,"Unclassified","Single carriageway",30,"Unclassified","Not a Pedestrian","Not a Pedestrian",422428,441625,"E01032503",2,"T or staggered junction","Daylight","Raining no high winds","Wet or damp","Car occupant"
"8580","20181358Q1723",2018-08-26,2018,"Aug",26,"20:25",20,25,"Sunday","Slight",1,"Slight","Car occupant","Passenger","Male",18,"Motorway","Dual carriageway",70,NA,"Not a Pedestrian","Not a Pedestrian",434069,429931,"E01011639",1,"Not at junction or within 20 metres","Darkness - lights lit","Raining no high winds","Wet or damp","Car occupant"
"8581","20181358Q1867",2018-08-26,2018,"Aug",26,"21:54",21,54,"Sunday","Serious",1,"Serious","Car occupant","Driver or rider","Male",38,"Unclassified","Single carriageway",30,"Unclassified","Not a Pedestrian","Not a Pedestrian",429940,427145,"E01011492",1,"T or staggered junction","Darkness - lights lit","Raining no high winds","Wet or damp","Car occupant"
"8582","20181358R0046",2018-08-27,2018,"Aug",27,"00:45",0,45,"Monday","Serious",1,"Serious","Car occupant","Driver or rider","Male",21,"Unclassified","Roundabout",30,"Unclassified","Not a Pedestrian","Not a Pedestrian",434354,435346,"E01011662",1,"Roundabout","Darkness - lights lit","Raining no high winds","Wet or damp","Car occupant"
"8583","20181358R0264",2018-08-27,2018,"Aug",27,"03:45",3,45,"Monday","Slight",1,"Slight","Car occupant","Driver or rider","Male",65,"Unclassified","Single carriageway",60,NA,"Not a Pedestrian","Not a Pedestrian",423562,442239,"E01032503",1,"Not at junction or within 20 metres","Darkness - no lighting","Fine no high winds","Dry","Car occupant"
"8584","20181358R1084",2018-08-27,2018,"Aug",27,"15:00",15,0,"Monday","Slight",1,"Slight","Motorcycle over 125cc and up to 500cc rider or  passenger","Driver or rider","Male",31,"A","Dual carriageway",30,NA,"Not a Pedestrian","Not a Pedestrian",423998,428000,"E01011529",2,"Not at junction or within 20 metres","Daylight","Fine no high winds","Dry","Motorcyclist and pillion"
"8585","20181358R1478",2018-08-27,2018,"Aug",27,"17:54",17,54,"Monday","Slight",2,"Slight","Car occupant","Driver or rider","Female",45,"Unclassified","Single carriageway",30,"Motorway","Not a Pedestrian","Not a Pedestrian",431010,430543,"E01011471",2,"T or staggered junction","Daylight","Fine no high winds","Dry","Car occupant"
"8586","20181358R1906",2018-08-27,2018,"Aug",27,"20:45",20,45,"Monday","Slight",3,"Slight","Van / Goods vehicle (3.5 tonnes mgw or under) occupant","Passenger","Female",57,"A","Single carriageway",60,"Unclassified","Not a Pedestrian","Not a Pedestrian",438013,438405,"E01011715",2,"Private drive or entrance","Darkness - no lighting","Fine no high winds","Dry","Bus and goods vehicle occupant"
"8587","20181358S0489",2018-08-28,2018,"Aug",28,"09:50",9,50,"Tuesday","Slight",3,"Slight","Car occupant","Driver or rider","Male",33,"A","Single carriageway",40,"A","Not a Pedestrian","Not a Pedestrian",428108,426286,"E01011550",2,"Roundabout","Daylight","Fine no high winds","Dry","Car occupant"
"8588","20181358S0994",2018-08-28,2018,"Aug",28,"14:15",14,15,"Tuesday","Slight",1,"Slight","Motorcycle over 500cc rider or passenger","Driver or rider","Male",68,"A","Single carriageway",40,"Unclassified","Not a Pedestrian","Not a Pedestrian",421853,441244,"E01011578",2,"T or staggered junction","Daylight","Fine no high winds","Dry","Motorcyclist and pillion"
"8589","20181358S1018",2018-08-28,2018,"Aug",28,"14:31",14,31,"Tuesday","Slight",1,"Slight","Car occupant","Passenger","Female",64,"Unclassified","Single carriageway",30,"Unclassified","Not a Pedestrian","Not a Pedestrian",431400,438788,"E01011511",2,"T or staggered junction","Daylight","Fine no high winds","Dry","Car occupant"
"8590","20181358T0400",2018-08-28,2018,"Aug",28,"15:50",15,50,"Tuesday","Slight",1,"Slight","Cyclist","Driver or rider","Female",26,"Unclassified","Dual carriageway",40,"A","Not a Pedestrian","Not a Pedestrian",427071,433707,"E01011284",2,"T or staggered junction","Daylight","Fine no high winds","Dry","Cyclist"
"8591","20181358T0767",2018-08-29,2018,"Aug",29,"12:38",12,38,"Wednesday","Serious",1,"Serious","Pedestrian","Pedestrian","Male",49,"Unclassified","Single carriageway",30,NA,"In carriageway, crossing elsewhere","Crossing from driver's nearside",429968,433226,"E01033016",1,"Not at junction or within 20 metres","Daylight","Fine no high winds","Dry","Pedestrian"
"8592","20181358T0856",2018-08-29,2018,"Aug",29,"13:25",13,25,"Wednesday","Serious",1,"Serious","Car occupant","Driver or rider","Female",58,"Unclassified","Single carriageway",30,NA,"Not a Pedestrian","Not a Pedestrian",421107,433294,"E01011613",1,"Not at junction or within 20 metres","Daylight","Fine no high winds","Dry","Car occupant"
"8593","20181358T0974",2018-08-29,2018,"Aug",29,"14:27",14,27,"Wednesday","Slight",1,"Slight","Cyclist","Driver or rider","Male",26,"A","Dual carriageway",30,NA,"Not a Pedestrian","Not a Pedestrian",431165,433640,"E01033021",2,"Not at junction or within 20 metres","Daylight","Fine no high winds","Dry","Cyclist"
"8594","20181358T1070",2018-08-29,2018,"Aug",29,"15:20",15,20,"Wednesday","Slight",1,"Slight","Pedestrian","Pedestrian","Male",36,"Unclassified","Single carriageway",30,NA,"In carriageway, crossing elsewhere","Crossing from driver's nearside",429148,431765,"E01011368",1,"Not at junction or within 20 metres","Daylight","Fine no high winds","Dry","Pedestrian"
"8595","20181358T1142",2018-08-29,2018,"Aug",29,"15:50",15,50,"Wednesday","Slight",2,"Slight","Car occupant","Driver or rider","Male",44,"A","Roundabout",30,"A","Not a Pedestrian","Not a Pedestrian",423062,437684,"E01011465",3,"Roundabout","Daylight","Fine no high winds","Dry","Car occupant"
"8596","20181358T1230",2018-08-29,2018,"Aug",29,"16:24",16,24,"Wednesday","Slight",1,"Slight","Pedestrian","Pedestrian","Male",19,"A","Single carriageway",30,NA,"In carriageway, crossing elsewhere","Crossing from nearside - masked by parked or stationary vehicle",433654,427664,"E01011634",1,"Not at junction or within 20 metres","Daylight","Fine no high winds","Dry","Pedestrian"
"8597","20181358U1588",2018-08-30,2018,"Aug",30,"18:21",18,21,"Thursday","Slight",1,"Slight","Cyclist","Driver or rider","Male",29,"Unclassified","Single carriageway",30,NA,"Not a Pedestrian","Not a Pedestrian",424447,438618,"E01011460",3,"Not at junction or within 20 metres","Daylight","Fine no high winds","Dry","Cyclist"
"8598","20181358U1823",2018-08-30,2018,"Aug",30,"20:16",20,16,"Thursday","Serious",2,"Slight","Motorcycle 125cc and under rider or passenger","Driver or rider","Male",19,"Unclassified","Single carriageway",30,NA,"Not a Pedestrian","Not a Pedestrian",425040,432198,"E01011738",1,"Not at junction or within 20 metres","Darkness - no lighting","Fine no high winds","Dry","Motorcyclist and pillion"
"8599","2018135910852",2018-09-01,2018,"Sep",1,"10:40",10,40,"Saturday","Slight",1,"Slight","Car occupant","Passenger","Female",15,"A","Roundabout",30,"Motorway","Not a Pedestrian","Not a Pedestrian",428588,431554,"E01011366",2,"Roundabout","Daylight","Fine no high winds","Dry","Car occupant"
"8600","2018135911462",2018-09-01,2018,"Sep",1,"17:30",17,30,"Saturday","Slight",1,"Slight","Car occupant","Driver or rider","Male",23,"A","Dual carriageway",30,NA,"Not a Pedestrian","Not a Pedestrian",427122,425011,"E01011548",2,"Not at junction or within 20 metres","Daylight","Fine no high winds","Dry","Car occupant"
"8601","2018135911546",2018-09-01,2018,"Sep",1,"18:20",18,20,"Saturday","Slight",1,"Slight","Cyclist","Driver or rider","Male",36,"Unclassified","Single carriageway",30,"Unclassified","Not a Pedestrian","Not a Pedestrian",419655,446209,"E01011581",2,"T or staggered junction","Daylight","Fine no high winds","Dry","Cyclist"
"8602","2018135911541",2018-09-01,2018,"Sep",1,"18:21",18,21,"Saturday","Slight",1,"Slight","Car occupant","Driver or rider","Male",72,"Unclassified","Single carriageway",30,NA,"Not a Pedestrian","Not a Pedestrian",439254,430998,"E01011390",2,"Not at junction or within 20 metres","Daylight","Fine no high winds","Dry","Car occupant"
"8603","2018135911607",2018-09-01,2018,"Sep",1,"18:50",18,50,"Saturday","Slight",2,"Slight","Car occupant","Driver or rider","Female",48,"A","Single carriageway",30,"Unclassified","Not a Pedestrian","Not a Pedestrian",431675,435361,"E01011429",2,"T or staggered junction","Daylight","Fine no high winds","Dry","Car occupant"
"8604","2018135911677",2018-09-01,2018,"Sep",1,"19:25",19,25,"Saturday","Slight",1,"Slight","Pedestrian","Pedestrian","Male",18,"A","Single carriageway",30,"Unclassified","In carriageway, crossing elsewhere","Crossing from driver's nearside",431509,435136,"E01011673",1,"T or staggered junction","Daylight","Fine no high winds","Dry","Pedestrian"
"8605","2018135930452",2018-09-03,2018,"Sep",3,"09:00",9,0,"Monday","Slight",2,"Slight","Car occupant","Driver or rider","Male",57,"Unclassified","Single carriageway",60,"Unclassified","Not a Pedestrian","Not a Pedestrian",435267,439745,"E01011649",2,"Crossroads","Daylight","Fine no high winds","Dry","Car occupant"
"8606","2018135931624",2018-09-03,2018,"Sep",3,"16:50",16,50,"Monday","Slight",1,"Slight","Pedestrian","Pedestrian","Male",46,"Unclassified","One way street",30,NA,"In carriageway, not crossing","In carriageway, stationary - not crossing  (standing or playing)",440487,433192,"E01011396",1,"Not at junction or within 20 metres","Daylight","Fine no high winds","Dry","Pedestrian"