"","accident_index","date","year","month","day","time","time_hour","time_minute","day_of_week","accident_severity","number_of_casualties","casualty_severity","casualty_type","casualty_class","sex_of_casualty","age_of_casualty","first_road_class","road_type","speed_limit","second_road_class","pedestrian_location","pedestrian_movement","location_easting_osgr","location_northing_osgr","lsoa_of_accident_location","number_of_vehicles","junction_detail","light_conditions","weather_conditions","road_surface_conditions","cas_type"
"8607","2018135931499",2018-09-03,2018,"Sep",3,"17:10",17,10,"Monday","Serious",1,"Serious","Motorcycle over 500cc rider or passenger","Driver or rider","Male",24,"A","Roundabout",40,"Unclassified","Not a Pedestrian","Not a Pedestrian",428278,429576,"E01011531",3,"Roundabout","Daylight","Fine no high winds","Dry","Motorcyclist and pillion"
"8608","2018135940374",2018-09-04,2018,"Sep",4,"08:05",8,5,"Tuesday","Slight",1,"Slight","Car occupant","Driver or rider","Female",26,"A","Single carriageway",40,"Unclassified","Not a Pedestrian","Not a Pedestrian",424968,427566,"E01011530",2,"Other junction","Daylight","Fine no high winds","Dry","Car occupant"
"8609","2018135940805",2018-09-04,2018,"Sep",4,"13:25",13,25,"Tuesday","Slight",1,"Slight","Pedestrian","Pedestrian","Male",40,"Unclassified","Single carriageway",30,NA,"In carriageway, crossing elsewhere","Crossing from driver's nearside",430085,433375,"E01033010",1,"Not at junction or within 20 metres","Daylight","Fine no high winds","Dry","Pedestrian"
"8610","2018135911152",2018-09-04,2018,"Sep",4,"15:04",15,4,"Tuesday","Serious",1,"Serious","Car occupant","Driver or rider","Male",75,"Unclassified","Single carriageway",30,NA,"Not a Pedestrian","Not a Pedestrian",431707,439185,"E01011508",2,"Not at junction or within 20 metres","Daylight","Fine no high winds","Dry","Car occupant"
"8611","2018135941215",2018-09-04,2018,"Sep",4,"19:20",19,20,"Tuesday","Slight",1,"Slight","Car occupant","Driver or rider","Female",57,"Unclassified","Single carriageway",30,NA,"Not a Pedestrian","Not a Pedestrian",431627,435288,"E01011429",2,"Not at junction or within 20 metres","Daylight","Fine no high winds","Dry","Car occupant"
"8612","2018135931935",2018-09-04,2018,"Sep",4,"21:15",21,15,"Tuesday","Serious",1,"Serious","Car occupant","Passenger","Female",23,"Unclassified","Single carriageway",60,NA,"Not a Pedestrian","Not a Pedestrian",428393,440975,"E01011554",1,"Not at junction or within 20 metres","Darkness - no lighting","Raining no high winds","Wet or damp","Car occupant"
"8613","2018135981387",2018-09-05,2018,"Sep",5,"07:30",7,30,"Wednesday","Slight",1,"Slight","Taxi/Private hire car occupant","Passenger","Female",21,"A","Single carriageway",30,NA,"Not a Pedestrian","Not a Pedestrian",426686,435053,"E01011477",1,"Not at junction or within 20 metres","Daylight","Fine no high winds","Dry","Car occupant"
"8614","2018135950415",2018-09-05,2018,"Sep",5,"08:50",8,50,"Wednesday","Slight",1,"Slight","Car occupant","Driver or rider","Female",44,"Unclassified","Single carriageway",30,"Unclassified","Not a Pedestrian","Not a Pedestrian",430902,430369,"E01011472",3,"T or staggered junction","Daylight","Fine no high winds","Dry","Car occupant"
"8615","2018135951304",2018-09-05,2018,"Sep",5,"17:10",17,10,"Wednesday","Slight",2,"Slight","Car occupant","Driver or rider","Male",20,"Motorway","Dual carriageway",70,NA,"Not a Pedestrian","Not a Pedestrian",431950,428204,"E01011502",4,"Not at junction or within 20 metres","Daylight","Fine no high winds","Dry","Car occupant"
"8616","2018135951581",2018-09-05,2018,"Sep",5,"19:19",19,19,"Wednesday","Slight",1,"Slight","Car occupant","Driver or rider","Male",31,"Unclassified","Single carriageway",50,NA,"Not a Pedestrian","Not a Pedestrian",440551,431707,"E01011302",1,"Not at junction or within 20 metres","Daylight","Fine no high winds","Dry","Car occupant"
"8617","2018135960358",2018-09-06,2018,"Sep",6,"08:30",8,30,"Thursday","Slight",1,"Slight","Pedestrian","Pedestrian","Male",14,"Unclassified","Single carriageway",30,NA,"Unknown or other","Crossing from driver's nearside",425559,434144,"E01032499",1,"Not at junction or within 20 metres","Daylight","Fine no high winds","Dry","Pedestrian"
"8618","2018135960391",2018-09-06,2018,"Sep",6,"08:50",8,50,"Thursday","Slight",1,"Slight","Pedestrian","Pedestrian","Male",7,"Unclassified","Single carriageway",30,NA,"In carriageway, not crossing","Unknown or other",427365,430359,"E01011318",1,"Not at junction or within 20 metres","Daylight","Fine no high winds","Dry","Pedestrian"
"8619","2018135970290",2018-09-07,2018,"Sep",7,"07:31",7,31,"Friday","Slight",1,"Slight","Motorcycle over 500cc rider or passenger","Driver or rider","Male",58,"Unclassified","Single carriageway",30,"Unclassified","Not a Pedestrian","Not a Pedestrian",422418,445882,"E01011569",2,"Roundabout","Daylight","Fine no high winds","Dry","Motorcyclist and pillion"
"8620","2018135970615",2018-09-07,2018,"Sep",7,"10:45",10,45,"Friday","Slight",1,"Slight","Motorcycle 125cc and under rider or passenger","Driver or rider","Male",28,"Unclassified","Single carriageway",30,NA,"Not a Pedestrian","Not a Pedestrian",425975,436959,"E01011484",2,"Not at junction or within 20 metres","Daylight","Fine no high winds","Dry","Motorcyclist and pillion"
"8621","2018135971157",2018-09-07,2018,"Sep",7,"14:59",14,59,"Friday","Slight",1,"Slight","Car occupant","Driver or rider","Female",38,"A","Single carriageway",40,NA,"Not a Pedestrian","Not a Pedestrian",435491,437254,"E01011657",3,"Not at junction or within 20 metres","Daylight","Fine + high winds","Dry","Car occupant"
"8622","2018135971218",2018-09-07,2018,"Sep",7,"15:24",15,24,"Friday","Slight",1,"Slight","Cyclist","Driver or rider","Male",24,"A","Single carriageway",30,"Unclassified","Not a Pedestrian","Not a Pedestrian",427870,436243,"E01011451",2,"T or staggered junction","Daylight","Fine no high winds","Dry","Cyclist"
"8623","2018135971248",2018-09-07,2018,"Sep",7,"15:35",15,35,"Friday","Slight",1,"Slight","Car occupant","Driver or rider","Male",44,"Unclassified","Single carriageway",30,NA,"Not a Pedestrian","Not a Pedestrian",424027,438357,"E01011460",2,"Not at junction or within 20 metres","Daylight","Fine no high winds","Dry","Car occupant"
"8624","2018135971435",2018-09-07,2018,"Sep",7,"17:00",17,0,"Friday","Slight",1,"Slight","Cyclist","Driver or rider","Male",36,"A","Dual carriageway",30,NA,"Not a Pedestrian","Not a Pedestrian",420753,434401,"E01011595",2,"Not at junction or within 20 metres","Daylight","Fine no high winds","Dry","Cyclist"
"8625","2018135981573",2018-09-08,2018,"Sep",8,"12:20",12,20,"Saturday","Slight",2,"Slight","Car occupant","Driver or rider","Female",20,"A","Dual carriageway",70,NA,"Not a Pedestrian","Not a Pedestrian",428477,427504,"E01011540",2,"Not at junction or within 20 metres","Daylight","Fine no high winds","Dry","Car occupant"
"8626","2018135981071",2018-09-08,2018,"Sep",8,"14:40",14,40,"Saturday","Serious",1,"Serious","Car occupant","Passenger","Female",29,"A","Dual carriageway",30,"Unclassified","Not a Pedestrian","Not a Pedestrian",432576,429813,"E01011470",2,"Other junction","Daylight","Raining no high winds","Wet or damp","Car occupant"
"8627","2018135981111",2018-09-08,2018,"Sep",8,"15:00",15,0,"Saturday","Slight",1,"Slight","Car occupant","Driver or rider","Female",57,"Unclassified","Single carriageway",30,"Unclassified","Not a Pedestrian","Not a Pedestrian",428809,432611,"E01033013",2,"T or staggered junction","Daylight","Raining + high winds","Wet or damp","Car occupant"
"8628","2018135981680",2018-09-08,2018,"Sep",8,"20:08",20,8,"Saturday","Serious",1,"Serious","Pedestrian","Pedestrian","Female",29,"A","Dual carriageway",30,"Unclassified","Crossing on pedestrian crossing facility","Crossing from driver's offside",429570,434796,"E01033006",1,"T or staggered junction","Daylight","Fine no high winds","Dry","Pedestrian"
"8629","2018135981774",2018-09-08,2018,"Sep",8,"20:59",20,59,"Saturday","Slight",1,"Slight","Car occupant","Driver or rider","Male",49,"Unclassified","Single carriageway",40,NA,"Not a Pedestrian","Not a Pedestrian",425676,435401,"E01011324",2,"Not at junction or within 20 metres","Daylight","Fine no high winds","Dry","Car occupant"
"8630","2018135990850",2018-09-09,2018,"Sep",9,"12:23",12,23,"Sunday","Slight",1,"Slight","Motorcycle over 500cc rider or passenger","Driver or rider","Male",27,"Unclassified","Single carriageway",30,"Unclassified","Not a Pedestrian","Not a Pedestrian",444733,436442,"E01011297",2,"T or staggered junction","Daylight","Fine no high winds","Dry","Motorcyclist and pillion"
"8631","20181359A0556",2018-09-10,2018,"Sep",10,"10:55",10,55,"Monday","Fatal",1,"Fatal","Pedestrian","Pedestrian","Female",85,"B","Single carriageway",30,NA,"Crossing on pedestrian crossing facility","Crossing from driver's nearside",420201,445700,"E01011569",1,"Not at junction or within 20 metres","Daylight","Fine no high winds","Dry","Pedestrian"
"8632","20181359A0687",2018-09-10,2018,"Sep",10,"12:00",12,0,"Monday","Slight",1,"Slight","Bus or coach occupant (17 or more pass seats)","Passenger","Female",91,"A","Single carriageway",30,NA,"Not a Pedestrian","Not a Pedestrian",419047,441963,"E01011265",1,"Not at junction or within 20 metres","Daylight","Fine no high winds","Dry","Bus and goods vehicle occupant"
"8633","20181359A0976",2018-09-10,2018,"Sep",10,"14:18",14,18,"Monday","Slight",2,"Slight","Car occupant","Driver or rider","Male",59,"A","Single carriageway",30,NA,"Not a Pedestrian","Not a Pedestrian",427565,436881,"E01011694",1,"Not at junction or within 20 metres","Daylight","Fine no high winds","Dry","Car occupant"
"8634","20181359A1274",2018-09-10,2018,"Sep",10,"17:20",17,20,"Monday","Slight",1,"Slight","Pedestrian","Pedestrian","Female",14,"Unclassified","Single carriageway",30,"Unclassified","Crossing on pedestrian crossing facility","Crossing from driver's offside",430075,433369,"E01033010",1,"Crossroads","Daylight","Fine no high winds","Dry","Pedestrian"
"8635","20181359B0209",2018-09-11,2018,"Sep",11,"06:30",6,30,"Tuesday","Slight",1,"Slight","Car occupant","Driver or rider","Female",47,"Motorway","Roundabout",70,"Motorway","Not a Pedestrian","Not a Pedestrian",432176,426123,"E01011499",2,"Roundabout","Daylight","Raining no high winds","Wet or damp","Car occupant"
"8636","20181359B1023",2018-09-11,2018,"Sep",11,"15:25",15,25,"Tuesday","Slight",2,"Slight","Car occupant","Driver or rider","Male",40,"A","Dual carriageway",30,"Motorway","Not a Pedestrian","Not a Pedestrian",424092,428107,"E01011529",2,"Crossroads","Daylight","Fine no high winds","Dry","Car occupant"
"8637","20181359B1865",2018-09-11,2018,"Sep",11,"18:30",18,30,"Tuesday","Slight",2,"Slight","Car occupant","Passenger","Male",17,"Unclassified","Single carriageway",30,"Unclassified","Not a Pedestrian","Not a Pedestrian",427524,428078,"E01011540",2,"T or staggered junction","Daylight","Fine no high winds","Dry","Car occupant"
"8638","20181359B1732",2018-09-11,2018,"Sep",11,"20:30",20,30,"Tuesday","Fatal",1,"Fatal","Motorcycle over 500cc rider or passenger","Driver or rider","Male",42,"Unclassified","Single carriageway",30,"Unclassified","Not a Pedestrian","Not a Pedestrian",426347,433090,"E01011729",2,"T or staggered junction","Darkness - lights lit","Fine no high winds","Dry","Motorcyclist and pillion"
"8639","20181359C0465",2018-09-12,2018,"Sep",12,"07:30",7,30,"Wednesday","Slight",1,"Slight","Cyclist","Driver or rider","Female",41,"Unclassified","Single carriageway",30,"Unclassified","Not a Pedestrian","Not a Pedestrian",427552,431986,"E01011733",2,"T or staggered junction","Daylight","Fine no high winds","Dry","Cyclist"
"8640","20181359C1006",2018-09-12,2018,"Sep",12,"08:50",8,50,"Wednesday","Slight",1,"Slight","Cyclist","Driver or rider","Male",36,"Unclassified","Single carriageway",30,"Unclassified","Not a Pedestrian","Not a Pedestrian",426897,439315,"E01011383",2,"Crossroads","Daylight","Fine no high winds","Dry","Cyclist"
"8641","20181359C1241",2018-09-12,2018,"Sep",12,"12:50",12,50,"Wednesday","Slight",1,"Slight","Van / Goods vehicle (3.5 tonnes mgw or under) occupant","Passenger","Female",52,"Unclassified","Single carriageway",30,NA,"Not a Pedestrian","Not a Pedestrian",426179,427665,"E01011541",2,"Not at junction or within 20 metres","Daylight","Fine no high winds","Dry","Bus and goods vehicle occupant"
"8642","20181359C0786",2018-09-12,2018,"Sep",12,"13:00",13,0,"Wednesday","Slight",1,"Slight","Car occupant","Passenger","Female",59,"Unclassified","Single carriageway",30,NA,"Not a Pedestrian","Not a Pedestrian",432504,427064,"E01032496",2,"Not at junction or within 20 metres","Daylight","Fine no high winds","Dry","Car occupant"
"8643","20181359C0943",2018-09-12,2018,"Sep",12,"14:25",14,25,"Wednesday","Slight",1,"Slight","Car occupant","Driver or rider","Male",21,"Unclassified","Single carriageway",30,NA,"Not a Pedestrian","Not a Pedestrian",433471,441811,"E01011561",1,"Not at junction or within 20 metres","Daylight","Fine no high winds","Dry","Car occupant"
"8644","20181359C1891",2018-09-12,2018,"Sep",12,"20:55",20,55,"Wednesday","Slight",1,"Slight","Car occupant","Passenger","Male",19,"A","Dual carriageway",40,NA,"Not a Pedestrian","Not a Pedestrian",431465,432699,"E01011626",2,"Not at junction or within 20 metres","Darkness - lights lit","Fine no high winds","Dry","Car occupant"
"8645","20181359D0345",2018-09-13,2018,"Sep",13,"08:59",8,59,"Thursday","Fatal",1,"Fatal","Motorcycle 125cc and under rider or passenger","Driver or rider","Male",40,"Unclassified","Single carriageway",60,NA,"Not a Pedestrian","Not a Pedestrian",421712,443901,"E01011569",2,"Not at junction or within 20 metres","Daylight","Fine no high winds","Dry","Motorcyclist and pillion"
"8646","20181359D0828",2018-09-13,2018,"Sep",13,"13:35",13,35,"Thursday","Slight",1,"Slight","Pedestrian","Pedestrian","Female",3,"Unclassified","Single carriageway",30,"A","In carriageway, not crossing","Unknown or other",431757,435448,"E01011429",1,"T or staggered junction","Daylight","Fine no high winds","Dry","Pedestrian"
"8647","20181359D0832",2018-09-13,2018,"Sep",13,"13:50",13,50,"Thursday","Slight",1,"Slight","Car occupant","Driver or rider","Male",54,"A","Single carriageway",30,NA,"Not a Pedestrian","Not a Pedestrian",434525,438222,"E01011650",2,"Not at junction or within 20 metres","Daylight","Fine no high winds","Dry","Car occupant"
"8648","20181359D0889",2018-09-13,2018,"Sep",13,"14:30",14,30,"Thursday","Serious",2,"Serious","Car occupant","Driver or rider","Male",80,"A","Single carriageway",40,"Unclassified","Not a Pedestrian","Not a Pedestrian",425342,443246,"E01011576",2,"T or staggered junction","Daylight","Fine no high winds","Dry","Car occupant"
"8649","20181359D0907",2018-09-13,2018,"Sep",13,"14:30",14,30,"Thursday","Slight",1,"Slight","Car occupant","Driver or rider","Male",46,"Unclassified","Single carriageway",30,NA,"Not a Pedestrian","Not a Pedestrian",433113,435004,"E01011340",2,"Not at junction or within 20 metres","Daylight","Fine no high winds","Dry","Car occupant"
"8650","20181359D1624",2018-09-13,2018,"Sep",13,"20:07",20,7,"Thursday","Serious",1,"Serious","Motorcycle over 125cc and up to 500cc rider or  passenger","Driver or rider","Male",20,"A","Single carriageway",60,"Unclassified","Not a Pedestrian","Not a Pedestrian",422281,436821,"E01011589",2,"T or staggered junction","Darkness - lights lit","Fine no high winds","Dry","Motorcyclist and pillion"
"8651","20181359E1108",2018-09-14,2018,"Sep",14,"07:00",7,0,"Friday","Serious",1,"Serious","Cyclist","Driver or rider","Male",58,"Unclassified","Roundabout",40,"A","Not a Pedestrian","Not a Pedestrian",428289,429572,"E01011531",2,"Roundabout","Daylight","Fine no high winds","Dry","Cyclist"
"8652","20181359E0535",2018-09-14,2018,"Sep",14,"10:22",10,22,"Friday","Slight",1,"Slight","Cyclist","Driver or rider","Male",61,"A","Dual carriageway",40,"Unclassified","Not a Pedestrian","Not a Pedestrian",433128,436118,"E01011421",2,"T or staggered junction","Daylight","Fine no high winds","Dry","Cyclist"
"8653","20181359E0619",2018-09-14,2018,"Sep",14,"11:12",11,12,"Friday","Slight",1,"Slight","Pedestrian","Pedestrian","Female",66,"Unclassified","Single carriageway",30,NA,"Crossing elsewhere within 50m. of pedestrian crossing","Unknown or other",418973,442061,"E01011265",1,"Not at junction or within 20 metres","Daylight","Raining no high winds","Wet or damp","Pedestrian"
"8654","20181359E0694",2018-09-14,2018,"Sep",14,"11:58",11,58,"Friday","Slight",1,"Slight","Motorcycle 125cc and under rider or passenger","Driver or rider","Male",28,"Unclassified","Single carriageway",30,NA,"Not a Pedestrian","Not a Pedestrian",421371,441020,"E01011578",3,"Not at junction or within 20 metres","Daylight","Raining no high winds","Wet or damp","Motorcyclist and pillion"
"8655","20181359E0891",2018-09-14,2018,"Sep",14,"13:45",13,45,"Friday","Slight",1,"Slight","Car occupant","Driver or rider","Female",61,"Unclassified","Dual carriageway",30,"Unclassified","Not a Pedestrian","Not a Pedestrian",429962,430873,"E01011312",2,"T or staggered junction","Daylight","Fine no high winds","Dry","Car occupant"
"8656","20181359E1281",2018-09-14,2018,"Sep",14,"16:50",16,50,"Friday","Serious",1,"Serious","Motorcycle over 500cc rider or passenger","Driver or rider","Male",47,"A","Single carriageway",60,NA,"Not a Pedestrian","Not a Pedestrian",421684,436146,"E01011588",2,"Not at junction or within 20 metres","Daylight","Fine no high winds","Wet or damp","Motorcyclist and pillion"
"8657","20181359E1586",2018-09-14,2018,"Sep",14,"19:00",19,0,"Friday","Slight",1,"Slight","Car occupant","Passenger","Female",76,"Motorway","Dual carriageway",70,NA,"Not a Pedestrian","Not a Pedestrian",429753,423575,"E01011536",3,"Not at junction or within 20 metres","Daylight","Fine no high winds","Dry","Car occupant"
"8658","20181359E2085",2018-09-14,2018,"Sep",14,"22:48",22,48,"Friday","Slight",2,"Slight","Car occupant","Driver or rider","Male",23,"A","Dual carriageway",70,"Unclassified","Not a Pedestrian","Not a Pedestrian",427531,438609,"E01011385",2,"Crossroads","Darkness - lights lit","Fine no high winds","Wet or damp","Car occupant"
"8659","20181359G1726",2018-09-16,2018,"Sep",16,"10:43",10,43,"Sunday","Slight",1,"Slight","Car occupant","Driver or rider","Male",48,"Unclassified","Single carriageway",30,NA,"Not a Pedestrian","Not a Pedestrian",433790,434702,"E01011346",2,"Not at junction or within 20 metres","Daylight","Fine no high winds","Dry","Car occupant"
"8660","20181359G0971",2018-09-16,2018,"Sep",16,"13:45",13,45,"Sunday","Slight",1,"Slight","Cyclist","Driver or rider","Male",58,"Unclassified","Single carriageway",30,NA,"Not a Pedestrian","Not a Pedestrian",427340,429633,"E01011518",2,"Not at junction or within 20 metres","Daylight","Fine no high winds","Dry","Cyclist"
"8661","20181359G1509",2018-09-16,2018,"Sep",16,"18:00",18,0,"Sunday","Slight",1,"Slight","Car occupant","Driver or rider","Female",37,"A(M)","Dual carriageway",70,NA,"Not a Pedestrian","Not a Pedestrian",443475,438421,"E01011309",1,"Not at junction or within 20 metres","Daylight","Fine no high winds","Dry","Car occupant"
"8662","20181359H0458",2018-09-17,2018,"Sep",17,"09:05",9,5,"Monday","Slight",1,"Slight","Cyclist","Driver or rider","Male",40,"A","Single carriageway",30,NA,"Not a Pedestrian","Not a Pedestrian",427742,433704,"E01011284",2,"Not at junction or within 20 metres","Daylight","Fine no high winds","Dry","Cyclist"
"8663","20181359H0870",2018-09-17,2018,"Sep",17,"14:35",14,35,"Monday","Slight",1,"Slight","Pedestrian","Pedestrian","Male",48,"A","Single carriageway",40,NA,"Crossing on pedestrian crossing facility","Crossing from driver's nearside",430816,439623,"E01011557",1,"Not at junction or within 20 metres","Daylight","Fine no high winds","Dry","Pedestrian"
"8664","20181359H1629",2018-09-17,2018,"Sep",17,"17:54",17,54,"Monday","Slight",1,"Slight","Pedestrian","Pedestrian","Male",7,"Unclassified","Single carriageway",20,NA,"In carriageway, crossing elsewhere","Crossing from nearside - masked by parked or stationary vehicle",440761,433434,"E01011400",1,"Not at junction or within 20 metres","Daylight","Fine no high winds","Dry","Pedestrian"
"8665","20181359I1115",2018-09-17,2018,"Sep",17,"18:00",18,0,"Monday","Slight",1,"Slight","Horse rider","Driver or rider","Female",58,"Unclassified","Single carriageway",30,"Unclassified","Not a Pedestrian","Not a Pedestrian",420714,445599,"E01011569",2,"T or staggered junction","Daylight","Fine no high winds","Dry","Others"
"8666","20181359I0614",2018-09-18,2018,"Sep",18,"09:53",9,53,"Tuesday","Slight",1,"Slight","Bus or coach occupant (17 or more pass seats)","Driver or rider","Female",38,"Unclassified","Single carriageway",30,NA,"Not a Pedestrian","Not a Pedestrian",429873,433796,"E01033010",2,"Not at junction or within 20 metres","Daylight","Fine no high winds","Dry","Bus and goods vehicle occupant"
"8667","20181359I0903",2018-09-18,2018,"Sep",18,"14:04",14,4,"Tuesday","Serious",2,"Serious","Van / Goods vehicle (3.5 tonnes mgw or under) occupant","Driver or rider","Male",40,"A","Single carriageway",60,NA,"Not a Pedestrian","Not a Pedestrian",443647,431684,"E01011299",4,"Not at junction or within 20 metres","Daylight","Fine no high winds","Dry","Bus and goods vehicle occupant"
"8668","20181359I1049",2018-09-18,2018,"Sep",18,"17:00",17,0,"Tuesday","Slight",1,"Slight","Cyclist","Driver or rider","Male",27,"B","Dual carriageway",40,"Unclassified","Not a Pedestrian","Not a Pedestrian",430884,436566,"E01011356",2,"Crossroads","Daylight","Fine no high winds","Dry","Cyclist"
"8669","20181359I1342",2018-09-18,2018,"Sep",18,"17:07",17,7,"Tuesday","Slight",1,"Slight","Bus or coach occupant (17 or more pass seats)","Passenger","Male",33,"A","Dual carriageway",30,"Unclassified","Not a Pedestrian","Not a Pedestrian",426821,434977,"E01011482",2,"T or staggered junction","Daylight","Fine no high winds","Dry","Bus and goods vehicle occupant"
"8670","20181359I1593",2018-09-18,2018,"Sep",18,"18:30",18,30,"Tuesday","Slight",1,"Slight","Car occupant","Passenger","Female",8,"A","Single carriageway",50,NA,"Not a Pedestrian","Not a Pedestrian",439765,447152,"E01011704",2,"Not at junction or within 20 metres","Daylight","Fine no high winds","Dry","Car occupant"
"8671","20181359J1002",2018-09-19,2018,"Sep",19,"10:25",10,25,"Wednesday","Slight",1,"Slight","Bus or coach occupant (17 or more pass seats)","Passenger","Female",63,"A","Dual carriageway",40,NA,"Not a Pedestrian","Not a Pedestrian",433228,436192,"E01011648",1,"Not at junction or within 20 metres","Daylight","Fine no high winds","Dry","Bus and goods vehicle occupant"
"8672","20181359J0895",2018-09-19,2018,"Sep",19,"11:05",11,5,"Wednesday","Slight",1,"Slight","Bus or coach occupant (17 or more pass seats)","Passenger","Female",84,"A","Dual carriageway",40,NA,"Not a Pedestrian","Not a Pedestrian",432612,433827,"E01011348",1,"Not at junction or within 20 metres","Daylight","Fine no high winds","Dry","Bus and goods vehicle occupant"
"8673","20181359J0854",2018-09-19,2018,"Sep",19,"13:15",13,15,"Wednesday","Slight",1,"Slight","Car occupant","Driver or rider","Male",27,"Unclassified","Single carriageway",30,NA,"Not a Pedestrian","Not a Pedestrian",426287,442356,"E01032504",1,"Not at junction or within 20 metres","Daylight","Fine no high winds","Dry","Car occupant"
"8674","20181359J0942",2018-09-19,2018,"Sep",19,"13:58",13,58,"Wednesday","Fatal",1,"Fatal","Pedestrian","Pedestrian","Male",13,"B","Single carriageway",30,"Unclassified","In carriageway, crossing elsewhere","Crossing from nearside - masked by parked or stationary vehicle",428118,427784,"E01011540",2,"T or staggered junction","Daylight","Fine + high winds","Wet or damp","Pedestrian"
"8675","20181359J1554",2018-09-19,2018,"Sep",19,"17:40",17,40,"Wednesday","Slight",1,"Slight","Cyclist","Driver or rider","Male",28,"A","Dual carriageway",40,"Unclassified","Not a Pedestrian","Not a Pedestrian",426233,431660,"E01011734",2,"Crossroads","Daylight","Fine no high winds","Dry","Cyclist"
"8676","20181359J1513",2018-09-19,2018,"Sep",19,"18:04",18,4,"Wednesday","Slight",1,"Slight","Bus or coach occupant (17 or more pass seats)","Passenger","Female",74,"A","Dual carriageway",40,"Unclassified","Not a Pedestrian","Not a Pedestrian",430466,435420,"E01011357",1,"T or staggered junction","Daylight","Fine + high winds","Dry","Bus and goods vehicle occupant"
"8677","20181359K0509",2018-09-20,2018,"Sep",20,"09:39",9,39,"Thursday","Slight",1,"Slight","Pedestrian","Pedestrian","Male",78,"Unclassified","Single carriageway",30,NA,"Crossing elsewhere within 50m. of pedestrian crossing","Crossing from driver's nearside",420303,445364,"E01011569",1,"Not at junction or within 20 metres","Daylight","Fine no high winds","Dry","Pedestrian"
"8678","20181359I0842",2018-09-20,2018,"Sep",20,"13:35",13,35,"Thursday","Slight",1,"Slight","Car occupant","Driver or rider","Male",33,"Unclassified","Single carriageway",30,NA,"Not a Pedestrian","Not a Pedestrian",428071,434988,"E01011447",2,"Not at junction or within 20 metres","Daylight","Fine no high winds","Dry","Car occupant"
"8679","20181359K0897",2018-09-20,2018,"Sep",20,"13:47",13,47,"Thursday","Slight",1,"Slight","Car occupant","Driver or rider","Female",39,"A","Dual carriageway",50,"Motorway","Not a Pedestrian","Not a Pedestrian",431961,430318,"E01011469",2,"Slip road","Daylight","Raining no high winds","Wet or damp","Car occupant"
"8680","20181359J1112",2018-09-20,2018,"Sep",20,"15:14",15,14,"Thursday","Slight",1,"Slight","Car occupant","Driver or rider","Female",27,"A","Dual carriageway",40,NA,"Not a Pedestrian","Not a Pedestrian",431539,433622,"E01033021",2,"Not at junction or within 20 metres","Daylight","Fine no high winds","Dry","Car occupant"
"8681","20181359L1213",2018-09-20,2018,"Sep",20,"18:15",18,15,"Thursday","Slight",1,"Slight","Car occupant","Driver or rider","Female",28,"Unclassified","Dual carriageway",30,"Unclassified","Not a Pedestrian","Not a Pedestrian",430871,434370,"E01033003",2,"Roundabout","Darkness - lights lit","Raining + high winds","Wet or damp","Car occupant"
"8682","20181359L1282",2018-09-21,2018,"Sep",21,"09:00",9,0,"Friday","Slight",1,"Slight","Cyclist","Driver or rider","Male",28,"A","Single carriageway",30,"Unclassified","Not a Pedestrian","Not a Pedestrian",430885,434249,"E01033031",2,"Crossroads","Daylight","Fine no high winds","Wet or damp","Cyclist"
"8683","20181359L0612",2018-09-21,2018,"Sep",21,"10:45",10,45,"Friday","Slight",1,"Slight","Car occupant","Driver or rider","Male",58,"Unclassified","Single carriageway",20,"Unclassified","Not a Pedestrian","Not a Pedestrian",415910,442016,"E01011270",2,"Crossroads","Daylight","Raining + high winds","Wet or damp","Car occupant"
"8684","20181359L0730",2018-09-21,2018,"Sep",21,"12:00",12,0,"Friday","Slight",1,"Slight","Car occupant","Driver or rider","Female",54,"Unclassified","Single carriageway",30,NA,"Not a Pedestrian","Not a Pedestrian",421272,441433,"E01011269",1,"Not at junction or within 20 metres","Daylight","Raining + high winds","Wet or damp","Car occupant"
"8685","20181359L0871",2018-09-21,2018,"Sep",21,"13:34",13,34,"Friday","Slight",3,"Slight","Taxi/Private hire car occupant","Driver or rider","Male",51,"A","Single carriageway",50,NA,"Not a Pedestrian","Not a Pedestrian",422287,436823,"E01011589",2,"Not at junction or within 20 metres","Daylight","Raining no high winds","Wet or damp","Car occupant"
"8686","20181359M0704",2018-09-22,2018,"Sep",22,"11:07",11,7,"Saturday","Serious",1,"Serious","Pedestrian","Pedestrian","Male",82,"B","Single carriageway",30,NA,"In carriageway, crossing elsewhere","Crossing from driver's offside",440392,433265,"E01011396",1,"Not at junction or within 20 metres","Daylight","Fine no high winds","Dry","Pedestrian"
"8687","20181359M0785",2018-09-22,2018,"Sep",22,"11:42",11,42,"Saturday","Serious",1,"Serious","Pedestrian","Pedestrian","Male",6,"Unclassified","Single carriageway",30,NA,"In carriageway, crossing elsewhere","Crossing from driver's offside",431841,435129,"E01011673",1,"Not at junction or within 20 metres","Daylight","Fine no high winds","Dry","Pedestrian"
"8688","20181359M0863",2018-09-22,2018,"Sep",22,"12:25",12,25,"Saturday","Slight",2,"Slight","Car occupant","Driver or rider","Male",54,"Motorway","Dual carriageway",70,"Motorway","Not a Pedestrian","Not a Pedestrian",431915,428139,"E01011502",3,"Other junction","Daylight","Fine no high winds","Dry","Car occupant"
"8689","20181359M1114",2018-09-22,2018,"Sep",22,"14:25",14,25,"Saturday","Slight",1,"Slight","Pedestrian","Pedestrian","Female",23,"Unclassified","Single carriageway",30,"Unclassified","Crossing elsewhere within 50m. of pedestrian crossing","Unknown or other",430550,433444,"E01033011",1,"T or staggered junction","Daylight","Fine no high winds","Dry","Pedestrian"