"","accident_index","date","year","month","day","time","time_hour","time_minute","day_of_week","accident_severity","number_of_casualties","casualty_severity","casualty_type","casualty_class","sex_of_casualty","age_of_casualty","first_road_class","road_type","speed_limit","second_road_class","pedestrian_location","pedestrian_movement","location_easting_osgr","location_northing_osgr","lsoa_of_accident_location","number_of_vehicles","junction_detail","light_conditions","weather_conditions","road_surface_conditions","cas_type"
"8690","20181359M1738",2018-09-22,2018,"Sep",22,"19:15",19,15,"Saturday","Slight",1,"Slight","Car occupant","Driver or rider","Female",26,"Unclassified","Single carriageway",20,NA,"Not a Pedestrian","Not a Pedestrian",432085,435597,"E01011428",1,"Not at junction or within 20 metres","Darkness - lights lit","Fine no high winds","Dry","Car occupant"
"8691","20181359O0534",2018-09-23,2018,"Sep",23,"15:15",15,15,"Sunday","Slight",1,"Slight","Car occupant","Passenger","Female",49,"A(M)","Dual carriageway",70,NA,"Not a Pedestrian","Not a Pedestrian",443618,435559,"E01011297",2,"Not at junction or within 20 metres","Daylight","Fine no high winds","Dry","Car occupant"
"8692","20181359N1573",2018-09-23,2018,"Sep",23,"18:40",18,40,"Sunday","Slight",1,"Slight","Pedestrian","Pedestrian","Male",3,"Unclassified","Single carriageway",20,NA,"In carriageway, crossing elsewhere","Crossing from nearside - masked by parked or stationary vehicle",428957,431002,"E01011313",1,"Not at junction or within 20 metres","Daylight","Fine no high winds","Dry","Pedestrian"
"8693","20181359O0251",2018-09-24,2018,"Sep",24,"07:55",7,55,"Monday","Serious",1,"Serious","Motorcycle over 500cc rider or passenger","Driver or rider","Male",24,"A(M)","Dual carriageway",70,NA,"Not a Pedestrian","Not a Pedestrian",443648,437389,"E01011297",2,"Not at junction or within 20 metres","Daylight","Fine no high winds","Dry","Motorcyclist and pillion"
"8694","20181359O1254",2018-09-24,2018,"Sep",24,"16:38",16,38,"Monday","Slight",2,"Slight","Van / Goods vehicle (3.5 tonnes mgw or under) occupant","Driver or rider","Male",35,"Motorway","Dual carriageway",70,NA,"Not a Pedestrian","Not a Pedestrian",436262,425939,"E01011636",3,"Not at junction or within 20 metres","Daylight","Fine no high winds","Dry","Bus and goods vehicle occupant"
"8695","20181359O1281",2018-09-24,2018,"Sep",24,"16:54",16,54,"Monday","Serious",1,"Serious","Car occupant","Driver or rider","Male",71,"Unclassified","Single carriageway",30,NA,"Not a Pedestrian","Not a Pedestrian",429149,425879,"E01011538",3,"Not at junction or within 20 metres","Daylight","Fine no high winds","Dry","Car occupant"
"8696","20181359P0688",2018-09-25,2018,"Sep",25,"11:57",11,57,"Tuesday","Slight",1,"Slight","Cyclist","Driver or rider","Male",25,"Unclassified","Single carriageway",30,"Unclassified","Not a Pedestrian","Not a Pedestrian",426350,435931,"E01011488",2,"T or staggered junction","Daylight","Fine no high winds","Dry","Cyclist"
"8697","20181359P1181",2018-09-25,2018,"Sep",25,"16:00",16,0,"Tuesday","Slight",2,"Slight","Car occupant","Driver or rider","Female",55,"Unclassified","Single carriageway",30,NA,"Not a Pedestrian","Not a Pedestrian",430481,433824,"E01033010",2,"Not at junction or within 20 metres","Daylight","Fine no high winds","Dry","Car occupant"
"8698","20181359Q0296",2018-09-26,2018,"Sep",26,"07:50",7,50,"Wednesday","Slight",1,"Slight","Cyclist","Driver or rider","Male",34,"B","Single carriageway",60,"Unclassified","Not a Pedestrian","Not a Pedestrian",437461,425649,"E01011636",2,"T or staggered junction","Daylight","Fine no high winds","Dry","Cyclist"
"8699","20181359R0643",2018-09-26,2018,"Sep",26,"08:20",8,20,"Wednesday","Slight",1,"Slight","Pedestrian","Pedestrian","Male",15,"Unclassified","Single carriageway",30,NA,"In carriageway, crossing elsewhere","Crossing from driver's nearside",423001,432561,"E01011601",1,"Not at junction or within 20 metres","Daylight","Fine no high winds","Dry","Pedestrian"
"8700","20181359Q0312",2018-09-26,2018,"Sep",26,"09:06",9,6,"Wednesday","Slight",2,"Slight","Car occupant","Driver or rider","Male",33,"Motorway","Dual carriageway",70,NA,"Not a Pedestrian","Not a Pedestrian",424799,427790,"E01011530",1,"Not at junction or within 20 metres","Daylight","Fine no high winds","Dry","Car occupant"
"8701","20181359Q0912",2018-09-26,2018,"Sep",26,"13:55",13,55,"Wednesday","Slight",1,"Slight","Car occupant","Driver or rider","Female",69,"A","Single carriageway",30,"Unclassified","Not a Pedestrian","Not a Pedestrian",431604,435249,"E01011429",2,"T or staggered junction","Daylight","Fine no high winds","Dry","Car occupant"
"8702","20181359Q1075",2018-09-26,2018,"Sep",26,"15:00",15,0,"Wednesday","Slight",1,"Slight","Pedestrian","Pedestrian","Male",22,"Unclassified","Dual carriageway",40,"Unclassified","Crossing on pedestrian crossing facility","Crossing from driver's nearside",436104,434837,"E01011666",1,"T or staggered junction","Daylight","Fine no high winds","Dry","Pedestrian"
"8703","20181359Q1308",2018-09-26,2018,"Sep",26,"16:46",16,46,"Wednesday","Slight",1,"Slight","Cyclist","Driver or rider","Female",22,"A","Single carriageway",30,"Unclassified","Not a Pedestrian","Not a Pedestrian",427393,434637,"E01011482",2,"T or staggered junction","Daylight","Fine no high winds","Dry","Cyclist"
"8704","20181359Q2019",2018-09-26,2018,"Sep",26,"22:23",22,23,"Wednesday","Serious",2,"Slight","Car occupant","Passenger","Male",21,"Unclassified","Single carriageway",30,"Unclassified","Not a Pedestrian","Not a Pedestrian",428256,434464,"E01011481",3,"T or staggered junction","Darkness - lights lit","Fine no high winds","Dry","Car occupant"
"8705","20181359R0443",2018-09-27,2018,"Sep",27,"01:30",1,30,"Thursday","Serious",1,"Serious","Car occupant","Driver or rider","Male",36,"A","Single carriageway",30,NA,"Not a Pedestrian","Not a Pedestrian",424183,435436,"E01011323",2,"Not at junction or within 20 metres","Darkness - lights lit","Fine no high winds","Dry","Car occupant"
"8706","20181359R0125",2018-09-27,2018,"Sep",27,"02:00",2,0,"Thursday","Serious",2,"Serious","Car occupant","Driver or rider","Male",20,"Unclassified","Single carriageway",30,NA,"Not a Pedestrian","Not a Pedestrian",431293,434872,"E01011673",5,"Not at junction or within 20 metres","Darkness - lights lit","Fine no high winds","Dry","Car occupant"
"8707","20181359R0351",2018-09-27,2018,"Sep",27,"07:59",7,59,"Thursday","Slight",1,"Slight","Pedestrian","Pedestrian","Female",29,"B","Single carriageway",30,"Unclassified","Crossing elsewhere within 50m. of pedestrian crossing","Crossing from offside - masked by  parked or stationary vehicle",427888,432914,"E01011294",1,"T or staggered junction","Daylight","Fine no high winds","Dry","Pedestrian"
"8708","20181359R1892",2018-09-27,2018,"Sep",27,"13:45",13,45,"Thursday","Slight",1,"Slight","Pedestrian","Pedestrian","Female",31,"Unclassified","Single carriageway",30,NA,"On footway or verge","Unknown or other",429818,433406,"E01033016",1,"Not at junction or within 20 metres","Daylight","Fine no high winds","Dry","Pedestrian"
"8709","2018135A31571",2018-09-27,2018,"Sep",27,"15:00",15,0,"Thursday","Slight",1,"Slight","Car occupant","Driver or rider","Female",38,"Unclassified","Single carriageway",30,"Unclassified","Not a Pedestrian","Not a Pedestrian",425798,440023,"E01011379",2,"Private drive or entrance","Daylight","Fine no high winds","Dry","Car occupant"
"8710","20181359R1540",2018-09-27,2018,"Sep",27,"17:00",17,0,"Thursday","Slight",1,"Slight","Pedestrian","Pedestrian","Male",14,"Unclassified","Single carriageway",30,NA,"On footway or verge","Unknown or other",435034,434984,"E01011667",1,"Not at junction or within 20 metres","Daylight","Fine no high winds","Dry","Pedestrian"
"8711","20181359S1424",2018-09-28,2018,"Sep",28,"18:00",18,0,"Friday","Slight",5,"Slight","Taxi/Private hire car occupant","Driver or rider","Male",37,"A","Roundabout",40,"Unclassified","Not a Pedestrian","Not a Pedestrian",428089,426542,"E01011538",2,"Roundabout","Daylight","Fine no high winds","Dry","Car occupant"
"8712","20181359S1821",2018-09-28,2018,"Sep",28,"21:00",21,0,"Friday","Slight",1,"Slight","Car occupant","Passenger","Female",39,"A","Dual carriageway",40,NA,"Not a Pedestrian","Not a Pedestrian",420846,434432,"E01011595",2,"Not at junction or within 20 metres","Darkness - lights lit","Fine no high winds","Dry","Car occupant"
"8713","2018135AI0980",2018-09-29,2018,"Sep",29,"01:27",1,27,"Saturday","Slight",1,"Slight","Car occupant","Passenger","Male",46,"Unclassified","Single carriageway",30,"A","Not a Pedestrian","Not a Pedestrian",429962,430873,"E01011312",2,"T or staggered junction","Darkness - lights lit","Fine no high winds","Dry","Car occupant"
"8714","20181359T0610",2018-09-29,2018,"Sep",29,"09:30",9,30,"Saturday","Slight",1,"Slight","Van / Goods vehicle (3.5 tonnes mgw or under) occupant","Driver or rider","Female",51,"Unclassified","Single carriageway",30,NA,"Not a Pedestrian","Not a Pedestrian",430792,428398,"E01032497",2,"Not at junction or within 20 metres","Daylight","Fine no high winds","Dry","Bus and goods vehicle occupant"
"8715","20181359T0631",2018-09-29,2018,"Sep",29,"09:43",9,43,"Saturday","Slight",2,"Slight","Car occupant","Driver or rider","Female",29,"Unclassified","Single carriageway",30,"Unclassified","Not a Pedestrian","Not a Pedestrian",428072,433545,"E01011294",1,"T or staggered junction","Daylight","Fine no high winds","Dry","Car occupant"
"8716","20181359U0868",2018-09-30,2018,"Sep",30,"13:00",13,0,"Sunday","Slight",1,"Slight","Car occupant","Driver or rider","Male",47,"A","Roundabout",30,"A","Not a Pedestrian","Not a Pedestrian",423051,437658,"E01011452",2,"Roundabout","Daylight","Fine no high winds","Dry","Car occupant"
"8717","20181359U1690",2018-09-30,2018,"Sep",30,"19:45",19,45,"Sunday","Slight",1,"Slight","Car occupant","Passenger","Female",7,"Unclassified","Single carriageway",30,"A","Not a Pedestrian","Not a Pedestrian",438495,430408,"E01011390",2,"T or staggered junction","Darkness - lights lit","Fine no high winds","Dry","Car occupant"
"8718","20181359U1761",2018-09-30,2018,"Sep",30,"20:25",20,25,"Sunday","Slight",1,"Slight","Car occupant","Passenger","Female",41,"Unclassified","Single carriageway",30,"Unclassified","Not a Pedestrian","Not a Pedestrian",431268,433827,"E01033031",2,"T or staggered junction","Darkness - lights lit","Fine no high winds","Dry","Car occupant"
"8719","2018135A10569",2018-10-01,2018,"Oct",1,"11:00",11,0,"Monday","Serious",1,"Serious","Pedestrian","Pedestrian","Male",16,"A","Single carriageway",30,"Unclassified","Crossing on pedestrian crossing facility","Crossing from driver's nearside",431970,435823,"E01011422",1,"Other junction","Daylight","Fine no high winds","Dry","Pedestrian"
"8720","2018135AV0797",2018-10-01,2018,"Oct",1,"13:15",13,15,"Monday","Slight",3,"Slight","Car occupant","Driver or rider","Female",49,"A","Single carriageway",30,"Unclassified","Not a Pedestrian","Not a Pedestrian",423948,427943,"E01011523",2,"Other junction","Daylight","Fine no high winds","Dry","Car occupant"
"8721","2018135A11255",2018-10-01,2018,"Oct",1,"15:45",15,45,"Monday","Slight",1,"Slight","Motorcycle 125cc and under rider or passenger","Driver or rider","Male",31,"Unclassified","Single carriageway",30,"Unclassified","Not a Pedestrian","Not a Pedestrian",431199,431472,"E01011467",2,"T or staggered junction","Daylight","Fine no high winds","Dry","Motorcyclist and pillion"
"8722","2018135A21133",2018-10-01,2018,"Oct",1,"16:30",16,30,"Monday","Serious",1,"Serious","Cyclist","Driver or rider","Male",42,"Unclassified","Single carriageway",30,"Unclassified","Not a Pedestrian","Not a Pedestrian",428529,430752,"E01011369",2,"T or staggered junction","Daylight","Fine no high winds","Dry","Cyclist"
"8723","2018135A11545",2018-10-01,2018,"Oct",1,"18:45",18,45,"Monday","Slight",1,"Slight","Car occupant","Driver or rider","Male",45,"Unclassified","Single carriageway",30,"Unclassified","Not a Pedestrian","Not a Pedestrian",431511,435122,"E01011673",2,"T or staggered junction","Daylight","Fine no high winds","Dry","Car occupant"
"8724","2018135A11724",2018-10-01,2018,"Oct",1,"20:11",20,11,"Monday","Slight",1,"Slight","Motorcycle over 125cc and up to 500cc rider or  passenger","Driver or rider","Male",32,"A","Dual carriageway",30,"Unclassified","Not a Pedestrian","Not a Pedestrian",430875,434253,"E01033003",2,"Crossroads","Darkness - lights lit","Raining no high winds","Wet or damp","Motorcyclist and pillion"
"8725","2018135A20328",2018-10-02,2018,"Oct",2,"08:40",8,40,"Tuesday","Slight",1,"Slight","Car occupant","Passenger","Female",5,"Unclassified","Single carriageway",30,"Unclassified","Not a Pedestrian","Not a Pedestrian",432330,440173,"E01011566",2,"T or staggered junction","Daylight","Fine no high winds","Dry","Car occupant"
"8726","2018135A20351",2018-10-02,2018,"Oct",2,"08:55",8,55,"Tuesday","Serious",2,"Slight","Cyclist","Driver or rider","Male",21,"A","Dual carriageway",30,"Unclassified","Not a Pedestrian","Not a Pedestrian",429137,435243,"E01033005",3,"T or staggered junction","Daylight","Fine no high winds","Dry","Cyclist"
"8727","2018135A20523",2018-10-02,2018,"Oct",2,"10:50",10,50,"Tuesday","Slight",1,"Slight","Cyclist","Driver or rider","Male",56,"A","Dual carriageway",40,"Unclassified","Not a Pedestrian","Not a Pedestrian",425633,432686,"E01011730",2,"T or staggered junction","Daylight","Fine no high winds","Dry","Cyclist"
"8728","2018135A20633",2018-10-02,2018,"Oct",2,"11:50",11,50,"Tuesday","Slight",1,"Slight","Car occupant","Driver or rider","Female",27,"Motorway","Roundabout",70,"Motorway","Not a Pedestrian","Not a Pedestrian",432368,426056,"E01011499",2,"Roundabout","Daylight","Fine no high winds","Dry","Car occupant"
"8729","2018135A21559",2018-10-02,2018,"Oct",2,"19:44",19,44,"Tuesday","Slight",1,"Slight","Car occupant","Passenger","Female",7,"Unclassified","Single carriageway",30,"Unclassified","Not a Pedestrian","Not a Pedestrian",426066,427716,"E01011541",2,"Roundabout","Darkness - lights lit","Fine no high winds","Dry","Car occupant"
"8730","2018135A30363",2018-10-03,2018,"Oct",3,"08:40",8,40,"Wednesday","Serious",1,"Serious","Cyclist","Driver or rider","Female",59,"Unclassified","Single carriageway",30,"Unclassified","Not a Pedestrian","Not a Pedestrian",430906,436556,"E01011356",2,"T or staggered junction","Daylight","Fine no high winds","Dry","Cyclist"
"8731","2018135A30576",2018-10-03,2018,"Oct",3,"11:00",11,0,"Wednesday","Slight",1,"Slight","Car occupant","Passenger","Female",60,"A","Roundabout",40,"A","Not a Pedestrian","Not a Pedestrian",421992,436559,"E01011589",2,"Roundabout","Daylight","Fine no high winds","Dry","Car occupant"
"8732","2018135A31273",2018-10-03,2018,"Oct",3,"17:06",17,6,"Wednesday","Serious",1,"Serious","Pedestrian","Pedestrian","Male",12,"Unclassified","Single carriageway",30,NA,"In carriageway, crossing elsewhere","Crossing from offside - masked by  parked or stationary vehicle",432583,433910,"E01011348",1,"Not at junction or within 20 metres","Daylight","Fine no high winds","Dry","Pedestrian"
"8733","2018135A31385",2018-10-03,2018,"Oct",3,"17:45",17,45,"Wednesday","Slight",2,"Slight","Car occupant","Driver or rider","Female",44,"Unclassified","Single carriageway",30,"Unclassified","Not a Pedestrian","Not a Pedestrian",428045,432830,"E01011362",2,"T or staggered junction","Daylight","Fine no high winds","Dry","Car occupant"
"8734","2018135A51285",2018-10-05,2018,"Oct",5,"15:40",15,40,"Friday","Serious",1,"Serious","Pedestrian","Pedestrian","Male",3,"Unclassified","Single carriageway",30,NA,"Unknown or other","Unknown or other",423689,433833,"E01011611",1,"Not at junction or within 20 metres","Daylight","Fine no high winds","Dry","Pedestrian"
"8735","2018135A60746",2018-10-06,2018,"Oct",6,"12:09",12,9,"Saturday","Slight",3,"Slight","Car occupant","Driver or rider","Female",44,"Unclassified","Single carriageway",30,NA,"Not a Pedestrian","Not a Pedestrian",418200,441336,"E01011270",3,"Not at junction or within 20 metres","Daylight","Fine no high winds","Dry","Car occupant"
"8736","2018135A61119",2018-10-06,2018,"Oct",6,"15:28",15,28,"Saturday","Slight",2,"Slight","Car occupant","Driver or rider","Female",41,"A","Single carriageway",30,"A","Not a Pedestrian","Not a Pedestrian",430664,434302,"E01033003",3,"T or staggered junction","Daylight","Fine no high winds","Dry","Car occupant"
"8737","2018135A61577",2018-10-06,2018,"Oct",6,"19:38",19,38,"Saturday","Serious",1,"Serious","Pedestrian","Pedestrian","Male",10,"Unclassified","Single carriageway",30,NA,"In carriageway, crossing elsewhere","Crossing from nearside - masked by parked or stationary vehicle",431147,434329,"E01033031",1,"Not at junction or within 20 metres","Darkness - lights lit","Fine no high winds","Dry","Pedestrian"
"8738","2018135A62042",2018-10-06,2018,"Oct",6,"23:47",23,47,"Saturday","Slight",1,"Slight","Taxi/Private hire car occupant","Passenger","Male",21,"A","Single carriageway",30,NA,"Not a Pedestrian","Not a Pedestrian",429922,434335,"E01033010",2,"Not at junction or within 20 metres","Darkness - lights lit","Fine no high winds","Dry","Car occupant"
"8739","2018135A70354",2018-10-07,2018,"Oct",7,"04:30",4,30,"Sunday","Serious",1,"Serious","Pedestrian","Pedestrian","Male",22,"Unclassified","Single carriageway",30,"Unclassified","In centre of carriageway - not on refuge, island or central reservation","Unknown or other",428097,434515,"E01011481",1,"Crossroads","Darkness - lights lit","Fine no high winds","Dry","Pedestrian"
"8740","2018135A70985",2018-10-07,2018,"Oct",7,"13:35",13,35,"Sunday","Slight",1,"Slight","Goods vehicle (over 3.5t. and under 7.5t.) occupant","Driver or rider","Female",41,"Unclassified","Single carriageway",40,NA,"Not a Pedestrian","Not a Pedestrian",420130,435201,"E01011590",2,"Not at junction or within 20 metres","Daylight","Fine no high winds","Dry","Bus and goods vehicle occupant"
"8741","2018135A81259",2018-10-08,2018,"Oct",8,"16:42",16,42,"Monday","Slight",1,"Slight","Pedestrian","Pedestrian","Male",34,"Unclassified","Single carriageway",40,"Unclassified","In carriageway, crossing elsewhere","Crossing from offside - masked by  parked or stationary vehicle",435676,434796,"E01011345",2,"T or staggered junction","Daylight","Fine no high winds","Dry","Pedestrian"
"8742","2018135A82117",2018-10-08,2018,"Oct",8,"18:00",18,0,"Monday","Slight",1,"Slight","Taxi/Private hire car occupant","Passenger","Male",7,"Unclassified","Single carriageway",30,NA,"Not a Pedestrian","Not a Pedestrian",426097,437015,"E01011485",1,"Not at junction or within 20 metres","Darkness - lighting unknown","Fine no high winds","Dry","Car occupant"
"8743","2018135A81545",2018-10-08,2018,"Oct",8,"18:45",18,45,"Monday","Slight",2,"Slight","Car occupant","Driver or rider","Male",65,"A","Dual carriageway",40,"Unclassified","Not a Pedestrian","Not a Pedestrian",426576,433899,"E01032608",2,"Other junction","Darkness - lights lit","Fine no high winds","Dry","Car occupant"
"8744","2018135A91255",2018-10-09,2018,"Oct",9,"11:00",11,0,"Tuesday","Slight",1,"Slight","Pedestrian","Pedestrian","Male",50,"Unclassified","Single carriageway",30,NA,"In carriageway, not crossing","In carriageway, stationary - not crossing  (standing or playing)",433051,427801,"E01011634",1,"Not at junction or within 20 metres","Daylight","Fine no high winds","Dry","Pedestrian"
"8745","2018135A91113",2018-10-09,2018,"Oct",9,"15:01",15,1,"Tuesday","Slight",1,"Slight","Cyclist","Driver or rider","Male",12,"Unclassified","One way street",30,NA,"Not a Pedestrian","Not a Pedestrian",431769,434243,"E01011349",2,"Not at junction or within 20 metres","Daylight","Fine no high winds","Dry","Cyclist"
"8746","2018135AA0617",2018-10-09,2018,"Oct",9,"15:10",15,10,"Tuesday","Slight",1,"Slight","Taxi/Private hire car occupant","Passenger","Female",45,"Unclassified","Single carriageway",30,NA,"Not a Pedestrian","Not a Pedestrian",434001,433885,"E01011617",1,"Not at junction or within 20 metres","Daylight","Fine no high winds","Dry","Car occupant"
"8747","2018135AA0955",2018-10-10,2018,"Oct",10,"14:00",14,0,"Wednesday","Slight",1,"Slight","Car occupant","Driver or rider","Female",45,"Unclassified","Single carriageway",50,"Unclassified","Not a Pedestrian","Not a Pedestrian",442620,428001,"E01011307",2,"Crossroads","Daylight","Fine no high winds","Dry","Car occupant"
"8748","2018135AA1702",2018-10-10,2018,"Oct",10,"15:54",15,54,"Wednesday","Slight",1,"Slight","Bus or coach occupant (17 or more pass seats)","Passenger","Female",8,"Unclassified","Single carriageway",30,NA,"Not a Pedestrian","Not a Pedestrian",429062,432243,"E01033013",2,"Not at junction or within 20 metres","Daylight","Fine no high winds","Dry","Bus and goods vehicle occupant"
"8749","2018135AA1280",2018-10-10,2018,"Oct",10,"16:23",16,23,"Wednesday","Slight",1,"Slight","Car occupant","Driver or rider","Female",36,"Unclassified","Single carriageway",30,NA,"Not a Pedestrian","Not a Pedestrian",432886,435728,"E01011424",2,"Not at junction or within 20 metres","Daylight","Fine no high winds","Dry","Car occupant"
"8750","2018135AA1326",2018-10-10,2018,"Oct",10,"16:34",16,34,"Wednesday","Slight",1,"Slight","Cyclist","Driver or rider","Male",14,"Unclassified","Single carriageway",30,NA,"Not a Pedestrian","Not a Pedestrian",432322,433117,"E01011625",2,"Not at junction or within 20 metres","Daylight","Fine no high winds","Dry","Cyclist"
"8751","2018135AA1331",2018-10-10,2018,"Oct",10,"16:48",16,48,"Wednesday","Slight",1,"Slight","Cyclist","Driver or rider","Male",56,"Unclassified","Single carriageway",60,"Unclassified","Not a Pedestrian","Not a Pedestrian",427915,441535,"E01011554",2,"Crossroads","Daylight","Fine no high winds","Dry","Cyclist"
"8752","2018135A91468",2018-10-10,2018,"Oct",10,"17:30",17,30,"Wednesday","Serious",1,"Serious","Cyclist","Driver or rider","Male",34,"A","Single carriageway",50,NA,"Not a Pedestrian","Not a Pedestrian",423414,428088,"E01011529",2,"Not at junction or within 20 metres","Daylight","Fine no high winds","Dry","Cyclist"
"8753","2018135AA1775",2018-10-10,2018,"Oct",10,"20:33",20,33,"Wednesday","Slight",1,"Slight","Car occupant","Driver or rider","Male",38,"A","Dual carriageway",40,NA,"Not a Pedestrian","Not a Pedestrian",432358,433693,"E01011348",2,"Not at junction or within 20 metres","Daylight","Fine no high winds","Dry","Car occupant"
"8754","2018135AB0728",2018-10-11,2018,"Oct",11,"12:11",12,11,"Thursday","Slight",1,"Slight","Car occupant","Driver or rider","Female",29,"Motorway","Dual carriageway",50,"A","Not a Pedestrian","Not a Pedestrian",427825,431259,"E01011369",2,"Slip road","Daylight","Fine no high winds","Dry","Car occupant"
"8755","2018135AB1553",2018-10-11,2018,"Oct",11,"17:26",17,26,"Thursday","Slight",2,"Slight","Bus or coach occupant (17 or more pass seats)","Passenger","Male",68,"Unclassified","Single carriageway",30,NA,"Not a Pedestrian","Not a Pedestrian",431738,434584,"E01011677",2,"Not at junction or within 20 metres","Daylight","Fine no high winds","Dry","Bus and goods vehicle occupant"
"8756","2018135AB1640",2018-10-11,2018,"Oct",11,"19:32",19,32,"Thursday","Slight",1,"Slight","Cyclist","Driver or rider","Male",61,"B","Single carriageway",30,NA,"Not a Pedestrian","Not a Pedestrian",422049,434381,"E01011587",2,"Not at junction or within 20 metres","Daylight","Fine no high winds","Dry","Cyclist"
"8757","2018135AC0971",2018-10-12,2018,"Oct",12,"14:20",14,20,"Friday","Slight",1,"Slight","Car occupant","Driver or rider","Female",55,"Unclassified","Dual carriageway",30,NA,"Not a Pedestrian","Not a Pedestrian",436190,434397,"E01011408",2,"Not at junction or within 20 metres","Daylight","Fine + high winds","Wet or damp","Car occupant"
"8758","2018135AC1941",2018-10-12,2018,"Oct",12,"21:41",21,41,"Friday","Fatal",1,"Fatal","Pedestrian","Pedestrian","Male",33,"Unclassified","Dual carriageway",40,"Unclassified","Crossing elsewhere within 50m. of pedestrian crossing","Crossing from driver's offside",430698,433015,"E01033019",1,"T or staggered junction","Darkness - lights lit","Fine no high winds","Dry","Pedestrian"
"8759","2018135AD0025",2018-10-13,2018,"Oct",13,"00:10",0,10,"Saturday","Slight",1,"Slight","Pedestrian","Pedestrian","Male",20,"Unclassified","One way street",30,"Unclassified","In carriageway, crossing elsewhere","Crossing from driver's offside",427518,435873,"E01032945",1,"T or staggered junction","Darkness - lights lit","Raining no high winds","Wet or damp","Pedestrian"
"8760","2018135AD0086",2018-10-13,2018,"Oct",13,"00:30",0,30,"Saturday","Slight",1,"Slight","Pedestrian","Pedestrian","Male",22,"Unclassified","Single carriageway",30,NA,"In carriageway, crossing elsewhere","Crossing from nearside - masked by parked or stationary vehicle",432447,438783,"E01011653",1,"Not at junction or within 20 metres","Darkness - lights lit","Raining + high winds","Wet or damp","Pedestrian"
"8761","2018135A90960",2018-10-13,2018,"Oct",13,"13:45",13,45,"Saturday","Slight",1,"Slight","Cyclist","Driver or rider","Male",56,"Unclassified","Single carriageway",30,"Unclassified","Not a Pedestrian","Not a Pedestrian",431586,439580,"E01011568",2,"T or staggered junction","Daylight","Fine no high winds","Dry","Cyclist"
"8762","2018135AE0924",2018-10-13,2018,"Oct",13,"15:00",15,0,"Saturday","Slight",2,"Slight","Car occupant","Driver or rider","Female",24,"A","Single carriageway",30,"A","Not a Pedestrian","Not a Pedestrian",424238,428281,"E01011523",2,"Roundabout","Daylight","Fine no high winds","Wet or damp","Car occupant"
"8763","2018135AE0112",2018-10-14,2018,"Oct",14,"00:48",0,48,"Sunday","Slight",2,"Slight","Car occupant","Passenger","Male",32,"Unclassified","Single carriageway",30,"Unclassified","Not a Pedestrian","Not a Pedestrian",427241,433281,"E01011292",2,"T or staggered junction","Darkness - lights lit","Fine no high winds","Dry","Car occupant"
"8764","2018135AE0647",2018-10-14,2018,"Oct",14,"10:20",10,20,"Sunday","Slight",2,"Slight","Car occupant","Driver or rider","Female",42,"Motorway","Dual carriageway",50,"Motorway","Not a Pedestrian","Not a Pedestrian",427798,431233,"E01011369",3,"Slip road","Daylight","Raining no high winds","Wet or damp","Car occupant"
"8765","2018135AE0908",2018-10-14,2018,"Oct",14,"11:00",11,0,"Sunday","Slight",1,"Slight","Car occupant","Driver or rider","Male",34,"Motorway","Slip road",40,"A","Not a Pedestrian","Not a Pedestrian",430855,424427,"E01011537",2,"Slip road","Daylight","Fine no high winds","Dry","Car occupant"
"8766","2018135AE0941",2018-10-14,2018,"Oct",14,"13:00",13,0,"Sunday","Serious",1,"Serious","Car occupant","Driver or rider","Male",37,"Unclassified","Single carriageway",30,"Unclassified","Not a Pedestrian","Not a Pedestrian",425622,432956,"E01011730",1,"T or staggered junction","Daylight","Raining no high winds","Wet or damp","Car occupant"
"8767","2018135AF0162",2018-10-15,2018,"Oct",15,"04:06",4,6,"Monday","Serious",2,"Slight","Van / Goods vehicle (3.5 tonnes mgw or under) occupant","Driver or rider","Male",25,"Unclassified","Single carriageway",60,NA,"Not a Pedestrian","Not a Pedestrian",415641,441634,"E01011270",1,"Not at junction or within 20 metres","Darkness - no lighting","Raining no high winds","Wet or damp","Bus and goods vehicle occupant"
"8768","2018135AF1211",2018-10-15,2018,"Oct",15,"06:40",6,40,"Monday","Slight",1,"Slight","Cyclist","Driver or rider","Female",47,"Unclassified","Single carriageway",30,NA,"Not a Pedestrian","Not a Pedestrian",427568,436873,"E01011694",2,"Not at junction or within 20 metres","Daylight","Fine no high winds","Dry","Cyclist"
"8769","2018135AF0277",2018-10-15,2018,"Oct",15,"07:47",7,47,"Monday","Serious",2,"Serious","Pedestrian","Pedestrian","Female",15,"A","Single carriageway",40,NA,"Crossing on pedestrian crossing facility","Crossing from driver's nearside",428788,429716,"E01011322",2,"Not at junction or within 20 metres","Daylight","Raining no high winds","Wet or damp","Pedestrian"
"8770","2018135AF0405",2018-10-15,2018,"Oct",15,"09:25",9,25,"Monday","Slight",1,"Slight","Car occupant","Driver or rider","Female",36,"Motorway","Dual carriageway",70,NA,"Not a Pedestrian","Not a Pedestrian",427745,431177,"E01011369",3,"Not at junction or within 20 metres","Daylight","Fine no high winds","Dry","Car occupant"
"8771","2018135AF0759",2018-10-15,2018,"Oct",15,"12:42",12,42,"Monday","Slight",1,"Slight","Car occupant","Driver or rider","Male",47,"A","Dual carriageway",30,NA,"Not a Pedestrian","Not a Pedestrian",421795,433954,"E01011585",2,"Not at junction or within 20 metres","Daylight","Fine no high winds","Dry","Car occupant"
"8772","2018135AF0879",2018-10-15,2018,"Oct",15,"13:33",13,33,"Monday","Serious",1,"Serious","Pedestrian","Pedestrian","Male",90,"Unclassified","Roundabout",20,"Unclassified","In carriageway, crossing elsewhere","Crossing from driver's nearside",425231,432304,"E01011738",1,"Roundabout","Daylight","Fine no high winds","Wet or damp","Pedestrian"