"","accident_index","date","year","month","day","time","time_hour","time_minute","day_of_week","accident_severity","number_of_casualties","casualty_severity","casualty_type","casualty_class","sex_of_casualty","age_of_casualty","first_road_class","road_type","speed_limit","second_road_class","pedestrian_location","pedestrian_movement","location_easting_osgr","location_northing_osgr","lsoa_of_accident_location","number_of_vehicles","junction_detail","light_conditions","weather_conditions","road_surface_conditions","cas_type"
"8937","2018135BL0713",2018-11-21,2018,"Nov",21,"08:30",8,30,"Wednesday","Slight",1,"Slight","Cyclist","Driver or rider","Male",37,"Unclassified","Single carriageway",30,NA,"Not a Pedestrian","Not a Pedestrian",429598,433440,"E01033008",2,"Not at junction or within 20 metres","Daylight","Fine no high winds","Dry","Cyclist"
"8938","2018135BK0335",2018-11-21,2018,"Nov",21,"08:32",8,32,"Wednesday","Slight",1,"Slight","Pedestrian","Pedestrian","Male",5,"Unclassified","Single carriageway",30,NA,"In carriageway, crossing elsewhere","Crossing from driver's offside",427659,428116,"E01011540",1,"Not at junction or within 20 metres","Daylight","Fine no high winds","Dry","Pedestrian"
"8939","2018135BG1429",2018-11-21,2018,"Nov",21,"17:27",17,27,"Wednesday","Slight",2,"Slight","Car occupant","Driver or rider","Female",34,"A(M)","Slip road",70,NA,"Not a Pedestrian","Not a Pedestrian",443106,440620,"E01011712",3,"Not at junction or within 20 metres","Darkness - no lighting","Fine no high winds","Wet or damp","Car occupant"
"8940","2018135BL1639",2018-11-21,2018,"Nov",21,"20:10",20,10,"Wednesday","Serious",1,"Serious","Cyclist","Driver or rider","Male",44,"Unclassified","Single carriageway",30,NA,"Not a Pedestrian","Not a Pedestrian",430076,438408,"E01011514",2,"Not at junction or within 20 metres","Darkness - lights lit","Fine no high winds","Wet or damp","Cyclist"
"8941","2018135BM0300",2018-11-22,2018,"Nov",22,"08:22",8,22,"Thursday","Slight",1,"Slight","Car occupant","Passenger","Male",21,"Unclassified","Single carriageway",30,"A","Not a Pedestrian","Not a Pedestrian",428962,435478,"E01011443",2,"Crossroads","Daylight","Fine no high winds","Wet or damp","Car occupant"
"8942","2018135BM1024",2018-11-22,2018,"Nov",22,"15:15",15,15,"Thursday","Slight",1,"Slight","Pedestrian","Pedestrian","Female",30,"A","Single carriageway",30,NA,"In carriageway, crossing elsewhere","Crossing from driver's nearside",430091,431309,"E01011371",1,"Not at junction or within 20 metres","Daylight","Fog or mist","Wet or damp","Pedestrian"
"8943","2018135BM1324",2018-11-22,2018,"Nov",22,"18:00",18,0,"Thursday","Slight",1,"Slight","Cyclist","Driver or rider","Male",54,"Unclassified","Single carriageway",50,NA,"Not a Pedestrian","Not a Pedestrian",424657,432799,"E01011726",2,"Not at junction or within 20 metres","Darkness - lights lit","Raining no high winds","Wet or damp","Cyclist"
"8944","2018135BM1361",2018-11-22,2018,"Nov",22,"18:55",18,55,"Thursday","Slight",1,"Slight","Car occupant","Driver or rider","Male",35,"Motorway","Dual carriageway",70,NA,"Not a Pedestrian","Not a Pedestrian",429881,426405,"E01011538",2,"Not at junction or within 20 metres","Darkness - lights lit","Fine no high winds","Wet or damp","Car occupant"
"8945","2018135BM1504",2018-11-22,2018,"Nov",22,"20:29",20,29,"Thursday","Slight",1,"Slight","Pedestrian","Pedestrian","Female",33,"Unclassified","Single carriageway",30,NA,"Unknown or other","Crossing from driver's nearside",432474,434863,"E01011433",1,"Not at junction or within 20 metres","Darkness - lights lit","Fine no high winds","Dry","Pedestrian"
"8946","2018135BM1579",2018-11-22,2018,"Nov",22,"21:18",21,18,"Thursday","Slight",1,"Slight","Pedestrian","Pedestrian","Female",42,"Unclassified","Single carriageway",30,NA,"In carriageway, crossing elsewhere","Crossing from driver's nearside",430337,433736,"E01033010",1,"Not at junction or within 20 metres","Darkness - lights lit","Raining no high winds","Wet or damp","Pedestrian"
"8947","2018135BM1636",2018-11-22,2018,"Nov",22,"21:55",21,55,"Thursday","Slight",1,"Slight","Car occupant","Driver or rider","Female",21,"Unclassified","Roundabout",30,"Unclassified","Not a Pedestrian","Not a Pedestrian",430089,435422,"E01011670",2,"Roundabout","Darkness - lights lit","Fine no high winds","Wet or damp","Car occupant"
"8948","2018135BN0954",2018-11-23,2018,"Nov",23,"14:39",14,39,"Friday","Serious",1,"Serious","Pedestrian","Pedestrian","Male",32,"A","Single carriageway",40,"Unclassified","Crossing on pedestrian crossing facility","Crossing from offside - masked by  parked or stationary vehicle",435724,436928,"E01011661",1,"T or staggered junction","Daylight","Fine no high winds","Dry","Pedestrian"
"8949","2018135CI0933",2018-11-23,2018,"Nov",23,"15:40",15,40,"Friday","Slight",2,"Slight","Car occupant","Driver or rider","Male",50,"Motorway","Dual carriageway",70,NA,"Not a Pedestrian","Not a Pedestrian",436741,425946,"E01011636",2,"Not at junction or within 20 metres","Daylight","Fine no high winds","Dry","Car occupant"
"8950","2018135BN1231",2018-11-23,2018,"Nov",23,"16:38",16,38,"Friday","Slight",1,"Slight","Car occupant","Passenger","Male",26,"Unclassified","Single carriageway",30,"Unclassified","Not a Pedestrian","Not a Pedestrian",431336,431590,"E01011467",2,"T or staggered junction","Darkness - lights lit","Fine no high winds","Dry","Car occupant"
"8951","2018135BN1687",2018-11-23,2018,"Nov",23,"19:58",19,58,"Friday","Slight",1,"Slight","Car occupant","Passenger","Female",26,"Unclassified","Single carriageway",30,"Unclassified","Not a Pedestrian","Not a Pedestrian",428935,430409,"E01011320",2,"Crossroads","Darkness - lights lit","Fine no high winds","Dry","Car occupant"
"8952","2018135BO1212",2018-11-24,2018,"Nov",24,"15:40",15,40,"Saturday","Serious",2,"Serious","Motorcycle 50cc and under rider or passenger","Driver or rider","Male",21,"Unclassified","Single carriageway",30,NA,"Not a Pedestrian","Not a Pedestrian",424878,436945,"E01032494",1,"Not at junction or within 20 metres","Daylight","Fine no high winds","Wet or damp","Motorcyclist and pillion"
"8953","2018135BO1421",2018-11-24,2018,"Nov",24,"17:40",17,40,"Saturday","Serious",1,"Serious","Cyclist","Driver or rider","Male",39,"A","Single carriageway",30,"Unclassified","Not a Pedestrian","Not a Pedestrian",431066,432003,"E01011467",2,"Crossroads","Darkness - lights lit","Raining no high winds","Wet or damp","Cyclist"
"8954","2018135BO1581",2018-11-24,2018,"Nov",24,"18:58",18,58,"Saturday","Fatal",1,"Fatal","Car occupant","Driver or rider","Male",46,"A","Dual carriageway",70,NA,"Not a Pedestrian","Not a Pedestrian",422014,433943,"E01011587",2,"Not at junction or within 20 metres","Darkness - lights lit","Fine no high winds","Wet or damp","Car occupant"
"8955","2018135BP0570",2018-11-25,2018,"Nov",25,"09:40",9,40,"Sunday","Slight",1,"Slight","Car occupant","Driver or rider","Female",30,"A(M)","Dual carriageway",40,NA,"Not a Pedestrian","Not a Pedestrian",429430,434017,"E01011678",2,"Not at junction or within 20 metres","Daylight","Fine no high winds","Wet or damp","Car occupant"
"8956","2018135BP1490",2018-11-25,2018,"Nov",25,"18:30",18,30,"Sunday","Slight",1,"Slight","Motorcycle 50cc and under rider or passenger","Driver or rider","Male",34,"Unclassified","Dual carriageway",30,"Unclassified","Not a Pedestrian","Not a Pedestrian",429242,433910,"E01011678",2,"T or staggered junction","Darkness - lights lit","Raining no high winds","Wet or damp","Motorcyclist and pillion"
"8957","2018135BQ0779",2018-11-26,2018,"Nov",26,"13:05",13,5,"Monday","Slight",1,"Slight","Car occupant","Driver or rider","Female",49,"Unclassified","Single carriageway",30,"Unclassified","Not a Pedestrian","Not a Pedestrian",426443,427125,"E01011541",2,"T or staggered junction","Daylight","Fine no high winds","Dry","Car occupant"
"8958","2018135BQ1028",2018-11-26,2018,"Nov",26,"15:10",15,10,"Monday","Slight",1,"Slight","Car occupant","Driver or rider","Male",32,"A","Dual carriageway",30,"Motorway","Not a Pedestrian","Not a Pedestrian",430489,431744,"E01011467",2,"T or staggered junction","Daylight","Fine no high winds","Dry","Car occupant"
"8959","2018135BQ1437",2018-11-26,2018,"Nov",26,"18:06",18,6,"Monday","Slight",2,"Slight","Car occupant","Driver or rider","Female",22,"Unclassified","Single carriageway",30,"Unclassified","Not a Pedestrian","Not a Pedestrian",425564,434138,"E01032499",2,"T or staggered junction","Darkness - lights lit","Fine no high winds","Dry","Car occupant"
"8960","2018135BR0246",2018-11-27,2018,"Nov",27,"07:08",7,8,"Tuesday","Slight",1,"Slight","Car occupant","Driver or rider","Female",45,"A","Single carriageway",60,NA,"Not a Pedestrian","Not a Pedestrian",422811,437418,"E01011452",3,"Not at junction or within 20 metres","Daylight","Fine no high winds","Wet or damp","Car occupant"
"8961","2018135BR0461",2018-11-27,2018,"Nov",27,"10:22",10,22,"Tuesday","Slight",1,"Slight","Car occupant","Driver or rider","Male",29,"A","Dual carriageway",40,"Unclassified","Not a Pedestrian","Not a Pedestrian",426223,431886,"E01011737",2,"Crossroads","Daylight","Fine no high winds","Wet or damp","Car occupant"
"8962","2018135BR1117",2018-11-27,2018,"Nov",27,"16:30",16,30,"Tuesday","Slight",1,"Slight","Pedestrian","Pedestrian","Male",14,"A","Dual carriageway",40,NA,"Crossing on pedestrian crossing facility","Crossing from driver's nearside",433915,434119,"E01011346",1,"Not at junction or within 20 metres","Darkness - lights lit","Raining no high winds","Wet or damp","Pedestrian"
"8963","2018135BR1184",2018-11-27,2018,"Nov",27,"17:01",17,1,"Tuesday","Serious",1,"Serious","Pedestrian","Pedestrian","Male",40,"Unclassified","Single carriageway",30,NA,"In carriageway, crossing elsewhere","Crossing from driver's nearside",434924,435027,"E01011667",1,"Not at junction or within 20 metres","Darkness - lights lit","Raining no high winds","Wet or damp","Pedestrian"
"8964","2018135BR1373",2018-11-27,2018,"Nov",27,"18:30",18,30,"Tuesday","Slight",1,"Slight","Car occupant","Driver or rider","Female",44,"A","Single carriageway",40,NA,"Not a Pedestrian","Not a Pedestrian",438907,426838,"E01011393",1,"Not at junction or within 20 metres","Darkness - lights lit","Raining no high winds","Wet or damp","Car occupant"
"8965","2018135BR1533",2018-11-27,2018,"Nov",27,"19:15",19,15,"Tuesday","Slight",1,"Slight","Cyclist","Driver or rider","Male",40,"A","Dual carriageway",40,"Unclassified","Not a Pedestrian","Not a Pedestrian",428390,434070,"E01011681",2,"T or staggered junction","Darkness - lights lit","Raining no high winds","Wet or damp","Cyclist"
"8966","2018135BR1639",2018-11-27,2018,"Nov",27,"21:05",21,5,"Tuesday","Slight",2,"Slight","Car occupant","Driver or rider","Female",20,"A","Dual carriageway",60,NA,"Not a Pedestrian","Not a Pedestrian",428466,428561,"E01011493",3,"Not at junction or within 20 metres","Darkness - no lighting","Raining no high winds","Wet or damp","Car occupant"
"8967","2018135BS0968",2018-11-28,2018,"Nov",28,"14:43",14,43,"Wednesday","Slight",1,"Slight","Pedestrian","Pedestrian","Male",73,"Unclassified","Single carriageway",30,NA,"Unknown or other","Crossing from driver's offside",430297,434092,"E01033010",1,"Not at junction or within 20 metres","Daylight","Fine no high winds","Dry","Pedestrian"
"8968","2018135BT1195",2018-11-29,2018,"Nov",29,"11:40",11,40,"Thursday","Slight",1,"Slight","Pedestrian","Pedestrian","Male",21,"A","Single carriageway",30,NA,"Crossing on pedestrian crossing facility","Crossing from driver's nearside",429911,434502,"E01033005",1,"Not at junction or within 20 metres","Daylight","Fine no high winds","Dry","Pedestrian"
"8969","2018135BT1088",2018-11-29,2018,"Nov",29,"14:33",14,33,"Thursday","Slight",1,"Slight","Car occupant","Driver or rider","Female",20,"Unclassified","Single carriageway",60,"Unclassified","Not a Pedestrian","Not a Pedestrian",415910,442016,"E01011270",2,"Crossroads","Daylight","Fine no high winds","Dry","Car occupant"
"8970","2018135BT1366",2018-11-29,2018,"Nov",29,"17:26",17,26,"Thursday","Slight",1,"Slight","Car occupant","Driver or rider","Female",39,"A","Dual carriageway",40,NA,"Not a Pedestrian","Not a Pedestrian",432187,433612,"E01011349",2,"Not at junction or within 20 metres","Darkness - lights lit","Fine no high winds","Dry","Car occupant"
"8971","2018135BT1553",2018-11-29,2018,"Nov",29,"19:02",19,2,"Thursday","Slight",1,"Slight","Pedestrian","Pedestrian","Male",49,"Unclassified","Dual carriageway",30,"Unclassified","Crossing on pedestrian crossing facility","Crossing from driver's offside",427501,425511,"E01011548",1,"T or staggered junction","Darkness - lights lit","Fine no high winds","Dry","Pedestrian"
"8972","2018135BT2005",2018-11-29,2018,"Nov",29,"22:00",22,0,"Thursday","Slight",1,"Slight","Cyclist","Driver or rider","Male",42,"A","Single carriageway",30,"Unclassified","Not a Pedestrian","Not a Pedestrian",431350,435060,"E01011429",2,"T or staggered junction","Darkness - lights lit","Fine no high winds","Dry","Cyclist"
"8973","2018135BT1920",2018-11-29,2018,"Nov",29,"22:14",22,14,"Thursday","Slight",1,"Slight","Car occupant","Driver or rider","Female",30,"A","Dual carriageway",40,"A","Not a Pedestrian","Not a Pedestrian",424145,428170,"E01011523",2,"Roundabout","Darkness - lights lit","Fine no high winds","Dry","Car occupant"
"8974","2018135BU2059",2018-11-29,2018,"Nov",29,"23:57",23,57,"Thursday","Slight",3,"Slight","Car occupant","Driver or rider","Male",52,"Unclassified","Single carriageway",30,"Unclassified","Not a Pedestrian","Not a Pedestrian",431752,434601,"E01011677",2,"T or staggered junction","Darkness - lights lit","Raining no high winds","Wet or damp","Car occupant"
"8975","2018135BU0298",2018-11-30,2018,"Nov",30,"07:00",7,0,"Friday","Slight",1,"Slight","Cyclist","Driver or rider","Male",34,"Unclassified","Single carriageway",30,"Unclassified","Not a Pedestrian","Not a Pedestrian",427467,433030,"E01011292",2,"Private drive or entrance","Darkness - lights lit","Fine no high winds","Wet or damp","Cyclist"
"8976","2018135BU0304",2018-11-30,2018,"Nov",30,"10:51",10,51,"Friday","Slight",1,"Slight","Bus or coach occupant (17 or more pass seats)","Passenger","Female",41,"A","Single carriageway",30,NA,"Not a Pedestrian","Not a Pedestrian",429956,434217,"E01033010",1,"Not at junction or within 20 metres","Daylight","Fine no high winds","Wet or damp","Bus and goods vehicle occupant"
"8977","2018135BU0748",2018-11-30,2018,"Nov",30,"12:25",12,25,"Friday","Fatal",1,"Fatal","Pedestrian","Pedestrian","Female",84,"Unclassified","Single carriageway",30,"Unclassified","In carriageway, crossing elsewhere","Crossing from driver's nearside",431435,429404,"E01011475",1,"T or staggered junction","Daylight","Fine + high winds","Dry","Pedestrian"
"8978","2018135BU0835",2018-11-30,2018,"Nov",30,"13:07",13,7,"Friday","Slight",1,"Slight","Pedestrian","Pedestrian","Male",37,"A","Single carriageway",30,"Unclassified","Unknown or other","In carriageway, stationary - not crossing  (standing or playing)",428041,434292,"E01011483",1,"Crossroads","Daylight","Fine no high winds","Dry","Pedestrian"
"8979","2018135C10567",2018-11-30,2018,"Nov",30,"13:19",13,19,"Friday","Slight",2,"Slight","Bus or coach occupant (17 or more pass seats)","Passenger","Female",88,"Unclassified","Single carriageway",30,NA,"Not a Pedestrian","Not a Pedestrian",428444,435062,"E01011445",2,"Not at junction or within 20 metres","Daylight","Fine no high winds","Dry","Bus and goods vehicle occupant"
"8980","2018135BU1289",2018-11-30,2018,"Nov",30,"16:55",16,55,"Friday","Serious",2,"Serious","Car occupant","Driver or rider","Female",40,"Unclassified","Single carriageway",50,"Unclassified","Not a Pedestrian","Not a Pedestrian",424362,432740,"E01011728",1,"Other junction","Darkness - lights lit","Other","Wet or damp","Car occupant"
"8981","2018135C11587",2018-12-01,2018,"Dec",1,"19:20",19,20,"Saturday","Slight",1,"Slight","Car occupant","Driver or rider","Male",55,"Unclassified","Single carriageway",30,"Unclassified","Not a Pedestrian","Not a Pedestrian",429930,432975,"E01033016",2,"T or staggered junction","Darkness - lights lit","Raining no high winds","Wet or damp","Car occupant"
"8982","2018135C21152",2018-12-02,2018,"Dec",2,"15:04",15,4,"Sunday","Slight",4,"Slight","Car occupant","Driver or rider","Male",63,"A(M)","Dual carriageway",70,NA,"Not a Pedestrian","Not a Pedestrian",443629,436542,"E01011297",2,"Not at junction or within 20 metres","Daylight","Fine no high winds","Wet or damp","Car occupant"
"8983","2018135C30266",2018-12-03,2018,"Dec",3,"07:15",7,15,"Monday","Slight",1,"Slight","Cyclist","Driver or rider","Male",38,"A","Roundabout",40,"A","Not a Pedestrian","Not a Pedestrian",427963,430297,"E01011317",2,"Roundabout","Darkness - lights lit","Raining no high winds","Wet or damp","Cyclist"
"8984","2018135C30611",2018-12-03,2018,"Dec",3,"11:08",11,8,"Monday","Slight",2,"Slight","Car occupant","Driver or rider","Male",25,"Unclassified","Single carriageway",30,"Unclassified","Not a Pedestrian","Not a Pedestrian",427816,435148,"E01011479",3,"T or staggered junction","Daylight","Fine no high winds","Wet or damp","Car occupant"
"8985","2018135C31371",2018-12-03,2018,"Dec",3,"16:50",16,50,"Monday","Slight",1,"Slight","Cyclist","Driver or rider","Male",31,"A","Single carriageway",30,"Unclassified","Not a Pedestrian","Not a Pedestrian",431082,432307,"E01011467",2,"T or staggered junction","Darkness - lights lit","Raining no high winds","Wet or damp","Cyclist"
"8986","2018135C40292",2018-12-04,2018,"Dec",4,"07:30",7,30,"Tuesday","Slight",1,"Slight","Car occupant","Driver or rider","Female",23,"B","Single carriageway",30,"Unclassified","Not a Pedestrian","Not a Pedestrian",424469,433647,"E01011608",3,"Crossroads","Daylight","Fine no high winds","Frost or ice","Car occupant"
"8987","2018135C40875",2018-12-04,2018,"Dec",4,"13:08",13,8,"Tuesday","Slight",1,"Slight","Pedestrian","Pedestrian","Male",28,"A","Single carriageway",30,NA,"In centre of carriageway - not on refuge, island or central reservation","Crossing from nearside - masked by parked or stationary vehicle",430838,433997,"E01033031",1,"Not at junction or within 20 metres","Daylight","Fine no high winds","Dry","Pedestrian"
"8988","2018135C50307",2018-12-05,2018,"Dec",5,"07:50",7,50,"Wednesday","Slight",1,"Slight","Car occupant","Driver or rider","Female",36,"Unclassified","Unknown",30,"A","Not a Pedestrian","Not a Pedestrian",426301,435567,"E01011488",2,"Crossroads","Daylight","Fine no high winds","Dry","Car occupant"
"8989","2018135C50306",2018-12-05,2018,"Dec",5,"07:59",7,59,"Wednesday","Slight",1,"Slight","Motorcycle 125cc and under rider or passenger","Driver or rider","Male",18,"Unclassified","Single carriageway",20,NA,"Not a Pedestrian","Not a Pedestrian",425652,439977,"E01011379",2,"Not at junction or within 20 metres","Daylight","Raining no high winds","Wet or damp","Motorcyclist and pillion"
"8990","2018135C50329",2018-12-05,2018,"Dec",5,"08:10",8,10,"Wednesday","Slight",2,"Slight","Car occupant","Driver or rider","Female",28,"Unclassified","Single carriageway",20,"Unclassified","Not a Pedestrian","Not a Pedestrian",423240,434748,"E01011335",2,"Crossroads","Daylight","Raining no high winds","Wet or damp","Car occupant"
"8991","2018135C50617",2018-12-05,2018,"Dec",5,"11:17",11,17,"Wednesday","Slight",1,"Slight","Cyclist","Driver or rider","Male",27,"Unclassified","Single carriageway",30,"Unclassified","Not a Pedestrian","Not a Pedestrian",432436,434836,"E01011344",2,"Crossroads","Daylight","Raining no high winds","Wet or damp","Cyclist"
"8992","2018135C50589",2018-12-05,2018,"Dec",5,"11:27",11,27,"Wednesday","Slight",1,"Slight","Bus or coach occupant (17 or more pass seats)","Passenger","Female",70,"Unclassified","Single carriageway",30,NA,"Not a Pedestrian","Not a Pedestrian",426067,427716,"E01011541",1,"Not at junction or within 20 metres","Daylight","Raining no high winds","Wet or damp","Bus and goods vehicle occupant"
"8993","2018135C51083",2018-12-05,2018,"Dec",5,"15:42",15,42,"Wednesday","Slight",2,"Slight","Pedestrian","Pedestrian","Female",6,"B","Single carriageway",30,NA,"Crossing on pedestrian crossing facility","Crossing from driver's offside",429910,436615,"E01011355",1,"Not at junction or within 20 metres","Darkness - lights lit","Raining no high winds","Wet or damp","Pedestrian"
"8994","2018135C60885",2018-12-06,2018,"Dec",6,"04:45",4,45,"Thursday","Slight",1,"Slight","Pedestrian","Pedestrian","Female",28,"A","Slip road",40,"A","In centre of carriageway - not on refuge, island or central reservation","Crossing from driver's nearside",428728,429690,"E01011322",1,"Slip road","Darkness - lights lit","Raining no high winds","Wet or damp","Pedestrian"
"8995","2018135C60332",2018-12-06,2018,"Dec",6,"08:05",8,5,"Thursday","Serious",1,"Serious","Car occupant","Driver or rider","Female",26,"Unclassified","Single carriageway",60,NA,"Not a Pedestrian","Not a Pedestrian",437781,448278,"E01011706",2,"Not at junction or within 20 metres","Daylight","Fine no high winds","Dry","Car occupant"
"8996","2018135C60491",2018-12-06,2018,"Dec",6,"10:14",10,14,"Thursday","Slight",1,"Slight","Bus or coach occupant (17 or more pass seats)","Passenger","Female",36,"Unclassified","Single carriageway",30,NA,"Not a Pedestrian","Not a Pedestrian",432036,435711,"E01011427",2,"Not at junction or within 20 metres","Daylight","Fine no high winds","Dry","Bus and goods vehicle occupant"
"8997","2018135C60827",2018-12-06,2018,"Dec",6,"13:00",13,0,"Thursday","Serious",1,"Serious","Pedestrian","Pedestrian","Male",26,"A","Dual carriageway",30,NA,"In carriageway, crossing elsewhere","Crossing from driver's nearside",428615,433969,"E01011678",1,"Not at junction or within 20 metres","Daylight","Fine no high winds","Dry","Pedestrian"
"8998","2018135C61456",2018-12-06,2018,"Dec",6,"15:55",15,55,"Thursday","Slight",1,"Slight","Pedestrian","Pedestrian","Female",39,"Unclassified","Single carriageway",30,NA,"Crossing on pedestrian crossing facility","Crossing from driver's offside",431290,431553,"E01011467",1,"Not at junction or within 20 metres","Daylight","Fine no high winds","Dry","Pedestrian"
"8999","2018135C61363",2018-12-06,2018,"Dec",6,"16:00",16,0,"Thursday","Slight",1,"Slight","Pedestrian","Pedestrian","Female",13,"A","Dual carriageway",40,NA,"Crossing on pedestrian crossing facility","Crossing from driver's nearside",432687,435875,"E01011424",1,"Not at junction or within 20 metres","Darkness - lighting unknown","Fine no high winds","Dry","Pedestrian"
"9000","2018135C61765",2018-12-06,2018,"Dec",6,"20:30",20,30,"Thursday","Slight",3,"Slight","Car occupant","Driver or rider","Female",27,"Unclassified","Single carriageway",30,"A","Not a Pedestrian","Not a Pedestrian",432524,427557,"E01011496",3,"Crossroads","Darkness - lights lit","Raining no high winds","Wet or damp","Car occupant"
"9001","2018135C61932",2018-12-06,2018,"Dec",6,"22:00",22,0,"Thursday","Serious",1,"Serious","Cyclist","Driver or rider","Female",22,"Unclassified","Single carriageway",30,"Unclassified","Not a Pedestrian","Not a Pedestrian",428631,434605,"E01011681",2,"T or staggered junction","Darkness - lights lit","Fine no high winds","Dry","Cyclist"
"9002","2018135C61940",2018-12-06,2018,"Dec",6,"22:10",22,10,"Thursday","Slight",1,"Slight","Pedestrian","Pedestrian","Male",16,"Unclassified","Single carriageway",30,NA,"In carriageway, crossing elsewhere","Crossing from driver's offside",430717,430914,"E01011471",1,"Not at junction or within 20 metres","Darkness - lights lit","Fine no high winds","Dry","Pedestrian"
"9003","2018135C70431",2018-12-07,2018,"Dec",7,"09:00",9,0,"Friday","Slight",1,"Slight","Taxi/Private hire car occupant","Driver or rider","Female",75,"A","Single carriageway",30,NA,"Not a Pedestrian","Not a Pedestrian",426287,444697,"E01011576",3,"Not at junction or within 20 metres","Daylight","Fine no high winds","Wet or damp","Car occupant"
"9004","2018135C70525",2018-12-07,2018,"Dec",7,"10:10",10,10,"Friday","Slight",1,"Slight","Pedestrian","Pedestrian","Male",26,"Unclassified","Single carriageway",30,"Unclassified","Crossing elsewhere within 50m. of pedestrian crossing","Crossing from driver's nearside",430415,433747,"E01033010",1,"Crossroads","Daylight","Fine no high winds","Wet or damp","Pedestrian"
"9005","2018135C70788",2018-12-07,2018,"Dec",7,"12:50",12,50,"Friday","Slight",1,"Slight","Cyclist","Driver or rider","Male",46,"Unclassified","Single carriageway",30,"Unclassified","Not a Pedestrian","Not a Pedestrian",427053,439815,"E01011380",2,"T or staggered junction","Daylight","Fine + high winds","Wet or damp","Cyclist"
"9006","2018135C70960",2018-12-07,2018,"Dec",7,"14:15",14,15,"Friday","Slight",1,"Slight","Pedestrian","Pedestrian","Female",12,"A","Dual carriageway",40,"Unclassified","Crossing elsewhere within 50m. of pedestrian crossing","Crossing from driver's offside",427797,425850,"E01011550",1,"T or staggered junction","Daylight","Fine no high winds","Wet or damp","Pedestrian"
"9007","2018135C71136",2018-12-07,2018,"Dec",7,"15:41",15,41,"Friday","Slight",2,"Slight","Car occupant","Driver or rider","Female",87,"A","Single carriageway",60,"Unclassified","Not a Pedestrian","Not a Pedestrian",440140,426162,"E01011394",2,"T or staggered junction","Darkness - lights lit","Raining no high winds","Wet or damp","Car occupant"
"9008","2018135C71161",2018-12-07,2018,"Dec",7,"15:50",15,50,"Friday","Slight",1,"Slight","Pedestrian","Pedestrian","Male",11,"A","Single carriageway",40,NA,"Crossing elsewhere within 50m. of pedestrian crossing","Crossing from driver's offside",434339,434341,"E01011346",1,"Not at junction or within 20 metres","Darkness - lights lit","Raining no high winds","Wet or damp","Pedestrian"
"9009","2018135C71237",2018-12-07,2018,"Dec",7,"16:30",16,30,"Friday","Slight",1,"Slight","Pedestrian","Pedestrian","Male",50,"A","Single carriageway",20,NA,"Crossing on pedestrian crossing facility","Crossing from driver's offside",424444,445235,"E01011570",1,"Not at junction or within 20 metres","Darkness - lights lit","Raining no high winds","Wet or damp","Pedestrian"
"9010","2018135C70602",2018-12-07,2018,"Dec",7,"19:20",19,20,"Friday","Slight",1,"Slight","Cyclist","Driver or rider","Male",24,"Unclassified","Single carriageway",30,"Unclassified","Not a Pedestrian","Not a Pedestrian",428838,436574,"E01011691",2,"Crossroads","Darkness - lights lit","Fine no high winds","Dry","Cyclist"
"9011","2018135C80075",2018-12-08,2018,"Dec",8,"00:40",0,40,"Saturday","Fatal",1,"Fatal","Pedestrian","Pedestrian","Male",66,"Unclassified","Single carriageway",30,NA,"In carriageway, not crossing","Unknown or other",429664,435398,"E01011670",1,"Not at junction or within 20 metres","Darkness - lights lit","Raining + high winds","Wet or damp","Pedestrian"
"9012","2018135C80709",2018-12-08,2018,"Dec",8,"11:04",11,4,"Saturday","Slight",1,"Slight","Car occupant","Driver or rider","Male",73,"A","Single carriageway",30,"Motorway","Not a Pedestrian","Not a Pedestrian",428528,431535,"E01011366",2,"Roundabout","Daylight","Fine no high winds","Wet or damp","Car occupant"
"9013","2018135C81045",2018-12-08,2018,"Dec",8,"14:46",14,46,"Saturday","Slight",1,"Slight","Cyclist","Driver or rider","Male",52,"A","Roundabout",40,"A","Not a Pedestrian","Not a Pedestrian",439312,432368,"E01011402",2,"Roundabout","Daylight","Raining no high winds","Wet or damp","Cyclist"
"9014","2018135C81352",2018-12-08,2018,"Dec",8,"17:10",17,10,"Saturday","Slight",1,"Slight","Car occupant","Passenger","Male",31,"A","Dual carriageway",40,"Unclassified","Not a Pedestrian","Not a Pedestrian",428698,433087,"E01011363",2,"Roundabout","Darkness - lights lit","Fine no high winds","Dry","Car occupant"
"9015","2018135C90568",2018-12-09,2018,"Dec",9,"10:10",10,10,"Sunday","Slight",1,"Slight","Pedestrian","Pedestrian","Female",4,"Unclassified","Single carriageway",30,NA,"Unknown or other","Unknown or other",427622,432470,"E01011362",1,"Not at junction or within 20 metres","Daylight","Fine no high winds","Dry","Pedestrian"
"9016","2018135C90576",2018-12-09,2018,"Dec",9,"10:47",10,47,"Sunday","Slight",2,"Slight","Car occupant","Passenger","Male",52,"Unclassified","Single carriageway",30,"Unclassified","Not a Pedestrian","Not a Pedestrian",428937,429842,"E01011320",2,"Crossroads","Daylight","Fine no high winds","Dry","Car occupant"
"9017","2018135C91592",2018-12-09,2018,"Dec",9,"12:10",12,10,"Sunday","Slight",1,"Slight","Car occupant","Driver or rider","Female",38,"Unclassified","Single carriageway",30,NA,"Not a Pedestrian","Not a Pedestrian",433225,426248,"E01011500",2,"Not at junction or within 20 metres","Daylight","Fine no high winds","Dry","Car occupant"