"","accident_index","date","year","month","day","time","time_hour","time_minute","day_of_week","accident_severity","number_of_casualties","casualty_severity","casualty_type","casualty_class","sex_of_casualty","age_of_casualty","first_road_class","road_type","speed_limit","second_road_class","pedestrian_location","pedestrian_movement","location_easting_osgr","location_northing_osgr","lsoa_of_accident_location","number_of_vehicles","junction_detail","light_conditions","weather_conditions","road_surface_conditions","cas_type"
"9018","2018135C90697",2018-12-09,2018,"Dec",9,"12:14",12,14,"Sunday","Slight",4,"Slight","Car occupant","Driver or rider","Female",19,"A(M)","Dual carriageway",70,NA,"Not a Pedestrian","Not a Pedestrian",443460,438470,"E01011309",2,"Not at junction or within 20 metres","Daylight","Fine no high winds","Dry","Car occupant"
"9019","2018135C90757",2018-12-09,2018,"Dec",9,"12:53",12,53,"Sunday","Serious",1,"Serious","Car occupant","Driver or rider","Male",78,"Unclassified","Single carriageway",30,"Unclassified","Not a Pedestrian","Not a Pedestrian",415909,442022,"E01011270",3,"Crossroads","Daylight","Fine no high winds","Wet or damp","Car occupant"
"9020","2018135C90864",2018-12-09,2018,"Dec",9,"14:00",14,0,"Sunday","Slight",1,"Slight","Motorcycle 125cc and under rider or passenger","Driver or rider","Male",27,"A","Single carriageway",30,"A","Not a Pedestrian","Not a Pedestrian",424929,427640,"E01011530",2,"Crossroads","Daylight","Fine no high winds","Wet or damp","Motorcyclist and pillion"
"9021","2018135C91441",2018-12-09,2018,"Dec",9,"18:30",18,30,"Sunday","Serious",1,"Serious","Cyclist","Driver or rider","Male",43,"Unclassified","Single carriageway",60,NA,"Not a Pedestrian","Not a Pedestrian",419954,446142,"E01011583",2,"Not at junction or within 20 metres","Darkness - no lighting","Fine no high winds","Dry","Cyclist"
"9022","2018135CA1058",2018-12-10,2018,"Dec",10,"12:35",12,35,"Monday","Slight",1,"Slight","Cyclist","Driver or rider","Female",33,"Unclassified","Single carriageway",30,"Unclassified","Not a Pedestrian","Not a Pedestrian",424581,434665,"E01011336",3,"T or staggered junction","Daylight","Fine no high winds","Wet or damp","Cyclist"
"9023","2018135CA1324",2018-12-10,2018,"Dec",10,"16:20",16,20,"Monday","Slight",2,"Slight","Car occupant","Driver or rider","Male",74,"Motorway","Dual carriageway",70,NA,"Not a Pedestrian","Not a Pedestrian",431842,426340,"E01011499",2,"Not at junction or within 20 metres","Darkness - lights lit","Fine no high winds","Dry","Car occupant"
"9024","2018135CA1436",2018-12-10,2018,"Dec",10,"17:12",17,12,"Monday","Slight",1,"Slight","Pedestrian","Pedestrian","Male",7,"Unclassified","Unknown",30,NA,"In carriageway, crossing elsewhere","Crossing from offside - masked by  parked or stationary vehicle",431128,434877,"E01033031",1,"Not at junction or within 20 metres","Darkness - lights lit","Fine no high winds","Wet or damp","Pedestrian"
"9025","2018135CA1491",2018-12-10,2018,"Dec",10,"17:35",17,35,"Monday","Slight",3,"Slight","Car occupant","Driver or rider","Female",39,"Unclassified","Roundabout",30,"Unclassified","Not a Pedestrian","Not a Pedestrian",431593,434016,"E01033031",2,"Mini-roundabout","Darkness - lights lit","Fine no high winds","Dry","Car occupant"
"9026","2018135CB0204",2018-12-11,2018,"Dec",11,"05:48",5,48,"Tuesday","Slight",1,"Slight","Pedestrian","Pedestrian","Female",20,"Unclassified","Single carriageway",30,"Unclassified","Crossing on pedestrian crossing facility","Crossing from driver's offside",428035,435100,"E01011446",1,"T or staggered junction","Darkness - lights lit","Fine no high winds","Dry","Pedestrian"
"9027","2018135CB0226",2018-12-11,2018,"Dec",11,"06:35",6,35,"Tuesday","Slight",1,"Slight","Car occupant","Driver or rider","Male",45,"Motorway","Dual carriageway",70,NA,"Not a Pedestrian","Not a Pedestrian",432944,425953,"E01011500",4,"Not at junction or within 20 metres","Darkness - no lighting","Fine no high winds","Wet or damp","Car occupant"
"9028","2018135CB0273",2018-12-11,2018,"Dec",11,"07:35",7,35,"Tuesday","Slight",1,"Slight","Car occupant","Driver or rider","Male",38,"Motorway","Dual carriageway",70,NA,"Not a Pedestrian","Not a Pedestrian",424997,426936,"E01011534",3,"Not at junction or within 20 metres","Daylight","Fine no high winds","Dry","Car occupant"
"9029","2018135CB0323",2018-12-11,2018,"Dec",11,"08:15",8,15,"Tuesday","Slight",1,"Slight","Cyclist","Driver or rider","Male",34,"B","Single carriageway",30,NA,"Not a Pedestrian","Not a Pedestrian",425044,436070,"E01011326",4,"Not at junction or within 20 metres","Daylight","Fine no high winds","Dry","Cyclist"
"9030","2018135CB0325",2018-12-11,2018,"Dec",11,"08:15",8,15,"Tuesday","Slight",1,"Slight","Pedestrian","Pedestrian","Male",12,"Unclassified","Single carriageway",30,NA,"Crossing on pedestrian crossing facility","Crossing from driver's nearside",431727,432860,"E01011626",1,"Not at junction or within 20 metres","Daylight","Fine no high winds","Dry","Pedestrian"
"9031","2018135CB0345",2018-12-11,2018,"Dec",11,"08:30",8,30,"Tuesday","Slight",1,"Slight","Car occupant","Passenger","Male",49,"A","Single carriageway",30,NA,"Not a Pedestrian","Not a Pedestrian",428688,429646,"E01011321",2,"Not at junction or within 20 metres","Daylight","Fine no high winds","Wet or damp","Car occupant"
"9032","20181359T0399",2018-12-11,2018,"Dec",11,"08:51",8,51,"Tuesday","Slight",2,"Slight","Car occupant","Passenger","Female",8,"A","Single carriageway",30,"Unclassified","Not a Pedestrian","Not a Pedestrian",434713,428186,"E01011636",2,"Other junction","Daylight","Fine no high winds","Dry","Car occupant"
"9033","2018135CB0505",2018-12-11,2018,"Dec",11,"09:15",9,15,"Tuesday","Slight",2,"Slight","Taxi/Private hire car occupant","Driver or rider","Male",56,"Unclassified","Dual carriageway",30,"Unclassified","Not a Pedestrian","Not a Pedestrian",428452,429061,"E01011493",2,"T or staggered junction","Daylight","Fine no high winds","Wet or damp","Car occupant"
"9034","2018135CC0699",2018-12-11,2018,"Dec",11,"16:52",16,52,"Tuesday","Slight",1,"Slight","Cyclist","Driver or rider","Female",75,"Unclassified","Single carriageway",30,"Unclassified","Not a Pedestrian","Not a Pedestrian",430781,438590,"E01011512",2,"Crossroads","Darkness - lights lit","Raining no high winds","Wet or damp","Cyclist"
"9035","2018135CB1497",2018-12-11,2018,"Dec",11,"17:00",17,0,"Tuesday","Slight",1,"Slight","Car occupant","Driver or rider","Female",31,"A","Single carriageway",40,"Unclassified","Not a Pedestrian","Not a Pedestrian",435177,437621,"E01011657",2,"T or staggered junction","Darkness - lights lit","Fine no high winds","Dry","Car occupant"
"9036","2018135CB1892",2018-12-11,2018,"Dec",11,"20:00",20,0,"Tuesday","Slight",1,"Slight","Cyclist","Driver or rider","Male",33,"Unclassified","Roundabout",30,"A","Not a Pedestrian","Not a Pedestrian",426821,437995,"E01011687",2,"Roundabout","Darkness - lights lit","Fine no high winds","Dry","Cyclist"
"9037","2018135CA1800",2018-12-11,2018,"Dec",11,"20:07",20,7,"Tuesday","Slight",1,"Slight","Car occupant","Driver or rider","Male",32,"Unclassified","Single carriageway",30,NA,"Not a Pedestrian","Not a Pedestrian",426867,436008,"E01011477",2,"Not at junction or within 20 metres","Darkness - lights lit","Fine no high winds","Wet or damp","Car occupant"
"9038","2018135CC0392",2018-12-12,2018,"Dec",12,"09:15",9,15,"Wednesday","Serious",1,"Serious","Motorcycle 125cc and under rider or passenger","Driver or rider","Male",24,"Unclassified","Single carriageway",30,"Unclassified","Not a Pedestrian","Not a Pedestrian",434068,435139,"E01011339",2,"Crossroads","Daylight","Fine no high winds","Dry","Motorcyclist and pillion"
"9039","2018135CC1635",2018-12-12,2018,"Dec",12,"16:35",16,35,"Wednesday","Slight",2,"Slight","Car occupant","Driver or rider","Male",34,"Motorway","Dual carriageway",70,NA,"Not a Pedestrian","Not a Pedestrian",431669,425236,"E01011551",2,"Not at junction or within 20 metres","Darkness - lights lit","Fine no high winds","Dry","Car occupant"
"9040","2018135CC1201",2018-12-12,2018,"Dec",12,"17:00",17,0,"Wednesday","Slight",3,"Slight","Car occupant","Driver or rider","Male",74,"A","Single carriageway",60,NA,"Not a Pedestrian","Not a Pedestrian",442129,431745,"E01011302",2,"Not at junction or within 20 metres","Darkness - no lighting","Fine no high winds","Dry","Car occupant"
"9041","2018135CC1443",2018-12-12,2018,"Dec",12,"18:19",18,19,"Wednesday","Slight",1,"Slight","Car occupant","Driver or rider","Female",31,"Motorway","Dual carriageway",70,NA,"Not a Pedestrian","Not a Pedestrian",441671,434632,"E01011297",2,"Not at junction or within 20 metres","Darkness - no lighting","Fine no high winds","Dry","Car occupant"
"9042","2018135CC1625",2018-12-12,2018,"Dec",12,"19:49",19,49,"Wednesday","Slight",1,"Slight","Car occupant","Driver or rider","Male",37,"A","Single carriageway",40,NA,"Not a Pedestrian","Not a Pedestrian",438671,445823,"E01011696",2,"Not at junction or within 20 metres","Darkness - no lighting","Fine no high winds","Dry","Car occupant"
"9043","2018135CD0593",2018-12-13,2018,"Dec",13,"10:40",10,40,"Thursday","Slight",1,"Slight","Car occupant","Driver or rider","Female",50,"Unclassified","Single carriageway",30,NA,"Not a Pedestrian","Not a Pedestrian",429907,432964,"E01033016",2,"Not at junction or within 20 metres","Daylight","Fine no high winds","Dry","Car occupant"
"9044","2018135CD1056",2018-12-13,2018,"Dec",13,"14:20",14,20,"Thursday","Serious",1,"Serious","Cyclist","Driver or rider","Male",54,"B","Single carriageway",30,NA,"Not a Pedestrian","Not a Pedestrian",441301,431051,"E01011301",2,"Not at junction or within 20 metres","Daylight","Fine no high winds","Dry","Cyclist"
"9045","2018135CD1424",2018-12-13,2018,"Dec",13,"17:05",17,5,"Thursday","Slight",1,"Slight","Cyclist","Driver or rider","Male",34,"Unclassified","Single carriageway",30,NA,"Not a Pedestrian","Not a Pedestrian",430440,434398,"E01033002",2,"Not at junction or within 20 metres","Darkness - lights lit","Fine no high winds","Dry","Cyclist"
"9046","2018135CD1917",2018-12-13,2018,"Dec",13,"21:25",21,25,"Thursday","Slight",1,"Slight","Car occupant","Passenger","Female",80,"A","Dual carriageway",40,"A","Not a Pedestrian","Not a Pedestrian",428010,426194,"E01011550",2,"Roundabout","Darkness - lights lit","Fine no high winds","Dry","Car occupant"
"9047","2018135CE0280",2018-12-14,2018,"Dec",14,"07:10",7,10,"Friday","Serious",1,"Serious","Motorcycle 125cc and under rider or passenger","Driver or rider","Male",35,"B","Single carriageway",40,"Unclassified","Not a Pedestrian","Not a Pedestrian",423990,435839,"E01011325",2,"Crossroads","Darkness - lights lit","Fine no high winds","Dry","Motorcyclist and pillion"
"9048","2018135CE0495",2018-12-14,2018,"Dec",14,"10:00",10,0,"Friday","Slight",1,"Slight","Car occupant","Driver or rider","Female",59,"Unclassified","Single carriageway",30,NA,"Not a Pedestrian","Not a Pedestrian",422939,435169,"E01011333",3,"Not at junction or within 20 metres","Daylight","Other","Dry","Car occupant"
"9049","2018135CE1087",2018-12-14,2018,"Dec",14,"15:10",15,10,"Friday","Slight",1,"Slight","Pedestrian","Pedestrian","Male",14,"Unclassified","Single carriageway",30,"Unclassified","In carriageway, crossing elsewhere","Crossing from driver's offside",431075,431213,"E01011467",1,"T or staggered junction","Daylight","Fine no high winds","Dry","Pedestrian"
"9050","2018135CE1376",2018-12-14,2018,"Dec",14,"17:28",17,28,"Friday","Slight",2,"Slight","Van / Goods vehicle (3.5 tonnes mgw or under) occupant","Driver or rider","Male",53,"A(M)","Dual carriageway",70,NA,"Not a Pedestrian","Not a Pedestrian",443384,438678,"E01011309",5,"Not at junction or within 20 metres","Darkness - lights lit","Fine no high winds","Dry","Bus and goods vehicle occupant"
"9051","2018135CE1402",2018-12-14,2018,"Dec",14,"17:40",17,40,"Friday","Serious",1,"Serious","Pedestrian","Pedestrian","Male",79,"Unclassified","Single carriageway",30,NA,"In carriageway, crossing elsewhere","Crossing from driver's offside",433910,436512,"E01011421",1,"Not at junction or within 20 metres","Darkness - lights lit","Fine no high winds","Dry","Pedestrian"
"9052","2018135CE1818",2018-12-14,2018,"Dec",14,"20:56",20,56,"Friday","Serious",2,"Serious","Goods vehicle (over 3.5t. and under 7.5t.) occupant","Driver or rider","Male",57,"A","Single carriageway",50,NA,"Not a Pedestrian","Not a Pedestrian",422649,442784,"E01032503",2,"Not at junction or within 20 metres","Darkness - no lighting","Fine no high winds","Wet or damp","Bus and goods vehicle occupant"
"9053","2018135CE1925",2018-12-14,2018,"Dec",14,"21:59",21,59,"Friday","Slight",1,"Slight","Car occupant","Driver or rider","Female",27,"Motorway","Dual carriageway",70,"Motorway","Not a Pedestrian","Not a Pedestrian",435100,431253,"E01011420",1,"Slip road","Darkness - no lighting","Fine no high winds","Dry","Car occupant"
"9054","2018135CE2049",2018-12-14,2018,"Dec",14,"23:10",23,10,"Friday","Slight",1,"Slight","Car occupant","Driver or rider","Male",45,"Unclassified","Single carriageway",30,NA,"Not a Pedestrian","Not a Pedestrian",428686,434942,"E01011681",1,"Not at junction or within 20 metres","Darkness - lights lit","Fine no high winds","Dry","Car occupant"
"9055","2018135CF0936",2018-12-15,2018,"Dec",15,"13:00",13,0,"Saturday","Slight",1,"Slight","Car occupant","Driver or rider","Male",52,"Unclassified","Single carriageway",30,NA,"Not a Pedestrian","Not a Pedestrian",427142,437375,"E01011690",2,"Not at junction or within 20 metres","Daylight","Fine no high winds","Wet or damp","Car occupant"
"9056","2018135CF1269",2018-12-15,2018,"Dec",15,"16:55",16,55,"Saturday","Slight",1,"Slight","Car occupant","Driver or rider","Female",38,"Unclassified","Single carriageway",30,NA,"Not a Pedestrian","Not a Pedestrian",420577,445102,"E01011572",2,"Not at junction or within 20 metres","Darkness - lights lit","Raining no high winds","Wet or damp","Car occupant"
"9057","2018135CG0691",2018-12-16,2018,"Dec",16,"11:45",11,45,"Sunday","Slight",3,"Slight","Car occupant","Driver or rider","Female",22,"A(M)","Dual carriageway",70,NA,"Not a Pedestrian","Not a Pedestrian",443632,437505,"E01011297",3,"Not at junction or within 20 metres","Daylight","Fine no high winds","Wet or damp","Car occupant"
"9058","2018135CG1548",2018-12-16,2018,"Dec",16,"12:45",12,45,"Sunday","Slight",1,"Slight","Car occupant","Driver or rider","Male",33,"Motorway","Dual carriageway",50,NA,"Not a Pedestrian","Not a Pedestrian",430504,430647,"E01011468",2,"Not at junction or within 20 metres","Daylight","Fine no high winds","Wet or damp","Car occupant"
"9059","2018135CH0840",2018-12-17,2018,"Dec",17,"09:00",9,0,"Monday","Slight",1,"Slight","Cyclist","Driver or rider","Male",22,"Unclassified","Single carriageway",30,"Unclassified","Not a Pedestrian","Not a Pedestrian",427915,433636,"E01011293",2,"Private drive or entrance","Daylight","Fine no high winds","Wet or damp","Cyclist"
"9060","2018135CH0498",2018-12-17,2018,"Dec",17,"09:15",9,15,"Monday","Slight",1,"Slight","Cyclist","Driver or rider","Male",36,"A","Roundabout",30,"Unclassified","Not a Pedestrian","Not a Pedestrian",424655,433593,"E01011727",2,"Roundabout","Daylight","Fine no high winds","Wet or damp","Cyclist"
"9061","2018135CH1052",2018-12-17,2018,"Dec",17,"14:59",14,59,"Monday","Serious",1,"Serious","Car occupant","Driver or rider","Female",52,"Unclassified","Dual carriageway",30,"Unclassified","Not a Pedestrian","Not a Pedestrian",430617,432662,"E01033018",2,"T or staggered junction","Daylight","Fine no high winds","Dry","Car occupant"
"9062","2018135CH1376",2018-12-17,2018,"Dec",17,"17:23",17,23,"Monday","Slight",2,"Slight","Car occupant","Driver or rider","Female",24,"Unclassified","Single carriageway",30,"Unclassified","Not a Pedestrian","Not a Pedestrian",430438,434355,"E01033002",2,"T or staggered junction","Darkness - lights lit","Fine no high winds","Wet or damp","Car occupant"
"9063","2018135CI1012",2018-12-18,2018,"Dec",18,"15:13",15,13,"Tuesday","Slight",1,"Slight","Car occupant","Passenger","Male",43,"Unclassified","Single carriageway",30,"Unclassified","Not a Pedestrian","Not a Pedestrian",430770,438458,"E01011512",2,"T or staggered junction","Darkness - lights lit","Raining no high winds","Wet or damp","Car occupant"
"9064","2018135CI1122",2018-12-18,2018,"Dec",18,"16:06",16,6,"Tuesday","Serious",1,"Serious","Pedestrian","Pedestrian","Female",12,"Unclassified","Single carriageway",30,"Unclassified","In carriageway, crossing elsewhere","Crossing from driver's nearside",436207,435596,"E01011724",2,"T or staggered junction","Darkness - lights lit","Raining + high winds","Wet or damp","Pedestrian"
"9065","2018135CI1194",2018-12-18,2018,"Dec",18,"16:43",16,43,"Tuesday","Slight",2,"Slight","Car occupant","Driver or rider","Male",21,"Unclassified","Single carriageway",30,"Unclassified","Not a Pedestrian","Not a Pedestrian",431016,431517,"E01011467",2,"T or staggered junction","Darkness - lights lit","Raining no high winds","Wet or damp","Car occupant"
"9066","2018135CI1377",2018-12-18,2018,"Dec",18,"18:06",18,6,"Tuesday","Slight",2,"Slight","Car occupant","Driver or rider","Male",24,"Unclassified","Single carriageway",30,"Unclassified","Not a Pedestrian","Not a Pedestrian",431391,434776,"E01011673",2,"T or staggered junction","Darkness - lights lit","Raining no high winds","Wet or damp","Car occupant"
"9067","2018135CJ0853",2018-12-19,2018,"Dec",19,"11:30",11,30,"Wednesday","Slight",1,"Slight","Bus or coach occupant (17 or more pass seats)","Passenger","Female",64,"Unclassified","Single carriageway",30,NA,"Not a Pedestrian","Not a Pedestrian",427837,432935,"E01011294",2,"Not at junction or within 20 metres","Daylight","Fine no high winds","Wet or damp","Bus and goods vehicle occupant"
"9068","2018135CJ0871",2018-12-19,2018,"Dec",19,"13:39",13,39,"Wednesday","Slight",1,"Slight","Car occupant","Driver or rider","Female",41,"A","Single carriageway",40,NA,"Not a Pedestrian","Not a Pedestrian",432215,436203,"E01011647",2,"Not at junction or within 20 metres","Daylight","Fine no high winds","Wet or damp","Car occupant"
"9069","2018135CJ0961",2018-12-19,2018,"Dec",19,"14:25",14,25,"Wednesday","Serious",1,"Serious","Car occupant","Driver or rider","Male",46,"Unclassified","Single carriageway",40,"A","Not a Pedestrian","Not a Pedestrian",419839,441182,"E01011275",2,"T or staggered junction","Daylight","Fine no high winds","Dry","Car occupant"
"9070","2018135CJ1116",2018-12-19,2018,"Dec",19,"15:35",15,35,"Wednesday","Slight",1,"Slight","Car occupant","Passenger","Female",32,"A","Single carriageway",30,"Unclassified","Not a Pedestrian","Not a Pedestrian",428047,432828,"E01011362",2,"T or staggered junction","Daylight","Fine no high winds","Wet or damp","Car occupant"
"9071","2018135CJ1196",2018-12-19,2018,"Dec",19,"16:10",16,10,"Wednesday","Slight",1,"Slight","Bus or coach occupant (17 or more pass seats)","Passenger","Female",32,"A","Dual carriageway",40,NA,"Not a Pedestrian","Not a Pedestrian",432227,433613,"E01011623",2,"Not at junction or within 20 metres","Daylight","Fine no high winds","Wet or damp","Bus and goods vehicle occupant"
"9072","2018135CJ1347",2018-12-19,2018,"Dec",19,"17:30",17,30,"Wednesday","Slight",1,"Slight","Car occupant","Driver or rider","Female",32,"A","Dual carriageway",30,NA,"Not a Pedestrian","Not a Pedestrian",431514,432677,"E01011626",3,"Not at junction or within 20 metres","Darkness - lights lit","Fine no high winds","Wet or damp","Car occupant"
"9073","2018135CJ1379",2018-12-19,2018,"Dec",19,"17:30",17,30,"Wednesday","Slight",1,"Slight","Pedestrian","Pedestrian","Female",5,"Unclassified","Single carriageway",30,NA,"On footway or verge","Unknown or other",434953,436436,"E01011659",1,"Not at junction or within 20 metres","Darkness - lights lit","Fine no high winds","Wet or damp","Pedestrian"
"9074","2018135CJ1623",2018-12-19,2018,"Dec",19,"19:40",19,40,"Wednesday","Slight",2,"Slight","Car occupant","Passenger","Female",7,"Unclassified","Single carriageway",30,"Unclassified","Not a Pedestrian","Not a Pedestrian",425749,432097,"E01011735",2,"T or staggered junction","Darkness - lights lit","Raining no high winds","Wet or damp","Car occupant"
"9075","2018135CJ1932",2018-12-19,2018,"Dec",19,"22:23",22,23,"Wednesday","Slight",1,"Slight","Car occupant","Driver or rider","Male",21,"A","Dual carriageway",30,"Unclassified","Not a Pedestrian","Not a Pedestrian",430779,433346,"E01033011",1,"Crossroads","Darkness - lights lit","Fine no high winds","Wet or damp","Car occupant"
"9076","2018135CK0941",2018-12-20,2018,"Dec",20,"14:15",14,15,"Thursday","Slight",2,"Slight","Car occupant","Driver or rider","Male",77,"A","Single carriageway",40,"Unclassified","Not a Pedestrian","Not a Pedestrian",418021,442691,"E01011280",2,"Private drive or entrance","Daylight","Raining no high winds","Wet or damp","Car occupant"
"9077","2018135CK1817",2018-12-20,2018,"Dec",20,"20:15",20,15,"Thursday","Slight",1,"Slight","Car occupant","Driver or rider","Female",26,"A","Single carriageway",30,"Unclassified","Not a Pedestrian","Not a Pedestrian",428454,429077,"E01011493",2,"T or staggered junction","Darkness - lights lit","Fine no high winds","Wet or damp","Car occupant"
"9078","2018135CK1834",2018-12-20,2018,"Dec",20,"21:05",21,5,"Thursday","Slight",1,"Slight","Car occupant","Passenger","Female",65,"A","Dual carriageway",30,"Unclassified","Not a Pedestrian","Not a Pedestrian",435289,434830,"E01011666",2,"Crossroads","Darkness - lights lit","Fine no high winds","Dry","Car occupant"
"9079","2018135CK1973",2018-12-20,2018,"Dec",20,"22:29",22,29,"Thursday","Slight",1,"Slight","Motorcycle 125cc and under rider or passenger","Driver or rider","Male",21,"A","Dual carriageway",40,NA,"Not a Pedestrian","Not a Pedestrian",431301,431732,"E01011467",2,"Not at junction or within 20 metres","Darkness - lights lit","Fine no high winds","Wet or damp","Motorcyclist and pillion"
"9080","2018135CL0858",2018-12-21,2018,"Dec",21,"13:51",13,51,"Friday","Serious",2,"Slight","Car occupant","Driver or rider","Female",80,"Unclassified","One way street",30,NA,"Not a Pedestrian","Not a Pedestrian",427199,433534,"E01011293",2,"Not at junction or within 20 metres","Daylight","Fine no high winds","Dry","Car occupant"
"9081","2018135CL1088",2018-12-21,2018,"Dec",21,"15:15",15,15,"Friday","Slight",1,"Slight","Pedestrian","Pedestrian","Male",6,"Unclassified","Single carriageway",30,NA,"In carriageway, crossing elsewhere","Crossing from driver's offside",436204,436253,"E01011724",1,"Not at junction or within 20 metres","Daylight","Fine no high winds","Dry","Pedestrian"
"9082","2018135CL1122",2018-12-21,2018,"Dec",21,"15:44",15,44,"Friday","Slight",1,"Slight","Car occupant","Driver or rider","Female",32,"Motorway","Dual carriageway",70,NA,"Not a Pedestrian","Not a Pedestrian",431914,428209,"E01011502",2,"Not at junction or within 20 metres","Daylight","Fine no high winds","Wet or damp","Car occupant"
"9083","2018135CQ0436",2018-12-21,2018,"Dec",21,"17:25",17,25,"Friday","Slight",1,"Slight","Pedestrian","Pedestrian","Female",56,"Unclassified","Single carriageway",30,NA,"In carriageway, not crossing","In carriageway, stationary - not crossing  (standing or playing) - masked by parked or stationary vehicle",424791,435328,"E01011332",1,"Not at junction or within 20 metres","Darkness - lights lit","Fine no high winds","Dry","Pedestrian"
"9084","2018135CM0267",2018-12-22,2018,"Dec",22,"03:00",3,0,"Saturday","Slight",1,"Slight","Car occupant","Passenger","Female",21,"Unclassified","Single carriageway",30,NA,"Not a Pedestrian","Not a Pedestrian",425974,433087,"E01011725",3,"Not at junction or within 20 metres","Darkness - lights lit","Fine no high winds","Wet or damp","Car occupant"
"9085","2018135CN0571",2018-12-22,2018,"Dec",22,"15:00",15,0,"Saturday","Slight",1,"Slight","Cyclist","Driver or rider","Female",29,"A","Single carriageway",40,"Unclassified","Not a Pedestrian","Not a Pedestrian",434997,438393,"E01011716",2,"Crossroads","Daylight","Fine no high winds","Dry","Cyclist"
"9086","2018135CM1715",2018-12-22,2018,"Dec",22,"19:30",19,30,"Saturday","Slight",1,"Slight","Car occupant","Driver or rider","Male",33,"Unclassified","Single carriageway",30,"Unclassified","Not a Pedestrian","Not a Pedestrian",428432,435006,"E01011445",2,"Crossroads","Daylight","Fine no high winds","Dry","Car occupant"
"9087","2018135CN1067",2018-12-23,2018,"Dec",23,"15:50",15,50,"Sunday","Slight",2,"Slight","Car occupant","Driver or rider","Female",49,"Unclassified","Single carriageway",30,"Unclassified","Not a Pedestrian","Not a Pedestrian",437312,429479,"E01011402",2,"T or staggered junction","Darkness - lights lit","Fine no high winds","Wet or damp","Car occupant"
"9088","2018135CN1387",2018-12-23,2018,"Dec",23,"18:55",18,55,"Sunday","Serious",1,"Serious","Pedestrian","Pedestrian","Male",50,"Unclassified","Single carriageway",30,"Unclassified","In carriageway, crossing elsewhere","Crossing from driver's nearside",429221,431514,"E01011370",1,"T or staggered junction","Darkness - lights lit","Fine no high winds","Wet or damp","Pedestrian"
"9089","2018135CO0357",2018-12-24,2018,"Dec",24,"09:00",9,0,"Monday","Serious",1,"Serious","Pedestrian","Pedestrian","Male",65,"Unclassified","Single carriageway",30,"Unclassified","On footway or verge","In carriageway, stationary - not crossing  (standing or playing) - masked by parked or stationary vehicle",424970,440039,"E01011384",1,"Private drive or entrance","Daylight","Fine no high winds","Wet or damp","Pedestrian"
"9090","2018135CO0478",2018-12-24,2018,"Dec",24,"10:38",10,38,"Monday","Slight",1,"Slight","Car occupant","Driver or rider","Female",61,"A","Dual carriageway",40,"Unclassified","Not a Pedestrian","Not a Pedestrian",426230,431901,"E01011737",4,"Crossroads","Daylight","Fine no high winds","Dry","Car occupant"
"9091","2018135CQ0470",2018-12-26,2018,"Dec",26,"10:40",10,40,"Wednesday","Slight",1,"Slight","Car occupant","Driver or rider","Female",22,"A","Dual carriageway",70,NA,"Not a Pedestrian","Not a Pedestrian",428399,427183,"E01011540",1,"Not at junction or within 20 metres","Daylight","Fine no high winds","Wet or damp","Car occupant"
"9092","2018135CQ0762",2018-12-26,2018,"Dec",26,"13:42",13,42,"Wednesday","Slight",1,"Slight","Car occupant","Driver or rider","Male",35,"A","Single carriageway",30,"Unclassified","Not a Pedestrian","Not a Pedestrian",430516,432719,"E01033016",2,"T or staggered junction","Daylight","Fine no high winds","Wet or damp","Car occupant"
"9093","2018135CR1299",2018-12-26,2018,"Dec",26,"23:10",23,10,"Wednesday","Slight",1,"Slight","Car occupant","Driver or rider","Male",28,"Unclassified","One way street",30,NA,"Not a Pedestrian","Not a Pedestrian",430240,433914,"E01033010",2,"Not at junction or within 20 metres","Darkness - lights lit","Fine no high winds","Dry","Car occupant"
"9094","2018135CR1051",2018-12-27,2018,"Dec",27,"14:54",14,54,"Thursday","Slight",1,"Slight","Motorcycle over 500cc rider or passenger","Driver or rider","Male",47,"A","Single carriageway",30,"Unclassified","Not a Pedestrian","Not a Pedestrian",430543,435124,"E01011361",2,"Crossroads","Daylight","Fine no high winds","Wet or damp","Motorcyclist and pillion"
"9095","2018135CU0926",2018-12-30,2018,"Dec",30,"07:25",7,25,"Sunday","Slight",1,"Slight","Car occupant","Driver or rider","Female",40,"Unclassified","Single carriageway",30,"Unclassified","Not a Pedestrian","Not a Pedestrian",431181,434172,"E01033035",2,"T or staggered junction","Darkness - lights lit","Fine no high winds","Dry","Car occupant"
"9096","2018135CU0470",2018-12-30,2018,"Dec",30,"09:45",9,45,"Sunday","Serious",1,"Serious","Cyclist","Driver or rider","Male",40,"A","Roundabout",30,NA,"Not a Pedestrian","Not a Pedestrian",442104,434636,"E01011297",2,"Not at junction or within 20 metres","Daylight","Fine no high winds","Dry","Cyclist"
"9097","2018135CU1803",2018-12-30,2018,"Dec",30,"22:56",22,56,"Sunday","Slight",1,"Slight","Car occupant","Passenger","Male",42,"A","Single carriageway",30,"B","Not a Pedestrian","Not a Pedestrian",431965,435832,"E01011422",2,"Crossroads","Darkness - lights lit","Fine no high winds","Wet or damp","Car occupant"
"9098","2018135CV0814",2018-12-31,2018,"Dec",31,"13:45",13,45,"Monday","Serious",4,"Serious","Car occupant","Driver or rider","Male",42,"Motorway","Dual carriageway",70,NA,"Not a Pedestrian","Not a Pedestrian",432096,427519,"E01032496",2,"Not at junction or within 20 metres","Daylight","Fine no high winds","Wet or damp","Car occupant"
"9099","2018135CV1097",2018-12-31,2018,"Dec",31,"16:08",16,8,"Monday","Slight",1,"Slight","Pedestrian","Pedestrian","Male",18,"Unclassified","Single carriageway",30,NA,"Crossing elsewhere within 50m. of pedestrian crossing","Crossing from driver's nearside",429895,433375,"E01033016",1,"Not at junction or within 20 metres","Darkness - lights lit","Fine no high winds","Dry","Pedestrian"